emotion,avg_ear,avg_yaw,avg_pitch,avg_roll,left_gaze_ratio,right_gaze_ratio,center_gaze_ratio,cognitive_load,deception_risk,blink_rate,gaze_stability,movement_score,Unnamed: 13,emotion_score,stress_score
neutral,0.2232198654968276,0.0182270234690424,1.307533789749249,-0.100624047,0.0,0,1.0,LOW,LOW,30.53560269006345,1.0,1.941424740250165,,0.5,0.5
neutral,0.1891111450131893,0.7673594130787635,1.1626108514291458,-0.10126829,0.0,0,1.0,LOW,LOW,31.21777709973621,1.0,2.033711611419668,,0.5,0.5
neutral,0.2137060632766379,-0.459956902,1.5489625978703887,-0.088846846,0.0,0,1.0,LOW,LOW,30.725878734467244,1.0,2.1055671275494423,,0.5,0.5
neutral,0.2110782559658005,-0.063529175,1.2893186305888724,-0.099296834,0.0,0,1.0,LOW,LOW,30.778434880683992,1.0,1.7594976142625454,,0.5,0.5
calm,0.1896693887018949,-0.347419054,1.5459982187352188,-0.062316755,0.0,0,1.0,LOW,LOW,31.20661223,1.0,2.101588532569917,,0.5,0.5
calm,0.2061924291176411,-0.008478888,1.1866524710568451,-0.08172477,0.0,0,1.0,LOW,LOW,30.87615141764718,1.0,1.4351882145150054,,0.5,0.5
calm,0.1956085285144652,-0.165667235,0.6346120982464915,-0.064995878,0.0,0,1.0,LOW,LOW,31.08782942971069,1.0,1.038395073285459,,0.5,0.5
calm,0.2152988094780571,-0.898497302,1.4100451075318712,-0.073188267,0.0,0,1.0,LOW,LOW,30.694023810438857,1.0,2.4062801381939467,,0.5,0.5
calm,0.1640480483397031,0.3273951960604552,2.2818784299330974,-0.088485735,0.0,0,1.0,LOW,LOW,31.719039033205934,1.0,2.8707653825873085,,0.5,0.5
calm,0.1947420074743693,0.4071411888252136,0.8242003616953066,-0.079530937,0.0,0,1.0,LOW,LOW,31.105159850512614,1.0,1.4145359118316512,,0.5,0.5
calm,0.1941140716619714,0.1409165749588291,1.0894095363481393,-0.06982601,0.0,0,1.0,LOW,LOW,31.11771856676057,1.0,1.4601794959441723,,0.5,0.5
calm,0.1642230761642188,0.337659139,1.079754101511098,-0.077143603,0.0,0,1.0,LOW,LOW,31.715538476715626,1.0,1.6359996660631124,,0.5,0.5
happy,0.2377793647388058,0.7275505742266812,0.062898345,-0.04432601,0.0,0,1.0,LOW,LOW,30.24441270522388,1.0,1.191815639771217,,0.5,0.5
happy,0.1932685819721016,0.6039251387110567,0.1046307738084212,-0.015993585,0.0,0,1.0,LOW,LOW,31.13462836055797,1.0,0.8820141577647554,,0.5,0.5
happy,0.2221834147512581,0.4463216844064123,-0.13207759,-0.017977397,0.0,0,1.0,LOW,LOW,30.55633170497484,1.0,1.0297109812863376,,0.5,0.5
happy,0.2186231883157609,0.2098116497417777,0.429862246,-0.034243552,0.0,0,1.0,LOW,LOW,30.62753623368478,1.0,0.8705416,,0.5,0.5
happy,0.1889543545001711,0.7799421217339406,1.9699232907914128,-0.0207368,0.0,0,1.0,LOW,LOW,31.220912909996574,1.0,3.246375271592341,,0.5,0.5
happy,0.1869808354354578,0.6842864724482203,0.6715933224511318,0.003600057,0.0,0,1.0,LOW,LOW,31.260383291290843,1.0,1.5633772951488027,,0.5,0.5
happy,0.2333695601870303,0.7740393688629361,-0.315753711,-0.017048866,0.0,0,1.0,LOW,LOW,30.332608796259397,1.0,1.3903334424857048,,0.5,0.5
happy,0.2835186084874667,-0.056885622,-0.511034046,-0.048414324,0.0,0,1.0,LOW,LOW,29.329627830250665,1.0,2.0205725720726506,,0.5,0.5
sad,0.2398526013942787,-0.232259021,0.3500667984825663,-0.122682941,0.0,0,1.0,MEDIUM,LOW,30.202947972114423,1.0,1.4724391168177875,,0.5,0.5
sad,0.2174593978548287,0.4720595113482528,1.4433249774090833,-0.140671407,0.0,0,1.0,MEDIUM,LOW,30.650812042903425,1.0,2.300652990671604,,0.5,0.5
sad,0.2128324720001082,0.7938778198766877,2.015098935494874,-0.104854783,0.0,0,1.0,MEDIUM,LOW,30.74335055999784,1.0,2.913831537953472,,0.5,0.5
sad,0.2339160912880772,-0.996213094,0.6314902844180281,-0.122043085,0.0,0,1.0,MEDIUM,LOW,30.321678174238457,1.0,1.7557212474754431,,0.5,0.5
sad,0.1969736565199104,0.093267762,-0.188495687,-0.102510258,0.0,0,1.0,MEDIUM,LOW,31.06052686960179,1.0,0.8297534283209077,,0.5,0.5
sad,0.2163298672982908,0.4532411901302939,-1.086961296,-0.072492834,0.0,0,1.0,MEDIUM,LOW,30.673402654034184,1.0,1.8029312464121987,,0.5,0.5
sad,0.2290630430971023,0.080435401,0.006491708,-0.098335204,0.0,0,1.0,MEDIUM,LOW,30.41873913805795,1.0,0.5718928112019398,,0.5,0.5
sad,0.243816199957304,-0.069039097,1.1743268106499962,-0.108880114,0.0,0,1.0,MEDIUM,LOW,30.12367600085392,1.0,1.534318011,,0.5,0.5
angry,0.2356500006296764,0.3748759429285666,1.7878074512466462,-0.123422753,0.0,0,1.0,MEDIUM,LOW,30.28699998740647,1.0,2.4413710372252657,,0.5,0.5
angry,0.2494850259171678,-0.548728173,0.9948565819354666,-0.137224291,0.0,0,1.0,MEDIUM,LOW,30.010299481656645,1.0,2.1000112097788675,,0.5,0.5
angry,0.2374003857216866,0.1279329522545907,0.7077145752582622,-0.095840868,0.0,0,1.0,MEDIUM,LOW,30.251992285566267,1.0,1.0663181864366351,,0.5,0.5
angry,0.2645797345576253,0.2055545194901822,-0.522541822,-0.071704454,0.0,0,1.0,MEDIUM,LOW,29.708405308847496,1.0,0.9200522960578836,,0.5,0.5
angry,0.2742424556885851,0.6836867310534175,-1.097005931,-0.082512791,0.0,0,1.0,MEDIUM,LOW,29.515150886228295,1.0,2.719349568597392,,0.5,0.5
angry,0.2386183751152269,1.3568800152090716,-1.869615218,-0.102120201,0.0,0,1.0,MEDIUM,LOW,30.22763249769546,1.0,3.3418974740216325,,0.5,0.5
angry,0.214064910524021,0.6400694739238059,-0.359092906,-0.11003972,0.0,0,1.0,MEDIUM,LOW,30.718701789519574,1.0,2.047576388,,0.5,0.5
angry,0.2398781451929258,0.931984636892572,-1.173075516,-0.059765795,0.0,0,1.0,MEDIUM,LOW,30.202437096141484,1.0,2.1668542881884005,,0.5,0.5
fearful,0.2874852704654444,0.1965271920397841,-0.474922711,-0.111449618,0.0,0,1.0,LOW,LOW,29.250294590691112,1.0,1.0566293527241122,,0.5,0.5
fearful,0.2342883562949043,0.030531182,0.2434758986774549,-0.092085729,0.0,0,1.0,LOW,LOW,30.314232874101915,1.0,0.6715183006136727,,0.5,0.5
fearful,0.2998601983864082,0.2169608814975346,0.0272729093293579,-0.136521422,0.0,0,1.0,LOW,LOW,29.002796032271835,1.0,0.9526040109709744,,0.5,0.5
fearful,0.2774046893482856,-0.174538996,1.0336320220978543,-0.137919138,0.0,0,1.0,LOW,LOW,29.451906213034285,1.0,1.7577950826768076,,0.5,0.5
fearful,0.2720103789697171,-0.225404707,-0.185680157,-0.108062194,0.0,0,1.0,LOW,LOW,29.55979242060566,1.0,2.075896924680708,,0.5,0.5
fearful,0.254045012202087,-0.18468368,-0.00859773,-0.078405101,0.0,0,1.0,LOW,LOW,29.91909975595826,1.0,1.8436439139984775,,0.5,0.5
fearful,0.2619630608217168,0.2173588955329094,0.450470884517357,-0.120149969,0.0,0,1.0,LOW,LOW,29.760738783565664,1.0,1.4605027497288212,,0.5,0.5
fearful,0.263396478609587,0.053682721,1.5104587991365752,-0.102190311,0.0,0,1.0,LOW,LOW,29.73207042780826,1.0,2.046101419844295,,0.5,0.5
disgust,0.1588228698131222,0.4370494479447299,-1.330089858,-0.051806456,0.0,0,1.0,LOW,LOW,31.82354260373756,1.0,2.154313913199332,,0.5,0.5
disgust,0.1650877665059205,0.8235867988771141,-1.499912773,-0.048628662,0.0,0,1.0,LOW,LOW,31.69824466988159,1.0,2.383004153889592,,0.5,0.5
disgust,0.16178525,0.1467432773724634,-1.513571449,-0.054122438,0.0,0,1.0,LOW,LOW,31.76429500502922,1.0,1.932597660901597,,0.5,0.5
disgust,0.1608860586910184,0.1569510131567896,-1.20057249,-0.062852376,0.0,0,1.0,LOW,LOW,31.78227882617963,1.0,1.5064449136767288,,0.5,0.5
disgust,0.1637685367633337,0.8957098486261642,-3.028483613,-0.046960986,0.0,0,1.0,LOW,LOW,31.724629264733327,1.0,4.497341243148752,,0.5,0.5
disgust,0.187823509,0.7306163552608905,-1.176199058,-0.092439037,0.0,0,1.0,LOW,LOW,31.24352982,1.0,2.0235143103251008,,0.5,0.5
disgust,0.1669184948610184,0.7130941305645395,-3.562913533,-0.026539421,0.0,0,1.0,LOW,LOW,31.661630102779636,1.0,4.643009170074704,,0.5,0.5
disgust,0.1725934449762993,1.2852160235695005,-2.054327529,-0.066912731,0.0,0,1.0,LOW,LOW,31.548131100474013,1.0,3.4066267751223283,,0.5,0.5
surprised,0.254360695068504,0.9343762855420706,0.6120572990756302,-0.124057562,0.0,0,1.0,LOW,LOW,29.91278609862992,1.0,1.7900753030404355,,0.5,0.5
surprised,0.2993571654520223,-0.126820454,0.3246756235279618,-0.107294198,0.0,0,1.0,LOW,LOW,29.012856690959552,1.0,1.6721903733927213,,0.5,0.5
surprised,0.2345148384521157,1.13880759,-0.170777872,-0.118656577,0.0,0,1.0,LOW,LOW,30.309703230957687,1.0,2.0583202951198603,,0.5,0.5
surprised,0.2872778556400489,0.3158871207183042,1.1557333050845726,-0.120765154,0.0,0,1.0,LOW,LOW,29.254442887199023,1.0,1.600359368459676,,0.5,0.5
surprised,0.2748760026188911,0.207127034617878,0.0203661552335896,-0.094281551,0.0,0,1.0,LOW,LOW,29.502479947622177,1.0,0.782985244,,0.5,0.5
surprised,0.2822292156442853,0.4332502509155652,0.055215457,-0.11852166,0.0,0,1.0,LOW,LOW,29.35541568711429,1.0,1.4302640582893802,,0.5,0.5
surprised,0.3207783827319262,1.0141256328743284,0.006371439,-0.130380782,0.0,0,1.0,LOW,LOW,28.584432345361478,1.0,1.6837423949317714,,0.5,0.5
surprised,0.3109346830542534,0.3115424887362311,1.2253339140897126,-0.114652682,0.0,0,1.0,LOW,LOW,28.78130633891493,1.0,1.7523842986329132,,0.5,0.5
neutral,0.221710379,-0.018160261,1.335657087633645,-0.101659038,0.0,0,1.0,LOW,LOW,30.56579241356536,1.0,1.9449042795570044,,0.5,0.5
neutral,0.1883303205353584,0.7790478298304607,1.1370308877500706,-0.100267599,0.0,0,1.0,LOW,LOW,31.23339358929283,1.0,2.0223696755465337,,0.5,0.5
neutral,0.2143522532621024,-0.462577608,1.5449274703760034,-0.087778228,0.0,0,1.0,LOW,LOW,30.71295493475795,1.0,2.0993597340747963,,0.5,0.5
neutral,0.2101553726958576,-0.057601492,1.3118512220717384,-0.098952544,0.0,0,1.0,LOW,LOW,30.796892546082848,1.0,1.767736858877282,,0.5,0.5
calm,0.1888691256667017,-0.351121593,1.547702669,-0.062632097,0.0,0,1.0,LOW,LOW,31.222617486665968,1.0,2.107974381093641,,0.5,0.5
calm,0.205908887,-0.005803011,1.1826041637807547,-0.080890899,0.0,0,1.0,LOW,LOW,30.88182225128344,1.0,1.4330124690551096,,0.5,0.5
calm,0.1947583290941186,-0.1734082,0.6419370577409393,-0.064392489,0.0,0,1.0,LOW,LOW,31.10483341811763,1.0,1.043054623336218,,0.5,0.5
calm,0.2137648543684132,-0.889384,1.4158863966759947,-0.07284038,0.0,0,1.0,LOW,LOW,30.72470291263173,1.0,2.4098425627169475,,0.5,0.5
calm,0.1657928978092604,0.3231365472812956,2.283149449410701,-0.088133107,0.0,0,1.0,LOW,LOW,31.68414204381479,1.0,2.857557706411679,,0.5,0.5
calm,0.1955303389702896,0.4128089608823474,0.8170557981320326,-0.079024441,0.0,0,1.0,LOW,LOW,31.089393220594207,1.0,1.4154370359552575,,0.5,0.5
calm,0.19450512830479,0.1483014987314806,1.1112628971096117,-0.068728597,0.0,0,1.0,LOW,LOW,31.1098974339042,1.0,1.4858162866180695,,0.5,0.5
calm,0.1665742320299462,0.3490760860887191,1.0667863573670644,-0.076056219,0.0,0,1.0,LOW,LOW,31.66851535940108,1.0,1.6227064822082384,,0.5,0.5
happy,0.2383284407818541,0.7436479379552277,0.070221258,-0.04415687,0.0,0,1.0,LOW,LOW,30.23343118436292,1.0,1.2256677890562775,,0.5,0.5
happy,0.195323479,0.6038504301668877,0.087208424,-0.015911874,0.0,0,1.0,LOW,LOW,31.09353041843506,1.0,0.8872515987015708,,0.5,0.5
happy,0.2207467737272309,0.4503087902441464,-0.128432808,-0.017693218,0.0,0,1.0,LOW,LOW,30.58506452545538,1.0,1.0424188127329477,,0.5,0.5
happy,0.2169995300730387,0.2045155978871633,0.442057638095422,-0.033811704,0.0,0,1.0,LOW,LOW,30.660009398539223,1.0,0.8987812999185415,,0.5,0.5
happy,0.1888284519554128,0.7785111726178336,1.967150870784628,-0.020634397,0.0,0,1.0,LOW,LOW,31.223430960891744,1.0,3.251579922491288,,0.5,0.5
happy,0.1872925967515959,0.6806044508968188,0.6652565119538822,0.003307252,0.0,0,1.0,LOW,LOW,31.25414806496808,1.0,1.558252436306358,,0.5,0.5
happy,0.2351949429792751,0.7638068390983207,-0.318792138,-0.017653757,0.0,0,1.0,LOW,LOW,30.29610114,1.0,1.388491420904579,,0.5,0.5
happy,0.2829158023291456,-0.061499674,-0.523390083,-0.04750219,0.0,0,1.0,LOW,LOW,29.34168395341709,1.0,2.0365160549606323,,0.5,0.5
sad,0.2399924350732331,-0.226530106,0.3704114844554539,-0.122735209,0.0,0,1.0,MEDIUM,LOW,30.20015129853534,1.0,1.4687242944267145,,0.5,0.5
sad,0.2187528331773982,0.4755668621060255,1.4380730985518273,-0.139955254,0.0,0,1.0,MEDIUM,LOW,30.624943336452034,1.0,2.2966679858780177,,0.5,0.5
sad,0.2137042339481974,0.8017531897101918,2.011838439824498,-0.104130754,0.0,0,1.0,MEDIUM,LOW,30.725915321036048,1.0,2.9177223830628107,,0.5,0.5
sad,0.2335871895611174,-0.990491286,0.6181440464502215,-0.121295706,0.0,0,1.0,MEDIUM,LOW,30.328256208777653,1.0,1.7442564507911325,,0.5,0.5
sad,0.1983040972268043,0.1007541688812553,-0.189863016,-0.102228944,0.0,0,1.0,MEDIUM,LOW,31.033918055463914,1.0,0.8235978892886545,,0.5,0.5
sad,0.2156164177282906,0.4547763279920536,-1.088199885,-0.072454803,0.0,0,1.0,MEDIUM,LOW,30.687671645434182,1.0,1.7997750311005083,,0.5,0.5
sad,0.2302067345080403,0.071213804,0.024032568,-0.098729388,0.0,0,1.0,MEDIUM,LOW,30.395865309839195,1.0,0.5700332680268564,,0.5,0.5
sad,0.2434527017508002,-0.064260464,1.1685093240851383,-0.108401542,0.0,0,1.0,MEDIUM,LOW,30.130945964983997,1.0,1.5346412179356712,,0.5,0.5
angry,0.23617431664998,0.3752241376460521,1.782920504890162,-0.122862227,0.0,0,1.0,MEDIUM,LOW,30.27651367,1.0,2.4359501305087736,,0.5,0.5
angry,0.2496455648186235,-0.550158979,1.0048802609525134,-0.137775997,0.0,0,1.0,MEDIUM,LOW,30.00708870362753,1.0,2.116978369,,0.5,0.5
angry,0.2371880551966071,0.1324659002536016,0.7139670683682047,-0.094970113,0.0,0,1.0,MEDIUM,LOW,30.256238896067856,1.0,1.080258383165492,,0.5,0.5
angry,0.2637760934831243,0.2040967412790182,-0.52395528,-0.071534042,0.0,0,1.0,MEDIUM,LOW,29.724478130337516,1.0,0.8954431995090523,,0.5,0.5
angry,0.2741617415589228,0.6834372188318215,-1.105228704,-0.081956047,0.0,0,1.0,MEDIUM,LOW,29.516765168821543,1.0,2.7194719212452942,,0.5,0.5
angry,0.2378928155908975,1.3664162274876572,-1.876875488,-0.101742297,0.0,0,1.0,MEDIUM,LOW,30.242143688182047,1.0,3.358038005213873,,0.5,0.5
angry,0.2140212517491604,0.6426317814131902,-0.3547663,-0.11009489,0.0,0,1.0,MEDIUM,LOW,30.71957496501679,1.0,2.0536387732046806,,0.5,0.5
angry,0.2386881549676665,0.927169816,-1.1787927,-0.059248127,0.0,0,1.0,MEDIUM,LOW,30.22623690064667,1.0,2.167328503,,0.5,0.5
fearful,0.2888798704788583,0.2064707801419643,-0.469080407,-0.111347576,0.0,0,1.0,LOW,LOW,29.22240259042283,1.0,1.059315670349714,,0.5,0.5
fearful,0.2349827580360735,0.041623818,0.2296599958828969,-0.092472762,0.0,0,1.0,LOW,LOW,30.30034483927853,1.0,0.6720222807258073,,0.5,0.5
fearful,0.2990397064739717,0.2282833868079287,0.0204899322377482,-0.134632948,0.0,0,1.0,LOW,LOW,29.019205870520565,1.0,0.9769676173515952,,0.5,0.5
fearful,0.2779363492263624,-0.177809919,1.0322771400229895,-0.137549703,0.0,0,1.0,LOW,LOW,29.441273015472756,1.0,1.7493285140310193,,0.5,0.5
fearful,0.2732800229018838,-0.220523699,-0.188075519,-0.107331804,0.0,0,1.0,LOW,LOW,29.534399541962323,1.0,2.091634172587521,,0.5,0.5
fearful,0.2538731535125021,-0.197324295,-0.013377741,-0.077886372,0.0,0,1.0,LOW,LOW,29.92253692974996,1.0,1.828933296476228,,0.5,0.5
fearful,0.2624037670510171,0.209668710861012,0.4503409237371805,-0.11975721,0.0,0,1.0,LOW,LOW,29.751924658979657,1.0,1.442102379,,0.5,0.5
fearful,0.2627822655469586,0.050484834,1.5209315565196713,-0.101336432,0.0,0,1.0,LOW,LOW,29.744354689060827,1.0,2.0584579248800665,,0.5,0.5
disgust,0.1569813260313109,0.444663296,-1.344762771,-0.050282662,0.0,0,1.0,LOW,LOW,31.86037347937378,1.0,2.1801386937449485,,0.5,0.5
disgust,0.1634059932138895,0.8317582025096546,-1.497503049,-0.048830599,0.0,0,1.0,LOW,LOW,31.731880135722207,1.0,2.388630058985046,,0.5,0.5
disgust,0.1617501582435666,0.1387746852973657,-1.510512171,-0.054071686,0.0,0,1.0,LOW,LOW,31.76499683512867,1.0,1.924720313425045,,0.5,0.5
disgust,0.1614107878254379,0.1592719840203223,-1.203918771,-0.062137043,0.0,0,1.0,LOW,LOW,31.77178424349124,1.0,1.517441630945129,,0.5,0.5
disgust,0.1640355821473714,0.914093061,-3.052652499,-0.046691667,0.0,0,1.0,LOW,LOW,31.719288357052573,1.0,4.547346604335965,,0.5,0.5
disgust,0.1877731684328362,0.7416671588491425,-1.185462505,-0.091268205,0.0,0,1.0,LOW,LOW,31.244536631343276,1.0,2.0422007409614924,,0.5,0.5
disgust,0.1665239999087533,0.7098909605708559,-3.535149902,-0.026836343,0.0,0,1.0,LOW,LOW,31.66952000182493,1.0,4.618464597856938,,0.5,0.5
disgust,0.1733796934120164,1.295014617803146,-2.065039701,-0.066672113,0.0,0,1.0,LOW,LOW,31.53240613175967,1.0,3.4267264324868787,,0.5,0.5
surprised,0.2527162497923241,0.9307196335607792,0.6081561148929335,-0.123788082,0.0,0,1.0,LOW,LOW,29.94567500415352,1.0,1.775673331957052,,0.5,0.5
surprised,0.2981834368202505,-0.128971113,0.3090972574945853,-0.106779506,0.0,0,1.0,LOW,LOW,29.036331263594988,1.0,1.694082148073479,,0.5,0.5
surprised,0.2349920966563211,1.1416409071160634,-0.174776615,-0.118894297,0.0,0,1.0,LOW,LOW,30.30015806687358,1.0,2.054836016759164,,0.5,0.5
surprised,0.2862365800097176,0.3116717196123473,1.1755635026372238,-0.119741899,0.0,0,1.0,LOW,LOW,29.27526839980565,1.0,1.6178814925417724,,0.5,0.5
surprised,0.2754972635943207,0.2070020084000384,0.0206086439198392,-0.093962578,0.0,0,1.0,LOW,LOW,29.490054728113584,1.0,0.7949940493833132,,0.5,0.5
surprised,0.2830837304202656,0.437555955,0.039951882,-0.117946648,0.0,0,1.0,LOW,LOW,29.338325391594687,1.0,1.4324981199938505,,0.5,0.5
surprised,0.3204157605376778,1.0070302675873506,0.0265571130870599,-0.129515537,0.0,0,1.0,LOW,LOW,28.591684789246443,1.0,1.6883707210210073,,0.5,0.5
surprised,0.3084654278530264,0.3018383067378461,1.222205868544399,-0.114186402,0.0,0,1.0,LOW,LOW,28.83069144293947,1.0,1.75193167993593,,0.5,0.5
neutral,0.2901866335511575,1.096275820523508,0.7099898347996156,-0.091964743,0.0,0,1.0,LOW,LOW,29.19626732897685,1.0,1.898230397940032,,0.5,0.5
neutral,0.2742132685985669,1.2260548285952209,1.1445705626084044,-0.08792697,0.0,0,1.0,LOW,LOW,29.51573462802866,1.0,2.458552361248598,,0.5,0.5
neutral,0.29553835,1.1261190202443792,1.0214656651284133,-0.092334166,0.0,0,1.0,LOW,LOW,29.0892329977956,1.0,2.239918851624481,,0.5,0.5
neutral,0.3010415676198889,1.2563199939440708,1.258480134363304,-0.095437935,0.0,0,1.0,LOW,LOW,28.979168647602226,1.0,2.610238063393149,,0.5,0.5
calm,0.2182332733116112,1.3321389180798895,1.1320847159888143,-0.06199307,0.0,0,1.0,LOW,LOW,30.63533453376777,1.0,2.5262167045417887,,0.5,0.5
calm,0.2521031584617189,1.2468647072510128,1.2202548544654923,-0.073005617,0.0,0,1.0,LOW,LOW,29.957936830765625,1.0,2.540125178334512,,0.5,0.5
calm,0.2253945307217615,1.3067353603225158,0.7544247060904319,-0.050686933,0.0,0,1.0,LOW,LOW,30.49210938556477,1.0,2.174079193668974,,0.5,0.5
calm,0.2662869538091129,1.5086761560548885,0.4905152817283109,-0.059297805,0.0,0,1.0,LOW,LOW,29.67426092381774,1.0,2.2307956710724475,,0.5,0.5
calm,0.2620623655469059,1.3917648812895609,1.1897658311788335,-0.062937408,0.0,0,1.0,LOW,LOW,29.758752689061883,1.0,2.693102548333512,,0.5,0.5
calm,0.260278507141829,1.324741676962909,1.837523016761492,-0.075965157,0.0,0,1.0,LOW,LOW,29.794429857163426,1.0,3.238229851084266,,0.5,0.5
calm,0.2796086071002243,1.1538880643526952,0.733805248,-0.066561134,0.0,0,1.0,LOW,LOW,29.407827857995517,1.0,2.106182782174352,,0.5,0.5
calm,0.2710530883602096,1.1595765095926125,1.2305466331280464,-0.071944258,0.0,0,1.0,LOW,LOW,29.578938232795807,1.0,2.462067400748895,,0.5,0.5
happy,0.2383565320324672,1.6597120014792506,0.5473146427584872,-0.031498065,0.0,0,1.0,LOW,LOW,30.23286935935065,1.0,2.533327366323293,,0.5,0.5
happy,0.2324814987680821,1.5288803322803943,0.7025898260621252,-0.0381821,0.0,0,1.0,LOW,LOW,30.35037002463836,1.0,2.3816676287437484,,0.5,0.5
happy,0.2377122145605985,1.7099177423583962,0.2621842449310562,-0.025674057,0.0,0,1.0,LOW,LOW,30.245755708788028,1.0,2.368484199642782,,0.5,0.5
happy,0.2419512546032952,1.686886432035411,0.8074669431720253,-0.035773789,0.0,0,1.0,LOW,LOW,30.160974907934097,1.0,2.6074000320405437,,0.5,0.5
happy,0.2156086797174099,1.8681515915589275,0.9074598453547228,0.004781913,0.0,0,1.0,LOW,LOW,30.68782641,1.0,3.217330253756613,,0.5,0.5
happy,0.2145725783388875,1.773731863741019,0.5565917557228812,0.018447294,0.0,0,1.0,LOW,LOW,30.708548433222248,1.0,2.841000588971399,,0.5,0.5
happy,0.2315663885302105,1.872771505104488,0.4219256770354249,-0.000427421,0.0,0,1.0,LOW,LOW,30.36867222939579,1.0,2.692941527007114,,0.5,0.5
happy,0.2207266314508182,1.7689717484181875,1.1341289806182877,-0.001086027,0.0,0,1.0,LOW,LOW,30.58546737098364,1.0,2.9196328966790386,,0.5,0.5
sad,0.2926315665410413,1.6383767821153548,0.931888062,-0.101097367,0.0,0,1.0,MEDIUM,LOW,29.147368669179173,1.0,2.671362211156897,,0.5,0.5
sad,0.2973991199835673,1.9785009618235665,1.4069879985253513,-0.104602727,0.0,0,1.0,MEDIUM,LOW,29.052017600328654,1.0,3.490091687096015,,0.5,0.5
sad,0.3017662941784589,1.5797617572942564,0.95825466864841,-0.089147371,0.0,0,1.0,MEDIUM,LOW,28.96467411643082,1.0,2.6271637969786967,,0.5,0.5
sad,0.2842712577718434,1.445384518572481,0.6898393277505496,-0.0804954,0.0,0,1.0,MEDIUM,LOW,29.314574844563133,1.0,2.215719245959037,,0.5,0.5
sad,0.2865268228335591,1.183613072171416,0.7155588344698441,-0.089081458,0.0,0,1.0,MEDIUM,LOW,29.26946354332882,1.0,1.9882533642941096,,0.5,0.5
sad,0.2850252440086669,1.3481484431547075,0.3724143380230323,-0.084918857,0.0,0,1.0,MEDIUM,LOW,29.299495119826663,1.0,1.8258379125684407,,0.5,0.5
sad,0.2902558151169194,1.5802696734392137,0.7911188218746615,-0.076378592,0.0,0,1.0,MEDIUM,LOW,29.19488369766161,1.0,2.470112636720626,,0.5,0.5
sad,0.2817879024963893,1.5166155942542467,0.3386645537504188,-0.069701928,0.0,0,1.0,MEDIUM,LOW,29.364241950072213,1.0,2.029902940016445,,0.5,0.5
angry,0.2597901839090235,1.1399749287334475,0.7544013133316553,-0.100516254,0.0,0,1.0,MEDIUM,LOW,29.80419632181953,1.0,1.9948924958826144,,0.5,0.5
angry,0.2773418688010998,1.1837228091742071,0.9024011547091736,-0.105528924,0.0,0,1.0,MEDIUM,LOW,29.453162623978,1.0,2.1916528874296444,,0.5,0.5
angry,0.2593248275974631,1.2010045514155778,1.0834488581201032,-0.090970476,0.0,0,1.0,MEDIUM,LOW,29.81350344805074,1.0,2.375423885148909,,0.5,0.5
angry,0.2555626859064178,1.1973350604959252,1.111380782711271,-0.09403612,0.0,0,1.0,MEDIUM,LOW,29.888746281871644,1.0,2.402751963570886,,0.5,0.5
angry,0.2699225595046142,1.2501503902314526,1.4496959860367626,-0.095762381,0.0,0,1.0,MEDIUM,LOW,29.601548809907715,1.0,2.795608756914984,,0.5,0.5
angry,0.2709657821424192,1.3015083088498236,1.2928371251884077,-0.101019436,0.0,0,1.0,MEDIUM,LOW,29.58068435715162,1.0,2.695364869772296,,0.5,0.5
angry,0.2838179689457328,1.3520475732405377,1.1491811661780786,-0.094772606,0.0,0,1.0,MEDIUM,LOW,29.323640621085342,1.0,2.609647303987084,,0.5,0.5
angry,0.254923661,1.2483588500956049,1.0030568936419058,-0.107295876,0.0,0,1.0,MEDIUM,LOW,29.90152678139252,1.0,2.3587116200662828,,0.5,0.5
fearful,0.3118793688983093,1.3620049119716264,0.7975320802911529,-0.090338898,0.0,0,1.0,LOW,LOW,28.76241262203381,1.0,2.249875890620385,,0.5,0.5
fearful,0.311883833,1.4689850114738834,0.7040594157786124,-0.08073896,0.0,0,1.0,LOW,LOW,28.76232333325662,1.0,2.253783387,,0.5,0.5
fearful,0.3013662349133748,1.5154352375825553,0.2242702377876943,-0.076664575,0.0,0,1.0,LOW,LOW,28.972675301732504,1.0,1.9698518066998356,,0.5,0.5
fearful,0.3342196758775901,1.4431728743428005,0.7419081361787764,-0.095691666,0.0,0,1.0,LOW,LOW,28.3156064824482,1.0,2.280772676811122,,0.5,0.5
fearful,0.2883652727854522,1.4723233234192423,0.5381946766782583,-0.09027463,0.0,0,1.0,LOW,LOW,29.23269454429096,1.0,2.100792630201251,,0.5,0.5
fearful,0.3059660305177165,1.4870039525549723,0.369003429,-0.087641958,0.0,0,1.0,LOW,LOW,28.88067938964567,1.0,1.961346465137256,,0.5,0.5
fearful,0.3052080759079442,1.5707715314080066,0.3413948105364223,-0.078880704,0.0,0,1.0,LOW,LOW,28.89583848184112,1.0,2.06305962,,0.5,0.5
fearful,0.3039908770787746,1.636229559918324,0.6363275796843464,-0.085307991,0.0,0,1.0,LOW,LOW,28.920182458424502,1.0,2.35786513,,0.5,0.5
disgust,0.2597102724759512,1.1841379995742516,1.1277769976817438,-0.07534592,0.0,0,1.0,LOW,LOW,29.80579455048097,1.0,2.387260916812195,,0.5,0.5
disgust,0.2337994294199333,1.0186226535485177,0.4588574363758188,-0.07430453,0.0,0,1.0,LOW,LOW,30.324011411601333,1.0,1.7794047933639097,,0.5,0.5
disgust,0.2206089579868692,0.5494987208773976,0.3996921112390408,-0.058556657,0.0,0,1.0,LOW,LOW,30.587820840262616,1.0,1.1641409545224255,,0.5,0.5
disgust,0.2255109298894448,0.4338178575314245,0.4961669965841524,-0.066158676,0.0,0,1.0,LOW,LOW,30.489781402211104,1.0,1.0987064796693544,,0.5,0.5
disgust,0.2218638369045099,0.027424196,0.3917322524556632,-0.07243936,0.0,0,1.0,LOW,LOW,30.5627232619098,1.0,1.1708618825333583,,0.5,0.5
disgust,0.2117991987155273,0.054904287942183,0.4387081948356144,-0.071044643,0.0,0,1.0,LOW,LOW,30.76401602568945,1.0,1.405521453303993,,0.5,0.5
disgust,0.2102246757158867,0.0459684773154533,0.3115093279399253,-0.060989769,0.0,0,1.0,LOW,LOW,30.795506485682264,1.0,1.2758745562522005,,0.5,0.5
disgust,0.2040609692126112,0.2359364725634446,-0.111223148,-0.049007979,0.0,0,1.0,LOW,LOW,30.918780615747774,1.0,1.0370090811926276,,0.5,0.5
surprised,0.2843206710976456,1.1001015107253262,0.9082278306471724,-0.091881443,0.0,0,1.0,LOW,LOW,29.313586578047087,1.0,2.1002107841752453,,0.5,0.5
surprised,0.3403206892664878,1.3465428902605123,1.101347063332687,-0.09453141,0.0,0,1.0,LOW,LOW,28.193586214670244,1.0,2.542421363701276,,0.5,0.5
surprised,0.3667816149703418,1.2569223631871966,1.0479126581624263,-0.094526013,0.0,0,1.0,LOW,LOW,27.664367700593164,1.0,2.3993610347029213,,0.5,0.5
surprised,0.3587825468623508,1.270174774395267,1.6571114099095987,-0.099367949,0.0,0,1.0,LOW,LOW,27.824349062752983,1.0,3.0266541329728325,,0.5,0.5
surprised,0.3553921558136341,1.310564252723072,0.5812135681406714,-0.104729274,0.0,0,1.0,LOW,LOW,27.89215688372732,1.0,2.0327201568076814,,0.5,0.5
surprised,0.3436689030232873,1.1943864822294197,0.1764664275531459,-0.099776616,0.0,0,1.0,LOW,LOW,28.126621939534253,1.0,1.768138533553914,,0.5,0.5
surprised,0.3411687933968116,1.375267175227327,0.5487329057611985,-0.087017807,0.0,0,1.0,LOW,LOW,28.176624132063765,1.0,2.2892884514774217,,0.5,0.5
surprised,0.3565112320427635,1.3199679566313618,0.3729990519989786,-0.095578725,0.0,0,1.0,LOW,LOW,27.86977535914473,1.0,2.0724259282455075,,0.5,0.5
neutral,0.2887796406913121,1.1076205297058457,0.6832347968222888,-0.090400888,0.0,0,1.0,LOW,LOW,29.22440718617376,1.0,1.8812562141148104,,0.5,0.5
neutral,0.2719949481622113,1.2374698310792642,1.1480849611235064,-0.086602744,0.0,0,1.0,LOW,LOW,29.56010103675577,1.0,2.4721575365975954,,0.5,0.5
neutral,0.2952811455153912,1.125216149661237,1.0205471652136096,-0.091599731,0.0,0,1.0,LOW,LOW,29.094377089692177,1.0,2.237363045549418,,0.5,0.5
neutral,0.303684376941335,1.2420330512301767,1.2526590196376266,-0.096338377,0.0,0,1.0,LOW,LOW,28.926312461173296,1.0,2.591030448179233,,0.5,0.5
calm,0.2195932253215545,1.3294847881555325,1.1298217658555434,-0.060938375,0.0,0,1.0,LOW,LOW,30.60813549356891,1.0,2.520244928772501,,0.5,0.5
calm,0.2543725711218664,1.245843210968857,1.2146435154169497,-0.072829082,0.0,0,1.0,LOW,LOW,29.91254857756267,1.0,2.5333158082148395,,0.5,0.5
calm,0.2274173908676478,1.300966023440009,0.7519593360580078,-0.050602541,0.0,0,1.0,LOW,LOW,30.451652182647045,1.0,2.166534530896023,,0.5,0.5
calm,0.2639916220968004,1.485055297659658,0.4584155992412817,-0.058243584,0.0,0,1.0,LOW,LOW,29.72016755806399,1.0,2.2185149691900423,,0.5,0.5
calm,0.2624498542752266,1.3937235399542096,1.1709429988921245,-0.061427857,0.0,0,1.0,LOW,LOW,29.751002914495466,1.0,2.6774841485605045,,0.5,0.5
calm,0.258869486,1.3167382481934211,1.8245976979792928,-0.075853147,0.0,0,1.0,LOW,LOW,29.82261028,1.0,3.217189093567798,,0.5,0.5
calm,0.2798094214724175,1.146180555072147,0.7185229966572741,-0.066523789,0.0,0,1.0,LOW,LOW,29.40381157055165,1.0,2.0787421495517107,,0.5,0.5
calm,0.2718839860600205,1.1633137268131084,1.2150530066256702,-0.0718024,0.0,0,1.0,LOW,LOW,29.56232027879959,1.0,2.4501691331374738,,0.5,0.5
happy,0.2370947816946077,1.6586973681126047,0.5273089057894371,-0.031726826,0.0,0,1.0,LOW,LOW,30.258104366107844,1.0,2.5358117733932954,,0.5,0.5
happy,0.233003568137334,1.528271111823466,0.6838999810181681,-0.037864811,0.0,0,1.0,LOW,LOW,30.33992863725332,1.0,2.367928486956552,,0.5,0.5
happy,0.2362313446825757,1.714276920631674,0.2266683709982691,-0.023809405,0.0,0,1.0,LOW,LOW,30.27537310634848,1.0,2.386471912687116,,0.5,0.5
happy,0.2399630458312275,1.6880177800138427,0.7893075346354371,-0.03483561,0.0,0,1.0,LOW,LOW,30.20073908337545,1.0,2.597762279226749,,0.5,0.5
happy,0.2163820390386396,1.8632451662674585,0.9143126944875782,0.005260203,0.0,0,1.0,LOW,LOW,30.672359219227207,1.0,3.191912318736615,,0.5,0.5
happy,0.2141587763193436,1.7726261344416725,0.5552813662733441,0.018948878,0.0,0,1.0,LOW,LOW,30.716824473613126,1.0,2.8538153399264123,,0.5,0.5
happy,0.2304083421302556,1.870100927863786,0.4201810235697593,0.00039096,0.0,0,1.0,LOW,LOW,30.39183315739489,1.0,2.6760840338114917,,0.5,0.5
happy,0.2204895231673433,1.7879967979904636,1.119497083586011,-0.000179709,0.0,0,1.0,LOW,LOW,30.59020953665313,1.0,2.924725847990547,,0.5,0.5
sad,0.2919085028027287,1.6328268453950712,0.930395779449086,-0.100653409,0.0,0,1.0,MEDIUM,LOW,29.161829943945428,1.0,2.6638760335436285,,0.5,0.5
sad,0.2965846387776034,1.971264743855168,1.4225724933175934,-0.104093298,0.0,0,1.0,MEDIUM,LOW,29.06830722444793,1.0,3.497930535373682,,0.5,0.5
sad,0.3002775781840076,1.5756319986551242,0.9278386495973676,-0.087645923,0.0,0,1.0,MEDIUM,LOW,28.994448436319846,1.0,2.5911165715865447,,0.5,0.5
sad,0.283198224859099,1.436125598,0.6888580299808535,-0.079457785,0.0,0,1.0,MEDIUM,LOW,29.33603550281802,1.0,2.204441413410983,,0.5,0.5
sad,0.2841628294186385,1.182051013744377,0.6948339831715984,-0.086576146,0.0,0,1.0,MEDIUM,LOW,29.31674341162723,1.0,1.9634611432167668,,0.5,0.5
sad,0.2817699326312795,1.330480165,0.3517925315938463,-0.082657542,0.0,0,1.0,MEDIUM,LOW,29.36460134737441,1.0,1.7700382961385797,,0.5,0.5
sad,0.2884551504950493,1.5693433067748328,0.7510602295712961,-0.07517471,0.0,0,1.0,MEDIUM,LOW,29.23089699009901,1.0,2.4089153361642803,,0.5,0.5
sad,0.2775236805347148,1.5136817901043584,0.3199898518258605,-0.068837028,0.0,0,1.0,MEDIUM,LOW,29.449526389305703,1.0,2.003382977162138,,0.5,0.5
angry,0.2610895728142399,1.133148270262553,0.7608140242001927,-0.099747257,0.0,0,1.0,MEDIUM,LOW,29.7782085437152,1.0,1.993709551813903,,0.5,0.5
angry,0.2749049717246418,1.1726375943442937,0.8842160373150917,-0.104021312,0.0,0,1.0,MEDIUM,LOW,29.501900565507164,1.0,2.160874943591161,,0.5,0.5
angry,0.2581043378457749,1.192186355487121,1.051420195477839,-0.089774354,0.0,0,1.0,MEDIUM,LOW,29.83791324,1.0,2.333380904941018,,0.5,0.5
angry,0.2523885059554592,1.1868249402445457,1.095856056058447,-0.093658987,0.0,0,1.0,MEDIUM,LOW,29.95222988089082,1.0,2.376339983483488,,0.5,0.5
angry,0.268407607168887,1.2365409318033758,1.450395185965953,-0.093935373,0.0,0,1.0,MEDIUM,LOW,29.631847856622255,1.0,2.7808714909541896,,0.5,0.5
angry,0.2688273645177627,1.2902851672720204,1.267642524,-0.099496251,0.0,0,1.0,MEDIUM,LOW,29.623452709644745,1.0,2.657423942527386,,0.5,0.5
angry,0.2835881241057974,1.3463261764639212,1.128324458,-0.092970824,0.0,0,1.0,MEDIUM,LOW,29.32823751788405,1.0,2.5902880027292774,,0.5,0.5
angry,0.2537095446473897,1.2264666547428678,0.9719788715694124,-0.106777187,0.0,0,1.0,MEDIUM,LOW,29.925809107052203,1.0,2.305222713122064,,0.5,0.5
fearful,0.3115900923040894,1.355172458324847,0.8079360353695607,-0.08991166,0.0,0,1.0,LOW,LOW,28.768198153918213,1.0,2.253020154192753,,0.5,0.5
fearful,0.3116929266174498,1.4639247471088497,0.6895097711968589,-0.07964106,0.0,0,1.0,LOW,LOW,28.766141467651003,1.0,2.236051072556325,,0.5,0.5
fearful,0.3015661158436686,1.5169795685370937,0.1902148234740975,-0.075537436,0.0,0,1.0,LOW,LOW,28.96867768312663,1.0,1.9535129165197704,,0.5,0.5
fearful,0.3304794395870015,1.446937945393317,0.7379636949437419,-0.094629944,0.0,0,1.0,LOW,LOW,28.39041120825997,1.0,2.279531584332044,,0.5,0.5
fearful,0.2873855345247744,1.4592098341162312,0.519925675,-0.089734331,0.0,0,1.0,LOW,LOW,29.252289309504512,1.0,2.0688698403503927,,0.5,0.5
fearful,0.3037504273853597,1.5100369512338865,0.3551680224959788,-0.085524519,0.0,0,1.0,LOW,LOW,28.924991452292804,1.0,1.9732015832966188,,0.5,0.5
fearful,0.3048887128437035,1.5626467132091024,0.3158720716047739,-0.078778566,0.0,0,1.0,LOW,LOW,28.90222574312593,1.0,2.049157962782956,,0.5,0.5
fearful,0.3018437890637779,1.630478204,0.6220730325885399,-0.084268805,0.0,0,1.0,LOW,LOW,28.96312421872444,1.0,2.3368200416038385,,0.5,0.5
disgust,0.2593300987040881,1.1885745838733186,1.0802144153752866,-0.074168095,0.0,0,1.0,LOW,LOW,29.81339802591824,1.0,2.3429570939722093,,0.5,0.5
disgust,0.2344085197004288,1.0247570038855294,0.4481491074931168,-0.073668514,0.0,0,1.0,LOW,LOW,30.311829605991424,1.0,1.8068251519258396,,0.5,0.5
disgust,0.2203670984593411,0.5428453740194622,0.3654196881540805,-0.059006327,0.0,0,1.0,LOW,LOW,30.592658030813176,1.0,1.13759540296844,,0.5,0.5
disgust,0.2252203163011039,0.4429102173409442,0.4766833084023947,-0.064905189,0.0,0,1.0,LOW,LOW,30.49559367397792,1.0,1.095624485717941,,0.5,0.5
disgust,0.2229350771607416,0.050402626,0.3653056193198188,-0.071011213,0.0,0,1.0,LOW,LOW,30.54129845678517,1.0,1.1551688968152252,,0.5,0.5
disgust,0.2086860544017504,0.055996496,0.422643026,-0.070183735,0.0,0,1.0,LOW,LOW,30.82627891196499,1.0,1.4170195353780934,,0.5,0.5
disgust,0.2113633100225357,0.045494798,0.2947581492592366,-0.06045478,0.0,0,1.0,LOW,LOW,30.77273379954929,1.0,1.296474898565955,,0.5,0.5
disgust,0.1994413245927902,0.2415105385202353,-0.113705553,-0.048242054,0.0,0,1.0,LOW,LOW,31.0111735081442,1.0,1.0309150087038403,,0.5,0.5
surprised,0.2869607139866477,1.098683769836066,0.8985978507340283,-0.090932063,0.0,0,1.0,LOW,LOW,29.260785720267044,1.0,2.088213683579533,,0.5,0.5
surprised,0.3416835033317358,1.3399138700883615,1.1084671044700931,-0.094396349,0.0,0,1.0,LOW,LOW,28.166329933365283,1.0,2.542777323987136,,0.5,0.5
surprised,0.3647624194064557,1.259681823625961,1.0412163744541256,-0.0935289,0.0,0,1.0,LOW,LOW,27.704751611870886,1.0,2.394427097635744,,0.5,0.5
surprised,0.3579913637251694,1.2550423998383748,1.6392005545527002,-0.099423862,0.0,0,1.0,LOW,LOW,27.84017272549661,1.0,2.9936668168077016,,0.5,0.5
surprised,0.3523966091130938,1.297551084323168,0.5698731002639869,-0.104027283,0.0,0,1.0,LOW,LOW,27.95206781773813,1.0,1.9917688180436068,,0.5,0.5
surprised,0.3390527616530062,1.194701149157809,0.1727607849794314,-0.099880204,0.0,0,1.0,LOW,LOW,28.21894476693988,1.0,1.771007231155865,,0.5,0.5
surprised,0.3401660745924356,1.373022886822058,0.5355997838515729,-0.086056507,0.0,0,1.0,LOW,LOW,28.196678508151287,1.0,2.283870343737276,,0.5,0.5
surprised,0.3601670750701017,1.3100850227385987,0.3789195192207785,-0.096471977,0.0,0,1.0,LOW,LOW,27.796658498597964,1.0,2.083089982012277,,0.5,0.5
neutral,0.2862507241862579,0.7803778675450903,1.6222947152201364,-0.126553501,0.0,0,1.0,LOW,LOW,29.27498551627484,1.0,2.529226083472921,,0.5,0.5
neutral,0.28853004741138,0.6920971258555173,1.798856572,-0.126715999,0.0,0,1.0,LOW,LOW,29.2293990517724,1.0,2.6176696967356614,,0.5,0.5
neutral,0.2556015729117004,1.0046628457387083,1.4568497557506097,-0.114672642,0.0,0,1.0,LOW,LOW,29.88796854176599,1.0,2.5761852437567976,,0.5,0.5
neutral,0.2568083814638298,0.8549553851924682,1.3329299152420435,-0.120100298,0.0,0,1.0,LOW,LOW,29.863832370723404,1.0,2.307985597961572,,0.5,0.5
calm,0.2249203921367483,0.8682387225324294,1.2188827596323917,-0.089437058,0.0,0,1.0,LOW,LOW,30.501592157265037,1.0,2.1765585402010226,,0.5,0.5
calm,0.2307751147835363,1.1414874696473636,1.6212801657778484,-0.082545444,0.0,0,1.0,LOW,LOW,30.384497704329277,1.0,2.845313079508415,,0.5,0.5
calm,0.1366797289460434,1.099442100334754,2.071175806246257,-0.019547372,0.0,0,1.0,LOW,LOW,32.26640542107913,1.0,3.196827796168479,,0.5,0.5
calm,0.1821730231828259,1.3928523822632246,1.5325662829656723,-0.069685831,0.0,0,1.0,LOW,LOW,31.356539536343483,1.0,2.9967006238298866,,0.5,0.5
calm,0.1488086610509499,0.8640938226392235,1.674237036117642,-0.053031062,0.0,0,1.0,LOW,LOW,32.023826778981004,1.0,2.591361920743856,,0.5,0.5
calm,0.1934117768377544,1.2458322310110252,1.3227522518179446,-0.068558511,0.0,0,1.0,LOW,LOW,31.13176446324491,1.0,2.661372542026548,,0.5,0.5
calm,0.1660172495545185,0.7441894864126483,1.436575772100287,-0.013864112,0.0,0,1.0,LOW,LOW,31.679655008909627,1.0,2.198935984286308,,0.5,0.5
calm,0.155141274718023,0.4487404161600932,1.9659117912656203,-0.01779424,0.0,0,1.0,LOW,LOW,31.897174505639537,1.0,2.438774404765566,,0.5,0.5
happy,0.1562601241976356,1.1998578735202954,-0.577330616,-0.005065135,0.0,0,1.0,LOW,LOW,31.874797516047288,1.0,1.7926311652726985,,0.5,0.5
happy,0.1493690070162139,1.3247260062429844,-0.02200673,-0.025051723,0.0,0,1.0,LOW,LOW,32.01261985967572,1.0,1.793261768355375,,0.5,0.5
happy,0.150603979,1.3070534528312108,0.0298993211753438,-0.004455434,0.0,0,1.0,LOW,LOW,31.98792042415214,1.0,1.5032326849577171,,0.5,0.5
happy,0.1603981145645293,1.2577364004007037,-0.081099712,-0.01323269,0.0,0,1.0,LOW,LOW,31.79203770870941,1.0,1.4437323183167488,,0.5,0.5
happy,0.1396677220365566,1.313598575854888,1.8947474676196927,-0.031366686,0.0,0,1.0,LOW,LOW,32.206645559268864,1.0,3.2412932103138066,,0.5,0.5
happy,0.1156564686657786,1.4630663819693144,2.0893764307238185,-0.041026049,0.0,0,1.0,LOW,LOW,32.686870626684424,1.0,3.5966175553012776,,0.5,0.5
happy,0.2041850916289288,1.1110988122979668,0.3985181124244241,-0.037522503,0.0,0,1.0,LOW,LOW,30.916298167421424,1.0,1.7184971044126958,,0.5,0.5
happy,0.13816447527088,1.2893268599565977,0.6972774916041398,-0.016293186,0.0,0,1.0,LOW,LOW,32.23671049,1.0,2.0545164077172275,,0.5,0.5
sad,0.18785329313088,0.691273924,1.247074171354517,-0.10163431,0.0,0,1.0,MEDIUM,LOW,31.24293414,1.0,2.0399824048524327,,0.5,0.5
sad,0.1405247803764642,0.5926378297443462,0.7216083915405865,-0.0897874,0.0,0,1.0,MEDIUM,LOW,32.18950439247072,1.0,1.4114260890228243,,0.5,0.5
sad,0.2266894771998281,0.548198278,1.7219063250185531,-0.131407248,0.0,0,1.0,MEDIUM,LOW,30.466210456003434,1.0,2.4015118511686757,,0.5,0.5
sad,0.1989816857177287,0.3110484212582938,1.5343833617821134,-0.124302795,0.0,0,1.0,MEDIUM,LOW,31.020366285645423,1.0,1.9738056574353495,,0.5,0.5
sad,0.095866126,2.4731882747957794,-0.624257304,-0.048905071,0.0,0,1.0,MEDIUM,LOW,33.08267747883107,1.0,3.4373829756035588,,0.5,0.5
sad,0.1726828687787685,1.5949724542468204,-0.334253906,-0.042583327,0.0,0,1.0,MEDIUM,LOW,31.54634262442463,1.0,2.166844245622352,,0.5,0.5
sad,0.1382059037602806,1.8802479805953685,-0.034554875,-0.053883023,0.0,0,1.0,MEDIUM,LOW,32.235881924794384,1.0,2.5486281842047807,,0.5,0.5
sad,0.1056301310500578,1.9298044524073863,-0.960793279,-0.02931993,0.0,0,1.0,MEDIUM,LOW,32.88739737899884,1.0,2.931907588885802,,0.5,0.5
angry,0.2750286376465203,0.8494599327692921,-0.749459557,-0.085313675,0.0,0,1.0,MEDIUM,LOW,29.499427247069598,1.0,1.6842331649155362,,0.5,0.5
angry,0.2805532438869444,1.800966233189525,-1.036306837,-0.094611068,0.0,0,1.0,MEDIUM,LOW,29.38893512226111,1.0,2.9318841383407626,,0.5,0.5
angry,0.2834455117166739,1.5530756313363008,-0.183171562,-0.085073016,0.0,0,1.0,MEDIUM,LOW,29.331089765666523,1.0,2.408248936064591,,0.5,0.5
angry,0.2777252864089084,2.773446223301129,-0.193843537,-0.113491055,0.0,0,1.0,MEDIUM,LOW,29.445494271821836,1.0,3.400564941109167,,0.5,0.5
angry,0.2995049979674934,3.3545507425791428,-1.422413208,-0.141487411,0.0,0,1.0,MEDIUM,LOW,29.00990004065013,1.0,4.935457999478429,,0.5,0.5
angry,0.301287987,2.986135403917881,-1.465591445,-0.119595361,0.0,0,1.0,MEDIUM,LOW,28.97424025,1.0,4.632340679477195,,0.5,0.5
angry,0.298944009,3.224904522332056,-1.043230399,-0.133183643,0.0,0,1.0,MEDIUM,LOW,29.02111982249666,1.0,4.4874959073715885,,0.5,0.5
angry,0.2868437500898587,0.141590769,-1.701007487,-0.058335574,0.0,0,1.0,MEDIUM,LOW,29.263124998202827,1.0,2.454870517820457,,0.5,0.5
fearful,0.32613908,3.598057228751924,-0.883518906,-0.176995451,0.0,0,1.0,LOW,LOW,28.47721839308026,1.0,4.793540358560584,,0.5,0.5
fearful,0.3027719800728947,2.934688461322488,-0.928689124,-0.132750627,0.0,0,1.0,LOW,LOW,28.944560398542105,1.0,4.068478070036032,,0.5,0.5
fearful,0.3178212378391767,2.2419877336560634,-0.623215285,-0.117733844,0.0,0,1.0,LOW,LOW,28.643575243216468,1.0,3.045760081397734,,0.5,0.5
fearful,0.2997309664166605,2.435780477249431,0.1487639580261966,-0.13037283,0.0,0,1.0,LOW,LOW,29.00538067166679,1.0,3.0539682373214734,,0.5,0.5
fearful,0.302262089345462,2.0589309722783677,-0.752719869,-0.074099933,0.0,0,1.0,LOW,LOW,28.95475821309076,1.0,3.0577607337296624,,0.5,0.5
fearful,0.2502922402371856,2.3839950044802145,-1.02165457,-0.040586206,0.0,0,1.0,LOW,LOW,29.994155195256287,1.0,3.520631569535783,,0.5,0.5
fearful,0.3003899448409122,1.795415385839323,0.4481194612152741,-0.078353421,0.0,0,1.0,LOW,LOW,28.99220110318176,1.0,2.3801548768791942,,0.5,0.5
fearful,0.2780430371737213,1.5107229156949926,-1.044579709,-0.057211499,0.0,0,1.0,LOW,LOW,29.43913925652557,1.0,2.612514124322355,,0.5,0.5
disgust,0.1052097469562588,2.4743853217776537,-1.034114093,-0.054394569,0.0,0,1.0,LOW,LOW,32.89580506087482,1.0,3.609046741530344,,0.5,0.5
disgust,0.1541843883834811,2.761054133076355,-0.234197998,-0.118135643,0.0,0,1.0,LOW,LOW,31.916312232330377,1.0,3.4430104912167008,,0.5,0.5
disgust,0.1062401007556282,2.482983773109023,-0.41562363,-0.07368296,0.0,0,1.0,LOW,LOW,32.87519798488744,1.0,3.125258160624314,,0.5,0.5
disgust,0.096435654,0.4830975633923637,-0.618723256,-0.040858603,0.0,0,1.0,LOW,LOW,33.07128692647564,1.0,1.2808222939653051,,0.5,0.5
disgust,0.2115448133755776,3.841482590408024,-0.657180501,-0.181275214,0.0,0,1.0,LOW,LOW,30.76910373248845,1.0,4.751587875813288,,0.5,0.5
disgust,0.098048104,2.460151605349073,-0.280397383,-0.075774649,0.0,0,1.0,LOW,LOW,33.039037919257964,1.0,3.0394342423856444,,0.5,0.5
disgust,0.1363453849127226,3.2894288839722687,-0.575333528,-0.117187896,0.0,0,1.0,LOW,LOW,32.27309230174555,1.0,4.458542536353726,,0.5,0.5
disgust,0.1062226849998633,1.1016317222817416,-1.671285988,-0.00196569,0.0,0,1.0,LOW,LOW,32.87554630000273,1.0,2.9432538764523257,,0.5,0.5
surprised,0.2234073399668319,1.3519910179427617,0.1548057992751564,-0.06266935,0.0,0,1.0,LOW,LOW,30.531853200663363,1.0,1.8114186279823588,,0.5,0.5
surprised,0.2194720471433587,0.9775588517235632,-1.161681634,-0.02688036,0.0,0,1.0,LOW,LOW,30.610559057132825,1.0,2.5171591966470124,,0.5,0.5
surprised,0.2178701242804713,1.4253524379087787,1.1836208793051852,-0.100448967,0.0,0,1.0,LOW,LOW,30.642597514390573,1.0,2.709422284223235,,0.5,0.5
surprised,0.1919622869940259,-0.101757852,0.1550116805303657,-0.057387927,0.0,0,1.0,LOW,LOW,31.16075426011948,1.0,1.410794752,,0.5,0.5
surprised,0.2617934887261521,2.7731403617517234,0.2669015053979867,-0.141900387,0.0,0,1.0,LOW,LOW,29.76413022547696,1.0,3.403265131468277,,0.5,0.5
surprised,0.2719077493653833,3.18608863338226,-0.042396576,-0.172792473,0.0,0,1.0,LOW,LOW,29.56184501269233,1.0,3.8381537769658367,,0.5,0.5
surprised,0.2618728155491463,0.8803129354467171,-0.735187525,-0.066941244,0.0,0,1.0,LOW,LOW,29.762543689017072,1.0,2.2053835760445724,,0.5,0.5
surprised,0.2636666054308159,2.376201782022373,0.4693051471518787,-0.136089627,0.0,0,1.0,LOW,LOW,29.726667891383684,1.0,3.111402751713336,,0.5,0.5
neutral,0.2807533684640265,0.8127297582937139,1.5835597532057402,-0.124197912,0.0,0,1.0,LOW,LOW,29.38493263071947,1.0,2.520487423317084,,0.5,0.5
neutral,0.2876514306599992,0.6799655698976708,1.8123032236556604,-0.126838081,0.0,0,1.0,LOW,LOW,29.246971386800016,1.0,2.6191068748906696,,0.5,0.5
neutral,0.2545370716973993,1.0129554278600443,1.455945925891161,-0.113262607,0.0,0,1.0,LOW,LOW,29.909258566052014,1.0,2.582163960413875,,0.5,0.5
neutral,0.2539414981611594,0.865349899,1.3420226894272165,-0.119715224,0.0,0,1.0,LOW,LOW,29.92117003677681,1.0,2.327087813062365,,0.5,0.5
calm,0.2258875130139241,0.8776446736564391,1.2296453520935011,-0.088776501,0.0,0,1.0,LOW,LOW,30.48224973972152,1.0,2.196066526877783,,0.5,0.5
calm,0.2312686675034927,1.1318166606270772,1.5967077096851603,-0.082231263,0.0,0,1.0,LOW,LOW,30.374626649930143,1.0,2.810755633646998,,0.5,0.5
calm,0.1348409939359511,1.1002786858922873,2.059378744191885,-0.018214428,0.0,0,1.0,LOW,LOW,32.303180121280974,1.0,3.185232959911096,,0.5,0.5
calm,0.1817570220614968,1.383838872,1.5142577450209345,-0.069848312,0.0,0,1.0,LOW,LOW,31.364859558770064,1.0,2.969918999500968,,0.5,0.5
calm,0.1488052856892706,0.8716337714745469,1.6758676149356828,-0.052008361,0.0,0,1.0,LOW,LOW,32.023894286214585,1.0,2.599509748,,0.5,0.5
calm,0.1934372938635635,1.2460346654743886,1.314099568372001,-0.069100544,0.0,0,1.0,LOW,LOW,31.131254122728727,1.0,2.642125073,,0.5,0.5
calm,0.1655929915769714,0.731777613,1.444086482789665,-0.013213311,0.0,0,1.0,LOW,LOW,31.68814016846057,1.0,2.194520541772948,,0.5,0.5
calm,0.1552579590947876,0.4612655442900841,1.961443015159432,-0.017006015,0.0,0,1.0,LOW,LOW,31.89484081810425,1.0,2.446088795198229,,0.5,0.5
happy,0.1557483728127788,1.2024801118737185,-0.581938159,-0.004036637,0.0,0,1.0,LOW,LOW,31.885032543744423,1.0,1.8038299589746016,,0.5,0.5
happy,0.145290065975691,1.328806241,-0.002948445,-0.025292428,0.0,0,1.0,LOW,LOW,32.09419868048618,1.0,1.7908226772909457,,0.5,0.5
happy,0.1498833102617811,1.3101415243605257,0.002962042,-0.00468938,0.0,0,1.0,LOW,LOW,32.002333794764375,1.0,1.510527390695929,,0.5,0.5
happy,0.1596024543384146,1.2705114258629804,-0.084344972,-0.013106491,0.0,0,1.0,LOW,LOW,31.807950913231707,1.0,1.4491292595974072,,0.5,0.5
happy,0.1396105806405807,1.3034565307077182,1.877229896916582,-0.029873773,0.0,0,1.0,LOW,LOW,32.20778838718839,1.0,3.2125478481017105,,0.5,0.5
happy,0.11730837735716,1.4673999469404155,2.089934493040128,-0.041217566,0.0,0,1.0,LOW,LOW,32.653832452856804,1.0,3.601749701256532,,0.5,0.5
happy,0.2019509795375631,1.1106367446371566,0.3831216855235104,-0.036645391,0.0,0,1.0,LOW,LOW,30.960980409248737,1.0,1.7025485666520048,,0.5,0.5
happy,0.1397560377780677,1.2943523021533818,0.6764990425198755,-0.014739759,0.0,0,1.0,LOW,LOW,32.204879244438644,1.0,2.038245958634685,,0.5,0.5
sad,0.1891719876968586,0.6984784744101739,1.258650479530036,-0.101196781,0.0,0,1.0,MEDIUM,LOW,31.216560246062823,1.0,2.0583257354304374,,0.5,0.5
sad,0.1395593862116008,0.5965652705421138,0.6932638643099848,-0.089218069,0.0,0,1.0,MEDIUM,LOW,32.20881227576798,1.0,1.3946249145391438,,0.5,0.5
sad,0.2268452050593412,0.5436155342483595,1.7372313041308831,-0.130255472,0.0,0,1.0,MEDIUM,LOW,30.463095898813176,1.0,2.411102310305533,,0.5,0.5
sad,0.1979945260326318,0.3202347717905761,1.5167579196170615,-0.124029711,0.0,0,1.0,MEDIUM,LOW,31.04010947934736,1.0,1.9610224024058227,,0.5,0.5
sad,0.096814135,2.474309199605031,-0.631332888,-0.047865532,0.0,0,1.0,MEDIUM,LOW,33.06371729862964,1.0,3.442205893456884,,0.5,0.5
sad,0.1718206422983506,1.5940575227973646,-0.344568263,-0.042561864,0.0,0,1.0,MEDIUM,LOW,31.563587154032987,1.0,2.185411467566408,,0.5,0.5
sad,0.139140631,1.8906505096433333,-0.025198521,-0.054180999,0.0,0,1.0,MEDIUM,LOW,32.217187372219485,1.0,2.576170789561512,,0.5,0.5
sad,0.1050296948667662,1.9270150209832373,-0.966750841,-0.029457775,0.0,0,1.0,MEDIUM,LOW,32.89940610266467,1.0,2.934762304686983,,0.5,0.5
angry,0.2728697940235555,0.8495880682660748,-0.723209282,-0.086526638,0.0,0,1.0,MEDIUM,LOW,29.54260411952889,1.0,1.6593239885408315,,0.5,0.5
angry,0.2808755193717217,1.809729931889664,-1.058656349,-0.09436944,0.0,0,1.0,MEDIUM,LOW,29.382489612565564,1.0,2.9627557208966047,,0.5,0.5
angry,0.2815113875813107,1.5649845876957118,-0.171834699,-0.083650631,0.0,0,1.0,MEDIUM,LOW,29.369772248373785,1.0,2.394961181195558,,0.5,0.5
angry,0.2762009813058755,2.766751536760717,-0.174031101,-0.114570179,0.0,0,1.0,MEDIUM,LOW,29.475980373882493,1.0,3.3796186427442807,,0.5,0.5
angry,0.3010699138913936,3.357789714871847,-1.433522415,-0.142032383,0.0,0,1.0,MEDIUM,LOW,28.97860172217213,1.0,4.940633911356073,,0.5,0.5
angry,0.2988171488184477,2.967242963046969,-1.480069237,-0.12019695,0.0,0,1.0,MEDIUM,LOW,29.02365702363105,1.0,4.627349801376758,,0.5,0.5
angry,0.2993012591422729,3.2358834762784934,-1.036505758,-0.13353386,0.0,0,1.0,MEDIUM,LOW,29.01397481715454,1.0,4.484589591569952,,0.5,0.5
angry,0.2856507999598555,0.1377925432154327,-1.702808312,-0.05727341,0.0,0,1.0,MEDIUM,LOW,29.28698400080289,1.0,2.442147723,,0.5,0.5
fearful,0.3294248155137868,3.598189023663856,-0.902665822,-0.175659235,0.0,0,1.0,LOW,LOW,28.411503689724263,1.0,4.806315241705776,,0.5,0.5
fearful,0.3018664060573521,2.924959319,-0.934699269,-0.134786442,0.0,0,1.0,LOW,LOW,28.96267187885296,1.0,4.083513519960371,,0.5,0.5
fearful,0.3148375051940238,2.2279876,-0.613585409,-0.11771247,0.0,0,1.0,LOW,LOW,28.703249896119523,1.0,3.0185795178615007,,0.5,0.5
fearful,0.297553888,2.4342225257797887,0.1264966202999394,-0.130236901,0.0,0,1.0,LOW,LOW,29.04892223,1.0,3.102508276030552,,0.5,0.5
fearful,0.3003864775883838,2.0540606733530065,-0.756077506,-0.073393182,0.0,0,1.0,LOW,LOW,28.992270448232325,1.0,3.0452235183446628,,0.5,0.5
fearful,0.2495989688049503,2.393151502920343,-1.032114011,-0.040921916,0.0,0,1.0,LOW,LOW,30.008020623900997,1.0,3.544582789556752,,0.5,0.5
fearful,0.2980969078220652,1.812799754823183,0.4291326767251312,-0.077512672,0.0,0,1.0,LOW,LOW,29.03806184355869,1.0,2.388804798227309,,0.5,0.5
fearful,0.2779046348932292,1.5010328111616345,-1.012033875,-0.058958052,0.0,0,1.0,LOW,LOW,29.441907302135416,1.0,2.572024738411081,,0.5,0.5
disgust,0.1052488807567638,2.476065649769488,-1.071468229,-0.055912823,0.0,0,1.0,LOW,LOW,32.895022384864724,1.0,3.632455060260408,,0.5,0.5
disgust,0.1534372507692372,2.775070673647399,-0.246030628,-0.11652395,0.0,0,1.0,LOW,LOW,31.931254984615254,1.0,3.4358929060984167,,0.5,0.5
disgust,0.1055163525390971,2.487500214421167,-0.362274276,-0.074808248,0.0,0,1.0,LOW,LOW,32.88967294921806,1.0,3.137370932559688,,0.5,0.5
disgust,0.095676518,0.4811728545439537,-0.613628683,-0.040852911,0.0,0,1.0,LOW,LOW,33.08646964895581,1.0,1.252317374299479,,0.5,0.5
disgust,0.2128362330504296,3.848018021144453,-0.691144471,-0.182144926,0.0,0,1.0,LOW,LOW,30.74327533899141,1.0,4.7700471956758745,,0.5,0.5
disgust,0.095965122,2.4611576384299485,-0.274054027,-0.076735148,0.0,0,1.0,LOW,LOW,33.08069756742098,1.0,3.063764433,,0.5,0.5
disgust,0.135086163950991,3.2829523467847057,-0.585510641,-0.118458408,0.0,0,1.0,LOW,LOW,32.29827672098018,1.0,4.439729442472701,,0.5,0.5
disgust,0.1052722822432649,1.1022042411890671,-1.694673228,-0.001572641,0.0,0,1.0,LOW,LOW,32.89455436,1.0,2.966059832529758,,0.5,0.5
surprised,0.223766818676194,1.358562910435005,0.1452196589851163,-0.061792049,0.0,0,1.0,LOW,LOW,30.52466362647612,1.0,1.8114004169424485,,0.5,0.5
surprised,0.2205547751376009,0.9802867296013582,-1.166971562,-0.025906103,0.0,0,1.0,LOW,LOW,30.58890449724798,1.0,2.5201210633057745,,0.5,0.5
surprised,0.2149359202905673,1.4294579420306333,1.1665680232534037,-0.099306547,0.0,0,1.0,LOW,LOW,30.701281594188654,1.0,2.6953325120566056,,0.5,0.5
surprised,0.1925490297807893,-0.106843268,0.1459930346800793,-0.05636296,0.0,0,1.0,LOW,LOW,31.149019404384216,1.0,1.425338808784805,,0.5,0.5
surprised,0.2619745809475537,2.769899905623858,0.2642906579849218,-0.14113121,0.0,0,1.0,LOW,LOW,29.760508381048925,1.0,3.385139936384169,,0.5,0.5
surprised,0.2724163959461939,3.204969395756424,-0.009032988,-0.174312622,0.0,0,1.0,LOW,LOW,29.55167208107612,1.0,3.8885924788865625,,0.5,0.5
surprised,0.2619229908717634,0.8590124204059546,-0.748110733,-0.06679076,0.0,0,1.0,LOW,LOW,29.76154018256473,1.0,2.1932633546965303,,0.5,0.5
surprised,0.261722756649376,2.3895590473878072,0.4766144271335943,-0.135244477,0.0,0,1.0,LOW,LOW,29.76554486701248,1.0,3.133563773426617,,0.5,0.5
neutral,0.2491526182476501,0.083007593,2.9921311760588263,-0.085020053,0.0,0,1.0,LOW,LOW,30.016947635047,1.0,3.196370228376813,,0.5,0.5
neutral,0.2820460060336711,-0.530267901,2.936105320858384,-0.049488704,0.0,0,1.0,LOW,LOW,29.35907987932658,1.0,3.5188061572769023,,0.5,0.5
neutral,0.3161691416553243,0.037240197,2.9176225221333425,-0.068027314,0.0,0,1.0,LOW,LOW,28.676617166893514,1.0,3.0549627529716066,,0.5,0.5
neutral,0.2689662142529536,0.1611809245368393,3.245959277439633,-0.097478823,0.0,0,1.0,LOW,LOW,29.620675714940926,1.0,3.546873041219627,,0.5,0.5
calm,0.2181295671268395,-0.228826754,2.0152553188290305,-0.019794057,0.0,0,1.0,LOW,LOW,30.63740865746321,1.0,2.617747157010202,,0.5,0.5
calm,0.2354148816893053,-0.15108409,2.4005447972364355,-0.016764803,0.0,0,1.0,LOW,LOW,30.29170236621389,1.0,2.839589986,,0.5,0.5
calm,0.2632427622253542,-0.039483218,3.0305600472117686,-0.01347449,0.0,0,1.0,LOW,LOW,29.73514475549292,1.0,3.3294382615236544,,0.5,0.5
calm,0.3315023500276314,0.2586306890526223,2.4010058178633726,-0.039475004,0.0,0,1.0,LOW,LOW,28.36995299944737,1.0,2.9893388785369357,,0.5,0.5
calm,0.26668458448672,0.088364254,3.959282531281749,-0.004713873,0.0,0,1.0,LOW,LOW,29.66630831,1.0,4.713817214754424,,0.5,0.5
calm,0.2391766804550124,-0.932413898,2.1244461392336054,-0.000206192,0.0,0,1.0,LOW,LOW,30.216466390899757,1.0,3.385782881772164,,0.5,0.5
calm,0.249584537204302,-0.306054203,2.495290904499513,-0.002839145,0.0,0,1.0,LOW,LOW,30.00830925591396,1.0,3.6410737926105408,,0.5,0.5
calm,0.2888232368399676,-0.105693729,1.7694473350280109,-0.026443854,0.0,0,1.0,LOW,LOW,29.223535263200645,1.0,2.6946828539684247,,0.5,0.5
happy,0.2194079174971898,0.10321963403508,0.8536890814716266,-0.003976097,0.0,0,1.0,LOW,LOW,30.611841650056203,1.0,1.0295704851493197,,0.5,0.5
happy,0.3144116060943441,0.0437566279296808,0.5286106180250465,-0.015250172,0.0,0,1.0,LOW,LOW,28.71176787811312,1.0,0.7427450271087646,,0.5,0.5
happy,0.3266731442991445,0.1396478774460753,0.4304151804853865,-0.012645958,0.0,0,1.0,LOW,LOW,28.466537114017108,1.0,0.9320577868965592,,0.5,0.5
happy,0.2400039504339877,0.2182530158883002,0.3959272406636197,0.000280613,0.0,0,1.0,LOW,LOW,30.199920991320248,1.0,0.9213100937436728,,0.5,0.5
happy,0.3230584289436443,0.0433546322618047,0.7379255840852627,-0.04231618,0.0,0,1.0,LOW,LOW,28.538831421127117,1.0,1.0443521426593845,,0.5,0.5
happy,0.3375936522980516,0.2167763077279165,0.859778327,-0.041846647,0.0,0,1.0,LOW,LOW,28.24812695403897,1.0,1.1835816562520372,,0.5,0.5
happy,0.2845901095666402,0.086807791,0.5468868655856718,-0.022785438,0.0,0,1.0,LOW,LOW,29.308197808667195,1.0,0.8152915604652108,,0.5,0.5
happy,0.3223750990738043,0.1933429519881486,0.6646522904120392,-0.022836258,0.0,0,1.0,LOW,LOW,28.552498018523917,1.0,1.003873679350704,,0.5,0.5
sad,0.3189060182417653,-0.188599797,1.9746978241460456,-0.10645604,0.0,0,1.0,MEDIUM,LOW,28.62187963516469,1.0,2.4314040019032026,,0.5,0.5
sad,0.3259522268490773,-0.028290593,1.9180673660032657,-0.113547645,0.0,0,1.0,MEDIUM,LOW,28.480955463018454,1.0,2.1495263533892017,,0.5,0.5
sad,0.2961122938315558,-0.133173139,1.585563611184575,-0.096459597,0.0,0,1.0,MEDIUM,LOW,29.077754123368884,1.0,1.871061784156273,,0.5,0.5
sad,0.2771085801601328,0.1110035049500241,2.315315028488869,-0.098892547,0.0,0,1.0,MEDIUM,LOW,29.457828396797343,1.0,2.5556092395567447,,0.5,0.5
sad,0.1850864479461504,-0.00791638,1.075604151989998,-0.063271497,0.0,0,1.0,MEDIUM,LOW,31.298271041076998,1.0,1.287305291247726,,0.5,0.5
sad,0.2687224813422396,-0.145752702,2.0297494477650173,-0.075033755,0.0,0,1.0,MEDIUM,LOW,29.62555037315521,1.0,2.425458963092527,,0.5,0.5
sad,0.2348044725085243,0.065477937,1.6872088137784909,-0.055578669,0.0,0,1.0,MEDIUM,LOW,30.303910549829517,1.0,1.8819970920323317,,0.5,0.5
sad,0.1672434446708864,0.065027748,1.088322530656714,-0.043059326,0.0,0,1.0,MEDIUM,LOW,31.655131106582274,1.0,1.332996118405594,,0.5,0.5
angry,0.2656639150709372,-1.162737664,2.9984284962426746,-0.140072567,0.0,0,1.0,MEDIUM,LOW,29.686721698581252,1.0,4.301238727107515,,0.5,0.5
angry,0.3300805410631688,0.1437183853109436,2.352869968641186,-0.117566974,0.0,0,1.0,MEDIUM,LOW,28.398389178736625,1.0,2.7230501296447827,,0.5,0.5
angry,0.2947082834430016,0.1383249089123001,2.1219900686385493,-0.0982437,0.0,0,1.0,MEDIUM,LOW,29.105834331139967,1.0,2.3923685054610404,,0.5,0.5
angry,0.316749916,-1.711471692,2.612478840981632,-0.162111232,0.0,0,1.0,MEDIUM,LOW,28.66500167404788,1.0,4.486061765,,0.5,0.5
angry,0.2543954318286108,-0.419404793,2.446881309514908,-0.120366392,0.0,0,1.0,MEDIUM,LOW,29.912091363427784,1.0,3.3249479116188883,,0.5,0.5
angry,0.3852144735338519,0.3827853858254745,2.346840216,-0.0947291,0.0,0,1.0,MEDIUM,LOW,27.29571052932296,1.0,2.839587393095776,,0.5,0.5
angry,0.3140960155196292,-0.215009502,2.027549482197298,-0.120520293,0.0,0,1.0,MEDIUM,LOW,28.71807968960741,1.0,2.437073695045755,,0.5,0.5
angry,0.3906600755406796,-0.550441012,1.899377503859692,-0.129125201,0.0,0,1.0,MEDIUM,LOW,27.18679848918641,1.0,2.5789437162826268,,0.5,0.5
fearful,0.3722124963329929,0.1295712311922034,2.123836581296884,-0.132035928,0.0,0,1.0,LOW,LOW,27.555750073340143,1.0,2.4602450733724246,,0.5,0.5
fearful,0.4011049405058765,0.047045526,1.5980534560065325,-0.128388291,0.0,0,1.0,LOW,LOW,26.977901189882477,1.0,1.8868923106832467,,0.5,0.5
fearful,0.4292558934646809,0.2608770447942929,2.778427466788564,-0.127690607,0.0,0,1.0,LOW,LOW,26.41488213070638,1.0,3.289225111811716,,0.5,0.5
fearful,0.4174443379374023,-0.232249515,2.2267575025326733,-0.135743148,0.0,0,1.0,LOW,LOW,26.65111324125196,1.0,2.6694286740821456,,0.5,0.5
fearful,0.445388787,-0.106312897,1.9883763203485016,-0.104771006,0.0,0,1.0,LOW,LOW,26.09222425317802,1.0,2.337458364930676,,0.5,0.5
fearful,0.4409760409032038,0.002751006,2.262362798194556,-0.115061693,0.0,0,1.0,LOW,LOW,26.18047918193592,1.0,2.5356299757124043,,0.5,0.5
fearful,0.4410424253929569,-0.136640116,2.400761231405254,-0.127112967,0.0,0,1.0,LOW,LOW,26.17915149214086,1.0,2.7490767299845063,,0.5,0.5
fearful,0.4390081060780401,-0.056918601,1.669597679411331,-0.114719267,0.0,0,1.0,LOW,LOW,26.21983788,1.0,2.058675641,,0.5,0.5
disgust,0.3326872229456978,-0.655944073,1.820929216293146,-0.133650286,0.0,0,1.0,LOW,LOW,28.346255541086045,1.0,2.6105235757580902,,0.5,0.5
disgust,0.2466124467030592,-0.735802999,1.0751336660735975,-0.135185157,0.0,0,1.0,LOW,LOW,30.06775106593881,1.0,1.9461218227812205,,0.5,0.5
disgust,0.2860270612412304,-0.528868082,1.381294029,-0.106267938,0.0,0,1.0,LOW,LOW,29.279458775175392,1.0,2.016430049119393,,0.5,0.5
disgust,0.2231885298468857,-0.01930381,0.8552757678326363,-0.073260267,0.0,0,1.0,LOW,LOW,30.536229403062286,1.0,1.0735537112333349,,0.5,0.5
disgust,0.3681078772850665,-0.282337718,1.2247868481866595,-0.133406228,0.0,0,1.0,LOW,LOW,27.63784245429867,1.0,1.938024183706196,,0.5,0.5
disgust,0.3136326398935264,-0.08940603,1.8056221043851088,-0.12884304,0.0,0,1.0,LOW,LOW,28.72734720212947,1.0,2.1936587327616803,,0.5,0.5
disgust,0.2428956613956539,-0.531895014,2.092903775141866,-0.128192925,0.0,0,1.0,LOW,LOW,30.142086772086923,1.0,2.7566846707181623,,0.5,0.5
disgust,0.1621561298091099,-0.451970233,1.2617921891839587,-0.092533719,0.0,0,1.0,LOW,LOW,31.7568774,1.0,1.8608764474224944,,0.5,0.5
surprised,0.4068270306738185,-0.073018336,2.597764276194435,-0.10994776,0.0,0,1.0,LOW,LOW,26.86345938652363,1.0,2.938803589023133,,0.5,0.5
surprised,0.3451424110749644,-0.038100515,2.271694602597252,-0.084239672,0.0,0,1.0,LOW,LOW,28.09715177850071,1.0,2.483032876,,0.5,0.5
surprised,0.3999346510964665,0.0304495097051852,2.264662523,-0.113211341,0.0,0,1.0,LOW,LOW,27.00130697807067,1.0,2.509889382576673,,0.5,0.5
surprised,0.3773564208344108,-0.12812029,2.954105627,-0.10692438,0.0,0,1.0,LOW,LOW,27.452871583311783,1.0,3.298095612337934,,0.5,0.5
surprised,0.431459715302693,-0.500418284,1.6221820750058178,-0.119800298,0.0,0,1.0,LOW,LOW,26.37080569394614,1.0,2.242400656376088,,0.5,0.5
surprised,0.4346128425901024,-0.108631759,2.1622227933016056,-0.111177264,0.0,0,1.0,LOW,LOW,26.307743148197957,1.0,2.665385903949666,,0.5,0.5
surprised,0.3972203075393622,-0.21071144,2.4835443613250754,-0.10402949,0.0,0,1.0,LOW,LOW,27.055593849212755,1.0,2.815612571193951,,0.5,0.5
surprised,0.4432136178006566,-0.012165646,1.918910273848272,-0.109999278,0.0,0,1.0,LOW,LOW,26.135727643986865,1.0,2.139012946995352,,0.5,0.5
neutral,0.2528377473695334,0.071086922,2.9583387857203123,-0.085622614,0.0,0,1.0,LOW,LOW,29.94324505260933,1.0,3.160366704280373,,0.5,0.5
neutral,0.2795540897042582,-0.52647406,2.945990350972364,-0.048686128,0.0,0,1.0,LOW,LOW,29.40891820591484,1.0,3.527945873952321,,0.5,0.5
neutral,0.3181674350620015,0.040888837,2.920006464126514,-0.068028735,0.0,0,1.0,LOW,LOW,28.63665129875997,1.0,3.070164898575171,,0.5,0.5
neutral,0.2693122462306331,0.1510213165454917,3.267447865699538,-0.097315059,0.0,0,1.0,LOW,LOW,29.61375507538734,1.0,3.5736578159718366,,0.5,0.5
calm,0.2192271099476281,-0.231810179,2.01854451956058,-0.018924258,0.0,0,1.0,LOW,LOW,30.61545780104744,1.0,2.6290211435797133,,0.5,0.5
calm,0.2337343441786422,-0.14564754,2.382149699592233,-0.016674513,0.0,0,1.0,LOW,LOW,30.325313116427157,1.0,2.813115780799892,,0.5,0.5
calm,0.2626809519909643,-0.049186198,3.033400211663268,-0.014028111,0.0,0,1.0,LOW,LOW,29.74638096018072,1.0,3.336542470190904,,0.5,0.5
calm,0.3316097517437326,0.2471051245828103,2.416476782727833,-0.040011581,0.0,0,1.0,LOW,LOW,28.367804965125348,1.0,3.004721468276215,,0.5,0.5
calm,0.2682210369698781,0.09513609,3.9430168994828554,-0.004006048,0.0,0,1.0,LOW,LOW,29.63557926060244,1.0,4.702110539314623,,0.5,0.5
calm,0.2387733024942818,-0.936894799,2.1147593187301648,-0.000109442,0.0,0,1.0,LOW,LOW,30.224533950114363,1.0,3.3795475284417127,,0.5,0.5
calm,0.2496001958473665,-0.309686191,2.5028523217103245,-0.003161218,0.0,0,1.0,LOW,LOW,30.007996083052667,1.0,3.641258528221941,,0.5,0.5
calm,0.2865612495968207,-0.107574039,1.751524216114544,-0.026122396,0.0,0,1.0,LOW,LOW,29.268775008063585,1.0,2.688171632913193,,0.5,0.5
happy,0.2192211229608868,0.1057888400988718,0.8619855946087727,-0.00324139,0.0,0,1.0,LOW,LOW,30.61557754078226,1.0,1.0395115708509417,,0.5,0.5
happy,0.3130746762695848,0.047849871,0.51280643,-0.014623886,0.0,0,1.0,LOW,LOW,28.738506474608304,1.0,0.7140282081007574,,0.5,0.5
happy,0.3240831919119907,0.1446543717181951,0.4129754936506351,-0.011995547,0.0,0,1.0,LOW,LOW,28.51833616176019,1.0,0.9566354020369886,,0.5,0.5
happy,0.2409081295302644,0.2255645660711067,0.3845548032144945,0.000496867,0.0,0,1.0,LOW,LOW,30.18183740939471,1.0,0.9220261807301882,,0.5,0.5
happy,0.3223657659664646,0.039238429,0.7199620095516864,-0.040864438,0.0,0,1.0,LOW,LOW,28.55268468067071,1.0,1.0432248834289688,,0.5,0.5
happy,0.3364748585016916,0.2196661990234917,0.8478061028944335,-0.041440581,0.0,0,1.0,LOW,LOW,28.27050282996617,1.0,1.1827732309515968,,0.5,0.5
happy,0.2863465579803592,0.088609297,0.5457372559924019,-0.023078321,0.0,0,1.0,LOW,LOW,29.273068840392817,1.0,0.8108519892342072,,0.5,0.5
happy,0.3207946401595083,0.1997710065565199,0.6577698029213497,-0.022261045,0.0,0,1.0,LOW,LOW,28.584107196809832,1.0,1.0084031162681162,,0.5,0.5
sad,0.3173782299237103,-0.18251058,1.9704431838185252,-0.105683976,0.0,0,1.0,MEDIUM,LOW,28.6524354015258,1.0,2.428692173277576,,0.5,0.5
sad,0.323652818911481,-0.044667775,1.904568179604698,-0.114692213,0.0,0,1.0,MEDIUM,LOW,28.52694362177038,1.0,2.136965744921524,,0.5,0.5
sad,0.2954037928466835,-0.136039836,1.584179514891486,-0.097406795,0.0,0,1.0,MEDIUM,LOW,29.09192414306633,1.0,1.8665389355478768,,0.5,0.5
sad,0.2781434459518324,0.097878969,2.3029907595024857,-0.09893536,0.0,0,1.0,MEDIUM,LOW,29.437131080963358,1.0,2.538334056418751,,0.5,0.5
sad,0.1835373484938172,-0.013508711,1.0739031682177005,-0.063258393,0.0,0,1.0,MEDIUM,LOW,31.329253030123656,1.0,1.2726405136702466,,0.5,0.5
sad,0.267740662,-0.146522717,2.0403920534801143,-0.075333948,0.0,0,1.0,MEDIUM,LOW,29.64518676995054,1.0,2.420507570440463,,0.5,0.5
sad,0.2359149996723956,0.0550417155364501,1.6877467043405998,-0.055381479,0.0,0,1.0,MEDIUM,LOW,30.28170000655209,1.0,1.877588078815056,,0.5,0.5
sad,0.1660291894906951,0.078715866,1.067816534345086,-0.042238015,0.0,0,1.0,MEDIUM,LOW,31.679416210186098,1.0,1.3252593527301666,,0.5,0.5
angry,0.2672877548516048,-1.164493652,2.9832095222209687,-0.139520647,0.0,0,1.0,MEDIUM,LOW,29.654244902967903,1.0,4.287223821665791,,0.5,0.5
angry,0.330676766222495,0.145034591525868,2.3320199976683957,-0.116067475,0.0,0,1.0,MEDIUM,LOW,28.38646468,1.0,2.707939733633117,,0.5,0.5
angry,0.2912717801889543,0.1407503336299097,2.1053069420590407,-0.097109483,0.0,0,1.0,MEDIUM,LOW,29.17456439622092,1.0,2.367092205290733,,0.5,0.5
angry,0.3162098705795065,-1.704749539,2.602928890606979,-0.161091239,0.0,0,1.0,MEDIUM,LOW,28.675802588409876,1.0,4.468769667997757,,0.5,0.5
angry,0.2550323770763924,-0.409413635,2.431782110042651,-0.118703638,0.0,0,1.0,MEDIUM,LOW,29.89935245847215,1.0,3.294334053481765,,0.5,0.5
angry,0.3827163409657821,0.3732396517498624,2.3558436508682714,-0.094827493,0.0,0,1.0,MEDIUM,LOW,27.34567318068436,1.0,2.834971737486641,,0.5,0.5
angry,0.3141149133927917,-0.210250729,2.021735042483951,-0.119422098,0.0,0,1.0,MEDIUM,LOW,28.717701732144167,1.0,2.429016388831104,,0.5,0.5
angry,0.3883526190769808,-0.553167687,1.8932262867510032,-0.128029938,0.0,0,1.0,MEDIUM,LOW,27.232947618460383,1.0,2.5744239117599936,,0.5,0.5
fearful,0.373495395,0.1187573432095055,2.1166941614740136,-0.132029873,0.0,0,1.0,LOW,LOW,27.53009209820966,1.0,2.459988882625596,,0.5,0.5
fearful,0.4003950214729755,0.059264055,1.5804810887184644,-0.127496893,0.0,0,1.0,LOW,LOW,26.99209957054049,1.0,1.8659181340693576,,0.5,0.5
fearful,0.4295283921752113,0.2681130760504476,2.779146698723606,-0.127515591,0.0,0,1.0,LOW,LOW,26.40943215649577,1.0,3.279041108,,0.5,0.5
fearful,0.41667386,-0.23278914,2.220679428303595,-0.134728367,0.0,0,1.0,LOW,LOW,26.66652279810142,1.0,2.6583304228113285,,0.5,0.5
fearful,0.4452089952888575,-0.105466398,1.978061279365276,-0.104498277,0.0,0,1.0,LOW,LOW,26.095820094222848,1.0,2.339968323704032,,0.5,0.5
fearful,0.4393215295223261,0.005426079,2.271730456628615,-0.114058964,0.0,0,1.0,LOW,LOW,26.21356940955348,1.0,2.564799823885374,,0.5,0.5
fearful,0.4367777873495623,-0.154666917,2.4252008885971583,-0.128036488,0.0,0,1.0,LOW,LOW,26.264444253008755,1.0,2.7885047001875245,,0.5,0.5
fearful,0.4395296683257827,-0.060872353,1.6836575678321892,-0.114380726,0.0,0,1.0,LOW,LOW,26.209406633484345,1.0,2.0837767708932624,,0.5,0.5
disgust,0.331403545685935,-0.662274233,1.7897034814535926,-0.132988343,0.0,0,1.0,LOW,LOW,28.37192909,1.0,2.5849660572838724,,0.5,0.5
disgust,0.2475852338262896,-0.73483365,1.0661655853919143,-0.134425857,0.0,0,1.0,LOW,LOW,30.048295323474207,1.0,1.9354250916177824,,0.5,0.5
disgust,0.2854892151534976,-0.515177051,1.3517821650686517,-0.105757626,0.0,0,1.0,LOW,LOW,29.290215696930048,1.0,1.972716842999295,,0.5,0.5
disgust,0.2226360029636564,-0.00748193,0.8533081389819163,-0.073269119,0.0,0,1.0,LOW,LOW,30.547279940726877,1.0,1.0598882616534755,,0.5,0.5
disgust,0.3678286387347018,-0.281714314,1.230926064056958,-0.133224496,0.0,0,1.0,LOW,LOW,27.643427225305963,1.0,1.947299715759368,,0.5,0.5
disgust,0.3112291814745801,-0.084066913,1.8129605662822317,-0.128390973,0.0,0,1.0,LOW,LOW,28.775416370508395,1.0,2.198812246735653,,0.5,0.5
disgust,0.2441686057327785,-0.522744915,2.0893952615284146,-0.127955999,0.0,0,1.0,LOW,LOW,30.11662788534443,1.0,2.7430616815347677,,0.5,0.5
disgust,0.161686456,-0.467374561,1.2556333494659602,-0.092220165,0.0,0,1.0,LOW,LOW,31.76627088576598,1.0,1.8619287704598977,,0.5,0.5
surprised,0.4025049485745641,-0.072085875,2.589590859733825,-0.109100252,0.0,0,1.0,LOW,LOW,26.94990102850872,1.0,2.9361039985585564,,0.5,0.5
surprised,0.3407423878337515,-0.051543064,2.2725317700176566,-0.084074385,0.0,0,1.0,LOW,LOW,28.18515224332497,1.0,2.482377649177419,,0.5,0.5
surprised,0.3983180839613298,0.031941128,2.263155421579944,-0.112266457,0.0,0,1.0,LOW,LOW,27.0336383207734,1.0,2.5096955170601705,,0.5,0.5
surprised,0.3772910458261994,-0.123747458,2.955732927855449,-0.107447891,0.0,0,1.0,LOW,LOW,27.454179083476014,1.0,3.2909792622095955,,0.5,0.5
surprised,0.429680774512485,-0.498215094,1.625562214154384,-0.119292879,0.0,0,1.0,LOW,LOW,26.406384509750296,1.0,2.243070186936619,,0.5,0.5
surprised,0.4353243232934277,-0.108768929,2.1729391593020577,-0.112127204,0.0,0,1.0,LOW,LOW,26.29351353413145,1.0,2.681302311166866,,0.5,0.5
surprised,0.395027655534575,-0.216056542,2.492313717,-0.102550537,0.0,0,1.0,LOW,LOW,27.09944689,1.0,2.831942220347845,,0.5,0.5
surprised,0.4448120109753468,-0.013837189,1.914436861257051,-0.108892606,0.0,0,1.0,LOW,LOW,26.103759780493064,1.0,2.1238015024677988,,0.5,0.5
neutral,0.2807064332433657,-0.249423501,2.122157359289994,-0.150173356,0.0,0,1.0,LOW,LOW,29.385871335132684,1.0,2.521754215492983,,0.5,0.5
neutral,0.2848077088813894,-0.260060485,2.2950729715729863,-0.150765672,0.0,0,1.0,LOW,LOW,29.30384582237221,1.0,2.7058991292824253,,0.5,0.5
neutral,0.2866334164885319,-0.079094857,1.682869978583755,-0.147246289,0.0,0,1.0,LOW,LOW,29.26733167022936,1.0,1.9092111244607617,,0.5,0.5
neutral,0.2907557750958751,-0.249285887,2.175356781354,-0.143395931,0.0,0,1.0,LOW,LOW,29.184884498082496,1.0,2.568038599216747,,0.5,0.5
calm,0.202202625641192,1.036404626,3.317055358498469,-0.111726742,0.0,0,1.0,LOW,LOW,30.95594748717616,1.0,4.465186726184816,,0.5,0.5
calm,0.1945706569168963,2.7880834445178784,2.415626356233814,-0.132452994,0.0,0,1.0,LOW,LOW,31.108586861662072,1.0,5.336162794480746,,0.5,0.5
calm,0.2108126845138219,1.3617209202590863,3.0469257638640124,-0.142118319,0.0,0,1.0,LOW,LOW,30.78374630972356,1.0,4.550765002992018,,0.5,0.5
calm,0.1797253025719526,1.172818247,2.535572051342012,-0.138137668,0.0,0,1.0,LOW,LOW,31.40549394856095,1.0,3.846527966255874,,0.5,0.5
calm,0.1935183607992079,2.078527599061567,3.369532427852872,-0.129281345,0.0,0,1.0,LOW,LOW,31.12963278401584,1.0,5.577341372,,0.5,0.5
calm,0.1905587881411601,2.077260517679417,3.594259080145192,-0.123803476,0.0,0,1.0,LOW,LOW,31.1888242371768,1.0,5.795323074303434,,0.5,0.5
calm,0.1592349314795343,3.2367385053134123,3.859476164455741,-0.103554003,0.0,0,1.0,LOW,LOW,31.815301370409312,1.0,7.199768673175148,,0.5,0.5
calm,0.1613861200847703,2.2864153508021263,3.881502257446859,-0.108714155,0.0,0,1.0,LOW,LOW,31.77227759830459,1.0,6.276631763171033,,0.5,0.5
happy,0.2422022989203513,0.2014116874428969,1.665903523475191,-0.084716121,0.0,0,1.0,LOW,LOW,30.155954021592976,1.0,2.373828995079644,,0.5,0.5
happy,0.2182519161838629,-0.234742913,0.069418771,-0.048424597,0.0,0,1.0,LOW,LOW,30.634961676322742,1.0,0.6962855829712136,,0.5,0.5
happy,0.2474946643459686,1.3984804735297622,0.7009028486737225,-0.087254487,0.0,0,1.0,LOW,LOW,30.050106713080627,1.0,2.2229804803329656,,0.5,0.5
happy,0.2169491322826154,0.8929946742816394,0.5607147622096135,-0.078020083,0.0,0,1.0,LOW,LOW,30.66101735434769,1.0,1.5317295191247793,,0.5,0.5
happy,0.2558267691663392,0.3842750754201562,1.6500551862155828,-0.095575229,0.0,0,1.0,LOW,LOW,29.883464616673216,1.0,2.1299054910145894,,0.5,0.5
happy,0.2469589207230003,0.6687494544918899,1.2325841135349795,-0.07588574,0.0,0,1.0,LOW,LOW,30.060821585539998,1.0,2.409695688040985,,0.5,0.5
happy,0.2546100845254203,0.8566415396106223,0.8862281635712351,-0.04366515,0.0,0,1.0,LOW,LOW,29.907798309491596,1.0,1.7979959447094764,,0.5,0.5
happy,0.2550873707632968,0.4049819674575802,0.9531387851055996,-0.075843474,0.0,0,1.0,LOW,LOW,29.898252584734063,1.0,1.45263918438704,,0.5,0.5
sad,0.3050048705779303,0.1740779367351565,2.151372606349141,-0.146297288,0.0,0,1.0,MEDIUM,LOW,28.899902588441392,1.0,2.4759913521393297,,0.5,0.5
sad,0.2913539417358052,-0.089251067,2.021175307090729,-0.170563656,0.0,0,1.0,MEDIUM,LOW,29.172921165283896,1.0,2.3151053811348965,,0.5,0.5
sad,0.2945454777610418,0.1571578888612753,1.4616981986528876,-0.150189572,0.0,0,1.0,MEDIUM,LOW,29.109090444779163,1.0,1.7690456594660044,,0.5,0.5
sad,0.29410724,-0.040271115,1.8613166037624185,-0.15553619,0.0,0,1.0,MEDIUM,LOW,29.11785519838272,1.0,2.105001017260235,,0.5,0.5
sad,0.2991082638678134,0.2166391092024198,2.0337587360433105,-0.183000131,0.0,0,1.0,MEDIUM,LOW,29.01783472264373,1.0,2.434024867042858,,0.5,0.5
sad,0.2635861834366181,-0.086814315,1.705477254216193,-0.169239276,0.0,0,1.0,MEDIUM,LOW,29.72827633126764,1.0,1.9752882095988005,,0.5,0.5
sad,0.2818181913076513,0.6008981209284385,1.7845244047333446,-0.185176672,0.0,0,1.0,MEDIUM,LOW,29.363636173846974,1.0,2.5705991980229124,,0.5,0.5
sad,0.2744927115885895,0.1177179946210887,1.768559981074287,-0.173483505,0.0,0,1.0,MEDIUM,LOW,29.51014576822821,1.0,2.0770241906949702,,0.5,0.5
angry,0.3009543821164007,0.5147224530336735,0.066407883,-0.098465984,0.0,0,1.0,MEDIUM,LOW,28.980912357671983,1.0,0.7855099645418933,,0.5,0.5
angry,0.3300017230805036,0.5927136014462182,0.8673623374655826,-0.194969511,0.0,0,1.0,MEDIUM,LOW,28.399965538389928,1.0,1.6550454496859108,,0.5,0.5
angry,0.2782408491478603,0.1577517244584045,0.8465770989327268,-0.18414503,0.0,0,1.0,MEDIUM,LOW,29.4351830170428,1.0,1.1884738538666155,,0.5,0.5
angry,0.2945116500499073,1.091728622,0.2181850898151781,-0.098120797,0.0,0,1.0,MEDIUM,LOW,29.109766999001856,1.0,1.425516812640779,,0.5,0.5
angry,0.3464620257472572,1.0929165981258055,0.761825281,-0.127610316,0.0,0,1.0,MEDIUM,LOW,28.07075948505485,1.0,1.998647530370782,,0.5,0.5
angry,0.3313129384716231,0.4580329269465496,0.5041858632335927,-0.137312911,0.0,0,1.0,MEDIUM,LOW,28.37374123056754,1.0,1.0995317007066148,,0.5,0.5
angry,0.333145818,-0.044317254,-1.198983531,-0.134588962,0.0,0,1.0,MEDIUM,LOW,28.33708363549168,1.0,1.4915899905629906,,0.5,0.5
angry,0.3455754773401062,-0.032795236,-0.068181383,-0.147845907,0.0,0,1.0,MEDIUM,LOW,28.08849045319788,1.0,0.9107842105163372,,0.5,0.5
fearful,0.3341591851631686,-0.237831198,2.098166093299346,-0.178670281,0.0,0,1.0,LOW,LOW,28.316816296736626,1.0,2.5146675716667746,,0.5,0.5
fearful,0.3384432840108781,-0.260006924,1.913418715096944,-0.171903977,0.0,0,1.0,LOW,LOW,28.23113431978244,1.0,2.358886600617141,,0.5,0.5
fearful,0.3480264176835013,-0.830273075,2.376799636704624,-0.171005593,0.0,0,1.0,LOW,LOW,28.03947164632997,1.0,3.378078304703295,,0.5,0.5
fearful,0.3337071296682565,-0.09242306,2.098642212,-0.16998537,0.0,0,1.0,LOW,LOW,28.325857406634867,1.0,2.3764677294609493,,0.5,0.5
fearful,0.3472518110487685,0.2832135336385328,1.9785848809836355,-0.160275728,0.0,0,1.0,LOW,LOW,28.05496377902463,1.0,2.6063109726276275,,0.5,0.5
fearful,0.3287589674870383,0.091494503,1.7612215867898366,-0.159094729,0.0,0,1.0,LOW,LOW,28.42482065025923,1.0,2.131237421277158,,0.5,0.5
fearful,0.326496109,-0.226453097,1.8848333556615684,-0.148772405,0.0,0,1.0,LOW,LOW,28.470077814798135,1.0,2.3696246016793823,,0.5,0.5
fearful,0.3104102652168896,-0.119939345,1.1090090982779957,-0.139804708,0.0,0,1.0,LOW,LOW,28.791794695662208,1.0,1.4334216087563456,,0.5,0.5
disgust,0.2002168267054623,0.4985440338533559,2.094673114721563,-0.178971863,0.0,0,1.0,LOW,LOW,30.995663465890757,1.0,2.772189011877209,,0.5,0.5
disgust,0.2210046522147013,0.2759160909996715,2.0088265216901897,-0.150469077,0.0,0,1.0,LOW,LOW,30.57990695570597,1.0,2.691668205133466,,0.5,0.5
disgust,0.2214182700984402,0.3232194777937369,1.902601907822108,-0.178932277,0.0,0,1.0,LOW,LOW,30.5716345980312,1.0,2.404753662701172,,0.5,0.5
disgust,0.2029119241764896,0.7466218385550711,1.7490779330564998,-0.144601995,0.0,0,1.0,LOW,LOW,30.94176151647021,1.0,2.6403017661346326,,0.5,0.5
disgust,0.1639401535254056,2.2512337331989745,3.358976828136903,-0.189773915,0.0,0,1.0,LOW,LOW,31.72119692949189,1.0,5.799984476815802,,0.5,0.5
disgust,0.1934640399169078,1.48450541940851,3.2095435664730703,-0.160339378,0.0,0,1.0,LOW,LOW,31.130719201661844,1.0,4.8543883641605685,,0.5,0.5
disgust,0.1600123729952698,1.0018528753613292,1.984831839961628,-0.154784789,0.0,0,1.0,LOW,LOW,31.79975254,1.0,3.141469504269534,,0.5,0.5
disgust,0.1361254388517033,1.3413263966753246,3.615330961361392,-0.143481945,0.0,0,1.0,LOW,LOW,32.277491222965935,1.0,5.100139303479372,,0.5,0.5
surprised,0.3735545780057949,-0.007868822,1.4256171579258152,-0.135787308,0.0,0,1.0,LOW,LOW,27.528908439884106,1.0,1.7493811200762652,,0.5,0.5
surprised,0.3761721518918662,-0.187222686,1.6758901694041932,-0.144605033,0.0,0,1.0,LOW,LOW,27.476556962162675,1.0,2.057379549,,0.5,0.5
surprised,0.3551201877494713,-0.241760035,1.549041476520293,-0.119369894,0.0,0,1.0,LOW,LOW,27.897596245010572,1.0,1.9101714055111731,,0.5,0.5
surprised,0.3697233310366533,0.1333547822394527,1.2400057049062896,-0.105518933,0.0,0,1.0,LOW,LOW,27.605533379266934,1.0,1.498281361191752,,0.5,0.5
surprised,0.3911008173655816,-0.114167186,1.1288756493197172,-0.143312394,0.0,0,1.0,LOW,LOW,27.17798365268837,1.0,1.4160751259994149,,0.5,0.5
surprised,0.3682667917840767,-0.117750765,1.0104724138091077,-0.15253907,0.0,0,1.0,LOW,LOW,27.634664164318465,1.0,1.297313534417764,,0.5,0.5
surprised,0.3148908494928026,0.1927683911476141,0.097246577,-0.129412653,0.0,0,1.0,LOW,LOW,28.702183010143948,1.0,0.5832534800181531,,0.5,0.5
surprised,0.346343802820675,0.1116809299118789,0.560871068,-0.135467194,0.0,0,1.0,LOW,LOW,28.07312394,1.0,0.8722338290322037,,0.5,0.5
neutral,0.2808247775978373,-0.250153399,2.0728691280291978,-0.15212283,0.0,0,1.0,LOW,LOW,29.38350444804325,1.0,2.475145356507869,,0.5,0.5
neutral,0.2848325676290429,-0.269039757,2.308604777946313,-0.15027763,0.0,0,1.0,LOW,LOW,29.303348647419146,1.0,2.7279221650877554,,0.5,0.5
neutral,0.2865714865286835,-0.098675775,1.6838357588836923,-0.147345281,0.0,0,1.0,LOW,LOW,29.26857026942633,1.0,1.929856814567228,,0.5,0.5
neutral,0.291301807965023,-0.247339599,2.160640116069475,-0.142318097,0.0,0,1.0,LOW,LOW,29.17396384069954,1.0,2.550297812127618,,0.5,0.5
calm,0.2019718515367725,1.0495165039281618,3.337803341241989,-0.111592198,0.0,0,1.0,LOW,LOW,30.96056296926455,1.0,4.498912042858096,,0.5,0.5
calm,0.1951362644803083,2.7723073219664527,2.387581053301752,-0.132031892,0.0,0,1.0,LOW,LOW,31.097274710393837,1.0,5.291920267096692,,0.5,0.5
calm,0.2112004446300558,1.349026784547746,3.0262156601197128,-0.140600718,0.0,0,1.0,LOW,LOW,30.775991107398884,1.0,4.515843162631936,,0.5,0.5
calm,0.1786225242166857,1.175710470708051,2.5460193819743075,-0.136970402,0.0,0,1.0,LOW,LOW,31.42754951566629,1.0,3.858700254307698,,0.5,0.5
calm,0.192580984160056,2.0771859880172814,3.362592661342692,-0.127711637,0.0,0,1.0,LOW,LOW,31.14838031679888,1.0,5.567490286131149,,0.5,0.5
calm,0.1899845223559425,2.088274237916883,3.5802489253060115,-0.123102983,0.0,0,1.0,LOW,LOW,31.200309552881148,1.0,5.7916261465928365,,0.5,0.5
calm,0.1574631498211299,3.229662455554359,3.845617393506522,-0.102056549,0.0,0,1.0,LOW,LOW,31.850737003577404,1.0,7.177336397963535,,0.5,0.5
calm,0.1609274849237227,2.295922613029747,3.864498393874823,-0.108308561,0.0,0,1.0,LOW,LOW,31.781450301525545,1.0,6.268729567780581,,0.5,0.5
happy,0.2443475215913895,0.1966432264906863,1.673528946430644,-0.084819527,0.0,0,1.0,LOW,LOW,30.113049568172208,1.0,2.373849643292021,,0.5,0.5
happy,0.2205327902019709,-0.241994151,0.0603375798721071,-0.048810572,0.0,0,1.0,LOW,LOW,30.58934419596058,1.0,0.7207770375313962,,0.5,0.5
happy,0.2494399755172483,1.4041176809661455,0.7047214735522088,-0.086342671,0.0,0,1.0,LOW,LOW,30.011200489655035,1.0,2.235157909116814,,0.5,0.5
happy,0.2168240555430958,0.8933398490571975,0.541340042,-0.077690802,0.0,0,1.0,LOW,LOW,30.66351888913808,1.0,1.5123706926102154,,0.5,0.5
happy,0.2561170198380397,0.3766188928087119,1.6804509010048572,-0.09648304,0.0,0,1.0,LOW,LOW,29.8776596032392,1.0,2.1535528334939773,,0.5,0.5
happy,0.2465282781847997,0.6696813367932903,1.1912390788443334,-0.075213361,0.0,0,1.0,LOW,LOW,30.069434436304007,1.0,2.4137932380957405,,0.5,0.5
happy,0.252625101,0.8538158542570885,0.9015209129425223,-0.043834053,0.0,0,1.0,LOW,LOW,29.94749798601136,1.0,1.8074832611698384,,0.5,0.5
happy,0.256126084044543,0.4014944785528592,0.9603717599381414,-0.0762175,0.0,0,1.0,LOW,LOW,29.877478319109137,1.0,1.455651099719209,,0.5,0.5
sad,0.30044688,0.1921255131708573,2.1670459967547453,-0.146230553,0.0,0,1.0,MEDIUM,LOW,28.99106239059242,1.0,2.518839668098749,,0.5,0.5
sad,0.2907090156949552,-0.091675943,2.021830436662269,-0.171336946,0.0,0,1.0,MEDIUM,LOW,29.185819686100896,1.0,2.302725471314768,,0.5,0.5
sad,0.2963161005847546,0.1540017930569528,1.4438194246801666,-0.149377149,0.0,0,1.0,MEDIUM,LOW,29.073677988304908,1.0,1.747198366323517,,0.5,0.5
sad,0.2945578186699412,-0.033559142,1.8661772019207372,-0.154896934,0.0,0,1.0,MEDIUM,LOW,29.10884362660117,1.0,2.1080528359431616,,0.5,0.5
sad,0.2965640525621528,0.2349569742628541,1.9901202389042147,-0.181906581,0.0,0,1.0,MEDIUM,LOW,29.068718948756946,1.0,2.406983794364421,,0.5,0.5
sad,0.263637881434355,-0.06000712,1.7000978859814342,-0.168898269,0.0,0,1.0,MEDIUM,LOW,29.727242371312897,1.0,1.956789018921371,,0.5,0.5
sad,0.283664145,0.5994468265806884,1.7718909230673454,-0.183907537,0.0,0,1.0,MEDIUM,LOW,29.32671710979304,1.0,2.555245287,,0.5,0.5
sad,0.2746932734574043,0.10621364230806,1.7529297042936092,-0.17325565,0.0,0,1.0,MEDIUM,LOW,29.506134530851917,1.0,2.043886178881525,,0.5,0.5
angry,0.3012526658472661,0.5189697535989479,0.069507102,-0.098980296,0.0,0,1.0,MEDIUM,LOW,28.97494668305468,1.0,0.7953482002491125,,0.5,0.5
angry,0.3300723409692467,0.5846704830792505,0.8550394560452284,-0.194528443,0.0,0,1.0,MEDIUM,LOW,28.398553180615064,1.0,1.634238381939011,,0.5,0.5
angry,0.2788195189397961,0.1601045474812216,0.8239966297344389,-0.182171416,0.0,0,1.0,MEDIUM,LOW,29.42360962120408,1.0,1.1662725927285664,,0.5,0.5
angry,0.2944167807346328,1.0826391539865043,0.2220651562666807,-0.098093578,0.0,0,1.0,MEDIUM,LOW,29.111664385307343,1.0,1.4219243126138703,,0.5,0.5
angry,0.3457581694254748,1.0854437548772533,0.7720095495132608,-0.127514713,0.0,0,1.0,MEDIUM,LOW,28.084836611490505,1.0,2.0073365388296844,,0.5,0.5
angry,0.3315073967759389,0.4610462682118366,0.527329526,-0.137250177,0.0,0,1.0,MEDIUM,LOW,28.369852064481226,1.0,1.1256259708141578,,0.5,0.5
angry,0.3332176725751855,-0.062488721,-1.191537378,-0.134052113,0.0,0,1.0,MEDIUM,LOW,28.33564654849629,1.0,1.5001346335789516,,0.5,0.5
angry,0.3449164225557492,-0.032015796,-0.092979924,-0.146669202,0.0,0,1.0,MEDIUM,LOW,28.10167154888501,1.0,0.899900082,,0.5,0.5
fearful,0.3325946806384723,-0.240611504,2.105379503308108,-0.17779703,0.0,0,1.0,LOW,LOW,28.348106387230555,1.0,2.532658347829995,,0.5,0.5
fearful,0.3385048555142508,-0.255750948,1.898428834749448,-0.172112013,0.0,0,1.0,LOW,LOW,28.229902889714985,1.0,2.329609559510985,,0.5,0.5
fearful,0.3472789221109968,-0.821399056,2.400244662,-0.169597692,0.0,0,1.0,LOW,LOW,28.054421557780064,1.0,3.391241409593369,,0.5,0.5
fearful,0.3316173073829129,-0.09414688,2.087099628731815,-0.16900968,0.0,0,1.0,LOW,LOW,28.36765385234174,1.0,2.3578755041575743,,0.5,0.5
fearful,0.346603470396024,0.2838006021849711,1.9601192462241408,-0.159876642,0.0,0,1.0,LOW,LOW,28.06793059207952,1.0,2.582517826478933,,0.5,0.5
fearful,0.3290664161189925,0.079098026,1.7598473279084417,-0.159655371,0.0,0,1.0,LOW,LOW,28.41867167762015,1.0,2.1330751512306856,,0.5,0.5
fearful,0.3299893611344588,-0.230454578,1.8689944816957111,-0.149580852,0.0,0,1.0,LOW,LOW,28.400212777310823,1.0,2.371192640042008,,0.5,0.5
fearful,0.3127086731550026,-0.117297771,1.108508883836265,-0.139552799,0.0,0,1.0,LOW,LOW,28.745826536899948,1.0,1.430683912148333,,0.5,0.5
disgust,0.2013640632094459,0.4946817655724003,2.102479758934754,-0.179708801,0.0,0,1.0,LOW,LOW,30.97271873581108,1.0,2.776870325592996,,0.5,0.5
disgust,0.2191334866268587,0.2742205074852983,2.0065988007701216,-0.149325984,0.0,0,1.0,LOW,LOW,30.617330267462822,1.0,2.6946743351858653,,0.5,0.5
disgust,0.2203450975812601,0.3199618373893014,1.884872981,-0.178180332,0.0,0,1.0,LOW,LOW,30.593098048374795,1.0,2.383015150412559,,0.5,0.5
disgust,0.2037150589051827,0.742098569,1.7536003841812031,-0.143875694,0.0,0,1.0,LOW,LOW,30.925698821896347,1.0,2.6395746468499417,,0.5,0.5
disgust,0.1647283058666453,2.2326855148797145,3.357003079584099,-0.190469243,0.0,0,1.0,LOW,LOW,31.70543388266709,1.0,5.780157837075783,,0.5,0.5
disgust,0.193090782,1.4703774589585614,3.197662433331604,-0.15870195,0.0,0,1.0,LOW,LOW,31.13818435448576,1.0,4.826741842032178,,0.5,0.5
disgust,0.1573075917800096,0.9878644792090212,1.967421871170678,-0.154633338,0.0,0,1.0,LOW,LOW,31.853848164399807,1.0,3.1099196888352965,,0.5,0.5
disgust,0.1357897759210494,1.3509185271812,3.6159785548659262,-0.143645624,0.0,0,1.0,LOW,LOW,32.28420448157901,1.0,5.110542706118173,,0.5,0.5
surprised,0.3724128705453932,-0.017492214,1.4557282393602955,-0.136307487,0.0,0,1.0,LOW,LOW,27.551742589092136,1.0,1.7944397482373582,,0.5,0.5
surprised,0.3748026440356617,-0.191153131,1.6826336607249046,-0.145223301,0.0,0,1.0,LOW,LOW,27.503947119286764,1.0,2.065369048176905,,0.5,0.5
surprised,0.3537810486781408,-0.246826771,1.5474821011371445,-0.119073226,0.0,0,1.0,LOW,LOW,27.924379026437183,1.0,1.9133820980807816,,0.5,0.5
surprised,0.3706982435390571,0.1332508195219373,1.2503930203615656,-0.105027648,0.0,0,1.0,LOW,LOW,27.586035129218857,1.0,1.5071965162234968,,0.5,0.5
surprised,0.3903168232001868,-0.130166057,1.144753340647106,-0.144092643,0.0,0,1.0,LOW,LOW,27.193663535996265,1.0,1.444913826207938,,0.5,0.5
surprised,0.3677978162325974,-0.124316276,1.0044800374535312,-0.152768439,0.0,0,1.0,LOW,LOW,27.64404367534805,1.0,1.3041694305310627,,0.5,0.5
surprised,0.3150927309337266,0.2064854422074323,0.085977024,-0.127913301,0.0,0,1.0,LOW,LOW,28.698145381325467,1.0,0.5979604165309339,,0.5,0.5
surprised,0.3457741179957996,0.099178651,0.56003786,-0.135547497,0.0,0,1.0,LOW,LOW,28.08451764008401,1.0,0.8651575503079186,,0.5,0.5
neutral,0.2913481211779228,0.4196327094117322,2.225953876262841,-0.087021157,0.0,0,1.0,LOW,LOW,29.173037576441544,1.0,2.732607742651433,,0.5,0.5
neutral,0.3039084259425077,0.4566180009153744,2.152156910955522,-0.089280115,0.0,0,1.0,LOW,LOW,28.921831481149844,1.0,2.698055026670106,,0.5,0.5
neutral,0.3036940079491578,0.5009321825242653,1.0387187717047994,-0.085919232,0.0,0,1.0,LOW,LOW,28.92611984101684,1.0,1.6255701857506293,,0.5,0.5
neutral,0.3073235332877656,0.3643117927201718,1.2427408869153116,-0.089234743,0.0,0,1.0,LOW,LOW,28.853529334244687,1.0,1.6962874226634237,,0.5,0.5
calm,0.2721605023569535,1.115785224153438,2.363704146678684,-0.088590624,0.0,0,1.0,LOW,LOW,29.556789952860928,1.0,3.568079994784757,,0.5,0.5
calm,0.2702492193111101,1.4274557460987438,2.562741011360373,-0.081203078,0.0,0,1.0,LOW,LOW,29.5950156137778,1.0,4.071399835463587,,0.5,0.5
calm,0.2587586631878502,1.401428247326751,2.3997383430879413,-0.079634199,0.0,0,1.0,LOW,LOW,29.824826736243,1.0,3.8808007896524144,,0.5,0.5
calm,0.2897174260829552,1.3663143121848955,0.960908794,-0.10716275,0.0,0,1.0,LOW,LOW,29.205651478340897,1.0,2.4343858559590075,,0.5,0.5
calm,0.270091964,1.2177862707843623,2.447721464977102,-0.091736546,0.0,0,1.0,LOW,LOW,29.59816072758846,1.0,3.7572442816451,,0.5,0.5
calm,0.2855275435835259,1.1556779412863092,2.2328240564510304,-0.077497268,0.0,0,1.0,LOW,LOW,29.289449128329483,1.0,3.4659992659238834,,0.5,0.5
calm,0.2746746109382771,1.4730427240300266,2.1694175746165034,-0.111628456,0.0,0,1.0,LOW,LOW,29.506507781234458,1.0,3.754088754345114,,0.5,0.5
calm,0.2393177873235555,1.1119737642421357,3.715095095175092,-0.051589408,0.0,0,1.0,LOW,LOW,30.21364425352889,1.0,4.878658267,,0.5,0.5
happy,0.2515912416493605,1.2865327470522876,1.1393560547431298,-0.016736087,0.0,0,1.0,LOW,LOW,29.96817516701279,1.0,2.4966481674535688,,0.5,0.5
happy,0.248562948778886,0.676239334,1.599428172691257,-0.033154722,0.0,0,1.0,LOW,LOW,30.02874102442228,1.0,2.4944694490962416,,0.5,0.5
happy,0.2542972767044023,1.331995237076043,0.5718393499266486,-0.014164109,0.0,0,1.0,LOW,LOW,29.914054465911956,1.0,2.385874939825506,,0.5,0.5
happy,0.2216695845419069,1.5932362129445528,1.1660155557051288,-0.003355546,0.0,0,1.0,LOW,LOW,30.56660830916186,1.0,3.2783550067386726,,0.5,0.5
happy,0.2620283047801392,1.2417677499562847,0.4672348530317846,-0.012955614,0.0,0,1.0,LOW,LOW,29.759433904397213,1.0,2.041712060452157,,0.5,0.5
happy,0.2769870928506801,1.513916348719066,-0.162272868,0.001712233,0.0,0,1.0,LOW,LOW,29.4602581429864,1.0,2.0824947864741903,,0.5,0.5
happy,0.2573192885945417,2.2758636141280726,0.930691976616608,-0.014961417,0.0,0,1.0,LOW,LOW,29.85361422810917,1.0,3.384275890146271,,0.5,0.5
happy,0.2671370924719183,2.054234968868584,1.2800434988475329,-0.028812516,0.0,0,1.0,LOW,LOW,29.657258150561635,1.0,3.453909688,,0.5,0.5
sad,0.2970421254647215,0.821033302,1.671702053976934,-0.100198786,0.0,0,1.0,MEDIUM,LOW,29.05915749070557,1.0,2.592934142794681,,0.5,0.5
sad,0.2996620205182964,0.7450588492657644,1.828657026066829,-0.106342476,0.0,0,1.0,MEDIUM,LOW,29.006759589634072,1.0,2.680058351136654,,0.5,0.5
sad,0.3317038752090832,0.339892273,1.2170864866121585,-0.117227892,0.0,0,1.0,MEDIUM,LOW,28.36592249581834,1.0,1.6742066516040954,,0.5,0.5
sad,0.3195600586513832,0.6504096283348951,1.2468156461800235,-0.097696311,0.0,0,1.0,MEDIUM,LOW,28.608798826972333,1.0,1.994921585595705,,0.5,0.5
sad,0.2488939880589517,0.8292239099684925,-0.100664667,-0.047747786,0.0,0,1.0,MEDIUM,LOW,30.022120238820968,1.0,1.719408863856537,,0.5,0.5
sad,0.2831502470907339,0.3914741980612495,-0.033250037,-0.052675299,0.0,0,1.0,MEDIUM,LOW,29.336995058185323,1.0,0.9858479851366276,,0.5,0.5
sad,0.2376508273963384,0.9023586206981938,0.038238951,-0.053437316,0.0,0,1.0,MEDIUM,LOW,30.24698345207323,1.0,1.437754658968756,,0.5,0.5
sad,0.2632919684260899,0.4237104198616033,-0.535927549,-0.079940395,0.0,0,1.0,MEDIUM,LOW,29.73416063,1.0,1.382929303752546,,0.5,0.5
angry,0.315948832028938,1.0836521239369217,-0.635169718,-0.11180249,0.0,0,1.0,MEDIUM,LOW,28.68102335942124,1.0,2.0703574268092435,,0.5,0.5
angry,0.3136518379796801,0.7265460633660223,-0.611187274,-0.079465587,0.0,0,1.0,MEDIUM,LOW,28.726963240406395,1.0,2.412770485041362,,0.5,0.5
angry,0.3089533041932529,0.6091720469294585,0.5401346493617887,-0.12105199,0.0,0,1.0,MEDIUM,LOW,28.82093391613494,1.0,1.359729045038249,,0.5,0.5
angry,0.3035939598497758,0.6289501235763638,-0.015728639,-0.106639019,0.0,0,1.0,MEDIUM,LOW,28.92812080300448,1.0,1.013861128705219,,0.5,0.5
angry,0.3343285844557684,0.559996469,-0.352419905,-0.089625403,0.0,0,1.0,MEDIUM,LOW,28.313428310884632,1.0,1.561054777563273,,0.5,0.5
angry,0.3278719133487034,0.8531209847419002,-0.297459045,-0.105666215,0.0,0,1.0,MEDIUM,LOW,28.442561733025933,1.0,1.499498219851801,,0.5,0.5
angry,0.329891734,0.5516003797428628,-0.528291618,-0.111201361,0.0,0,1.0,MEDIUM,LOW,28.40216532243896,1.0,1.4148933301960602,,0.5,0.5
angry,0.3172843296407824,1.0833399273004398,-0.732784112,-0.097513889,0.0,0,1.0,MEDIUM,LOW,28.654313407184357,1.0,1.984318600810373,,0.5,0.5
fearful,0.3543882845687758,1.3502535831241869,0.3003493549114919,-0.109728161,0.0,0,1.0,LOW,LOW,27.912234308624484,1.0,1.9994041572233316,,0.5,0.5
fearful,0.3266240599142748,-0.035570832,0.095191807,-0.084752828,0.0,0,1.0,LOW,LOW,28.4675188,1.0,1.331322833,,0.5,0.5
fearful,0.3397003824596864,0.4815396054047051,1.017753241011031,-0.119821653,0.0,0,1.0,LOW,LOW,28.20599235080627,1.0,1.6558077513191052,,0.5,0.5
fearful,0.3174091657418076,0.2706882375959341,0.8887327078708319,-0.118894394,0.0,0,1.0,LOW,LOW,28.651816685163848,1.0,1.3607328012038544,,0.5,0.5
fearful,0.1163899919452455,1.756779053983891,-1.079205344,-0.028491226,0.0,0,1.0,LOW,LOW,32.67220016109509,1.0,2.9972281620548857,,0.5,0.5
fearful,0.2986403189247674,1.1507282857092018,1.5165252775645708,-0.09083928,0.0,0,1.0,LOW,LOW,29.02719362150465,1.0,2.7580928428433285,,0.5,0.5
fearful,0.3427318995569488,1.7792969509629997,1.2646500761386763,-0.104457434,0.0,0,1.0,LOW,LOW,28.145362008861024,1.0,3.148404461304334,,0.5,0.5
fearful,0.3303030542715942,1.3642862319016027,-0.046854279,-0.086625346,0.0,0,1.0,LOW,LOW,28.39393891456812,1.0,2.1164416231580465,,0.5,0.5
disgust,0.2128221416556973,-0.613662122,0.9214384900522536,-0.099117796,0.0,0,1.0,LOW,LOW,30.743557166886053,1.0,1.6342184075214017,,0.5,0.5
disgust,0.2904057700883519,3.434211138872062,0.6461801381620743,-0.150046628,0.0,0,1.0,LOW,LOW,29.19188459823296,1.0,4.230437905,,0.5,0.5
disgust,0.2663962151857441,5.689900335600616,2.720188982,-0.17726676,0.0,0,1.0,MEDIUM,LOW,29.67207569628512,1.0,8.587356077880202,,0.5,0.5
disgust,0.2485703579543173,-3.741461414,0.7762193219677065,-0.119878464,0.0,0,1.0,LOW,LOW,30.028592840913653,1.0,4.637559200280691,,0.5,0.5
disgust,0.2350286578344802,-3.841943945,0.064645304,-0.126464521,0.0,0,1.0,LOW,LOW,30.2994268433104,1.0,4.506136833,,0.5,0.5
disgust,0.2605870170461143,-3.623785422,0.08916998,-0.103054907,0.0,0,1.0,LOW,LOW,29.78825965907771,1.0,4.606805991146816,,0.5,0.5
disgust,0.287952867,-2.190421523,-0.643447932,-0.095146054,0.0,0,1.0,LOW,LOW,29.24094265335596,1.0,2.997785504813388,,0.5,0.5
disgust,0.2270507679656171,-3.944295701,0.3653092228862168,-0.132255911,0.0,0,1.0,LOW,LOW,30.45898464068766,1.0,4.651019400371131,,0.5,0.5
surprised,0.3225409892406543,-0.315716664,1.3454519913430258,-0.102527655,0.0,0,1.0,LOW,LOW,28.549180215186915,1.0,1.769697935,,0.5,0.5
surprised,0.3295418560008902,-0.072881297,0.6675962460859264,-0.103091058,0.0,0,1.0,LOW,LOW,28.409162879982198,1.0,0.870220651,,0.5,0.5
surprised,0.3506478789742746,0.1892285988982457,0.7576319779044005,-0.109618338,0.0,0,1.0,LOW,LOW,27.987042420514506,1.0,1.0902190120588682,,0.5,0.5
surprised,0.3408456628021072,-0.344792881,0.9160032468148128,-0.124428277,0.0,0,1.0,LOW,LOW,28.18308674395785,1.0,1.4828632988593229,,0.5,0.5
surprised,0.3219578823181795,-0.142879092,0.7326174392958238,-0.114279631,0.0,0,1.0,LOW,LOW,28.56084235363641,1.0,1.035041460684307,,0.5,0.5
surprised,0.3369438435549562,1.2336694302306328,-0.277898303,-0.090003289,0.0,0,1.0,LOW,LOW,28.261123128900877,1.0,1.9106037773465212,,0.5,0.5
surprised,0.3637191296705327,0.9738842728971788,-0.065592869,-0.093431127,0.0,0,1.0,LOW,LOW,27.725617406589343,1.0,1.429760679538671,,0.5,0.5
surprised,0.3688699274813837,0.6316960610071441,0.1869702543775305,-0.126934773,0.0,0,1.0,LOW,LOW,27.62260145037232,1.0,1.188740719732836,,0.5,0.5
neutral,0.2934945610570125,0.3688674376487449,2.256084342262632,-0.08559648,0.0,0,1.0,LOW,LOW,29.13010877885975,1.0,2.7105482598909614,,0.5,0.5
neutral,0.3046925836597765,0.4612951179323092,2.147387734474834,-0.08944411,0.0,0,1.0,LOW,LOW,28.90614832680447,1.0,2.698126962008017,,0.5,0.5
neutral,0.3028795675537291,0.4946176458164829,1.0372858990363438,-0.085363075,0.0,0,1.0,LOW,LOW,28.94240864892541,1.0,1.6172666193585186,,0.5,0.5
neutral,0.3080130935798257,0.3712768262932868,1.2410500898364123,-0.088919044,0.0,0,1.0,LOW,LOW,28.83973812840349,1.0,1.7012459603664127,,0.5,0.5
calm,0.2723866929583572,1.1027609915283048,2.3585896849785084,-0.087678287,0.0,0,1.0,LOW,LOW,29.552266140832856,1.0,3.5490289638562555,,0.5,0.5
calm,0.2703828336910198,1.4232748844936431,2.551631144,-0.081340083,0.0,0,1.0,LOW,LOW,29.5923433261796,1.0,4.056246111089079,,0.5,0.5
calm,0.2594186356088733,1.4037240970203666,2.3875330709155134,-0.079541289,0.0,0,1.0,LOW,LOW,29.81162728782253,1.0,3.870798457357031,,0.5,0.5
calm,0.2901049713406676,1.362364226970782,0.9730615800772584,-0.107466461,0.0,0,1.0,LOW,LOW,29.197900573186647,1.0,2.442892268045532,,0.5,0.5
calm,0.2716312153459883,1.221715159399377,2.4464628018384973,-0.091158406,0.0,0,1.0,LOW,LOW,29.567375693080237,1.0,3.759336367,,0.5,0.5
calm,0.2841419163868526,1.1545932672699049,2.2173314126247017,-0.07616108,0.0,0,1.0,LOW,LOW,29.317161672262948,1.0,3.4480857597575585,,0.5,0.5
calm,0.2746180147343642,1.4640857960267122,2.156226982451155,-0.110345956,0.0,0,1.0,LOW,LOW,29.50763970531272,1.0,3.730658734610206,,0.5,0.5
calm,0.2382150213420613,1.1115296739304186,3.712741346558595,-0.05103058,0.0,0,1.0,LOW,LOW,30.235699573158776,1.0,4.875301600461684,,0.5,0.5
happy,0.2513610705773856,1.2781681475490685,1.1234895802379643,-0.016201127,0.0,0,1.0,LOW,LOW,29.97277858845229,1.0,2.4774615970490035,,0.5,0.5
happy,0.2495808133706679,0.66815404,1.6069666550025148,-0.033753722,0.0,0,1.0,LOW,LOW,30.00838373258664,1.0,2.484590481519746,,0.5,0.5
happy,0.2522879968681829,1.338818504993886,0.570641437,-0.013713102,0.0,0,1.0,LOW,LOW,29.95424006263634,1.0,2.392568344828081,,0.5,0.5
happy,0.220588472743934,1.587713968236665,1.1718507975777013,-0.003059687,0.0,0,1.0,LOW,LOW,30.58823054512132,1.0,3.2698884706338163,,0.5,0.5
happy,0.2623665050447493,1.2365657759163464,0.4540024321833632,-0.012780658,0.0,0,1.0,LOW,LOW,29.752669899105012,1.0,2.0407987949500344,,0.5,0.5
happy,0.2775130277855605,1.5245359672415932,-0.176387502,0.001869211,0.0,0,1.0,LOW,LOW,29.44973944428879,1.0,2.113877223436857,,0.5,0.5
happy,0.2594332402453368,2.2771605035998435,0.9211322861568104,-0.014199217,0.0,0,1.0,LOW,LOW,29.811335195093264,1.0,3.3841256801684274,,0.5,0.5
happy,0.2657183560797698,2.053167314499972,1.284123846730256,-0.029759649,0.0,0,1.0,LOW,LOW,29.685632878404604,1.0,3.452376742296989,,0.5,0.5
sad,0.2961656067966329,0.8224849721716115,1.6716391603231304,-0.099867993,0.0,0,1.0,MEDIUM,LOW,29.076687864067345,1.0,2.593992125883249,,0.5,0.5
sad,0.2980817159588614,0.7618221336552378,1.8289273293740045,-0.106127313,0.0,0,1.0,MEDIUM,LOW,29.03836568082277,1.0,2.6968767757755066,,0.5,0.5
sad,0.3313246450445896,0.3518975739336883,1.2067116729934957,-0.116356709,0.0,0,1.0,MEDIUM,LOW,28.37350709910821,1.0,1.6749659561325156,,0.5,0.5
sad,0.3201806561583992,0.6645081655540303,1.2566396636936257,-0.09813626,0.0,0,1.0,MEDIUM,LOW,28.59638687683201,1.0,2.019284088851068,,0.5,0.5
sad,0.250132712,0.8351779194934551,-0.120936298,-0.046485242,0.0,0,1.0,MEDIUM,LOW,29.99734575005678,1.0,1.731839687588743,,0.5,0.5
sad,0.2824410374114045,0.3929662615266361,-0.021323071,-0.053554625,0.0,0,1.0,MEDIUM,LOW,29.35117925177191,1.0,1.0081165867430917,,0.5,0.5
sad,0.2385725793227642,0.9149696578475938,0.028929811,-0.053057476,0.0,0,1.0,MEDIUM,LOW,30.228548413544715,1.0,1.4503136353312875,,0.5,0.5
sad,0.2607817260055483,0.4242583109029474,-0.537896303,-0.079275835,0.0,0,1.0,MEDIUM,LOW,29.784365479889036,1.0,1.3962506817709643,,0.5,0.5
angry,0.3163029658731104,1.090796520844861,-0.638422032,-0.1100781,0.0,0,1.0,MEDIUM,LOW,28.67394068253779,1.0,2.082777949700351,,0.5,0.5
angry,0.3141430447968956,0.7322129612393788,-0.641022659,-0.078858702,0.0,0,1.0,MEDIUM,LOW,28.71713910406209,1.0,2.4241885670350647,,0.5,0.5
angry,0.3095553725379826,0.6159845576076184,0.5493531514173062,-0.121141642,0.0,0,1.0,MEDIUM,LOW,28.808892549240348,1.0,1.3800486352577428,,0.5,0.5
angry,0.3037136376094549,0.6307502913777078,-0.01638062,-0.107240553,0.0,0,1.0,MEDIUM,LOW,28.92572725,1.0,1.0136940952215798,,0.5,0.5
angry,0.3324109624196087,0.56527273,-0.378177,-0.089063219,0.0,0,1.0,MEDIUM,LOW,28.351780751607823,1.0,1.5794661434984858,,0.5,0.5
angry,0.3259196596479638,0.8530120451165758,-0.290252511,-0.105887244,0.0,0,1.0,MEDIUM,LOW,28.481606807040723,1.0,1.4833392071689786,,0.5,0.5
angry,0.3293230559723644,0.5495541693904281,-0.526163487,-0.111149293,0.0,0,1.0,MEDIUM,LOW,28.41353888055271,1.0,1.4282372989233718,,0.5,0.5
angry,0.3176397045092287,1.0864926371984636,-0.74813121,-0.097058447,0.0,0,1.0,MEDIUM,LOW,28.647205909815423,1.0,2.003980142191314,,0.5,0.5
fearful,0.3543799361114874,1.3468336938936885,0.3157730058084574,-0.110284035,0.0,0,1.0,LOW,LOW,27.91240127777025,1.0,1.991224496008547,,0.5,0.5
fearful,0.3250069968924549,-0.028223941,0.092384306,-0.083947228,0.0,0,1.0,LOW,LOW,28.49986006,1.0,1.3369433583140364,,0.5,0.5
fearful,0.3408402843455913,0.4668845456912328,0.9949749748467944,-0.120057244,0.0,0,1.0,LOW,LOW,28.183194313088173,1.0,1.6186578203313082,,0.5,0.5
fearful,0.3152944555862633,0.2667986892219902,0.8983770196802434,-0.118734072,0.0,0,1.0,LOW,LOW,28.69411088827473,1.0,1.3703311024297111,,0.5,0.5
fearful,0.1175013172675744,1.7579678474219818,-1.104196432,-0.0274762,0.0,0,1.0,LOW,LOW,32.64997365464851,1.0,3.0415961337339663,,0.5,0.5
fearful,0.2988896273265904,1.1451055466933215,1.5077443760803726,-0.09030887,0.0,0,1.0,LOW,LOW,29.02220745346819,1.0,2.7431587930392043,,0.5,0.5
fearful,0.3415615399208276,1.7716702826038837,1.2670338382453936,-0.104618997,0.0,0,1.0,LOW,LOW,28.168769201583448,1.0,3.143323118281448,,0.5,0.5
fearful,0.3283494536236907,1.361872380077478,-0.058625092,-0.086489763,0.0,0,1.0,LOW,LOW,28.433010927526183,1.0,2.108378917420969,,0.5,0.5
disgust,0.2125603343914335,-0.606565487,0.8962532862712165,-0.098833756,0.0,0,1.0,LOW,LOW,30.74879331217133,1.0,1.6016525292589954,,0.5,0.5
disgust,0.2924421198778687,3.4444282158360404,0.6061852375459008,-0.148426019,0.0,0,1.0,LOW,LOW,29.151157602442623,1.0,4.200597462966745,,0.5,0.5
disgust,0.2662224158121278,5.684687266976067,2.697380908249099,-0.176414008,0.0,0,1.0,MEDIUM,LOW,29.675551683757444,1.0,8.558482183227209,,0.5,0.5
disgust,0.2494328306480991,-3.743509121,0.7781231177686073,-0.120001776,0.0,0,1.0,LOW,LOW,30.011343387038018,1.0,4.641634015400569,,0.5,0.5
disgust,0.236691966636889,-3.837600814,0.062011717,-0.126009074,0.0,0,1.0,LOW,LOW,30.26616066726222,1.0,4.515415168950791,,0.5,0.5
disgust,0.2609691811219157,-3.624893831,0.076921889,-0.102328298,0.0,0,1.0,LOW,LOW,29.780616377561685,1.0,4.619763993635357,,0.5,0.5
disgust,0.2873587952545767,-2.179425794,-0.665769372,-0.095851941,0.0,0,1.0,LOW,LOW,29.25282409490847,1.0,3.007198007528766,,0.5,0.5
disgust,0.2280108640949313,-3.953576274,0.3922099166625452,-0.133382771,0.0,0,1.0,LOW,LOW,30.439782718101373,1.0,4.641579953040909,,0.5,0.5
surprised,0.3215070916086048,-0.305843777,1.3353110783950508,-0.102056172,0.0,0,1.0,LOW,LOW,28.569858167827903,1.0,1.7559455515478375,,0.5,0.5
surprised,0.330913129,-0.079420275,0.6704359772112994,-0.102904542,0.0,0,1.0,LOW,LOW,28.38173742669712,1.0,0.8765102540141716,,0.5,0.5
surprised,0.349184982005649,0.1940497064829949,0.7597568724962219,-0.10917697,0.0,0,1.0,LOW,LOW,28.01630035988702,1.0,1.0951665710446683,,0.5,0.5
surprised,0.3395398601560994,-0.335837515,0.9062208830666004,-0.123417035,0.0,0,1.0,LOW,LOW,28.20920279687801,1.0,1.4653521963998477,,0.5,0.5
surprised,0.3210625625635435,-0.140583907,0.7391314604231661,-0.11336947,0.0,0,1.0,LOW,LOW,28.57874874872913,1.0,1.040657361027034,,0.5,0.5
surprised,0.3370771958510964,1.228007527690629,-0.304163966,-0.088864035,0.0,0,1.0,LOW,LOW,28.25845608297807,1.0,1.906031608593436,,0.5,0.5
surprised,0.3620857669175914,0.9779887789505514,-0.053535733,-0.092759667,0.0,0,1.0,LOW,LOW,27.75828466164817,1.0,1.4345860681028713,,0.5,0.5
surprised,0.3685494175558446,0.6371818558804905,0.1828320809943321,-0.126631642,0.0,0,1.0,LOW,LOW,27.629011648883107,1.0,1.1865100853031605,,0.5,0.5
neutral,0.2592068092373277,0.5053343475304618,0.6619520635874578,-0.107768981,0.0,0,1.0,LOW,LOW,29.815863815253447,1.0,1.2750553924341017,,0.5,0.5
neutral,0.27023054,0.559679288,1.186035849610877,-0.121623935,0.0,0,1.0,LOW,LOW,29.59538920918042,1.0,1.8673390727580483,,0.5,0.5
neutral,0.2266748845874214,0.6524531978836101,0.5856233981108703,-0.100312447,0.0,0,1.0,LOW,LOW,30.46650230825157,1.0,1.4013465349466647,,0.5,0.5
neutral,0.283033956174905,0.4624981304942396,0.8440069798753688,-0.11559782,0.0,0,1.0,LOW,LOW,29.339320876501898,1.0,1.4221029299702834,,0.5,0.5
calm,0.2227249042738662,0.6374936186950287,0.8515015329222791,-0.070301263,0.0,0,1.0,LOW,LOW,30.54550191452268,1.0,1.6378020947797318,,0.5,0.5
calm,0.2089984486380034,1.2293339937983565,1.301066690631572,-0.067992552,0.0,0,1.0,LOW,LOW,30.82003102723993,1.0,2.598393236258414,,0.5,0.5
calm,0.2187798986152976,1.0847384376355378,2.3838182716100365,-0.095500844,0.0,0,1.0,LOW,LOW,30.62440202769405,1.0,3.564057553734176,,0.5,0.5
calm,0.2381109586813999,0.3785999565754884,1.231186035,-0.061075278,0.0,0,1.0,LOW,LOW,30.237780826372003,1.0,1.712367543454988,,0.5,0.5
calm,0.1783425974737059,1.1942465967362568,2.554347220448365,-0.083348872,0.0,0,1.0,LOW,LOW,31.43314805052588,1.0,3.8341767719434254,,0.5,0.5
calm,0.2186981119605444,0.273350174,2.862592445766717,-0.021320604,0.0,0,1.0,LOW,LOW,30.62603776078911,1.0,3.267097311010316,,0.5,0.5
calm,0.1787011867165398,0.4076063283307181,4.352050934,-0.037941965,0.0,0,1.0,LOW,LOW,31.425976265669203,1.0,4.817290798908146,,0.5,0.5
calm,0.2052373801653698,0.8744287717214365,1.6226944234053338,-0.062671101,0.0,0,1.0,LOW,LOW,30.895252396692605,1.0,2.5779575058186857,,0.5,0.5
happy,0.1872884487300631,0.5738400791382245,1.725525631892441,-0.018233218,0.0,0,1.0,LOW,LOW,31.254231025398735,1.0,2.5083155548364338,,0.5,0.5
happy,0.2214136893528331,1.097014042009682,1.740951247214349,-0.069888057,0.0,0,1.0,LOW,LOW,30.57172621294334,1.0,2.929194034156433,,0.5,0.5
happy,0.1867542571585005,0.9865164448231812,0.4845215836620803,-0.027364879,0.0,0,1.0,LOW,LOW,31.26491485682999,1.0,1.741492265443301,,0.5,0.5
happy,0.1863471535100935,1.0519154937413684,0.4825260812740112,-0.02611713,0.0,0,1.0,LOW,LOW,31.27305692979813,1.0,1.821885680332855,,0.5,0.5
happy,0.224158650391386,1.0308147445432494,0.055740039,-0.055013207,0.0,0,1.0,LOW,LOW,30.51682699217228,1.0,1.4706935393209764,,0.5,0.5
happy,0.248057595047922,0.7611068355192847,0.2993362338364858,-0.048679334,0.0,0,1.0,LOW,LOW,30.03884809904156,1.0,1.6899687287536065,,0.5,0.5
happy,0.2173339954386354,0.8164152458671783,0.5522331465566416,-0.030063121,0.0,0,1.0,LOW,LOW,30.653320091227293,1.0,1.5602342362241133,,0.5,0.5
happy,0.2034806038538023,0.8993739426011452,0.963634451,-0.043217373,0.0,0,1.0,LOW,LOW,30.930387922923952,1.0,1.909350741,,0.5,0.5
sad,0.2445811511850682,1.3159118969004306,2.418900308717554,-0.205766708,0.0,0,1.0,MEDIUM,LOW,30.10837697629864,1.0,3.940578913453085,,0.5,0.5
sad,0.2587788837496415,1.5434622528158457,1.0985563986076523,-0.194098171,0.0,0,1.0,MEDIUM,LOW,29.82442232500717,1.0,2.836116822556032,,0.5,0.5
sad,0.2925776564348213,0.9380595049023857,0.5608641300301661,-0.15321292,0.0,0,1.0,MEDIUM,LOW,29.148446871303573,1.0,1.6521365552201022,,0.5,0.5
sad,0.2822321468155324,-1.637184001,0.8169440333045312,-0.140970908,0.0,0,1.0,MEDIUM,LOW,29.35535706368935,1.0,2.5950989417564965,,0.5,0.5
sad,0.1976503616900277,1.8097081797387615,-2.406022163,-0.034676608,0.0,0,1.0,MEDIUM,LOW,31.046992766199445,1.0,4.257286439285056,,0.5,0.5
sad,0.248644564008883,1.395310131017936,-2.302075635,-0.030545158,0.0,0,1.0,MEDIUM,LOW,30.02710871982234,1.0,3.729577045749501,,0.5,0.5
sad,0.1521225802069243,1.5209220353265092,0.1383582354000939,-0.114997265,0.0,0,1.0,MEDIUM,LOW,31.95754839586151,1.0,2.186528881331346,,0.5,0.5
sad,0.2016420489186752,2.172181498588716,-1.423339162,-0.094870928,0.0,0,1.0,MEDIUM,LOW,30.967159021626497,1.0,3.696083468,,0.5,0.5
angry,0.2817776180939349,1.7130575341990315,-1.436849032,-0.120508024,0.0,0,1.0,MEDIUM,LOW,29.36444764,1.0,3.270414590059965,,0.5,0.5
angry,0.2891695587316837,1.1234972342147855,-1.741817082,-0.11055764,0.0,0,1.0,MEDIUM,LOW,29.216608825366325,1.0,2.975871955417354,,0.5,0.5
angry,0.2982968036064892,0.7195781066827845,-1.958604842,-0.07888127,0.0,0,1.0,MEDIUM,LOW,29.03406392787021,1.0,2.757064218479142,,0.5,0.5
angry,0.2904788545860602,0.7131110016002759,-0.397538806,-0.122850018,0.0,0,1.0,MEDIUM,LOW,29.1904229082788,1.0,1.3303556072136922,,0.5,0.5
angry,0.2824596272548148,0.9126884953313664,-0.418334954,-0.146688062,0.0,0,1.0,MEDIUM,LOW,29.350807454903705,1.0,1.6323398867263132,,0.5,0.5
angry,0.2862799488647656,0.2518023947435213,-0.708025079,-0.117924331,0.0,0,1.0,MEDIUM,LOW,29.274401022704687,1.0,1.2705481899260844,,0.5,0.5
angry,0.2935839313733996,0.8235832763430402,-0.798756929,-0.130082969,0.0,0,1.0,MEDIUM,LOW,29.128321372532007,1.0,1.752423173874058,,0.5,0.5
angry,0.2881657533679455,0.7252912571234595,-1.643854171,-0.082501571,0.0,0,1.0,MEDIUM,LOW,29.23668493264109,1.0,2.451646999,,0.5,0.5
fearful,0.2991066266814705,-0.278254083,1.0822952318068462,-0.149404878,0.0,0,1.0,LOW,LOW,29.01786746637059,1.0,1.5726353710986407,,0.5,0.5
fearful,0.2923505694994089,-1.157916076,2.2940526394227154,-0.184301361,0.0,0,1.0,LOW,LOW,29.15298861001182,1.0,3.636270076564956,,0.5,0.5
fearful,0.2995957347978093,-0.147857741,1.681567150775506,-0.163428171,0.0,0,1.0,LOW,LOW,29.008085304043814,1.0,2.0632871581064776,,0.5,0.5
fearful,0.276184301,0.6357886680338831,1.8236670855680177,-0.149261327,0.0,0,1.0,LOW,LOW,29.47631399,1.0,2.6087170805286557,,0.5,0.5
fearful,0.2929604332900465,1.110668888221353,0.743465251,-0.149500987,0.0,0,1.0,LOW,LOW,29.140791334199072,1.0,2.0163185728856488,,0.5,0.5
fearful,0.3154914517037738,0.870678535,0.8812101757852521,-0.148242807,0.0,0,1.0,LOW,LOW,28.690170965924523,1.0,1.900131517151071,,0.5,0.5
fearful,0.3090489240105049,0.1376840882718762,1.1044845273952306,-0.162871071,0.0,0,1.0,LOW,LOW,28.81902152,1.0,1.7254331212458964,,0.5,0.5
fearful,0.3137314372816878,0.541895135,1.4578662201263402,-0.179769432,0.0,0,1.0,LOW,LOW,28.725371254366245,1.0,2.1795307876143197,,0.5,0.5
disgust,0.1623669185709547,2.1931962939698506,0.9252897287124094,-0.129073061,0.0,0,1.0,LOW,LOW,31.752661628580903,1.0,3.314480568,,0.5,0.5
disgust,0.1805355197039953,-0.978203426,0.4659726809978284,-0.139139308,0.0,0,1.0,LOW,LOW,31.38928960592009,1.0,1.931976122211863,,0.5,0.5
disgust,0.1594714276216231,3.464431834274677,2.159915947101437,-0.169054782,0.0,0,1.0,LOW,LOW,31.810571447567536,1.0,5.793402563116814,,0.5,0.5
disgust,0.1857737258501093,-1.428965637,0.2886355114253579,-0.119166513,0.0,0,1.0,LOW,LOW,31.28452548299781,1.0,1.9152683103475556,,0.5,0.5
disgust,0.1697877906667411,2.1469255725104213,-0.456090232,-0.17749855,0.0,0,1.0,LOW,LOW,31.604244186665177,1.0,3.149623382385096,,0.5,0.5
disgust,0.2664995387718178,-2.049021502,0.5612776817605244,-0.187115343,0.0,0,1.0,LOW,LOW,29.670009224563643,1.0,3.030081059317713,,0.5,0.5
disgust,0.2052889794065622,-2.673749286,0.7506163305826722,-0.15966667,0.0,0,1.0,LOW,LOW,30.894220411868755,1.0,4.291323609541258,,0.5,0.5
disgust,0.1942878432341098,1.4575124707659612,-0.152649382,-0.173643901,0.0,0,1.0,LOW,LOW,31.114243135317803,1.0,2.200869805165374,,0.5,0.5
surprised,0.318097229,0.3519952005945296,0.9974865207760686,-0.16695489,0.0,0,1.0,LOW,LOW,28.63805543,1.0,1.5164366112174474,,0.5,0.5
surprised,0.279351705,0.1422146751594064,1.9825248941483624,-0.192180092,0.0,0,1.0,LOW,LOW,29.41296590383076,1.0,2.366706965921182,,0.5,0.5
surprised,0.2848374014991823,0.04857194,1.4783745722660466,-0.154275886,0.0,0,1.0,LOW,LOW,29.303251970016355,1.0,1.798190728259785,,0.5,0.5
surprised,0.3311050487458191,0.4866098309981106,0.8508718003489802,-0.151446883,0.0,0,1.0,LOW,LOW,28.377899025083615,1.0,1.488928514223249,,0.5,0.5
surprised,0.3229388658440447,0.4471212687026221,0.1663841629010477,-0.176972597,0.0,0,1.0,LOW,LOW,28.541222683119106,1.0,1.1763313420254171,,0.5,0.5
surprised,0.3126434380908161,0.6394480890758404,0.6513527009941019,-0.167473556,0.0,0,1.0,LOW,LOW,28.74713123818368,1.0,1.458274345700292,,0.5,0.5
surprised,0.3260749929552816,0.602742417,1.0432117152762823,-0.185636789,0.0,0,1.0,LOW,LOW,28.47850014089437,1.0,1.8315909209652683,,0.5,0.5
surprised,0.3175198192718413,0.5646039404789372,1.4340058432084175,-0.176558915,0.0,0,1.0,LOW,LOW,28.649603614563173,1.0,2.175168698310649,,0.5,0.5
neutral,0.2631207511855944,0.5056309860574287,0.6568144071432601,-0.107288037,0.0,0,1.0,LOW,LOW,29.73758497628811,1.0,1.2723587592181056,,0.5,0.5
neutral,0.2703619654861105,0.5762556198165878,1.1745339260648129,-0.120813204,0.0,0,1.0,LOW,LOW,29.592760690277792,1.0,1.87160275007862,,0.5,0.5
neutral,0.2271416234456874,0.653457589,0.5557170497654379,-0.096302225,0.0,0,1.0,LOW,LOW,30.45716753108625,1.0,1.3651239522469742,,0.5,0.5
neutral,0.2843812488613361,0.4584475822604119,0.8531674861868798,-0.115796461,0.0,0,1.0,LOW,LOW,29.312375022773274,1.0,1.427411528958759,,0.5,0.5
calm,0.2223944406789024,0.6218330762746674,0.8667577803214858,-0.070416911,0.0,0,1.0,LOW,LOW,30.55211118642195,1.0,1.6522686512153255,,0.5,0.5
calm,0.2093965433119664,1.2243299221243975,1.2726560552230686,-0.066702782,0.0,0,1.0,LOW,LOW,30.812069133760676,1.0,2.5636887597489157,,0.5,0.5
calm,0.2158464381348561,1.0593926572505057,2.3833777707558506,-0.096417737,0.0,0,1.0,LOW,LOW,30.68307123730288,1.0,3.539188165065492,,0.5,0.5
calm,0.2369656562050196,0.3688507993980202,1.224533829144726,-0.061262196,0.0,0,1.0,LOW,LOW,30.26068687589961,1.0,1.690315432204049,,0.5,0.5
calm,0.1775885150955142,1.210703999626327,2.539114179665597,-0.082855943,0.0,0,1.0,LOW,LOW,31.448229698089715,1.0,3.834876262426021,,0.5,0.5
calm,0.214119772146622,0.2750258937433016,2.8366823478076006,-0.020711091,0.0,0,1.0,LOW,LOW,30.71760455706756,1.0,3.2400466621783326,,0.5,0.5
calm,0.1776756483216742,0.4025983291943733,4.358200165916256,-0.039245665,0.0,0,1.0,LOW,LOW,31.44648703356652,1.0,4.819904526475663,,0.5,0.5
calm,0.2048819720215269,0.8560567123483787,1.633347091829302,-0.063337909,0.0,0,1.0,LOW,LOW,30.902360559569463,1.0,2.5681467974705376,,0.5,0.5
happy,0.1884144363956161,0.5675835211140461,1.7401726900544354,-0.018364977,0.0,0,1.0,LOW,LOW,31.23171127208768,1.0,2.5307187431441087,,0.5,0.5
happy,0.2219294232887703,1.0903824060445364,1.7517163791462127,-0.069608675,0.0,0,1.0,LOW,LOW,30.561411534224597,1.0,2.925742676458237,,0.5,0.5
happy,0.1868264264516303,0.9851546529971577,0.4789422319628874,-0.025637986,0.0,0,1.0,LOW,LOW,31.263471470967392,1.0,1.7503411655559735,,0.5,0.5
happy,0.1866634647651519,1.0598266514841896,0.4938333142300137,-0.025296935,0.0,0,1.0,LOW,LOW,31.26673070469696,1.0,1.819293268258015,,0.5,0.5
happy,0.2203375692983772,1.038299798628853,0.0357706817304884,-0.053830749,0.0,0,1.0,LOW,LOW,30.59324861403245,1.0,1.494734821505972,,0.5,0.5
happy,0.2489642794988688,0.7592192187890588,0.2848201648670516,-0.047298435,0.0,0,1.0,LOW,LOW,30.020714410022624,1.0,1.6694373906258633,,0.5,0.5
happy,0.2184469346967485,0.8088009289801977,0.545636519,-0.030119881,0.0,0,1.0,LOW,LOW,30.63106130606503,1.0,1.5426767884490529,,0.5,0.5
happy,0.2037811142879468,0.902506831265142,0.9702461690508636,-0.041976961,0.0,0,1.0,LOW,LOW,30.92437771424106,1.0,1.9178318655271247,,0.5,0.5
sad,0.2447049647638594,1.317418171653161,2.415541606150376,-0.205371047,0.0,0,1.0,MEDIUM,LOW,30.105900704722814,1.0,3.93833082461622,,0.5,0.5
sad,0.2579089862053345,1.569795401533367,1.1041551641858265,-0.19361354,0.0,0,1.0,MEDIUM,LOW,29.84182027589331,1.0,2.8675641055276544,,0.5,0.5
sad,0.2918914216701513,0.950547479,0.5547078063429514,-0.154253591,0.0,0,1.0,MEDIUM,LOW,29.16217156659697,1.0,1.6595088769384905,,0.5,0.5
sad,0.2820320079038356,-1.621802291,0.8120516132751402,-0.140586337,0.0,0,1.0,MEDIUM,LOW,29.35935984192329,1.0,2.5744402414023564,,0.5,0.5
sad,0.194956771489379,1.7993032595806862,-2.430404706,-0.03443364,0.0,0,1.0,MEDIUM,LOW,31.10086457021242,1.0,4.271093221442185,,0.5,0.5
sad,0.2484814174991313,1.4180530797359692,-2.321786251,-0.028689077,0.0,0,1.0,MEDIUM,LOW,30.03037165001737,1.0,3.771135221377836,,0.5,0.5
sad,0.1505129567632356,1.549038211023272,0.1226997736016499,-0.113518691,0.0,0,1.0,MEDIUM,LOW,31.98974086473529,1.0,2.248074845013556,,0.5,0.5
sad,0.2049712440190745,2.1777685125682087,-1.453245715,-0.092604065,0.0,0,1.0,MEDIUM,LOW,30.90057511961851,1.0,3.7294729915988496,,0.5,0.5
angry,0.2828091872180809,1.7058450252463724,-1.446579704,-0.119868185,0.0,0,1.0,MEDIUM,LOW,29.34381625563838,1.0,3.2722929133920693,,0.5,0.5
angry,0.2916804343906205,1.1350492543326742,-1.751397835,-0.109062835,0.0,0,1.0,MEDIUM,LOW,29.16639131218759,1.0,2.9955099244151158,,0.5,0.5
angry,0.2971446134188515,0.7202916429126822,-1.947316828,-0.079211661,0.0,0,1.0,MEDIUM,LOW,29.05710773162297,1.0,2.746820131529053,,0.5,0.5
angry,0.292991294349805,0.724099045,-0.413011459,-0.121339817,0.0,0,1.0,MEDIUM,LOW,29.14017411,1.0,1.3458160989160777,,0.5,0.5
angry,0.2840510749765078,0.917417833,-0.444948524,-0.145870211,0.0,0,1.0,MEDIUM,LOW,29.318978500469846,1.0,1.6647777780941202,,0.5,0.5
angry,0.2846245942603327,0.2490896066617729,-0.733359377,-0.117454347,0.0,0,1.0,MEDIUM,LOW,29.307508114793347,1.0,1.2798672139829146,,0.5,0.5
angry,0.2914379363842315,0.8286055541822622,-0.767933059,-0.130491786,0.0,0,1.0,MEDIUM,LOW,29.17124127231537,1.0,1.727030399,,0.5,0.5
angry,0.2891698496462294,0.7319067579491045,-1.63243414,-0.08363449,0.0,0,1.0,MEDIUM,LOW,29.216603007075413,1.0,2.447975387777141,,0.5,0.5
fearful,0.296955623827238,-0.288169022,1.093310284014812,-0.150796335,0.0,0,1.0,LOW,LOW,29.06088752345524,1.0,1.5975945378324814,,0.5,0.5
fearful,0.2902600109966474,-1.162546577,2.292767274980483,-0.183282838,0.0,0,1.0,LOW,LOW,29.19479978006705,1.0,3.638596690573599,,0.5,0.5
fearful,0.3014334731759604,-0.13329992,1.6958389087278594,-0.162621742,0.0,0,1.0,LOW,LOW,28.971330536480792,1.0,2.076628264282696,,0.5,0.5
fearful,0.2761380057354768,0.6568323502176548,1.8030363733120056,-0.14941641,0.0,0,1.0,LOW,LOW,29.477239885290462,1.0,2.6092851335520235,,0.5,0.5
fearful,0.2920624286547699,1.1143949709331704,0.7480013110049317,-0.148905498,0.0,0,1.0,LOW,LOW,29.15875143,1.0,2.0250357192329203,,0.5,0.5
fearful,0.3163528371270475,0.8780928025897395,0.879303742,-0.147695301,0.0,0,1.0,LOW,LOW,28.67294325745905,1.0,1.905091846185001,,0.5,0.5
fearful,0.3106223240844968,0.130394178,1.0944796385108282,-0.163345555,0.0,0,1.0,LOW,LOW,28.787553518310062,1.0,1.696286496698889,,0.5,0.5
fearful,0.31237796572533,0.5557027329787181,1.4533852585420093,-0.179113075,0.0,0,1.0,LOW,LOW,28.7524406854934,1.0,2.1882010663186597,,0.5,0.5
disgust,0.1564453198456772,2.202039606938756,0.8858513901404276,-0.128586009,0.0,0,1.0,LOW,LOW,31.871093603086457,1.0,3.2861177170919262,,0.5,0.5
disgust,0.1836640710555103,-0.986309388,0.4862057355383352,-0.13909408,0.0,0,1.0,LOW,LOW,31.326718578889796,1.0,1.9373267798159488,,0.5,0.5
disgust,0.158180398019928,3.458411284963902,2.144919978657815,-0.16918287,0.0,0,1.0,LOW,LOW,31.83639203960144,1.0,5.772514133125318,,0.5,0.5
disgust,0.186961061552805,-1.441000427,0.2750001918593023,-0.119187962,0.0,0,1.0,LOW,LOW,31.26077877,1.0,1.9082455557201172,,0.5,0.5
disgust,0.1677255513425163,2.133168829697684,-0.444562546,-0.176907847,0.0,0,1.0,LOW,LOW,31.645488973149675,1.0,3.1473080315409394,,0.5,0.5
disgust,0.2688396539093453,-2.054204666,0.5624630790991489,-0.187113722,0.0,0,1.0,LOW,LOW,29.623206921813093,1.0,3.033465551550948,,0.5,0.5
disgust,0.2031933649773613,-2.680360667,0.7378639535005243,-0.158506953,0.0,0,1.0,LOW,LOW,30.936132700452774,1.0,4.288762448750496,,0.5,0.5
disgust,0.1904514467907037,1.4556713586943792,-0.146835313,-0.171648879,0.0,0,1.0,LOW,LOW,31.190971064185927,1.0,2.212498464341238,,0.5,0.5
surprised,0.3177431146151923,0.3484286308437429,0.9971449501698648,-0.166295619,0.0,0,1.0,LOW,LOW,28.645137707696158,1.0,1.511869200389086,,0.5,0.5
surprised,0.277030161093405,0.1453518404505576,1.987904889,-0.1907836,0.0,0,1.0,LOW,LOW,29.459396778131897,1.0,2.363205404446737,,0.5,0.5
surprised,0.2843782563308247,0.048735702,1.4767084479324812,-0.153778866,0.0,0,1.0,LOW,LOW,29.312434873383506,1.0,1.8063335079348624,,0.5,0.5
surprised,0.3329631992844442,0.4974852212602035,0.8576825650207205,-0.15065947,0.0,0,1.0,LOW,LOW,28.34073601431112,1.0,1.505827255988737,,0.5,0.5
surprised,0.3223537540928019,0.4509751022473401,0.1750077187176405,-0.176360417,0.0,0,1.0,LOW,LOW,28.55292491814396,1.0,1.1805964708925365,,0.5,0.5
surprised,0.3122957696278378,0.6511031465856625,0.6649114609135528,-0.167701976,0.0,0,1.0,LOW,LOW,28.754084607443247,1.0,1.4837165832217154,,0.5,0.5
surprised,0.3242899816917206,0.6058682663357904,1.0473651116853415,-0.184835209,0.0,0,1.0,LOW,LOW,28.51420036616559,1.0,1.8380685867256328,,0.5,0.5
surprised,0.3158733640263502,0.5593208436778637,1.4348845053008088,-0.17663203,0.0,0,1.0,LOW,LOW,28.682532719472995,1.0,2.1708373786905955,,0.5,0.5
neutral,0.2403203732953641,0.2890029997387832,2.798491950742289,-0.201172644,0.0,0,1.0,LOW,LOW,30.19359253409272,1.0,3.288667594746351,,0.5,0.5
neutral,0.256679103,0.022625446,2.9403853105060187,-0.2056151,0.0,0,1.0,LOW,LOW,29.866417942852863,1.0,3.236798263249005,,0.5,0.5
neutral,0.2643429410628493,0.0200281707104286,2.7853022751261243,-0.216165537,0.0,0,1.0,LOW,LOW,29.71314117874301,1.0,3.1106641769808925,,0.5,0.5
neutral,0.2511309126425894,0.5162255676631349,3.015665712113563,-0.202513945,0.0,0,1.0,LOW,LOW,29.97738174714821,1.0,3.734405224976765,,0.5,0.5
calm,0.1120347271981252,1.372201397265192,4.579564525,-0.116555848,0.0,0,1.0,LOW,LOW,32.759305456037495,1.0,6.068321769837851,,0.5,0.5
calm,0.1898824408737847,0.8065252932143109,4.068546116285766,-0.156004805,0.0,0,1.0,LOW,LOW,31.202351182524303,1.0,5.031076214526559,,0.5,0.5
calm,0.1385698021628502,1.4943635637401635,5.5170110406046025,-0.101129342,0.0,0,1.0,LOW,LOW,32.22860396,1.0,7.112503946672628,,0.5,0.5
calm,0.1754273139850886,1.494146742234928,4.525329907510039,-0.144504855,0.0,0,1.0,LOW,LOW,31.491453720298228,1.0,6.163981504561493,,0.5,0.5
calm,0.1199769613807379,-0.463441638,3.2716334248422965,-0.102068812,0.0,0,1.0,LOW,LOW,32.60046077238525,1.0,4.101477316269673,,0.5,0.5
calm,0.032705165,-1.684596239,4.375298995464226,-0.002327105,0.0,0,1.0,LOW,LOW,34.34589670379544,1.0,6.0892791696006885,,0.5,0.5
calm,0.1275072101055039,0.8179851768514781,5.939609097,-0.0344183,0.0,0,1.0,LOW,LOW,32.449855797889924,1.0,7.858054147304699,,0.5,0.5
calm,0.08122526,2.1064032302613525,4.601008122749694,-0.098870527,0.0,0,1.0,LOW,LOW,33.37549480010602,1.0,6.8062818800245495,,0.5,0.5
happy,0.1368651227388135,1.134351770401199,-1.502804633,-0.017499555,0.0,0,1.0,LOW,LOW,32.26269754522373,1.0,2.8009820559547243,,0.5,0.5
happy,0.2050351490815386,0.3015364194372755,1.4648768000981776,-0.105014037,0.0,0,1.0,LOW,LOW,30.899297018369225,1.0,1.947725947,,0.5,0.5
happy,0.2132474494587937,0.4032325041979203,1.5440843613890358,-0.122572147,0.0,0,1.0,LOW,LOW,30.73505101082413,1.0,2.0770590843334,,0.5,0.5
happy,0.201715179693925,0.4818646924567497,1.664387807121717,-0.104255445,0.0,0,1.0,LOW,LOW,30.96569641,1.0,2.2702671530984557,,0.5,0.5
happy,0.1682614453471312,0.4926097214523499,3.6852387408893463,-0.112789499,0.0,0,1.0,LOW,LOW,31.634771093057378,1.0,4.518841693735279,,0.5,0.5
happy,0.1544306884805256,0.4357026559255778,2.485733500658005,-0.087940823,0.0,0,1.0,LOW,LOW,31.91138623038949,1.0,3.617362939277324,,0.5,0.5
happy,0.1998804085032434,0.2019950728790046,2.514559184952062,-0.131916161,0.0,0,1.0,LOW,LOW,31.002391829935128,1.0,2.964761259138561,,0.5,0.5
happy,0.1608301346811833,0.716979577,1.0850652324654153,-0.069185744,0.0,0,1.0,LOW,LOW,31.783397306376333,1.0,2.1640317843351102,,0.5,0.5
sad,0.2121326148789351,1.6986651353708544,-0.213506378,-0.200939881,0.0,0,1.0,MEDIUM,LOW,30.7573477,1.0,2.3733703452270007,,0.5,0.5
sad,0.1872563050346662,1.2401589877867307,1.6300005946066574,-0.180367615,0.0,0,1.0,MEDIUM,LOW,31.254873899306677,1.0,3.050527197817652,,0.5,0.5
sad,0.2213446396507352,1.2787740417815934,0.682584114,-0.174885287,0.0,0,1.0,MEDIUM,LOW,30.57310720698529,1.0,2.239248377,,0.5,0.5
sad,0.1329266340983873,1.0448619746701495,1.123480857281081,-0.166670518,0.0,0,1.0,MEDIUM,LOW,32.34146731803226,1.0,2.5641664675724964,,0.5,0.5
sad,0.09407148,2.803464301023428,0.1736910055239437,-0.171218766,0.0,0,1.0,MEDIUM,LOW,33.11857039168018,1.0,3.9029340771066416,,0.5,0.5
sad,0.1306654055575239,2.537868979781885,0.1749581837447365,-0.17435328,0.0,0,1.0,MEDIUM,LOW,32.386691888849526,1.0,3.343292120956758,,0.5,0.5
sad,0.157554633585345,2.973041240555245,0.364810527224608,-0.202633669,0.0,0,1.0,MEDIUM,LOW,31.848907328293095,1.0,3.5668477687512365,,0.5,0.5
sad,0.1308453863899922,1.9034269561041648,0.3161770132793531,-0.146502732,0.0,0,1.0,MEDIUM,LOW,32.38309227220016,1.0,2.458427372180428,,0.5,0.5
angry,0.2573343142561125,0.4332486365869331,-0.776301701,-0.092948262,0.0,0,1.0,MEDIUM,LOW,29.85331371487775,1.0,1.4140987949211483,,0.5,0.5
angry,0.2693951971845795,1.920602315638865,-0.810542753,-0.167752186,0.0,0,1.0,MEDIUM,LOW,29.61209605630841,1.0,2.9766518876663377,,0.5,0.5
angry,0.2698352842575743,0.099708989,0.4170082176257136,-0.182123439,0.0,0,1.0,MEDIUM,LOW,29.60329431484851,1.0,1.0983866396777515,,0.5,0.5
angry,0.2565914752456049,0.9976961474728628,-0.233351916,-0.06318085,0.0,0,1.0,MEDIUM,LOW,29.868170495087902,1.0,1.635028749753993,,0.5,0.5
angry,0.2354548812668478,1.2920451346716686,0.7452890455349532,-0.187890362,0.0,0,1.0,MEDIUM,LOW,30.29090237466304,1.0,4.262225159485697,,0.5,0.5
angry,0.2054381368587622,-0.215206742,0.7820774916029827,-0.200680139,0.0,0,1.0,MEDIUM,LOW,30.89123726282476,1.0,3.887628698532932,,0.5,0.5
angry,0.2641734732020185,0.958535373,1.9795015965696197,-0.245941381,0.0,0,1.0,MEDIUM,LOW,29.71653053595963,1.0,4.100879215857859,,0.5,0.5
angry,0.1971723665229099,0.537572255,1.6684484816920389,-0.204589442,0.0,0,1.0,MEDIUM,LOW,31.05655267,1.0,3.7894239269832175,,0.5,0.5
fearful,0.2951671839138942,0.355937916,-1.481458781,-0.121465115,0.0,0,1.0,LOW,LOW,29.096656321722115,1.0,1.958861811895476,,0.5,0.5
fearful,0.2924610914040321,-2.482590554,1.3625057341746298,-0.212474951,0.0,0,1.0,LOW,LOW,29.15077817191936,1.0,4.057571239800415,,0.5,0.5
fearful,0.3044853443999955,-4.156805751,0.9262690977878754,-0.218637221,0.0,0,1.0,LOW,LOW,28.91029311200009,1.0,5.301712070079731,,0.5,0.5
fearful,0.2901122210930714,-1.936306223,0.781141723,-0.18739563,0.0,0,1.0,LOW,LOW,29.19775557813857,1.0,2.904843576,,0.5,0.5
fearful,0.2908089291506768,-1.079073205,2.415478760511692,-0.229248136,0.0,0,1.0,LOW,LOW,29.183821416986465,1.0,3.7238001020043976,,0.5,0.5
fearful,0.3265266083988581,-1.599174325,2.6669832443261505,-0.249075151,0.0,0,1.0,LOW,LOW,28.46946783202284,1.0,4.515232720826322,,0.5,0.5
fearful,0.3216513627085061,-1.584608276,3.402332737628404,-0.254160213,0.0,0,1.0,LOW,LOW,28.56697274582988,1.0,5.241101227,,0.5,0.5
fearful,0.2893725299348976,-1.205288055,3.491843324782408,-0.249797768,0.0,0,1.0,LOW,LOW,29.212549401302045,1.0,5.448698264173654,,0.5,0.5
disgust,0.1358886088024688,0.005270382,-1.690495533,-0.055468393,0.0,0,1.0,LOW,LOW,32.28222782395062,1.0,2.4928870857973138,,0.5,0.5
disgust,0.122817713612347,-0.175695747,-0.416475826,-0.121208892,0.0,0,1.0,LOW,LOW,32.54364572775306,1.0,1.2679901014484556,,0.5,0.5
disgust,0.1336287573682278,-0.493594812,-1.255036133,-0.079598012,0.0,0,1.0,LOW,LOW,32.327424852635446,1.0,2.3262651975437807,,0.5,0.5
disgust,0.1674604695014081,0.1216198252566039,0.4136108183202808,-0.144379382,0.0,0,1.0,LOW,LOW,31.650790609971835,1.0,1.5953352581657767,,0.5,0.5
disgust,0.1441094253261078,-0.304795153,-2.838036005,-0.080498586,0.0,0,1.0,LOW,LOW,32.117811493477845,1.0,3.910304658255319,,0.5,0.5
disgust,0.1580976764182447,-0.117910269,-2.697267134,-0.091908117,0.0,0,1.0,LOW,LOW,31.838046471635103,1.0,3.4902628203241326,,0.5,0.5
disgust,0.1126115892057071,0.081221314,-2.390382794,-0.093765087,0.0,0,1.0,LOW,LOW,32.747768215885856,1.0,4.326578859226225,,0.5,0.5
disgust,0.143168893581354,0.2367645971184222,-1.26528895,-0.090619633,0.0,0,1.0,LOW,LOW,32.13662212837292,1.0,2.2846109796444103,,0.5,0.5
surprised,0.2404790901397853,-0.850043918,2.580605318924276,-0.222542337,0.0,0,1.0,LOW,LOW,30.19041819720429,1.0,3.8849585676565166,,0.5,0.5
surprised,0.1489510205250522,-0.911915968,1.9146806168190444,-0.226084925,0.0,0,1.0,LOW,LOW,32.02097958949895,1.0,3.5523272206831926,,0.5,0.5
surprised,0.1318611940524114,-1.673539737,1.5806557164131587,-0.222945269,0.0,0,1.0,LOW,LOW,32.36277611895177,1.0,3.526842180395496,,0.5,0.5
surprised,0.1909047780824176,-1.046207947,2.8670701902826945,-0.245183098,0.0,0,1.0,LOW,LOW,31.181904438351648,1.0,4.6724571261493,,0.5,0.5
surprised,0.1606392221900535,0.985441709,1.690549166452383,-0.211202277,0.0,0,1.0,LOW,LOW,31.78721555619893,1.0,3.3505071028666578,,0.5,0.5
surprised,0.2230293763046809,-2.900807358,2.1254503956563973,-0.261429569,0.0,0,1.0,LOW,LOW,30.53941247390638,1.0,5.579867375463986,,0.5,0.5
surprised,0.2146079769592832,-1.478192623,0.7940121764537557,-0.226750924,0.0,0,1.0,LOW,LOW,30.70784046081433,1.0,3.7443044052090046,,0.5,0.5
surprised,0.1953571203689315,-2.286837455,0.5449024288251838,-0.221657851,0.0,0,1.0,LOW,LOW,31.09285759262137,1.0,3.7100126725720086,,0.5,0.5
neutral,0.233938653,0.2769662243918528,2.7915725359597903,-0.204934695,0.0,0,1.0,LOW,LOW,30.32122694445142,1.0,3.273473455270888,,0.5,0.5
neutral,0.255974762,0.0281472294183672,2.9325144943394768,-0.205411727,0.0,0,1.0,LOW,LOW,29.880504762106497,1.0,3.2289318635108923,,0.5,0.5
neutral,0.2625265133847436,0.021191553,2.771727322512336,-0.216212759,0.0,0,1.0,LOW,LOW,29.749469732305126,1.0,3.110192476854708,,0.5,0.5
neutral,0.2494696406623585,0.5042876173781655,3.0176758411782894,-0.202531358,0.0,0,1.0,LOW,LOW,30.01060718675283,1.0,3.724494816544746,,0.5,0.5
calm,0.1106005292454178,1.3679940901206142,4.584852741548226,-0.117338979,0.0,0,1.0,LOW,LOW,32.787989415091644,1.0,6.070185810548818,,0.5,0.5
calm,0.1884593012196881,0.7988408176907348,4.067329262263789,-0.155636667,0.0,0,1.0,LOW,LOW,31.230813975606235,1.0,5.021806747251249,,0.5,0.5
calm,0.1379427989430849,1.4871845080275778,5.489451355,-0.100608512,0.0,0,1.0,LOW,LOW,32.24114402,1.0,7.0772443750306095,,0.5,0.5
calm,0.176878091,1.494812052809778,4.531196557647312,-0.143691161,0.0,0,1.0,LOW,LOW,31.46243818397602,1.0,6.1696997713635024,,0.5,0.5
calm,0.116591323873182,-0.460328921,3.2709032861945184,-0.100756784,0.0,0,1.0,LOW,LOW,32.668173522536364,1.0,4.103508911981738,,0.5,0.5
calm,0.0296567,-1.679310915,4.369191409540692,-0.001438785,0.0,0,1.0,LOW,LOW,34.40686599512791,1.0,6.078172558711559,,0.5,0.5
calm,0.1239827537767082,0.8039577059184679,5.933657042085398,-0.035476616,0.0,0,1.0,LOW,LOW,32.52034492446583,1.0,7.853994584124977,,0.5,0.5
calm,0.081659,2.089113350108267,4.586479807804468,-0.097294046,0.0,0,1.0,LOW,LOW,33.36682000811558,1.0,6.772887203639462,,0.5,0.5
happy,0.1374132721197634,1.138067683100599,-1.500520658,-0.016046859,0.0,0,1.0,LOW,LOW,32.251734557604735,1.0,2.820233927668838,,0.5,0.5
happy,0.204396699,0.2917897230571334,1.456359164814522,-0.105932572,0.0,0,1.0,LOW,LOW,30.912066019212823,1.0,1.9327211797449373,,0.5,0.5
happy,0.2126913218878958,0.3928020776093676,1.538785530650147,-0.123120313,0.0,0,1.0,LOW,LOW,30.746173562242085,1.0,2.073702480044131,,0.5,0.5
happy,0.2013899503364892,0.4772578911365804,1.6646402803787346,-0.104222109,0.0,0,1.0,LOW,LOW,30.972200993270214,1.0,2.2617475191089644,,0.5,0.5
happy,0.1681169230225082,0.5049093130524085,3.674445900999477,-0.111671646,0.0,0,1.0,LOW,LOW,31.63766153954984,1.0,4.520645680603976,,0.5,0.5
happy,0.1545556247040344,0.4178650956326379,2.483781186352781,-0.088835061,0.0,0,1.0,LOW,LOW,31.908887505919317,1.0,3.6054253456109824,,0.5,0.5
happy,0.1992997892234073,0.2060731873395801,2.496199404722534,-0.130580495,0.0,0,1.0,LOW,LOW,31.014004215531852,1.0,2.95544827,,0.5,0.5
happy,0.1607409005984197,0.722587484,1.076373986220847,-0.067891413,0.0,0,1.0,LOW,LOW,31.785181988031606,1.0,2.1564194625468738,,0.5,0.5
sad,0.2089962345201523,1.6840062595802645,-0.20811257,-0.20121851,0.0,0,1.0,MEDIUM,LOW,30.82007530959695,1.0,2.3461960321410213,,0.5,0.5
sad,0.1853993789463852,1.2312700779804469,1.638006520753868,-0.181047712,0.0,0,1.0,MEDIUM,LOW,31.292012421072293,1.0,3.0503243106445472,,0.5,0.5
sad,0.220402464,1.277616570554104,0.6716550155143886,-0.17523425,0.0,0,1.0,MEDIUM,LOW,30.59195072,1.0,2.219483390378888,,0.5,0.5
sad,0.1319113388049526,1.0480470318091428,1.134328147826534,-0.166658633,0.0,0,1.0,MEDIUM,LOW,32.36177322390095,1.0,2.578819575239893,,0.5,0.5
sad,0.094120502,2.8040830978242948,0.1773653392125241,-0.1704657,0.0,0,1.0,MEDIUM,LOW,33.117589963806125,1.0,3.906244871085522,,0.5,0.5
sad,0.1280384692159665,2.532846140645898,0.1479215372527726,-0.173404892,0.0,0,1.0,MEDIUM,LOW,32.43923061568067,1.0,3.325364549580893,,0.5,0.5
sad,0.1562679728322655,2.963434110787291,0.3599078869100107,-0.20137528,0.0,0,1.0,MEDIUM,LOW,31.874640543354687,1.0,3.537625895655262,,0.5,0.5
sad,0.1327915067080289,1.8969112127605652,0.3125331663052731,-0.146751338,0.0,0,1.0,MEDIUM,LOW,32.34416986583942,1.0,2.452287492541466,,0.5,0.5
angry,0.2570587808255752,0.4380104326737591,-0.793448938,-0.091754284,0.0,0,1.0,MEDIUM,LOW,29.858824383488493,1.0,1.443685888490269,,0.5,0.5
angry,0.2698601305574164,1.9209886141935049,-0.817445082,-0.16769828,0.0,0,1.0,MEDIUM,LOW,29.60279738885167,1.0,2.984457491894491,,0.5,0.5
angry,0.2712353133145036,0.099108075,0.416664247369748,-0.181416987,0.0,0,1.0,MEDIUM,LOW,29.575293733709927,1.0,1.091947412232646,,0.5,0.5
angry,0.255166242068047,0.9863572599569176,-0.243461703,-0.063815443,0.0,0,1.0,MEDIUM,LOW,29.89667515863906,1.0,1.6422161191102451,,0.5,0.5
angry,0.2331900171573727,1.301546779467786,0.7284579143941063,-0.186512649,0.0,0,1.0,MEDIUM,LOW,30.336199656852543,1.0,4.261193056031322,,0.5,0.5
angry,0.2051461432717271,-0.229686124,0.7623917713738806,-0.200391622,0.0,0,1.0,MEDIUM,LOW,30.897077134565457,1.0,3.8928501042784553,,0.5,0.5
angry,0.2646051296567578,0.9528999433075688,1.9689830400106312,-0.245636765,0.0,0,1.0,MEDIUM,LOW,29.707897406864845,1.0,4.092961297529073,,0.5,0.5
angry,0.1945585111092783,0.5323261189298375,1.6687364158576976,-0.205843754,0.0,0,1.0,MEDIUM,LOW,31.10882977781443,1.0,3.793891797879354,,0.5,0.5
fearful,0.2959294088632231,0.3493845628397117,-1.49043828,-0.120005633,0.0,0,1.0,LOW,LOW,29.081411822735536,1.0,1.9598284758834896,,0.5,0.5
fearful,0.292264651,-2.487163549,1.3521279561235025,-0.21251986,0.0,0,1.0,LOW,LOW,29.15470698555074,1.0,4.051811365,,0.5,0.5
fearful,0.3062066143813853,-4.163141256,0.9157868329862956,-0.218081805,0.0,0,1.0,LOW,LOW,28.87586771237229,1.0,5.297009893731125,,0.5,0.5
fearful,0.2910293495147627,-1.924634296,0.7763590493942086,-0.187134308,0.0,0,1.0,LOW,LOW,29.179413009704746,1.0,2.888127652796302,,0.5,0.5
fearful,0.2897905952175922,-1.074457528,2.416822158638672,-0.228678117,0.0,0,1.0,LOW,LOW,29.204188095648156,1.0,3.719957804116537,,0.5,0.5
fearful,0.3262500764213616,-1.606875941,2.66472600812352,-0.249904387,0.0,0,1.0,LOW,LOW,28.474998471572768,1.0,4.521506336718599,,0.5,0.5
fearful,0.3202801241546927,-1.590786509,3.384154208912572,-0.254867407,0.0,0,1.0,LOW,LOW,28.59439751690615,1.0,5.229808124921269,,0.5,0.5
fearful,0.2872214989967506,-1.205442437,3.490877660819155,-0.250377173,0.0,0,1.0,LOW,LOW,29.25557002006499,1.0,5.441583499407513,,0.5,0.5
disgust,0.1370343623254668,-0.001052373,-1.702121557,-0.055098367,0.0,0,1.0,LOW,LOW,32.25931275349066,1.0,2.500864190266204,,0.5,0.5
disgust,0.121333717475536,-0.179083686,-0.410921179,-0.120635698,0.0,0,1.0,LOW,LOW,32.57332565048928,1.0,1.234940589685305,,0.5,0.5
disgust,0.1335978457935616,-0.489642792,-1.274386432,-0.078509575,0.0,0,1.0,LOW,LOW,32.328043084128765,1.0,2.3498255979079152,,0.5,0.5
disgust,0.1692470723504478,0.1114151379884047,0.394967287343431,-0.145004731,0.0,0,1.0,LOW,LOW,31.615058552991044,1.0,1.584267063420444,,0.5,0.5
disgust,0.1403598764839313,-0.300978818,-2.856468543,-0.08019885,0.0,0,1.0,LOW,LOW,32.192802470321375,1.0,3.945736063481613,,0.5,0.5
disgust,0.1540665860920707,-0.120719663,-2.711327873,-0.09187375,0.0,0,1.0,LOW,LOW,31.918668278158584,1.0,3.499476661608168,,0.5,0.5
disgust,0.1135081615585337,0.078520166,-2.409422637,-0.092349409,0.0,0,1.0,LOW,LOW,32.72983676882932,1.0,4.3444222209729935,,0.5,0.5
disgust,0.1424378161505143,0.2424276867063413,-1.269331182,-0.09082942,0.0,0,1.0,LOW,LOW,32.15124367698971,1.0,2.312938825425347,,0.5,0.5
surprised,0.2411321455963417,-0.854726475,2.5874776899806387,-0.222585294,0.0,0,1.0,LOW,LOW,30.177357088073165,1.0,3.9010334982480823,,0.5,0.5
surprised,0.1487001321209194,-0.908783087,1.9157125438891185,-0.226726081,0.0,0,1.0,LOW,LOW,32.02599735758161,1.0,3.563725638,,0.5,0.5
surprised,0.1296156751232027,-1.669601992,1.5773652931119215,-0.223533468,0.0,0,1.0,LOW,LOW,32.40768649753595,1.0,3.516439737188917,,0.5,0.5
surprised,0.191167938630526,-1.062123923,2.8584362270879096,-0.246202839,0.0,0,1.0,LOW,LOW,31.17664122738948,1.0,4.674362357797735,,0.5,0.5
surprised,0.157933198243105,0.998991517632942,1.6809619636249735,-0.209876211,0.0,0,1.0,LOW,LOW,31.84133604,1.0,3.350229627225352,,0.5,0.5
surprised,0.2237669056130727,-2.907368149,2.1335839326228214,-0.260423013,0.0,0,1.0,LOW,LOW,30.524661887738542,1.0,5.600401101192994,,0.5,0.5
surprised,0.2136188307349151,-1.493849223,0.80177902,-0.228299594,0.0,0,1.0,LOW,LOW,30.727623385301698,1.0,3.760542944572392,,0.5,0.5
surprised,0.1948862310588034,-2.293305957,0.5368836955489185,-0.221541205,0.0,0,1.0,LOW,LOW,31.10227537882393,1.0,3.701054477450984,,0.5,0.5
neutral,0.3333693893592362,1.0232986496743697,2.6044842209433967,-0.1037458,0.0,0,1.0,LOW,LOW,28.33261221281528,1.0,3.731528670308855,,0.5,0.5
neutral,0.3104849048590638,0.7879290528867281,2.845819405999999,-0.078292446,0.0,0,1.0,LOW,LOW,28.79030190281872,1.0,3.712040905,,0.5,0.5
neutral,0.3305496203264833,0.890930815,2.674956535961172,-0.075107869,0.0,0,1.0,LOW,LOW,28.389007593470332,1.0,3.6409952206872136,,0.5,0.5
neutral,0.3274084813417733,0.9079258468302356,2.3867368700044214,-0.078754504,0.0,0,1.0,LOW,LOW,28.451830373164533,1.0,3.373417221324428,,0.5,0.5
calm,0.2756092866059837,0.485981540464485,3.2644540095612533,-0.009646463,0.0,0,1.0,LOW,LOW,29.487814267880324,1.0,3.776433365309537,,0.5,0.5
calm,0.3197040263117799,1.067180154472423,0.9594713513855252,-0.027626031,0.0,0,1.0,LOW,LOW,28.6059194737644,1.0,2.345510219748461,,0.5,0.5
calm,0.2831308187303703,0.5306522533559708,2.3448871088429546,-0.024814337,0.0,0,1.0,LOW,LOW,29.337383625392597,1.0,2.9150202735817183,,0.5,0.5
calm,0.3076536945944252,1.567018802964997,2.676949694942924,-0.099253279,0.0,0,1.0,LOW,LOW,28.846926108111496,1.0,4.343221776467228,,0.5,0.5
calm,0.2656322784821556,0.6211646730230603,3.0394138928732586,0.006848612,0.0,0,1.0,LOW,LOW,29.687354430356887,1.0,3.680077737455564,,0.5,0.5
calm,0.2892618035652179,1.9407837557131733,5.264811002891238,-0.042886006,0.0,0,1.0,LOW,LOW,29.214763928695643,1.0,7.258465177391718,,0.5,0.5
calm,0.2945952188744347,0.4805509866673104,2.667394725919303,0.006786476,0.0,0,1.0,LOW,LOW,29.108095622511307,1.0,3.274468897206304,,0.5,0.5
calm,0.3219414048606337,1.141242682085877,3.898304895517545,-0.060898388,0.0,0,1.0,LOW,LOW,28.56117190278733,1.0,5.100445966058199,,0.5,0.5
happy,0.3247810870207013,0.8828069271809749,0.912878084389848,0.010033753,0.0,0,1.0,LOW,LOW,28.504378259585973,1.0,2.2057784946412857,,0.5,0.5
happy,0.3144236392972538,1.1715570801309654,0.3935394004498496,0.003829273,0.0,0,1.0,LOW,LOW,28.71152721405492,1.0,1.9018222470897097,,0.5,0.5
happy,0.3337625728159253,0.3772492317350466,-0.941643613,0.037976045,0.0,0,1.0,LOW,LOW,28.32474854368149,1.0,1.4102308157716277,,0.5,0.5
happy,0.3616339851226739,0.848529976,1.433552576238672,-0.015619438,0.0,0,1.0,LOW,LOW,27.76732029754652,1.0,2.495718619097719,,0.5,0.5
happy,0.3245850802703625,0.788155591,0.054815298,0.0127699203433135,0.0,0,1.0,LOW,LOW,28.50829839459275,1.0,2.233301903587281,,0.5,0.5
happy,0.3109772378378824,1.1069385815884207,1.3118359225629004,-0.019154973,0.0,0,1.0,LOW,LOW,28.780455243242358,1.0,2.609641850651139,,0.5,0.5
happy,0.3186253569370958,0.989583832987888,0.3198414155446062,-0.016247326,0.0,0,1.0,LOW,LOW,28.627492861258084,1.0,2.095367256076766,,0.5,0.5
happy,0.3329031295726506,0.7156014344969829,0.0103557451809683,0.00323354,0.0,0,1.0,LOW,LOW,28.341937408546983,1.0,1.674690783574954,,0.5,0.5
sad,0.2962658535564924,1.0131738288872312,0.7163577042635597,-0.012320569,0.0,0,1.0,MEDIUM,LOW,29.074682928870157,1.0,1.98534857995644,,0.5,0.5
sad,0.2828416776008381,0.7571061746446499,1.5981503258143557,-0.062347564,0.0,0,1.0,MEDIUM,LOW,29.34316644798324,1.0,2.520526388,,0.5,0.5
sad,0.322551118906842,0.7447732250576887,-0.33573182,-0.036945734,0.0,0,1.0,MEDIUM,LOW,28.54897762186316,1.0,2.150990013782647,,0.5,0.5
sad,0.3320973154364985,-0.023517705,-0.754011765,-0.002281153,0.0,0,1.0,MEDIUM,LOW,28.35805369127003,1.0,2.022411258804141,,0.5,0.5
sad,0.3134618583578165,0.8390780254348995,1.2466998422487356,-0.021691625,0.0,0,1.0,MEDIUM,LOW,28.73076283284367,1.0,2.4167276841019305,,0.5,0.5
sad,0.2969704153644342,0.7774474576314665,0.5969585578166715,-0.031065028,0.0,0,1.0,MEDIUM,LOW,29.06059169271132,1.0,1.770783886445436,,0.5,0.5
sad,0.3139948881788634,0.7186508030783648,-0.423978085,-0.012453848,0.0,0,1.0,MEDIUM,LOW,28.720102236422733,1.0,2.001752538228438,,0.5,0.5
sad,0.329674382,0.9997300715738552,-1.158602397,0.003440283,0.0,0,1.0,MEDIUM,LOW,28.40651235437372,1.0,2.316203390044077,,0.5,0.5
angry,0.3121770605833307,1.5916751054612148,0.6256976038393318,-0.055582675,0.0,0,1.0,MEDIUM,LOW,28.756458788333383,1.0,2.9018172458285934,,0.5,0.5
angry,0.31823577315067,0.068538577,2.197086384198588,-0.086428465,0.0,0,1.0,MEDIUM,LOW,28.63528454,1.0,2.477000088196151,,0.5,0.5
angry,0.3264098038075935,0.589767226,0.082215457,-0.084864653,0.0,0,1.0,MEDIUM,LOW,28.471803923848128,1.0,1.4015124937626586,,0.5,0.5
angry,0.3246936211621634,1.4159422766349214,-0.17198793,-0.029623707,0.0,0,1.0,MEDIUM,LOW,28.50612757675673,1.0,2.107384874891721,,0.5,0.5
angry,0.3186504323303416,0.7721419701173677,1.4229426771816678,-0.051351767,0.0,0,1.0,MEDIUM,LOW,28.62699135339317,1.0,2.8574570607643803,,0.5,0.5
angry,0.3162862125982457,-0.019175647,2.666163139417083,-0.080564329,0.0,0,1.0,MEDIUM,LOW,28.67427574803509,1.0,4.445206934243111,,0.5,0.5
angry,0.3283078742412116,1.3400788367318273,3.092821728842439,-0.062310563,0.0,0,1.0,MEDIUM,LOW,28.43384251517577,1.0,4.757273143748133,,0.5,0.5
angry,0.2881260564756146,0.073806852,3.5236864973672533,-0.095516212,0.083333333,0,0.9166666666666666,MEDIUM,LOW,29.237478870487703,0.9166666666666666,5.237573267333383,,0.5,0.5
fearful,0.3300981653858008,0.6687973419764943,-0.253384545,-0.052614494,0.0,0,1.0,LOW,LOW,28.398036692283984,1.0,1.5211386640919526,,0.5,0.5
fearful,0.3499161308064182,1.6207352596475149,0.0291624681397186,-0.0633604,0.0,0,1.0,LOW,LOW,28.001677383871638,1.0,2.057176495257626,,0.5,0.5
fearful,0.3783907745119359,1.0295556911807724,1.3931670422894655,-0.083620754,0.0,0,1.0,LOW,LOW,27.43218450976128,1.0,2.5063434873069297,,0.5,0.5
fearful,0.3753083216741702,0.8219493194093286,1.201024066177068,-0.077279202,0.0,0,1.0,LOW,LOW,27.4938335665166,1.0,2.100252587358672,,0.5,0.5
fearful,0.3431000764830268,0.920314956,2.024214311228879,-0.094707745,0.0,0,1.0,LOW,LOW,28.137998470339465,1.0,3.039237012395735,,0.5,0.5
fearful,0.3529994338064798,0.8464072722997051,1.5693670234702577,-0.088469785,0.0,0,1.0,LOW,LOW,27.940011323870404,1.0,2.504244080905625,,0.5,0.5
fearful,0.3383072712820442,0.5813723871941736,1.966549268343252,-0.067416547,0.0,0,1.0,LOW,LOW,28.233854574359118,1.0,2.666162962262752,,0.5,0.5
fearful,0.3084652645905226,0.4963289882791555,1.3326465521997752,-0.044438971,0.0,0,1.0,LOW,LOW,28.830694708189547,1.0,2.0199988919090286,,0.5,0.5
disgust,0.2448295932644108,0.6733291774296628,0.3646380709699187,-0.034347349,0.0,0,1.0,LOW,LOW,30.10340813471178,1.0,1.3849099913589615,,0.5,0.5
disgust,0.2883306643270203,0.1875180450180567,-0.406251092,-0.010535242,0.0,0,1.0,LOW,LOW,29.233386713459595,1.0,1.502563871101889,,0.5,0.5
disgust,0.2760228753558076,-0.127173891,-1.127930993,-0.011697461,0.0,0,1.0,LOW,LOW,29.479542492883848,1.0,2.242064371,,0.5,0.5
disgust,0.2310649087343551,0.6193921064760065,-1.255399449,0.002124086,0.0,0,1.0,LOW,LOW,30.37870182531289,1.0,2.5354813261919023,,0.5,0.5
disgust,0.211810602,1.600765875315407,-0.000955447,-0.025039007,0.0,0,1.0,LOW,LOW,30.76378796580132,1.0,2.632294441847101,,0.5,0.5
disgust,0.2112743379685776,0.9261299726933104,0.164631645529679,-0.050987916,0.076923077,0,0.9230769230769232,LOW,LOW,30.774513240628448,0.9230769230769232,1.9488777237171628,,0.5,0.5
disgust,0.2167827184808909,1.054621178178038,-1.792013201,0.0117264382436531,0.0,0,1.0,LOW,LOW,30.66434563038218,1.0,2.869999109225788,,0.5,0.5
disgust,0.2012246990553066,1.4008039879528014,-0.320782942,-0.012543016,0.0,0,1.0,LOW,LOW,30.975506018893867,1.0,2.893224800860049,,0.5,0.5
surprised,0.3563379287593287,1.3129864746415931,0.7568239383521663,-0.06471138,0.0,0,1.0,LOW,LOW,27.873241424813425,1.0,2.1600126004920366,,0.5,0.5
surprised,0.3475820445508989,1.2463706209123475,0.6228037301632833,-0.053863194,0.0,0,1.0,LOW,LOW,28.04835910898202,1.0,2.685284816242788,,0.5,0.5
surprised,0.3876385349319607,0.6915104219714744,0.1667254396204491,-0.081051336,0.0,0,1.0,LOW,LOW,27.247229301360782,1.0,2.234370589028627,,0.5,0.5
surprised,0.3683569796916979,1.2691114610567835,0.3649681924519726,-0.088280869,0.0,0,1.0,LOW,LOW,27.63286040616604,1.0,2.490778900461362,,0.5,0.5
surprised,0.390984203342996,1.019901295584324,0.7048516161521344,-0.07373879,0.0,0,1.0,LOW,LOW,27.18031593314008,1.0,2.055838459517265,,0.5,0.5
surprised,0.4076072615659171,0.952898807468406,1.804229292817014,-0.102598402,0.0,0,1.0,LOW,LOW,26.847854768681657,1.0,2.8597265027457155,,0.5,0.5
surprised,0.3570085458352192,0.8704900190360302,0.6851321584715461,-0.10952842,0.0,0,1.0,LOW,LOW,27.85982908329561,1.0,1.748275183,,0.5,0.5
surprised,0.3620456437404191,0.9735266249682102,0.082549266,-0.092455567,0.0,0,1.0,LOW,LOW,27.759087125191616,1.0,1.7026138096530292,,0.5,0.5
neutral,0.3301617163091247,1.0755295872144426,2.5973002260900926,-0.099776892,0.0,0,1.0,LOW,LOW,28.396765673817505,1.0,3.772606705415509,,0.5,0.5
neutral,0.3113475039730473,0.7827571152132516,2.853045567992387,-0.078508413,0.0,0,1.0,LOW,LOW,28.77304992053905,1.0,3.714311096133251,,0.5,0.5
neutral,0.3313518496627524,0.8899834458698646,2.675535110190763,-0.075222323,0.0,0,1.0,LOW,LOW,28.372963006744957,1.0,3.6407408786556106,,0.5,0.5
neutral,0.3280934760187363,0.9013416119940196,2.3713731057986647,-0.078987741,0.0,0,1.0,LOW,LOW,28.438130479625272,1.0,3.3517024583320083,,0.5,0.5
calm,0.273743268,0.4832580838467768,3.234884955306297,-0.009815267,0.0,0,1.0,LOW,LOW,29.525134633684974,1.0,3.739198565064092,,0.5,0.5
calm,0.3201049095475888,1.0809779027974862,0.9247551365609268,-0.026816226,0.0,0,1.0,LOW,LOW,28.597901809048224,1.0,2.361124509383842,,0.5,0.5
calm,0.2833117764968016,0.5324189551694626,2.330612477979052,-0.025303999,0.0,0,1.0,LOW,LOW,29.33376447006397,1.0,2.9014671247305213,,0.5,0.5
calm,0.307026686672221,1.5651256921363432,2.665669967347536,-0.097872891,0.0,0,1.0,LOW,LOW,28.85946626655558,1.0,4.328668549993396,,0.5,0.5
calm,0.2648770914706077,0.6358940427967507,3.0398994907340504,0.007499688,0.0,0,1.0,LOW,LOW,29.70245817058785,1.0,3.694628803,,0.5,0.5
calm,0.2888858725361958,1.952621014800077,5.254044353730145,-0.042602767,0.0,0,1.0,LOW,LOW,29.222282549276084,1.0,7.259273491558916,,0.5,0.5
calm,0.2948176211630985,0.4810884204480787,2.6736016444976545,0.006870498,0.0,0,1.0,LOW,LOW,29.10364757673803,1.0,3.2885120487078896,,0.5,0.5
calm,0.3216675042879681,1.1268655601363524,3.886381626722116,-0.060899902,0.0,0,1.0,LOW,LOW,28.56664991424064,1.0,5.074147088935707,,0.5,0.5
happy,0.3243670388129877,0.8798243241912024,0.9282577866317212,0.0102423127009632,0.0,0,1.0,LOW,LOW,28.512659223740247,1.0,2.2296165788567284,,0.5,0.5
happy,0.3155379084737401,1.180554878864018,0.4042561810052464,0.004687727,0.0,0,1.0,LOW,LOW,28.6892418305252,1.0,1.9307920213548768,,0.5,0.5
happy,0.3349834578531363,0.3950121656308509,-0.946133131,0.038612689,0.0,0,1.0,LOW,LOW,28.300330842937274,1.0,1.4228658002045018,,0.5,0.5
happy,0.3645941202328592,0.8617850409127474,1.4388947773171068,-0.015289253,0.0,0,1.0,LOW,LOW,27.708117595342813,1.0,2.4954226312832795,,0.5,0.5
happy,0.3257517425185962,0.786132794,0.065140287,0.0130911313391795,0.0,0,1.0,LOW,LOW,28.484965149628074,1.0,2.261193737,,0.5,0.5
happy,0.3123614985870823,1.1078364029923595,1.286912566705099,-0.018245617,0.0,0,1.0,LOW,LOW,28.752770028258357,1.0,2.6377836698303896,,0.5,0.5
happy,0.3172360536846136,0.9864643461318956,0.3276335911044682,-0.015832572,0.0,0,1.0,LOW,LOW,28.655278926307727,1.0,2.0866106488788887,,0.5,0.5
happy,0.3319769093243339,0.7095577931194872,0.003792703,0.004165394,0.0,0,1.0,LOW,LOW,28.36046181351332,1.0,1.6743799925806273,,0.5,0.5
sad,0.2974764038267857,0.9915656948430124,0.7150570701987369,-0.013257823,0.0,0,1.0,MEDIUM,LOW,29.050471923464286,1.0,1.948937517,,0.5,0.5
sad,0.2828846588382209,0.7637141998584485,1.6013444826817114,-0.062089981,0.0,0,1.0,MEDIUM,LOW,29.34230682323558,1.0,2.528681253578308,,0.5,0.5
sad,0.3225903133803757,0.748949914,-0.340545938,-0.035953201,0.0,0,1.0,MEDIUM,LOW,28.548193732392484,1.0,2.137637801083958,,0.5,0.5
sad,0.3347469463428049,-0.03128177,-0.743514934,-0.002402667,0.0,0,1.0,MEDIUM,LOW,28.305061073143904,1.0,2.028622637967439,,0.5,0.5
sad,0.3111806577520746,0.8519659190597764,1.2280934507977423,-0.021514383,0.0,0,1.0,MEDIUM,LOW,28.77638684495851,1.0,2.414208601485771,,0.5,0.5
sad,0.2967403145645004,0.7902674500687297,0.5773713127833158,-0.030425089,0.0,0,1.0,MEDIUM,LOW,29.06519370870999,1.0,1.791036646598491,,0.5,0.5
sad,0.3150386889765872,0.7090844278632392,-0.398535041,-0.013121803,0.0,0,1.0,MEDIUM,LOW,28.69922622046825,1.0,2.0064832744242653,,0.5,0.5
sad,0.3283741973436569,0.9957580313645168,-1.151777817,0.00404255,0.0,0,1.0,MEDIUM,LOW,28.43251605312686,1.0,2.311950968031257,,0.5,0.5
angry,0.3110549801549458,1.5881396273903556,0.6156504289796335,-0.055458733,0.0,0,1.0,MEDIUM,LOW,28.778900396901083,1.0,2.8919018117070787,,0.5,0.5
angry,0.3203909646717701,0.053232198,2.214636794286976,-0.086533734,0.0,0,1.0,MEDIUM,LOW,28.5921807065646,1.0,2.492280500002527,,0.5,0.5
angry,0.3276958378035358,0.5890148808932746,0.097188659,-0.084297045,0.0,0,1.0,MEDIUM,LOW,28.446083243929284,1.0,1.367170864984775,,0.5,0.5
angry,0.3232766911316983,1.4295209043683867,-0.168482295,-0.028928094,0.0,0,1.0,MEDIUM,LOW,28.534466177366035,1.0,2.114816840314671,,0.5,0.5
angry,0.3188858833955922,0.7806089625174005,1.4363516561443397,-0.051316898,0.0,0,1.0,MEDIUM,LOW,28.622282332088155,1.0,2.871236536595937,,0.5,0.5
angry,0.3176248054621192,-0.023585615,2.642921195626518,-0.079997718,0.0,0,1.0,MEDIUM,LOW,28.647503890757616,1.0,4.418374314539941,,0.5,0.5
angry,0.329051305429194,1.3434758285111392,3.074339299583188,-0.061405366,0.0,0,1.0,MEDIUM,LOW,28.41897389141612,1.0,4.742209406988127,,0.5,0.5
angry,0.2863576142035568,0.081965928,3.521376171956265,-0.095516253,0.083333333,0,0.9166666666666666,MEDIUM,LOW,29.27284771592886,0.9166666666666666,5.243135025013218,,0.5,0.5
fearful,0.3290335418834489,0.6726932375140267,-0.24892793,-0.052213628,0.0,0,1.0,LOW,LOW,28.41932916233102,1.0,1.5273063829949498,,0.5,0.5
fearful,0.3491962809397846,1.6131553289563638,0.0250879137482344,-0.063040384,0.0,0,1.0,LOW,LOW,28.01607438120431,1.0,2.037231281785047,,0.5,0.5
fearful,0.3778494008107608,1.023672325250777,1.3747851454584663,-0.084478028,0.0,0,1.0,LOW,LOW,27.443011983784785,1.0,2.4829354988854053,,0.5,0.5
fearful,0.3793406712504826,0.8097814269728609,1.1988343301347442,-0.078005735,0.0,0,1.0,LOW,LOW,27.41318657499035,1.0,2.0866214924634163,,0.5,0.5
fearful,0.3419740594096927,0.9123015342620112,2.014198441,-0.093868147,0.0,0,1.0,LOW,LOW,28.160518811806146,1.0,3.020368122787493,,0.5,0.5
fearful,0.3542812019792757,0.838964629,1.576495164971525,-0.088527652,0.0,0,1.0,LOW,LOW,27.91437596041448,1.0,2.5039874456585105,,0.5,0.5
fearful,0.3356998532909296,0.582580965,1.9747528387669868,-0.066957235,0.0,0,1.0,LOW,LOW,28.286002934181408,1.0,2.675572687340648,,0.5,0.5
fearful,0.3075232230479549,0.4986018387468715,1.3333452021804126,-0.0442255,0.0,0,1.0,LOW,LOW,28.84953554,1.0,2.023011750362308,,0.5,0.5
disgust,0.2442919486280477,0.6874155560688112,0.3406030519933709,-0.033755902,0.0,0,1.0,LOW,LOW,30.11416102743905,1.0,1.3923277499079247,,0.5,0.5
disgust,0.2852298513335635,0.1868124851848843,-0.397007654,-0.01025543,0.0,0,1.0,LOW,LOW,29.29540297332873,1.0,1.491591357840117,,0.5,0.5
disgust,0.2755026696873984,-0.133526799,-1.103914874,-0.011388202,0.0,0,1.0,LOW,LOW,29.489946606252037,1.0,2.231901359119438,,0.5,0.5
disgust,0.2314778979197435,0.6185578091662817,-1.244553248,0.001714164,0.0,0,1.0,LOW,LOW,30.37044204160513,1.0,2.5504051473629787,,0.5,0.5
disgust,0.213361290363912,1.5967139421949954,-0.019991979,-0.025054493,0.0,0,1.0,LOW,LOW,30.73277419272176,1.0,2.6440357109933075,,0.5,0.5
disgust,0.2119461332936039,0.9301428317169138,0.1740338265033818,-0.049503714,0.076923077,0,0.9230769230769232,LOW,LOW,30.76107733412792,0.9230769230769232,1.9574717840452995,,0.5,0.5
disgust,0.2162024276028284,1.0580012053725083,-1.79173759,0.0117657415664177,0.0,0,1.0,LOW,LOW,30.675951447943437,1.0,2.8738190855939005,,0.5,0.5
disgust,0.200530887584653,1.3983883972501052,-0.301635933,-0.012305285,0.0,0,1.0,LOW,LOW,30.98938224830694,1.0,2.873925818836667,,0.5,0.5
surprised,0.359191995,1.3135248440697929,0.7888486649514502,-0.065178017,0.0,0,1.0,LOW,LOW,27.81616009431342,1.0,2.1857647476519726,,0.5,0.5
surprised,0.348505269466706,1.2329020212705717,0.6041782040521143,-0.053216329,0.0,0,1.0,LOW,LOW,28.02989461066588,1.0,2.6693488899143376,,0.5,0.5
surprised,0.3841448481353608,0.6803535279609633,0.1567978058137148,-0.082192296,0.0,0,1.0,LOW,LOW,27.31710303729278,1.0,2.192536426323928,,0.5,0.5
surprised,0.3652831471788146,1.2860325761373024,0.354576235851728,-0.086935486,0.0,0,1.0,LOW,LOW,27.694337056423706,1.0,2.488497921159632,,0.5,0.5
surprised,0.3907345317140706,1.0059061790624255,0.7020022212049628,-0.074783824,0.0,0,1.0,LOW,LOW,27.185309365718588,1.0,2.024311676226467,,0.5,0.5
surprised,0.4077150432868305,0.9625957869460112,1.772882092646757,-0.101827718,0.0,0,1.0,LOW,LOW,26.84569913426339,1.0,2.837305597775121,,0.5,0.5
surprised,0.3568034834472118,0.8888174918239734,0.669656445,-0.108038104,0.0,0,1.0,LOW,LOW,27.86393033105576,1.0,1.7415204664536217,,0.5,0.5
surprised,0.3623513365344847,0.9650873463651412,0.073664672,-0.09285019,0.0,0,1.0,LOW,LOW,27.752973269310303,1.0,1.7114007415188124,,0.5,0.5
neutral,0.2809533917195337,1.0582810318397873,2.8039250810084826,-0.071087553,0.0,0,1.0,LOW,LOW,29.380932165609327,1.0,3.933293666094753,,0.5,0.5
neutral,0.2907577410758644,1.1573256041940063,2.9711857602103824,-0.074672999,0.0,0,1.0,LOW,LOW,29.18484517848271,1.0,4.203184363239894,,0.5,0.5
neutral,0.2942263738923151,0.9786186715605744,3.4380917882242867,-0.07443488,0.0,0,1.0,LOW,LOW,29.11547252215369,1.0,4.49114534,,0.5,0.5
neutral,0.2892596551240852,0.9627108533596156,3.489507186189177,-0.075593293,0.0,0,1.0,LOW,LOW,29.214806897518294,1.0,4.527811332176817,,0.5,0.5
calm,0.2477821107063582,1.311205806243471,3.6305081812501214,-0.069363118,0.0,0,1.0,LOW,LOW,30.044357785872837,1.0,5.011077105089351,,0.5,0.5
calm,0.2795491334400765,1.209490954922033,3.311460851094059,-0.060146257,0.0,0,1.0,LOW,LOW,29.40901733119847,1.0,4.581098063260611,,0.5,0.5
calm,0.2870216203416071,0.9145148555920756,2.7687390665135303,-0.073509684,0.0,0,1.0,LOW,LOW,29.25956759316786,1.0,3.756763606276823,,0.5,0.5
calm,0.2573407327972589,1.6813110380060243,4.827569597889731,-0.033870432,0.0,0,1.0,LOW,LOW,29.853185344054825,1.0,6.5427510674390055,,0.5,0.5
calm,0.2769563907071635,1.6860356041645652,3.277704855534893,-0.090283113,0.0,0,1.0,LOW,LOW,29.46087218585673,1.0,5.054023572608432,,0.5,0.5
calm,0.246678952001589,1.722282788123899,4.336622230011166,-0.048144991,0.0,0,1.0,LOW,LOW,30.06642095996822,1.0,6.107050009,,0.5,0.5
calm,0.2627116115857276,1.2552405383794274,4.281530079377927,-0.053306752,0.0,0,1.0,LOW,LOW,29.745767768285447,1.0,5.590077369498856,,0.5,0.5
calm,0.2590204901522539,1.4756513034450955,4.523531172727899,-0.055669419,0.0,0,1.0,LOW,LOW,29.81959019695492,1.0,6.054851895216348,,0.5,0.5
happy,0.2608008824950169,1.2844823217184609,3.910876705402717,-0.069256092,0.0,0,1.0,LOW,LOW,29.78398235009966,1.0,5.264615119554168,,0.5,0.5
happy,0.2497661698011076,1.3037273893820642,3.2518654838674115,-0.028698747,0.0,0,1.0,LOW,LOW,30.00467660397785,1.0,4.5856963830672886,,0.5,0.5
happy,0.2468546941423142,1.298708879680508,3.036236895169092,-0.031474919,0.0,0,1.0,LOW,LOW,30.06290611715372,1.0,4.366888948028493,,0.5,0.5
happy,0.2568482689266279,1.384760356254734,2.9344150817841648,-0.040825575,0.0,0,1.0,LOW,LOW,29.86303462146744,1.0,4.360205918290173,,0.5,0.5
happy,0.2506869153053045,1.5575511205556651,2.946418363263287,-0.042871163,0.0,0,1.0,LOW,LOW,29.98626169389391,1.0,4.548459886435674,,0.5,0.5
happy,0.2664236475883575,1.5427104839081405,3.0826371743160728,-0.039832614,0.0,0,1.0,LOW,LOW,29.67152704823285,1.0,4.671707570938074,,0.5,0.5
happy,0.253458492,1.7841402382406573,4.202436531955186,-0.024514564,0.0,0,1.0,LOW,LOW,29.93083015481194,1.0,6.023822800854032,,0.5,0.5
happy,0.2542373749185085,1.4392794923935432,2.5874438670564937,-0.041499679,0.0,0,1.0,LOW,LOW,29.91525250162983,1.0,4.0682230385890685,,0.5,0.5
sad,0.2979435659087298,1.7996511370342847,2.989510719296301,-0.113746214,0.0,0,1.0,MEDIUM,LOW,29.04112868182541,1.0,4.902908070332868,,0.5,0.5
sad,0.2834474562518524,1.4602672057752015,3.0538154628932555,-0.10394301,0.0,0,1.0,MEDIUM,LOW,29.331050874962948,1.0,4.618025678405479,,0.5,0.5
sad,0.2854674457447829,1.6960307172669735,3.097909186396344,-0.099063921,0.0,0,1.0,MEDIUM,LOW,29.290651085104344,1.0,4.893003824255948,,0.5,0.5
sad,0.2843286100214276,1.702396450533157,3.25875764376218,-0.106255172,0.0,0,1.0,MEDIUM,LOW,29.31342779957145,1.0,5.067409266250797,,0.5,0.5
sad,0.2375376092135202,1.2760216526380304,3.224225739311122,-0.067499054,0.0,0,1.0,MEDIUM,LOW,30.2492478157296,1.0,4.570576148354347,,0.5,0.5
sad,0.2027105888467068,1.667769566,3.239142499385591,-0.107590796,0.0,0,1.0,MEDIUM,LOW,30.94578822306586,1.0,5.014502860821201,,0.5,0.5
sad,0.2555445516162244,1.3029463155022294,3.552312407992733,-0.084690269,0.0,0,1.0,MEDIUM,LOW,29.88910896767551,1.0,4.939948992964952,,0.5,0.5
sad,0.2525465533103631,1.457679749,3.457925283343072,-0.094148055,0.0,0,1.0,MEDIUM,LOW,29.949068933792734,1.0,5.009753087703269,,0.5,0.5
angry,0.2923477727462079,1.398015640988878,2.6072809423451195,-0.098821813,0.0,0,1.0,MEDIUM,LOW,29.153044545075844,1.0,4.104118396094687,,0.5,0.5
angry,0.3187161542263427,1.2716649374132498,1.810819900786265,-0.103723072,0.0,0,1.0,MEDIUM,LOW,28.625676915473147,1.0,3.1862079097821545,,0.5,0.5
angry,0.309823249,1.398279524118374,2.1621716997686278,-0.095932869,0.0,0,1.0,MEDIUM,LOW,28.80353501115234,1.0,3.656384093194408,,0.5,0.5
angry,0.3032359757519094,1.2301863821655343,1.9962025274578865,-0.088295478,0.0,0,1.0,MEDIUM,LOW,28.93528048496181,1.0,3.3146843875936467,,0.5,0.5
angry,0.3387886705375517,1.210256919947539,2.218046643373275,-0.125646301,0.0,0,1.0,MEDIUM,LOW,28.224226589248964,1.0,3.5539498645587395,,0.5,0.5
angry,0.3231985901359853,1.2382109478160144,2.3435790941820738,-0.103595754,0.0,0,1.0,MEDIUM,LOW,28.53602819728029,1.0,3.685385795801334,,0.5,0.5
angry,0.3293037868911201,1.312772026527638,2.5326804343110827,-0.107375981,0.0,0,1.0,MEDIUM,LOW,28.413924262177595,1.0,3.952828441556099,,0.5,0.5
angry,0.3247764833200827,1.074376911742722,1.816820114,-0.10688113,0.0,0,1.0,MEDIUM,LOW,28.504470333598345,1.0,2.998078155635183,,0.5,0.5
fearful,0.3269742701759357,1.1424138059521225,2.8423568665264827,-0.093058288,0.0,0,1.0,LOW,LOW,28.46051459648129,1.0,4.077828960569006,,0.5,0.5
fearful,0.327431787,1.199681618,3.1309035823921003,-0.100583712,0.0,0,1.0,LOW,LOW,28.451364267125054,1.0,4.431168912885612,,0.5,0.5
fearful,0.3221144724246655,2.581605700961312,4.4883137398444966,-0.071733044,0.0,0,1.0,LOW,LOW,28.557710551506688,1.0,7.141652485028168,,0.5,0.5
fearful,0.3198811943026569,2.209177459643933,4.665418738,-0.056076502,0.0,0,1.0,LOW,LOW,28.60237611394686,1.0,6.930672699877892,,0.5,0.5
fearful,0.3381395736639763,1.3258639218737571,3.506280618893421,-0.115203528,0.0,0,1.0,LOW,LOW,28.237208526720472,1.0,4.947348068618808,,0.5,0.5
fearful,0.3327736379785638,1.3427059120595517,3.982753383642303,-0.073681955,0.0,0,1.0,LOW,LOW,28.344527240428725,1.0,5.399141250675084,,0.5,0.5
fearful,0.3292323808781553,1.2929177202216904,3.7467892171469783,-0.094565198,0.0,0,1.0,LOW,LOW,28.415352382436893,1.0,5.134272134985371,,0.5,0.5
fearful,0.329580267590042,1.3441332040390277,3.6025328938276573,-0.078810746,0.0,0,1.0,LOW,LOW,28.40839464819916,1.0,5.0254768439804565,,0.5,0.5
disgust,0.2167657639109752,1.4830531304390489,3.538010084454088,-0.070602696,0.0,0,1.0,LOW,LOW,30.664684721780496,1.0,5.091665910470133,,0.5,0.5
disgust,0.2324747527933891,1.705232136776861,3.750934003357479,-0.079680387,0.0,0,1.0,LOW,LOW,30.35050494413222,1.0,5.535846526652994,,0.5,0.5
disgust,0.204697991,1.959430865207916,3.390638636443107,-0.077506895,0.0,0,1.0,LOW,LOW,30.90604018105076,1.0,5.427576396688275,,0.5,0.5
disgust,0.2240010740948204,1.7704670005239436,3.3087494197938416,-0.087636139,0.0,0,1.0,LOW,LOW,30.519978518103592,1.0,5.166852558977436,,0.5,0.5
disgust,0.2269134089393867,2.024459444670628,4.5851005367913125,-0.045203731,0.0,0,1.0,LOW,LOW,30.461731821212265,1.0,6.655103637556217,,0.5,0.5
disgust,0.238774944212024,1.3956345899916458,4.648475935022483,-0.055882973,0.0,0,1.0,LOW,LOW,30.22450111575952,1.0,6.100677927132868,,0.5,0.5
disgust,0.2288497720073412,1.423109946983648,5.0202866155833386,-0.04257792,0.0,0,1.0,LOW,LOW,30.423004559853176,1.0,6.485974482555642,,0.5,0.5
disgust,0.2107543669199838,2.1784822811274926,6.291471397107094,-0.002054541,0.0,0,1.0,MEDIUM,LOW,30.784912661600323,1.0,8.489837271926458,,0.5,0.5
surprised,0.3158314577906342,1.244939775830404,3.258936045414943,-0.108722633,0.0,0,1.0,LOW,LOW,28.68337084418732,1.0,4.612598454,,0.5,0.5
surprised,0.346316277,1.1522862194072665,2.934542783106254,-0.111762984,0.0,0,1.0,LOW,LOW,28.07367446012178,1.0,4.198591986101551,,0.5,0.5
surprised,0.3567773388300991,0.8709717470944383,2.769251922494248,-0.120028197,0.0,0,1.0,LOW,LOW,27.864453223398016,1.0,3.760251866164507,,0.5,0.5
surprised,0.3430140350503475,1.165236216127291,2.955836189742028,-0.126114445,0.0,0,1.0,LOW,LOW,28.13971929899305,1.0,4.247186850635955,,0.5,0.5
surprised,0.3514035827472146,1.0457336153399364,3.444274109520624,-0.121555801,0.0,0,1.0,LOW,LOW,27.97192834505571,1.0,4.611563525397298,,0.5,0.5
surprised,0.365801721988955,0.9003453479697558,3.323183633192297,-0.134347097,0.0,0,1.0,LOW,LOW,27.683965560220894,1.0,4.357876078024855,,0.5,0.5
surprised,0.3374105509088994,1.1835761355059824,3.5385630245265256,-0.103480623,0.0,0,1.0,LOW,LOW,28.251788981822013,1.0,4.825619783390653,,0.5,0.5
surprised,0.3496796593849734,1.0858018124289426,3.896103274401151,-0.113585892,0.0,0,1.0,LOW,LOW,28.006406812300533,1.0,5.095490978579488,,0.5,0.5
neutral,0.2809109543135161,1.0840409131605773,2.834603026393003,-0.064416083,0.0,0,1.0,LOW,LOW,29.38178091372968,1.0,3.983060022569005,,0.5,0.5
neutral,0.2898420707576897,1.157342776682558,2.9646564556890573,-0.074254396,0.0,0,1.0,LOW,LOW,29.203158584846207,1.0,4.196253628077107,,0.5,0.5
neutral,0.2914969882953755,0.97571376820597,3.4429455846792285,-0.075549789,0.0,0,1.0,LOW,LOW,29.17006023409249,1.0,4.494209142086991,,0.5,0.5
neutral,0.2917218891600337,0.9819138925213112,3.485104851,-0.073923505,0.0,0,1.0,LOW,LOW,29.165562216799326,1.0,4.540942248094491,,0.5,0.5
calm,0.2467735276438149,1.3094323093702327,3.6298383441969673,-0.06867301,0.0,0,1.0,LOW,LOW,30.06452945,1.0,5.007943663,,0.5,0.5
calm,0.2813911150209914,1.210358634081809,3.308034731273105,-0.059479424,0.0,0,1.0,LOW,LOW,29.37217769958017,1.0,4.577872788982123,,0.5,0.5
calm,0.2837580264311586,0.9089551248898328,2.7699553451593166,-0.072980155,0.0,0,1.0,LOW,LOW,29.324839471376823,1.0,3.7518906246017374,,0.5,0.5
calm,0.2588772590454348,1.6663180558159512,4.810239576711172,-0.03537951,0.0,0,1.0,LOW,LOW,29.822454819091305,1.0,6.511937142896585,,0.5,0.5
calm,0.2778202531449947,1.7000117906076688,3.285776613504275,-0.090350338,0.0,0,1.0,LOW,LOW,29.443594937100105,1.0,5.076138742069486,,0.5,0.5
calm,0.2482317180981945,1.714434889719214,4.334321718792477,-0.04734149,0.0,0,1.0,LOW,LOW,30.035365638036108,1.0,6.096098099,,0.5,0.5
calm,0.2638053536594751,1.2548829830549366,4.286446486353627,-0.054287488,0.0,0,1.0,LOW,LOW,29.72389293,1.0,5.595616957434792,,0.5,0.5
calm,0.2593942615741408,1.5008459482546064,4.4898554821662335,-0.054554714,0.0,0,1.0,LOW,LOW,29.812114768517183,1.0,6.0452561440394215,,0.5,0.5
happy,0.2606404261559509,1.2936125758084245,3.9192984393055466,-0.068355821,0.0,0,1.0,LOW,LOW,29.78719147688098,1.0,5.281266836095122,,0.5,0.5
happy,0.2494996221919291,1.3027445630227132,3.251640343789491,-0.027138767,0.0,0,1.0,LOW,LOW,30.01000755616142,1.0,4.5831356562816055,,0.5,0.5
happy,0.2472238282948272,1.2992437396462897,2.992391256880015,-0.032815047,0.0,0,1.0,LOW,LOW,30.055523434103456,1.0,4.324723251,,0.5,0.5
happy,0.2545072327078073,1.376814101348509,2.942882822213885,-0.040988687,0.0,0,1.0,LOW,LOW,29.90985534584385,1.0,4.360685610140905,,0.5,0.5
happy,0.2537718652616452,1.5722503886997388,2.915540291526697,-0.04140774,0.0,0,1.0,LOW,LOW,29.924562694767097,1.0,4.531207070699981,,0.5,0.5
happy,0.26019312345952,1.547184738061953,3.065612784292736,-0.039028309,0.0,0,1.0,LOW,LOW,29.79613753,1.0,4.658163679988754,,0.5,0.5
happy,0.2561128389498182,1.769425412631076,4.182796973949805,-0.025600743,0.0,0,1.0,LOW,LOW,29.87774322100364,1.0,5.989540893557643,,0.5,0.5
happy,0.253573460807403,1.4307672615619416,2.561642292075369,-0.040544982,0.0,0,1.0,LOW,LOW,29.92853078385194,1.0,4.032954535204825,,0.5,0.5
sad,0.2987505436244406,1.793111761588308,2.9752809910930416,-0.114196514,0.0,0,1.0,MEDIUM,LOW,29.024989127511187,1.0,4.882589266994671,,0.5,0.5
sad,0.2832095105058301,1.4845673579116088,3.0491194168364992,-0.10315656,0.0,0,1.0,MEDIUM,LOW,29.33580979,1.0,4.636843334553114,,0.5,0.5
sad,0.2841978779878913,1.6956344808972983,3.097077649,-0.100101823,0.0,0,1.0,MEDIUM,LOW,29.31604244024217,1.0,4.892813952355232,,0.5,0.5
sad,0.2842947244172941,1.7106002111252576,3.251455032389128,-0.105805657,0.0,0,1.0,MEDIUM,LOW,29.31410551165412,1.0,5.06786090097413,,0.5,0.5
sad,0.2390250841292089,1.291712408909966,3.2461284937536057,-0.067597145,0.0,0,1.0,MEDIUM,LOW,30.219498317415823,1.0,4.607609661028873,,0.5,0.5
sad,0.2001884372105825,1.65517670235479,3.2138791545654763,-0.106824739,0.0,0,1.0,MEDIUM,LOW,30.99623125578835,1.0,4.975880595540245,,0.5,0.5
sad,0.2540232653470652,1.3086469952800832,3.549416076767621,-0.084283943,0.0,0,1.0,MEDIUM,LOW,29.919534693058694,1.0,4.942347015249686,,0.5,0.5
sad,0.2514782880543683,1.4225822716198997,3.449178324970171,-0.092706994,0.0,0,1.0,MEDIUM,LOW,29.970434238912635,1.0,4.964467590474577,,0.5,0.5
angry,0.2937399115922166,1.3948513133235396,2.5607841190044143,-0.098012568,0.0,0,1.0,MEDIUM,LOW,29.12520176815567,1.0,4.0536480001002335,,0.5,0.5
angry,0.3147805517683794,1.2893110941747934,1.8182730830524565,-0.102252754,0.0,0,1.0,MEDIUM,LOW,28.70438896463241,1.0,3.20983693172438,,0.5,0.5
angry,0.3086205313824246,1.3979361596052446,2.1623262342529093,-0.094457063,0.0,0,1.0,MEDIUM,LOW,28.827589372351508,1.0,3.654719457357004,,0.5,0.5
angry,0.3035259871746402,1.247171730362764,2.008458940291987,-0.087226863,0.0,0,1.0,MEDIUM,LOW,28.929480256507198,1.0,3.342857534,,0.5,0.5
angry,0.336559156433618,1.2196954543669036,2.208176252670744,-0.124505516,0.0,0,1.0,MEDIUM,LOW,28.26881687132764,1.0,3.5523772227303154,,0.5,0.5
angry,0.3212478039361873,1.2333465538726194,2.349990657459053,-0.102726242,0.0,0,1.0,MEDIUM,LOW,28.57504392127625,1.0,3.686063453704768,,0.5,0.5
angry,0.3292960484770226,1.2914249992087152,2.507769183112931,-0.107490419,0.0,0,1.0,MEDIUM,LOW,28.414079030459547,1.0,3.906684601733689,,0.5,0.5
angry,0.3242235354882494,1.043959224871507,1.7940727807344183,-0.105962177,0.0,0,1.0,MEDIUM,LOW,28.51552929023501,1.0,2.9439941822296025,,0.5,0.5
fearful,0.3245996935914412,1.1318920355380382,2.856476110624063,-0.091246342,0.0,0,1.0,LOW,LOW,28.50800612817117,1.0,4.079614487953979,,0.5,0.5
fearful,0.3287598133659459,1.199111516517664,3.117873795098089,-0.099471704,0.0,0,1.0,LOW,LOW,28.42480373268108,1.0,4.416457016076718,,0.5,0.5
fearful,0.323449529,2.583407240505214,4.477439742902609,-0.071361163,0.0,0,1.0,LOW,LOW,28.53100942501182,1.0,7.132208146636158,,0.5,0.5
fearful,0.3196017920709574,2.2135849141271797,4.697034604504929,-0.055373907,0.0,0,1.0,LOW,LOW,28.60796415858085,1.0,6.965993426111149,,0.5,0.5
fearful,0.3367513907439216,1.3180946933697533,3.471784882609285,-0.114241039,0.0,0,1.0,LOW,LOW,28.264972185121565,1.0,4.904120614985808,,0.5,0.5
fearful,0.3300600113269738,1.3504348368767525,3.9912552368589655,-0.074324645,0.0,0,1.0,LOW,LOW,28.398799773460524,1.0,5.416014718828752,,0.5,0.5
fearful,0.3291834330592833,1.3052585634036695,3.729410944088055,-0.094358634,0.0,0,1.0,LOW,LOW,28.41633133881433,1.0,5.129028141,,0.5,0.5
fearful,0.3301495937827802,1.357377475908188,3.6255686084497873,-0.079589329,0.0,0,1.0,LOW,LOW,28.3970081243444,1.0,5.062535413748443,,0.5,0.5
disgust,0.2167383608868475,1.498886013897739,3.519251900025011,-0.069857332,0.0,0,1.0,LOW,LOW,30.665232782263047,1.0,5.087995245586122,,0.5,0.5
disgust,0.233979426194575,1.7205406341295322,3.732963625870954,-0.078657997,0.0,0,1.0,LOW,LOW,30.320411476108497,1.0,5.532162256955823,,0.5,0.5
disgust,0.2039488445787847,1.95835483566912,3.413801262134304,-0.075979888,0.0,0,1.0,LOW,LOW,30.921023108424308,1.0,5.448135985677753,,0.5,0.5
disgust,0.2260195768579954,1.7684519429890069,3.292965069805444,-0.087428114,0.0,0,1.0,LOW,LOW,30.47960846284009,1.0,5.148845126340223,,0.5,0.5
disgust,0.226583147335403,2.019825464933709,4.5650318707253925,-0.046372316,0.0,0,1.0,LOW,LOW,30.46833705329194,1.0,6.631446086801878,,0.5,0.5
disgust,0.2392866351676288,1.3853373031981258,4.650455012574399,-0.056450855,0.0,0,1.0,LOW,LOW,30.214267296647424,1.0,6.092243170420682,,0.5,0.5
disgust,0.2310635071468976,1.4127379552132218,5.027554085553479,-0.042152874,0.0,0,1.0,LOW,LOW,30.378729857062048,1.0,6.482444914658381,,0.5,0.5
disgust,0.211128989442982,2.199147919,6.296268964028917,-0.002342115,0.0,0,1.0,MEDIUM,LOW,30.77742021114036,1.0,8.516026575914143,,0.5,0.5
surprised,0.3141697359151378,1.2422265016651792,3.2691643203555976,-0.108024789,0.0,0,1.0,LOW,LOW,28.71660528169724,1.0,4.619415611,,0.5,0.5
surprised,0.3429135644740341,1.141236832117004,2.9502277857137336,-0.11231858,0.0,0,1.0,LOW,LOW,28.14172871051932,1.0,4.203783197374663,,0.5,0.5
surprised,0.3578458641320196,0.8866359185117036,2.770753893459144,-0.120198749,0.0,0,1.0,LOW,LOW,27.843082717359607,1.0,3.777588560584576,,0.5,0.5
surprised,0.3464366898515108,1.1651658445761943,2.938636606738773,-0.126578908,0.0,0,1.0,LOW,LOW,28.071266202969785,1.0,4.230381359617114,,0.5,0.5
surprised,0.3537273576870278,1.0553469423101691,3.4522669619917696,-0.121214352,0.0,0,1.0,LOW,LOW,27.925452846259446,1.0,4.628828256317434,,0.5,0.5
surprised,0.3651599324276663,0.8975294926473131,3.325937279867953,-0.133830058,0.0,0,1.0,LOW,LOW,27.696801351446677,1.0,4.357296830912054,,0.5,0.5
surprised,0.3368828990775554,1.227250672127307,3.555887843665316,-0.102088974,0.0,0,1.0,LOW,LOW,28.26234201844889,1.0,4.885227489828946,,0.5,0.5
surprised,0.3508153804645408,1.103838910842004,3.9311421836832543,-0.113220427,0.0,0,1.0,LOW,LOW,27.983692390709184,1.0,5.148201521963085,,0.5,0.5
neutral,0.3305762865412052,0.8905639511876569,1.15815115,-0.111911516,0.0,0,1.0,LOW,LOW,28.38847426917589,1.0,2.1606266169716504,,0.5,0.5
neutral,0.3017004952197119,0.9350192908470666,1.1262927300056582,-0.11639701,0.0,0,1.0,LOW,LOW,28.96599009560576,1.0,2.177709031301233,,0.5,0.5
neutral,0.3336020936719076,0.8860099715493917,1.6373105615092791,-0.141769016,0.0,0,1.0,LOW,LOW,28.32795812656185,1.0,2.6650895490397426,,0.5,0.5
neutral,0.3046921261174248,0.9689351153430008,-0.164194179,-0.10154896,0.0,0,1.0,LOW,LOW,28.906157477651504,1.0,1.5034190848377145,,0.5,0.5
calm,0.3011683028876783,1.0171791848568514,-0.042658478,-0.064967316,0.0,0,1.0,LOW,LOW,28.976633942246437,1.0,2.247423965,,0.5,0.5
calm,0.2986061545123062,1.243700723638045,0.7863080795439967,-0.08599014,0.0,0,1.0,LOW,LOW,29.027876909753875,1.0,2.3045634781746256,,0.5,0.5
calm,0.2975016690908676,1.1592779213955196,0.9179565568995188,-0.084024016,0.0,0,1.0,LOW,LOW,29.049966618182648,1.0,2.4922868321234986,,0.5,0.5
calm,0.2804108224460113,1.0523904290299266,0.7977320966867933,-0.073638515,0.0,0,1.0,LOW,LOW,29.39178355107977,1.0,2.245821491275968,,0.5,0.5
calm,0.2751755273749703,1.3578850885301414,1.344668784190443,-0.079454037,0.0,0,1.0,LOW,LOW,29.496489452500597,1.0,3.008568843244312,,0.5,0.5
calm,0.3072139241821185,1.4188306036148866,0.1499182806734637,-0.08827899,0.0,0,1.0,LOW,LOW,28.85572151635763,1.0,2.203069186550508,,0.5,0.5
calm,0.2688020377554694,1.2308801263160547,1.6277799413736938,-0.071153839,0.0,0,1.0,LOW,LOW,29.623959244890614,1.0,2.9536987996144943,,0.5,0.5
calm,0.2977994452151998,1.1885219332928707,0.94286741381366,-0.077521741,0.0,0,1.0,LOW,LOW,29.044011095696007,1.0,2.5560969307877657,,0.5,0.5
happy,0.2334378429412057,1.6159906789389902,0.4006105485865103,-0.032425141,0.0,0,1.0,LOW,LOW,30.33124314117589,1.0,2.6603729773431213,,0.5,0.5
happy,0.2460409767287482,1.5657025066950987,0.1530180502451371,-0.037873743,0.0,0,1.0,LOW,LOW,30.079180465425036,1.0,2.397955637090566,,0.5,0.5
happy,0.2672815492580923,1.4225520321975462,0.5585561089005283,-0.055430749,0.0,0,1.0,LOW,LOW,29.65436901483816,1.0,2.2814791256258395,,0.5,0.5
happy,0.2552039050464444,1.6660734051466035,0.6179878061568164,-0.027374673,0.0,0,1.0,LOW,LOW,29.89592189907111,1.0,2.736149713,,0.5,0.5
happy,0.3025314289590511,1.2777023452512029,0.7890651232646767,-0.042028965,0.0,0,1.0,LOW,LOW,28.949371420818977,1.0,2.6791084944281844,,0.5,0.5
happy,0.2966974385552461,1.2068297443013145,0.7100214087408897,-0.04484976,0.0,0,1.0,LOW,LOW,29.06605122889508,1.0,2.0922065744729275,,0.5,0.5
happy,0.2387770029761215,1.5086543434729869,1.701940140981842,-0.018557,0.0,0,1.0,LOW,LOW,30.22445994047757,1.0,3.239125821667728,,0.5,0.5
happy,0.2676602085570571,1.4585409623626362,0.8638575030122116,-0.034131021,0.0,0,1.0,LOW,LOW,29.646795828858856,1.0,2.5143322875731764,,0.5,0.5
sad,0.2998434162893536,1.2844707673747888,-0.100079032,-0.091629764,0.0,0,1.0,MEDIUM,LOW,29.003131674212927,1.0,2.0112325357490657,,0.5,0.5
sad,0.2439610804085631,1.311139772438909,-0.328876954,-0.074705791,0.0,0,1.0,MEDIUM,LOW,30.120778391828736,1.0,2.168059718173086,,0.5,0.5
sad,0.2734640801992203,1.1438649632188191,1.096589526950732,-0.107128666,0.0,0,1.0,MEDIUM,LOW,29.530718396015597,1.0,2.347583155785521,,0.5,0.5
sad,0.2924491843364556,1.0835431797777664,-0.28779158,-0.059634376,0.0,0,1.0,MEDIUM,LOW,29.151016313270887,1.0,1.879223326899238,,0.5,0.5
sad,0.2351306328442833,1.1617836134937134,0.2938320292407347,-0.091175367,0.0,0,1.0,MEDIUM,LOW,30.29738734311433,1.0,1.6234346032666946,,0.5,0.5
sad,0.2295995755529602,1.352647535452122,-0.229529673,-0.063560713,0.0,0,1.0,MEDIUM,LOW,30.408008488940798,1.0,2.7887089809918533,,0.5,0.5
sad,0.240999770204857,1.337547785845086,-0.236425527,-0.079490643,0.0,0,1.0,MEDIUM,LOW,30.180004595902854,1.0,2.109702027401215,,0.5,0.5
sad,0.2508426765971751,1.3154758737748435,0.3790842950187751,-0.078685297,0.0,0,1.0,MEDIUM,LOW,29.983146468056496,1.0,2.0450160008278044,,0.5,0.5
angry,0.3225309367213217,0.7315266587619411,0.3762924563006155,-0.126366065,0.0,0,1.0,MEDIUM,LOW,28.549381265573565,1.0,1.512767819276559,,0.5,0.5
angry,0.3242908981669255,0.6363895835734138,-0.171900158,-0.124214754,0.0,0,1.0,MEDIUM,LOW,28.51418203666149,1.0,1.2996884996959894,,0.5,0.5
angry,0.3139540263611218,0.958700959457024,-0.663549382,-0.079310592,0.0,0,1.0,MEDIUM,LOW,28.720919472777563,1.0,2.156191827662231,,0.5,0.5
angry,0.3254928079153782,1.4166108258965833,-0.335322994,-0.079159607,0.0,0,1.0,MEDIUM,LOW,28.49014384169244,1.0,2.332930693219093,,0.5,0.5
angry,0.3654711342412576,0.93781227,0.093927026,-0.134146459,0.0,0,1.0,MEDIUM,LOW,27.69057731517485,1.0,1.634903617282681,,0.5,0.5
angry,0.3603295657204012,1.0069260110553426,-0.424637633,-0.118557904,0.0,0,1.0,MEDIUM,LOW,27.793408685591977,1.0,1.6614520962172807,,0.5,0.5
angry,0.350292758,1.4039035650105507,-0.332663272,-0.115101129,0.0,0,1.0,MEDIUM,LOW,27.994144830718582,1.0,2.394631842260808,,0.5,0.5
angry,0.3574080972570454,1.0824400000146546,-0.815801767,-0.099089523,0.0,0,1.0,MEDIUM,LOW,27.85183805485909,1.0,2.041087359058627,,0.5,0.5
fearful,0.3712261081210631,2.1226995577954386,1.835683957677796,-0.081931799,0.0,0,1.0,LOW,LOW,27.575477837578735,1.0,4.043956183,,0.5,0.5
fearful,0.3277887732882971,2.019627059,1.3376192407912373,-0.110120422,0.0,0,1.0,LOW,LOW,28.444224534234056,1.0,3.682282379126837,,0.5,0.5
fearful,0.3480362153771863,1.5613633445065092,1.1960967424196174,-0.10846126,0.0,0,1.0,LOW,LOW,28.039275692456272,1.0,2.865921347401775,,0.5,0.5
fearful,0.3548132729034191,1.5981405048032604,1.4245039339775307,-0.112414976,0.0,0,1.0,LOW,LOW,27.90373454193162,1.0,3.1350594152656157,,0.5,0.5
fearful,0.3695670079299239,0.9688727595624136,1.968535245881431,-0.122908276,0.0,0,1.0,LOW,LOW,27.60865984140152,1.0,3.060316281592212,,0.5,0.5
fearful,0.3824016623906704,1.228314342824339,1.7691748622523975,-0.1188424,0.0,0,1.0,LOW,LOW,27.35196675218659,1.0,3.1163316050554544,,0.5,0.5
fearful,0.3729044932492594,1.698361094955617,1.3638850391803898,-0.123568619,0.0,0,1.0,LOW,LOW,27.54191013501481,1.0,3.1858147533795327,,0.5,0.5
fearful,0.3635711854716963,1.267766085981269,1.8716725662009128,-0.102570338,0.0,0,1.0,LOW,LOW,27.728576290566075,1.0,3.2420089898753908,,0.5,0.5
disgust,0.3223010652118707,1.0849973694664892,-0.427556242,-0.071686942,0.0,0,1.0,LOW,LOW,28.553978695762584,1.0,1.6875973102768511,,0.5,0.5
disgust,0.2839879271185783,1.0129576416079296,-0.146045344,-0.095145658,0.0,0,1.0,LOW,LOW,29.320241457628438,1.0,2.38311322588288,,0.5,0.5
disgust,0.3207204786754419,1.4598686401899037,0.9389016011629728,-0.095383831,0.0,0,1.0,LOW,LOW,28.58559042649116,1.0,2.5121287389857927,,0.5,0.5
disgust,0.2583090810573079,1.036990818653771,-0.275543798,-0.071957825,0.0,0,1.0,LOW,LOW,29.83381837885384,1.0,2.3056641329288925,,0.5,0.5
disgust,0.2267355017658628,1.5299869928436818,0.643200135,-0.124932192,0.0,0,1.0,LOW,LOW,30.465289964682743,1.0,2.621427139793836,,0.5,0.5
disgust,0.2329232499016821,0.7812806096338866,-0.316292036,-0.072007907,0.0,0,1.0,LOW,LOW,30.34153500196636,1.0,2.104778439295654,,0.5,0.5
disgust,0.2008340003636117,2.472293883556029,-0.108653802,-0.157651564,0.0,0,1.0,LOW,LOW,30.983319992727765,1.0,3.3089268321897145,,0.5,0.5
disgust,0.2353218317433107,1.3637631183278345,-1.554900206,-0.101254514,0.0,0,1.0,LOW,LOW,30.293563365133785,1.0,3.0199178385153544,,0.5,0.5
surprised,0.3387609865396496,0.8995600302100515,0.080870253,-0.089840903,0.0,0,1.0,LOW,LOW,28.22478026920701,1.0,1.8152032156118163,,0.5,0.5
surprised,0.2856388251053897,1.175570757774754,-0.096085679,-0.084094642,0.0,0,1.0,LOW,LOW,29.287223497892207,1.0,1.5608709673658143,,0.5,0.5
surprised,0.3251829327107763,1.1130686610852858,1.2921287139273414,-0.10497205,0.0,0,1.0,LOW,LOW,28.49634134578448,1.0,2.622355888201855,,0.5,0.5
surprised,0.3012777884072307,1.2382726887136448,1.5542533461640382,-0.093993546,0.0,0,1.0,LOW,LOW,28.974444231855387,1.0,2.886519580820246,,0.5,0.5
surprised,0.3049336316464782,1.4271565515997275,0.8939818076283932,-0.117795855,0.0,0,1.0,LOW,LOW,28.90132736707044,1.0,2.478547361526698,,0.5,0.5
surprised,0.3339441459081341,1.0618986274869986,0.6813996354677844,-0.113289911,0.0,0,1.0,LOW,LOW,28.32111708183732,1.0,2.071151900330112,,0.5,0.5
surprised,0.3270308315593748,0.9552973513986924,-0.368833268,-0.083529441,0.0,0,1.0,LOW,LOW,28.459383368812503,1.0,2.023223284733064,,0.5,0.5
surprised,0.3117544466575298,1.2797142243952648,0.300218892,-0.098033516,0.0,0,1.0,LOW,LOW,28.764911066849404,1.0,2.107919272,,0.5,0.5
neutral,0.332005102,0.8597460970482826,1.1355274042888268,-0.113137757,0.0,0,1.0,LOW,LOW,28.35989795948092,1.0,2.108411258057445,,0.5,0.5
neutral,0.3020479274365525,0.9509015512198224,1.1101623716158262,-0.115264589,0.0,0,1.0,LOW,LOW,28.959041451268952,1.0,2.176328512,,0.5,0.5
neutral,0.3325751959673796,0.8802129298908561,1.624217314929501,-0.141501328,0.0,0,1.0,LOW,LOW,28.34849608065241,1.0,2.645931572693393,,0.5,0.5
neutral,0.305079150694763,0.960935281,-0.160348167,-0.100451257,0.0,0,1.0,LOW,LOW,28.898416986104746,1.0,1.5147867174013163,,0.5,0.5
calm,0.2997967196322681,1.0227695438124216,-0.06157225,-0.064202191,0.0,0,1.0,LOW,LOW,29.00406560735464,1.0,2.2545605626786567,,0.5,0.5
calm,0.2976214882957933,1.2401851276776197,0.7778717805631993,-0.086467016,0.0,0,1.0,LOW,LOW,29.047570234084134,1.0,2.304215516585789,,0.5,0.5
calm,0.2958843784975661,1.1530075498009138,0.9088878851803108,-0.083097502,0.0,0,1.0,LOW,LOW,29.082312430048677,1.0,2.4819083006172744,,0.5,0.5
calm,0.2800582876045026,1.040052474196294,0.8019751140049374,-0.07429156,0.0,0,1.0,LOW,LOW,29.39883424790995,1.0,2.2210973477692293,,0.5,0.5
calm,0.2745696897437198,1.3486751803563874,1.3401828257750887,-0.079153775,0.0,0,1.0,LOW,LOW,29.50860620512561,1.0,2.995545490104279,,0.5,0.5
calm,0.3058456986945844,1.4298712089192989,0.1548580377305432,-0.087428269,0.0,0,1.0,LOW,LOW,28.883086026108312,1.0,2.222560148083138,,0.5,0.5
calm,0.268389086668832,1.226375783065978,1.6184628518460762,-0.070828762,0.0,0,1.0,LOW,LOW,29.63221826662336,1.0,2.939119877623054,,0.5,0.5
calm,0.296756501,1.1802355368141169,0.9326005636570386,-0.076203013,0.0,0,1.0,LOW,LOW,29.06486997,1.0,2.524682775694709,,0.5,0.5
happy,0.2331686407028636,1.6209685883424845,0.3871910349500131,-0.031202766,0.0,0,1.0,LOW,LOW,30.336627185942724,1.0,2.650718586823874,,0.5,0.5
happy,0.2456764181686391,1.5702617025512355,0.1374132217775526,-0.03648357,0.0,0,1.0,LOW,LOW,30.086471636627216,1.0,2.401417645683125,,0.5,0.5
happy,0.2672279866246564,1.422974194861028,0.5632724033324964,-0.055123319,0.0,0,1.0,LOW,LOW,29.655440267506872,1.0,2.28460111,,0.5,0.5
happy,0.2549895224516678,1.659680908679192,0.6192622355589181,-0.027534437,0.0,0,1.0,LOW,LOW,29.900209550966643,1.0,2.721973793191065,,0.5,0.5
happy,0.3028082399955653,1.2775526321887332,0.7892993886486815,-0.041333049,0.0,0,1.0,LOW,LOW,28.94383520008869,1.0,2.687542191573794,,0.5,0.5
happy,0.2963062359147896,1.2012730316383555,0.7100379795842606,-0.04493236,0.0,0,1.0,LOW,LOW,29.073875281704208,1.0,2.0827966407883687,,0.5,0.5
happy,0.2386395518007416,1.5133671571201617,1.6736828337891558,-0.017433176,0.0,0,1.0,LOW,LOW,30.227208963985166,1.0,3.2149762342443946,,0.5,0.5
happy,0.2685179328709725,1.4548527362640866,0.8648060562434452,-0.033170708,0.0,0,1.0,LOW,LOW,29.62964134258055,1.0,2.513499516010629,,0.5,0.5
sad,0.3002021985064282,1.2758873803489927,-0.097003794,-0.091593668,0.0,0,1.0,MEDIUM,LOW,28.99595602987144,1.0,1.994531594173815,,0.5,0.5
sad,0.2442403198218109,1.3144217228174182,-0.347409156,-0.073774709,0.0,0,1.0,MEDIUM,LOW,30.11519360356378,1.0,2.173877694190629,,0.5,0.5
sad,0.2725895932762423,1.1466796456810462,1.094645545971932,-0.106232143,0.0,0,1.0,MEDIUM,LOW,29.548208134475157,1.0,2.3475573344430742,,0.5,0.5
sad,0.2920739294827589,1.0840653887749032,-0.286016617,-0.05921131,0.0,0,1.0,MEDIUM,LOW,29.15852141034482,1.0,1.872956585581384,,0.5,0.5
sad,0.2345525979580685,1.1628630928969883,0.2874559201396953,-0.090316143,0.0,0,1.0,MEDIUM,LOW,30.30894804083863,1.0,1.632847560941679,,0.5,0.5
sad,0.227257608,1.35387385,-0.223541468,-0.063295686,0.0,0,1.0,MEDIUM,LOW,30.45484783907488,1.0,2.7968228496498027,,0.5,0.5
sad,0.2417681183556168,1.334116364406175,-0.22786176,-0.078938295,0.0,0,1.0,MEDIUM,LOW,30.16463763288766,1.0,2.0970819589797203,,0.5,0.5
sad,0.2505043806634197,1.311931362370968,0.370516827622022,-0.078112998,0.0,0,1.0,MEDIUM,LOW,29.989912386731604,1.0,2.023499522639465,,0.5,0.5
angry,0.3206524995659257,0.7268983517149886,0.3806448806555667,-0.125741445,0.0,0,1.0,MEDIUM,LOW,28.586950008681487,1.0,1.5108714883666383,,0.5,0.5
angry,0.3242119749009605,0.6386667217153902,-0.181036929,-0.123834353,0.0,0,1.0,MEDIUM,LOW,28.51576050198079,1.0,1.2996364667017388,,0.5,0.5
angry,0.3125969212869253,0.964233955809034,-0.682314208,-0.077637272,0.0,0,1.0,MEDIUM,LOW,28.74806157426149,1.0,2.171109837819545,,0.5,0.5
angry,0.3241770724042245,1.416115573762814,-0.332369116,-0.078523224,0.0,0,1.0,MEDIUM,LOW,28.51645855191551,1.0,2.3377136047385965,,0.5,0.5
angry,0.3642880289365064,0.9351541495258632,0.078998493,-0.134665513,0.0,0,1.0,MEDIUM,LOW,27.71423942126987,1.0,1.6192709506759797,,0.5,0.5
angry,0.3599366389677619,1.0006759970966668,-0.429324121,-0.119334542,0.0,0,1.0,MEDIUM,LOW,27.801267220644764,1.0,1.6614954539806288,,0.5,0.5
angry,0.3511069557244083,1.4023734474821168,-0.329420448,-0.114846393,0.0,0,1.0,MEDIUM,LOW,27.977860885511834,1.0,2.396950244,,0.5,0.5
angry,0.3576189381420658,1.079917629140182,-0.824601384,-0.098253309,0.0,0,1.0,MEDIUM,LOW,27.847621237158684,1.0,2.042872054,,0.5,0.5
fearful,0.3714623223456748,2.117789348424602,1.8429079436949347,-0.082064817,0.0,0,1.0,LOW,LOW,27.570753553086504,1.0,4.042762108737359,,0.5,0.5
fearful,0.3283695713656857,2.0292716378377915,1.3338920107872088,-0.109293878,0.0,0,1.0,LOW,LOW,28.432608572686284,1.0,3.683882145,,0.5,0.5
fearful,0.347910943365032,1.564640513369152,1.203150569165424,-0.107263651,0.0,0,1.0,LOW,LOW,28.04178113269936,1.0,2.8750547336290904,,0.5,0.5
fearful,0.357442474398865,1.596398734804114,1.4350561767596222,-0.113676371,0.0,0,1.0,LOW,LOW,27.85115051,1.0,3.1451312830300067,,0.5,0.5
fearful,0.3674081623749073,0.9551470924198608,1.9711862505747813,-0.122345532,0.0,0,1.0,LOW,LOW,27.65183675250185,1.0,3.048678875428652,,0.5,0.5
fearful,0.3833754946530126,1.2233284008634513,1.784448811462667,-0.118919758,0.0,0,1.0,LOW,LOW,27.332490106939748,1.0,3.1266969707899075,,0.5,0.5
fearful,0.3711888247382386,1.6990262665558475,1.3775606964215872,-0.122488319,0.0,0,1.0,LOW,LOW,27.576223505235227,1.0,3.199075282309363,,0.5,0.5
fearful,0.3641964295401566,1.2611703291515337,1.8697137197088367,-0.102701123,0.0,0,1.0,LOW,LOW,27.716071409196868,1.0,3.23358517180747,,0.5,0.5
disgust,0.3228097818241905,1.0777178484115113,-0.426781139,-0.071555017,0.0,0,1.0,LOW,LOW,28.543804363516188,1.0,1.6760256917545142,,0.5,0.5
disgust,0.2840068233414073,1.014955849508012,-0.142501156,-0.094655721,0.0,0,1.0,LOW,LOW,29.31986353317185,1.0,2.405694848463298,,0.5,0.5
disgust,0.3208514709238385,1.4606224865607318,0.9511059829369268,-0.095863483,0.0,0,1.0,LOW,LOW,28.58297058152323,1.0,2.526509263069407,,0.5,0.5
disgust,0.2571437639946488,1.046273449706746,-0.271511943,-0.071114822,0.0,0,1.0,LOW,LOW,29.857124720107024,1.0,2.3085637950051674,,0.5,0.5
disgust,0.2277327291367581,1.5321554457344129,0.6111864433472985,-0.124114227,0.0,0,1.0,LOW,LOW,30.44534541726484,1.0,2.6068864179887075,,0.5,0.5
disgust,0.2326050305196787,0.7805953676338248,-0.316991973,-0.072015742,0.0,0,1.0,LOW,LOW,30.347899389606425,1.0,2.108122718978247,,0.5,0.5
disgust,0.200051405077493,2.479834470968154,-0.121664673,-0.157374078,0.0,0,1.0,LOW,LOW,30.998971898450137,1.0,3.3198136343596114,,0.5,0.5
disgust,0.2344332354839721,1.3576857356391232,-1.55595793,-0.101048379,0.0,0,1.0,LOW,LOW,30.31133529032056,1.0,3.0146920446365444,,0.5,0.5
surprised,0.3388457217333864,0.8997031394399956,0.088795492,-0.089255573,0.0,0,1.0,LOW,LOW,28.22308556533227,1.0,1.809188235546833,,0.5,0.5
surprised,0.2872787590249183,1.1662013862434135,-0.096953035,-0.083278235,0.0,0,1.0,LOW,LOW,29.25442481950164,1.0,1.550557471,,0.5,0.5
surprised,0.3239912479727944,1.1150534347545646,1.284659117552558,-0.103904213,0.0,0,1.0,LOW,LOW,28.52017504054411,1.0,2.625977312117704,,0.5,0.5
surprised,0.301389153,1.2336118104161422,1.5470957567290236,-0.093730387,0.0,0,1.0,LOW,LOW,28.97221694819596,1.0,2.8744379544117025,,0.5,0.5
surprised,0.3045065943124713,1.4247581225774382,0.8852852338254958,-0.117843551,0.0,0,1.0,LOW,LOW,28.909868113750576,1.0,2.4647922330870307,,0.5,0.5
surprised,0.3333895414378422,1.0699997857626091,0.6827813165505777,-0.111994353,0.0,0,1.0,LOW,LOW,28.332209171243157,1.0,2.085167847865657,,0.5,0.5
surprised,0.3272221758421808,0.9482010371423794,-0.35915608,-0.08368692,0.0,0,1.0,LOW,LOW,28.455556483156386,1.0,2.0129144048847505,,0.5,0.5
surprised,0.3109453420128423,1.278299974939716,0.3152091097707739,-0.09684944,0.0,0,1.0,LOW,LOW,28.781093159743158,1.0,2.1100700051176267,,0.5,0.5
neutral,0.2481884402831796,0.1950963430444201,3.109694536520005,-0.099014312,0.0,0,1.0,LOW,LOW,30.03623119433641,1.0,3.5336506576448707,,0.5,0.5
neutral,0.2572694972320337,0.405038324,3.2185699699109453,-0.098999471,0.0,0,1.0,LOW,LOW,29.854610055359323,1.0,3.7226077654122616,,0.5,0.5
neutral,0.2449865269104852,0.2680304312384178,3.5131205640050607,-0.10421838,0.0,0,1.0,LOW,LOW,30.100269461790297,1.0,3.913033257923383,,0.5,0.5
neutral,0.2505131222016143,0.607632025,3.561675018592562,-0.106453012,0.0,0,1.0,LOW,LOW,29.989737555967714,1.0,4.275760055524561,,0.5,0.5
calm,0.2525689640918467,1.9513945117336435,3.961983413899557,-0.080655377,0.0,0,1.0,LOW,LOW,29.948620718163067,1.0,5.9940333027910935,,0.5,0.5
calm,0.2712979400680215,0.8095106837706543,3.1854740576240648,-0.07735822,0.0,0,1.0,LOW,LOW,29.57404119863957,1.0,4.072342961530602,,0.5,0.5
calm,0.2668971532273762,0.1393968479131206,3.458495156012084,-0.077743615,0.0,0,1.0,LOW,LOW,29.66205693545248,1.0,3.7957540335460345,,0.5,0.5
calm,0.2694910004988329,-0.9184041,3.7291470148454016,-0.069021542,0.0,0,1.0,LOW,LOW,29.61017999002334,1.0,4.716572656445203,,0.5,0.5
calm,0.22109581703704,-1.134461745,3.559689372869062,-0.046933314,0.0,0,1.0,LOW,LOW,30.57808366,1.0,4.741687657389885,,0.5,0.5
calm,0.2514249136249234,1.0901143471433656,3.927100214244424,-0.069883891,0.0,0,1.0,LOW,LOW,29.971501727501533,1.0,5.087098452195892,,0.5,0.5
calm,0.2650793174911345,-0.331712035,3.265630636620619,-0.073800068,0.0,0,1.0,LOW,LOW,29.698413650177308,1.0,3.774985950469399,,0.5,0.5
calm,0.2519609134074281,0.420656656691491,3.727870922095871,-0.058579118,0.0,0,1.0,LOW,LOW,29.96078173185144,1.0,4.235245818,,0.5,0.5
happy,0.2590137372451124,0.387396629,2.3980055742540367,-0.029256753,0.0,0,1.0,LOW,LOW,29.81972525509775,1.0,2.831711919824407,,0.5,0.5
happy,0.2521418090678888,0.1149129380156727,2.961763665446575,-0.042027953,0.0,0,1.0,LOW,LOW,29.957163818642226,1.0,3.234840179004633,,0.5,0.5
happy,0.2559279131053315,0.4778775896807586,2.749660181671972,-0.042344593,0.0,0,1.0,LOW,LOW,29.88144173789337,1.0,3.273127655857153,,0.5,0.5
happy,0.265237354299789,0.2894166825621573,2.2469300999992723,-0.032396697,0.0,0,1.0,LOW,LOW,29.69525291400422,1.0,2.715667650390728,,0.5,0.5
happy,0.2286568047396639,0.8223570394576963,2.444331912028401,0.000773849,0.0,0,1.0,LOW,LOW,30.42686390520672,1.0,3.283423769381153,,0.5,0.5
happy,0.2522461831557153,0.2498232570496749,2.075872881737194,-0.043368066,0.0,0,1.0,LOW,LOW,29.955076336885696,1.0,2.752044412442646,,0.5,0.5
happy,0.2741648271163387,0.5270783114037504,1.332140097703033,-0.025942445,0.0,0,1.0,LOW,LOW,29.516703457673223,1.0,2.0654586194028237,,0.5,0.5
happy,0.2692205405724771,0.4207238852023087,1.9474571240853973,-0.044148192,0.0,0,1.0,LOW,LOW,29.61558918855046,1.0,2.429692754750897,,0.5,0.5
sad,0.2566157437573671,-0.524340933,3.2881051396470853,-0.134848646,0.0,0,1.0,MEDIUM,LOW,29.86768512485266,1.0,3.947294718725086,,0.5,0.5
sad,0.2399691206060366,-1.032680156,3.331273365572598,-0.12865791,0.0,0,1.0,MEDIUM,LOW,30.200617587879268,1.0,4.4926114312936765,,0.5,0.5
sad,0.2540257152342256,0.1435828644263901,2.876016046958389,-0.119108827,0.0,0,1.0,MEDIUM,LOW,29.919485695315487,1.0,3.165444050801633,,0.5,0.5
sad,0.2476975642621378,-0.224703438,3.144422325082367,-0.132962237,0.0,0,1.0,MEDIUM,LOW,30.04604871475724,1.0,3.502087999822117,,0.5,0.5
sad,0.2405931917823339,-0.518579895,2.763878598689778,-0.094019546,0.0,0,1.0,MEDIUM,LOW,30.188136164353324,1.0,3.376478040134804,,0.5,0.5
sad,0.2389492417325576,-1.101820608,2.777247033507825,-0.092383627,0.0,0,1.0,MEDIUM,LOW,30.22101516534885,1.0,3.971451268792964,,0.5,0.5
sad,0.2420805673753324,-0.809248836,2.8564312230675144,-0.098454665,0.0,0,1.0,MEDIUM,LOW,30.158388652493358,1.0,3.7641347243471417,,0.5,0.5
sad,0.2454446952030066,-0.815635218,2.9865350150852947,-0.080156278,0.0,0,1.0,MEDIUM,LOW,30.091106095939864,1.0,3.882326510796914,,0.5,0.5
angry,0.2607549045773628,0.5572649295112513,1.9764711781860085,-0.134517442,0.0,0,1.0,MEDIUM,LOW,29.784901908452746,1.0,2.668253550121344,,0.5,0.5
angry,0.2667809903820149,0.2292758434087167,1.9714045437990544,-0.148166257,0.0,0,1.0,MEDIUM,LOW,29.66438019,1.0,2.390510085900174,,0.5,0.5
angry,0.2657639725791269,-0.400267222,1.6156358186445314,-0.122318921,0.0,0,1.0,MEDIUM,LOW,29.684720548417463,1.0,2.1382219618857743,,0.5,0.5
angry,0.2589045993781482,-0.205820496,1.9028056234045043,-0.100433414,0.0,0,1.0,MEDIUM,LOW,29.821908012437035,1.0,2.209059533395224,,0.5,0.5
angry,0.2695275869909755,-0.044537006,1.899923410619512,-0.124240648,0.0,0,1.0,MEDIUM,LOW,29.609448260180493,1.0,2.165405581770673,,0.5,0.5
angry,0.2563068716883053,0.040799998,2.063873225251817,-0.129543408,0.0,0,1.0,MEDIUM,LOW,29.873862566233893,1.0,2.4048439296863906,,0.5,0.5
angry,0.2980196859732592,-0.015762297,2.083722411146706,-0.137616119,0.0,0,1.0,MEDIUM,LOW,29.03960628053482,1.0,2.3339762425233044,,0.5,0.5
angry,0.2994138686540308,0.1165319572902653,2.1242096924328835,-0.166123382,0.0,0,1.0,MEDIUM,LOW,29.011722626919383,1.0,2.5230038769027003,,0.5,0.5
fearful,0.2673594374019293,0.052086767,3.60422332682569,-0.163999516,0.0,0,1.0,LOW,LOW,29.652811251961413,1.0,4.206085113744948,,0.5,0.5
fearful,0.2663479432373534,-0.643439484,3.529812096041023,-0.142135195,0.0,0,1.0,LOW,LOW,29.67304113525293,1.0,4.315386775347504,,0.5,0.5
fearful,0.2791738899013662,-0.641063744,3.0822776025831318,-0.134716626,0.0,0,1.0,LOW,LOW,29.41652220197268,1.0,3.8580579732391658,,0.5,0.5
fearful,0.2666962290555044,-0.890795541,3.4395857351974484,-0.146876191,0.0,0,1.0,LOW,LOW,29.66607541888991,1.0,4.477257467605363,,0.5,0.5
fearful,0.2799471016779432,-0.708407205,2.566299967698496,-0.123104517,0.0,0,1.0,LOW,LOW,29.401057966441137,1.0,3.397811690216296,,0.5,0.5
fearful,0.2753691032700008,0.154430920686549,2.945778583356692,-0.154167539,0.0,0,1.0,LOW,LOW,29.492617934599984,1.0,3.5587930613677354,,0.5,0.5
fearful,0.2862250082734234,0.2374641918049467,2.671085464623469,-0.155561192,0.0,0,1.0,LOW,LOW,29.27549983453153,1.0,3.116453741457632,,0.5,0.5
fearful,0.2936646857181353,-0.247520534,3.096232123,-0.14382268,0.0,0,1.0,LOW,LOW,29.12670628563729,1.0,3.487575336597986,,0.5,0.5
disgust,0.2402422860073862,1.3548578938615787,2.7477427868380637,-0.101638769,0.0,0,1.0,LOW,LOW,30.195154279852275,1.0,4.204239449277129,,0.5,0.5
disgust,0.2498926223975871,1.0027508687593396,2.3797450146807484,-0.105848753,0.0,0,1.0,LOW,LOW,30.002147552048257,1.0,3.4883446366489967,,0.5,0.5
disgust,0.2639245901885723,0.6926825294762785,2.0494560817769045,-0.100677214,0.0,0,1.0,LOW,LOW,29.721508196228555,1.0,2.842815825685441,,0.5,0.5
disgust,0.233586029436941,0.2159273303530071,2.874835466865498,-0.11691377,0.0,0,1.0,LOW,LOW,30.328279411261175,1.0,3.228450675151112,,0.5,0.5
disgust,0.2321298459011699,0.4356347536666939,1.342928920821414,-0.098971842,0.0,0,1.0,LOW,LOW,30.35740308,1.0,1.8775355160015264,,0.5,0.5
disgust,0.284326789894634,0.3271346180524416,1.3358118035690407,-0.099444522,0.0,0,1.0,LOW,LOW,29.31346420210732,1.0,1.762390943851594,,0.5,0.5
disgust,0.2424613560473111,-0.214533563,1.8884619539598808,-0.116189701,0.0,0,1.0,LOW,LOW,30.150772879053772,1.0,2.234858813880708,,0.5,0.5
disgust,0.2510467020370812,-0.0868171,1.9188099696289629,-0.083457999,0.0,0,1.0,LOW,LOW,29.97906595925837,1.0,2.190798498179068,,0.5,0.5
surprised,0.3005594300098329,0.2220016677740605,2.163276893414257,-0.100072162,0.0,0,1.0,LOW,LOW,28.988811399803343,1.0,2.523921208279162,,0.5,0.5
surprised,0.2583481687309027,1.3390603020374223,3.977666951465898,-0.103953045,0.0,0,1.0,LOW,LOW,29.833036625381943,1.0,5.420680298557844,,0.5,0.5
surprised,0.2481681340890894,-0.018698201,3.992353607762838,-0.138698517,0.0,0,1.0,LOW,LOW,30.03663731821821,1.0,4.325208739888957,,0.5,0.5
surprised,0.21605219744238,-0.164713033,3.86659885812644,-0.145480163,0.0,0,1.0,LOW,LOW,30.6789560511524,1.0,4.347745146646787,,0.5,0.5
surprised,0.2565203711716541,0.8822980551434366,3.1047675190358794,-0.107297414,0.0,0,1.0,LOW,LOW,29.86959257656692,1.0,4.094362988482693,,0.5,0.5
surprised,0.2487798179493724,0.002064644,3.327743892647935,-0.1282518,0.0,0,1.0,LOW,LOW,30.02440364101255,1.0,3.75970855886144,,0.5,0.5
surprised,0.2731766290644956,0.5032884991706691,2.5598675505829207,-0.117288926,0.0,0,1.0,LOW,LOW,29.536467418710085,1.0,3.1804449757801234,,0.5,0.5
surprised,0.2665548192425315,0.1639671217571088,2.9301122959537778,-0.1467923,0.0,0,1.0,LOW,LOW,29.668903615149368,1.0,3.4026315025884024,,0.5,0.5
neutral,0.2458850194493612,0.1815875111771279,3.0810880521526425,-0.096963779,0.0,0,1.0,LOW,LOW,30.08229961101278,1.0,3.515241169,,0.5,0.5
neutral,0.2562898819847887,0.3905124864119826,3.2314589057139447,-0.098977512,0.0,0,1.0,LOW,LOW,29.874202360304224,1.0,3.7209489041465513,,0.5,0.5
neutral,0.2451862614213486,0.2594396983274112,3.5066932554885284,-0.104204624,0.0,0,1.0,LOW,LOW,30.09627477157303,1.0,3.901962345839396,,0.5,0.5
neutral,0.2510925781523693,0.6223221526077183,3.521614480738398,-0.106033973,0.0,0,1.0,LOW,LOW,29.978148436952612,1.0,4.249970606145183,,0.5,0.5
calm,0.2511161243321348,1.9400680057843984,3.947148763862278,-0.080561839,0.0,0,1.0,LOW,LOW,29.977677513357303,1.0,5.967778608,,0.5,0.5
calm,0.2727663192846807,0.7961482447281347,3.184342887270463,-0.077494117,0.0,0,1.0,LOW,LOW,29.544673614306383,1.0,4.057985248836205,,0.5,0.5
calm,0.2689707420688602,0.130027572269978,3.456887483124252,-0.077871878,0.0,0,1.0,LOW,LOW,29.620585158622795,1.0,3.796714704496544,,0.5,0.5
calm,0.2702992430087317,-0.900345078,3.737332268225052,-0.067965435,0.0,0,1.0,LOW,LOW,29.59401513982537,1.0,4.705642781236236,,0.5,0.5
calm,0.2200704645388072,-1.130681435,3.548308109373141,-0.04578287,0.0,0,1.0,LOW,LOW,30.598590709223856,1.0,4.725230597666348,,0.5,0.5
calm,0.2502960194281136,1.0908647664665303,3.914162476,-0.069015406,0.0,0,1.0,LOW,LOW,29.994079611437726,1.0,5.074042649,,0.5,0.5
calm,0.2648120524278896,-0.337659431,3.2299980917159163,-0.07408755,0.0,0,1.0,LOW,LOW,29.703758951442207,1.0,3.736369455599821,,0.5,0.5
calm,0.2520621313192597,0.4398631503591263,3.721496337506175,-0.05854049,0.0,0,1.0,LOW,LOW,29.958757373614805,1.0,4.221864177341194,,0.5,0.5
happy,0.2591740519500193,0.3925571816586022,2.410158021020963,-0.02839203,0.0,0,1.0,LOW,LOW,29.816518960999613,1.0,2.8519897239535137,,0.5,0.5
happy,0.2552091170720911,0.1253529119495344,2.9995149932378027,-0.041637237,0.0,0,1.0,LOW,LOW,29.895817658558176,1.0,3.2775718551924187,,0.5,0.5
happy,0.2563832115245094,0.4821138166151885,2.7307298596314533,-0.041563174,0.0,0,1.0,LOW,LOW,29.87233576950981,1.0,3.258402273885489,,0.5,0.5
happy,0.2670959650480501,0.2838127017895162,2.242276321794257,-0.033327835,0.0,0,1.0,LOW,LOW,29.658080699039,1.0,2.7126363996769767,,0.5,0.5
happy,0.2296207295085515,0.8134383471083046,2.435432626620887,0.002258055,0.0,0,1.0,LOW,LOW,30.407585409828968,1.0,3.2680045448555703,,0.5,0.5
happy,0.2495768950996972,0.248926429492649,2.073832938499032,-0.043206307,0.0,0,1.0,LOW,LOW,30.008462098006056,1.0,2.7515525001736765,,0.5,0.5
happy,0.2734416957089703,0.5152368821623001,1.312667554893594,-0.025830682,0.0,0,1.0,LOW,LOW,29.531166085820598,1.0,2.065111250431793,,0.5,0.5
happy,0.2694217506152758,0.3945721236077714,1.941294014,-0.043878314,0.0,0,1.0,LOW,LOW,29.61156498769448,1.0,2.397429571205738,,0.5,0.5
sad,0.2561719727540649,-0.529934199,3.286923846747297,-0.135323631,0.0,0,1.0,MEDIUM,LOW,29.876560544918703,1.0,3.952181676559257,,0.5,0.5
sad,0.240174196683144,-0.999755567,3.308635812791098,-0.128349026,0.0,0,1.0,MEDIUM,LOW,30.19651606633712,1.0,4.436740406031756,,0.5,0.5
sad,0.2549233859972856,0.137285659646708,2.855173621543324,-0.116592303,0.0,0,1.0,MEDIUM,LOW,29.90153228005429,1.0,3.132689219484285,,0.5,0.5
sad,0.2469352527881975,-0.219733254,3.15652391,-0.13343437,0.0,0,1.0,MEDIUM,LOW,30.06129494423605,1.0,3.5096915342641983,,0.5,0.5
sad,0.2388136475182295,-0.550459646,2.802152863242961,-0.094003316,0.0,0,1.0,MEDIUM,LOW,30.223727049635407,1.0,3.446615825369064,,0.5,0.5
sad,0.2410842427915103,-1.092334928,2.757136914325115,-0.093152989,0.0,0,1.0,MEDIUM,LOW,30.178315144169797,1.0,3.9426248311932617,,0.5,0.5
sad,0.2430590330836416,-0.817761188,2.807214732014618,-0.098726448,0.0,0,1.0,MEDIUM,LOW,30.138819338327167,1.0,3.723702368023927,,0.5,0.5
sad,0.2437298380875791,-0.829754592,2.988540659952815,-0.080014723,0.0,0,1.0,MEDIUM,LOW,30.125403238248417,1.0,3.898309974624053,,0.5,0.5
angry,0.2591970512509464,0.5622991016058374,1.9708251299617128,-0.134914567,0.0,0,1.0,MEDIUM,LOW,29.81605897498107,1.0,2.668038798433263,,0.5,0.5
angry,0.2650340001582432,0.2150573454968374,1.9822518922959629,-0.148940896,0.0,0,1.0,MEDIUM,LOW,29.699319996835136,1.0,2.383696644421279,,0.5,0.5
angry,0.2662144194143476,-0.416697939,1.6256131847780757,-0.122390265,0.0,0,1.0,MEDIUM,LOW,29.675711611713048,1.0,2.164701388395998,,0.5,0.5
angry,0.2623521295452604,-0.219714923,1.9209044558068575,-0.100024744,0.0,0,1.0,MEDIUM,LOW,29.75295740909479,1.0,2.240644123460655,,0.5,0.5
angry,0.2708106261554043,-0.041934545,1.906850736848635,-0.125097888,0.0,0,1.0,MEDIUM,LOW,29.583787476891917,1.0,2.176815976654619,,0.5,0.5
angry,0.2579357897301563,0.0431805120308065,2.0458786073283908,-0.129548538,0.0,0,1.0,MEDIUM,LOW,29.84128420539687,1.0,2.3831275432319803,,0.5,0.5
angry,0.297655979,-0.022289241,2.0897035035238485,-0.137592016,0.0,0,1.0,MEDIUM,LOW,29.04688042,1.0,2.3439371371810784,,0.5,0.5
angry,0.2999041829418201,0.1241138263032816,2.173070786314143,-0.16730457,0.0,0,1.0,MEDIUM,LOW,29.00191634,1.0,2.5731129554673564,,0.5,0.5
fearful,0.2673419405001037,0.048228886,3.5916543189783265,-0.164478264,0.0,0,1.0,LOW,LOW,29.653161189997924,1.0,4.193064661305822,,0.5,0.5
fearful,0.2668991579705606,-0.640041581,3.5601879543371786,-0.14159511,0.0,0,1.0,LOW,LOW,29.662016840588787,1.0,4.341824645513601,,0.5,0.5
fearful,0.2769743215146742,-0.631472873,3.08751317496388,-0.134006938,0.0,0,1.0,LOW,LOW,29.460513569706517,1.0,3.8529929863428234,,0.5,0.5
fearful,0.2661035109493284,-0.895169862,3.416209834274502,-0.145138827,0.0,0,1.0,LOW,LOW,29.677929781013432,1.0,4.456518523288814,,0.5,0.5
fearful,0.2794035948371114,-0.697702961,2.576740332038752,-0.12271491,0.0,0,1.0,LOW,LOW,29.41192810325777,1.0,3.3971582033028733,,0.5,0.5
fearful,0.2755876655765619,0.1641528722175798,2.9430032297471302,-0.15362924,0.0,0,1.0,LOW,LOW,29.488246688468763,1.0,3.5402774635087453,,0.5,0.5
fearful,0.2848449268493642,0.2505482848125168,2.678638948,-0.154937331,0.0,0,1.0,LOW,LOW,29.30310146301272,1.0,3.142103982629413,,0.5,0.5
fearful,0.2951315289238265,-0.247791112,3.0866452201748302,-0.144303382,0.0,0,1.0,LOW,LOW,29.097369421523467,1.0,3.4787397135893574,,0.5,0.5
disgust,0.2385020819576596,1.355338270345373,2.743347695540959,-0.100603238,0.0,0,1.0,LOW,LOW,30.22995836084681,1.0,4.1992892043820085,,0.5,0.5
disgust,0.2495116017916841,1.0054137962500231,2.35817322,-0.105253017,0.0,0,1.0,LOW,LOW,30.00976796416632,1.0,3.468840032491637,,0.5,0.5
disgust,0.2643495853236489,0.6680251107174151,2.0051210922416947,-0.100254001,0.0,0,1.0,LOW,LOW,29.713008293527025,1.0,2.7734002036157284,,0.5,0.5
disgust,0.2341709246200207,0.2096772536262209,2.863384159445169,-0.117712706,0.0,0,1.0,LOW,LOW,30.316581507599587,1.0,3.190774119399437,,0.5,0.5
disgust,0.2329704982594172,0.4170365529715604,1.348787150976806,-0.09824545,0.0,0,1.0,LOW,LOW,30.34059003481165,1.0,1.8640691541847751,,0.5,0.5
disgust,0.2840390244478918,0.3173604160659547,1.3436410490544342,-0.099640682,0.0,0,1.0,LOW,LOW,29.319219511042164,1.0,1.760642147586229,,0.5,0.5
disgust,0.2412313722699578,-0.238181446,1.9073620241574163,-0.1162155,0.0,0,1.0,LOW,LOW,30.17537255460084,1.0,2.2839607242199413,,0.5,0.5
disgust,0.2479360028380959,-0.080635084,1.8977508247876809,-0.082948365,0.0,0,1.0,LOW,LOW,30.04127994323808,1.0,2.158547304060232,,0.5,0.5
surprised,0.3004232590578704,0.2099548677394557,2.1634874533418302,-0.100218927,0.0,0,1.0,LOW,LOW,28.99153481884259,1.0,2.516137459472846,,0.5,0.5
surprised,0.2604717171107586,1.3298036184864512,3.98388481064208,-0.104333677,0.0,0,1.0,LOW,LOW,29.790565657784825,1.0,5.418022106185879,,0.5,0.5
surprised,0.2456749418565213,-0.01670361,3.987217804656885,-0.13760616,0.0,0,1.0,LOW,LOW,30.08650116286957,1.0,4.320177345406123,,0.5,0.5
surprised,0.2182471362344928,-0.191294791,3.866559085249772,-0.147038631,0.0,0,1.0,LOW,LOW,30.635057275310142,1.0,4.360234073749774,,0.5,0.5
surprised,0.2572698756119923,0.8819874980260105,3.093527492104653,-0.107878935,0.0,0,1.0,LOW,LOW,29.854602487760157,1.0,4.083393925584359,,0.5,0.5
surprised,0.2482348526218471,-0.009554287,3.317383753884172,-0.128310526,0.0,0,1.0,LOW,LOW,30.03530294756306,1.0,3.746600014519017,,0.5,0.5
surprised,0.2744240233129958,0.5015610779620983,2.559648666955688,-0.117772567,0.0,0,1.0,LOW,LOW,29.511519533740085,1.0,3.1789823115933977,,0.5,0.5
surprised,0.2649897246934899,0.1643555426975846,2.9376142167947603,-0.146184346,0.0,0,1.0,LOW,LOW,29.700205506130203,1.0,3.4189904925008423,,0.5,0.5
neutral,0.2931294107483072,-0.228187137,2.1551464317914992,-0.094239986,0.0,0,1.0,LOW,LOW,29.13741178503386,1.0,2.549686882969441,,0.5,0.5
neutral,0.2960078760333036,-0.189048969,1.582952858150331,-0.075473794,0.0,0,1.0,LOW,LOW,29.079842479333927,1.0,1.9799313370568952,,0.5,0.5
neutral,0.2726245858655651,-0.146191313,1.8907148649034624,-0.07117957,0.0,0,1.0,LOW,LOW,29.547508282688696,1.0,2.1638784260436443,,0.5,0.5
neutral,0.3053833796426048,-0.094585533,2.277956550571254,-0.080598418,0.0,0,1.0,LOW,LOW,28.892332407147904,1.0,2.5052622026120543,,0.5,0.5
calm,0.2300259190413973,-0.945766335,1.4872506943447816,0.0110778218813324,0.0,0,1.0,LOW,LOW,30.39948161917205,1.0,2.5587867608020924,,0.5,0.5
calm,0.2674855387239859,-1.135201872,0.8404378740804832,-0.043661808,0.0,0,1.0,LOW,LOW,29.65028922552028,1.0,2.0242292693823773,,0.5,0.5
calm,0.2750274140518232,-2.176302806,1.5718868827439214,-0.002485588,0.0,0,1.0,LOW,LOW,29.49945171896353,1.0,3.848710633795584,,0.5,0.5
calm,0.2309783952740867,-2.636580652,1.8405908628957088,0.024142284,0.0,0,1.0,LOW,LOW,30.380432094518262,1.0,4.506975605290353,,0.5,0.5
calm,0.2353899077696945,-0.22078719,1.606334383585179,-0.076122582,0.0,0,1.0,LOW,LOW,30.29220184460611,1.0,1.963457444261112,,0.5,0.5
calm,0.2250702469129647,-1.207165951,1.1342717137501526,-0.021454153,0.0,0,1.0,LOW,LOW,30.498595061740705,1.0,2.365954206333963,,0.5,0.5
calm,0.2251128411838449,0.1616498642090013,1.644877640045724,-0.063218727,0.0,0,1.0,LOW,LOW,30.49774318,1.0,1.9564911531873412,,0.5,0.5
calm,0.2522067135271385,0.6995907557989908,1.4276657583504972,-0.062667779,0.0,0,1.0,LOW,LOW,29.95586572945723,1.0,2.250805828040036,,0.5,0.5
happy,0.2387566790728714,0.05097551,0.564159403,-0.026037301,0.0,0,1.0,LOW,LOW,30.22486641854257,1.0,0.946734244900904,,0.5,0.5
happy,0.2693797955683215,0.047602845,0.6039617210265302,-0.021828406,0.0,0,1.0,LOW,LOW,29.61240408863357,1.0,1.1681607362144664,,0.5,0.5
happy,0.2720120099749202,-0.173338986,0.390688776,-0.028536157,0.0,0,1.0,LOW,LOW,29.559759800501595,1.0,0.8570292759423834,,0.5,0.5
happy,0.2447890485445575,0.048296536,-0.114011814,0.008701382,0.0,0,1.0,LOW,LOW,30.104219029108847,1.0,0.6739494221442809,,0.5,0.5
happy,0.2260802113793212,-0.197506941,0.8933239500732639,-0.004821267,0.0,0,1.0,LOW,LOW,30.478395772413577,1.0,1.520018408078434,,0.5,0.5
happy,0.2319049957338714,-0.077937379,1.2960428354296012,-0.010593861,0.0,0,1.0,LOW,LOW,30.36190008532257,1.0,1.489356584555736,,0.5,0.5
happy,0.2222438376952139,-0.119977281,2.283282793246622,-0.017005457,0.0,0,1.0,LOW,LOW,30.55512324609572,1.0,2.5813737416746205,,0.5,0.5
happy,0.2431350146191898,-0.01821612,1.696784444286424,-0.019644702,0.0,0,1.0,LOW,LOW,30.13729971,1.0,1.8451813020300405,,0.5,0.5
sad,0.2719975746254751,-0.005057945,0.915876074322048,-0.100630708,0.0,0,1.0,MEDIUM,LOW,29.56004851,1.0,1.2771923517765744,,0.5,0.5
sad,0.3044783713849306,-0.316180958,0.8690167118853314,-0.096763478,0.0,0,1.0,MEDIUM,LOW,28.91043257230139,1.0,1.5526440548732576,,0.5,0.5
sad,0.2441107605031397,-0.538139038,1.4574272020469965,-0.096773433,0.0,0,1.0,MEDIUM,LOW,30.117784789937204,1.0,2.0931148011756457,,0.5,0.5
sad,0.2845084307743076,-1.192090756,1.155965790977025,-0.073195318,0.0,0,1.0,MEDIUM,LOW,29.30983138451385,1.0,2.503161045319017,,0.5,0.5
sad,0.2935713360010466,-0.340044692,0.8617151743028756,-0.100678298,0.0,0,1.0,MEDIUM,LOW,29.12857327997907,1.0,1.319561561593427,,0.5,0.5
sad,0.312893687781225,-0.683091475,0.4490709886877252,-0.065308713,0.0,0,1.0,MEDIUM,LOW,28.74212624,1.0,1.3594079454776735,,0.5,0.5
sad,0.2838769451041873,-1.13461814,0.4666977092407457,-0.064268096,0.0,0,1.0,MEDIUM,LOW,29.322461097916253,1.0,1.922748262905084,,0.5,0.5
sad,0.3155717262852474,-0.761622561,0.2318741913350993,-0.050983034,0.0,0,1.0,MEDIUM,LOW,28.688565474295054,1.0,1.4078287660728324,,0.5,0.5
angry,0.2437822082575569,0.3642343403691175,0.9315868492327136,-0.132008871,0.0,0,1.0,MEDIUM,LOW,30.124355834848863,1.0,1.610618535063058,,0.5,0.5
angry,0.3136531952189161,-0.476508667,1.6752228891136314,-0.065226226,0.0,0,1.0,MEDIUM,LOW,28.72693609562168,1.0,2.2635547094775443,,0.5,0.5
angry,0.2916982126580668,-0.227498613,1.42088551351879,-0.120475956,0.0,0,1.0,MEDIUM,LOW,29.166035746838663,1.0,1.8313502812437263,,0.5,0.5
angry,0.2672926150756785,-0.162738516,0.4676369747743292,-0.067952102,0.0,0,1.0,MEDIUM,LOW,29.65414769848643,1.0,1.1049293878858084,,0.5,0.5
angry,0.3094245497820887,-0.615822212,0.8715997164085273,-0.119164724,0.0,0,1.0,MEDIUM,LOW,28.81150900435823,1.0,1.637992541261817,,0.5,0.5
angry,0.3168073790183515,-0.600843905,0.2013392626402936,-0.119608829,0.0,0,1.0,MEDIUM,LOW,28.663852419632967,1.0,1.1407392474848472,,0.5,0.5
angry,0.3292050017470658,-0.391402205,0.3747536339757271,-0.083365299,0.0,0,1.0,MEDIUM,LOW,28.415899965058685,1.0,1.043950213754598,,0.5,0.5
angry,0.3220604008989137,-0.848413145,0.5911811384617481,-0.109912012,0.0,0,1.0,MEDIUM,LOW,28.558791982021724,1.0,1.573261705166491,,0.5,0.5
fearful,0.3042469802856317,-1.451355353,0.6426044033096587,-0.056381177,0.0,0,1.0,LOW,LOW,28.91506039428737,1.0,2.1924171558685157,,0.5,0.5
fearful,0.3241373494725063,-1.606070379,0.1564249465120553,-0.065510305,0.0,0,1.0,LOW,LOW,28.517253010549872,1.0,2.257268066044878,,0.5,0.5
fearful,0.3270934502511601,-1.442942475,1.217318212,-0.069668848,0.0,0,1.0,LOW,LOW,28.45813099,1.0,2.7299295351308404,,0.5,0.5
fearful,0.3032279407580272,-0.333227478,1.0485993684468775,-0.09958494,0.0,0,1.0,LOW,LOW,28.93544118483945,1.0,1.558215213597553,,0.5,0.5
fearful,0.2682751652297341,-0.450937843,1.775812263799913,-0.066075287,0.0,0,1.0,LOW,LOW,29.63449669540532,1.0,2.669334860002927,,0.5,0.5
fearful,0.3119022632429841,-1.087616489,1.5364674926746062,-0.074006517,0.0,0,1.0,LOW,LOW,28.76195473514032,1.0,2.6980904987158523,,0.5,0.5
fearful,0.3305021652813268,-1.039083624,0.7234623518661877,-0.063138167,0.0,0,1.0,LOW,LOW,28.389956694373463,1.0,1.8939754619681013,,0.5,0.5
fearful,0.300434294,-1.067097278,1.097665366452113,-0.043076181,0.0,0,1.0,LOW,LOW,28.99131412111474,1.0,2.305044860717695,,0.5,0.5
disgust,0.2258873691854561,-1.241781589,-0.476937088,-0.025535203,0.0,0,1.0,LOW,LOW,30.48225261629088,1.0,1.96767041440574,,0.5,0.5
disgust,0.2439509934580163,-0.962270946,0.1159626599275301,-0.091970328,0.0,0,1.0,LOW,LOW,30.12098013083968,1.0,1.430735466750154,,0.5,0.5
disgust,0.2849372752688946,-1.431426658,0.7259313776760773,-0.091260484,0.0,0,1.0,LOW,LOW,29.301254494622107,1.0,2.357748602,,0.5,0.5
disgust,0.2561243267943451,-0.861408887,-0.084905525,-0.062863983,0.0,0,1.0,LOW,LOW,29.877513464113097,1.0,1.4273519654913278,,0.5,0.5
disgust,0.2555807488888125,-1.577814613,-0.104760552,-0.111413365,0.0,0,1.0,LOW,LOW,29.88838502222375,1.0,2.159741630367828,,0.5,0.5
disgust,0.2596191210587201,-0.703969653,0.8727309761375892,-0.118179604,0.0,0,1.0,LOW,LOW,29.8076175788256,1.0,1.916505525004486,,0.5,0.5
disgust,0.2751183053432141,-0.980396484,0.2280604372596388,-0.091518543,0.0,0,1.0,LOW,LOW,29.49763389313572,1.0,1.7846278731066072,,0.5,0.5
disgust,0.2729162062263166,-1.308011201,0.1277752296823244,-0.09910915,0.0,0,1.0,LOW,LOW,29.54167587547367,1.0,1.895078916499549,,0.5,0.5
surprised,0.2803286819791021,-0.890340216,1.0129622418247697,-0.108304776,0.0,0,1.0,LOW,LOW,29.39342636041796,1.0,2.0241351002850445,,0.5,0.5
surprised,0.2834456309258991,0.1092198189935208,0.5451789875658515,-0.079292383,0.0,0,1.0,LOW,LOW,29.331087381482018,1.0,0.968568127256504,,0.5,0.5
surprised,0.2873938864807261,-0.188916166,0.6231456411331837,-0.076110019,0.0,0,1.0,LOW,LOW,29.25212227038548,1.0,0.9796685810917856,,0.5,0.5
surprised,0.2663105304165213,-0.245598689,0.9731165898794584,-0.058959218,0.0,0,1.0,LOW,LOW,29.673789391669573,1.0,1.2929488975605357,,0.5,0.5
surprised,0.3594665488965742,-0.803196304,1.1711163271045375,-0.146654961,0.0,0,1.0,LOW,LOW,27.81066902206852,1.0,2.169685519832169,,0.5,0.5
surprised,0.2894215879042421,-0.64613196,0.020310224,-0.102944076,0.0,0,1.0,LOW,LOW,29.21156824191516,1.0,1.2682047771208629,,0.5,0.5
surprised,0.3557381770928869,-0.469799941,0.676523784,-0.097865449,0.0,0,1.0,LOW,LOW,27.885236458142263,1.0,1.2972954874338771,,0.5,0.5
surprised,0.3499815665117683,-0.006400587,0.6748302836388862,-0.093227762,0.0,0,1.0,LOW,LOW,28.000368669764637,1.0,1.0819192357050218,,0.5,0.5
neutral,0.2943322831297075,-0.222564652,2.1988838041251526,-0.09233717,0.0,0,1.0,LOW,LOW,29.11335433740585,1.0,2.5971020627595776,,0.5,0.5
neutral,0.2954981133391854,-0.184133436,1.579444165889858,-0.074927032,0.0,0,1.0,LOW,LOW,29.09003773321629,1.0,1.9648063610176745,,0.5,0.5
neutral,0.2708640601381648,-0.14413084,1.8800933462197824,-0.070315004,0.0,0,1.0,LOW,LOW,29.5827188,1.0,2.1526604549495287,,0.5,0.5
neutral,0.3052815182589644,-0.099096395,2.281722884691661,-0.080304521,0.0,0,1.0,LOW,LOW,28.894369634820716,1.0,2.5160097042403025,,0.5,0.5
calm,0.230440491937488,-0.933032601,1.4838824848582894,0.0110439584217977,0.0,0,1.0,LOW,LOW,30.39119016125024,1.0,2.5533125490160327,,0.5,0.5
calm,0.2689362363509716,-1.125721803,0.8557212939865133,-0.043024632,0.0,0,1.0,LOW,LOW,29.62127527298057,1.0,2.0340785691319128,,0.5,0.5
calm,0.2749814940705292,-2.1607668,1.5747590580322104,-0.001375113,0.0,0,1.0,LOW,LOW,29.500370118589416,1.0,3.843346033,,0.5,0.5
calm,0.2316863860636392,-2.658682846,1.8398559317561165,0.023302529199561,0.0,0,1.0,LOW,LOW,30.366272278727216,1.0,4.527015958513134,,0.5,0.5
calm,0.2348749800433941,-0.21648396,1.5961379150890986,-0.074715721,0.0,0,1.0,LOW,LOW,30.30250039913212,1.0,1.9477757649744405,,0.5,0.5
calm,0.2252188235026491,-1.20575174,1.1341855713328852,-0.020855558,0.0,0,1.0,LOW,LOW,30.495623529947014,1.0,2.3644390179431545,,0.5,0.5
calm,0.2228073259159685,0.1696861370321346,1.650969374551764,-0.062765427,0.0,0,1.0,LOW,LOW,30.543853481680628,1.0,1.9794489660317036,,0.5,0.5
calm,0.2506717066824332,0.7163113259027725,1.422351906170072,-0.061762282,0.0,0,1.0,LOW,LOW,29.98656586635133,1.0,2.249112531777336,,0.5,0.5
happy,0.2384350296379693,0.0405536102068895,0.562016722,-0.025757439,0.0,0,1.0,LOW,LOW,30.231299407240613,1.0,0.9446932884635104,,0.5,0.5
happy,0.2693259653026637,0.046781555,0.6152172267080063,-0.021443875,0.0,0,1.0,LOW,LOW,29.613480693946727,1.0,1.2013930121790672,,0.5,0.5
happy,0.2693983476869758,-0.172514948,0.3773351657071664,-0.028134252,0.0,0,1.0,LOW,LOW,29.61203304626048,1.0,0.8496856557471439,,0.5,0.5
happy,0.2429877079436657,0.049797937,-0.105051184,0.008771506,0.0,0,1.0,LOW,LOW,30.140245841126685,1.0,0.6946933064316048,,0.5,0.5
happy,0.2278216693595773,-0.19377328,0.8938701723953003,-0.004209791,0.0,0,1.0,LOW,LOW,30.443566612808453,1.0,1.5007442293907898,,0.5,0.5
happy,0.2323792845436808,-0.085401546,1.3284874461507743,-0.011012879,0.0,0,1.0,LOW,LOW,30.352414309126384,1.0,1.5257318604512706,,0.5,0.5
happy,0.2221173462206393,-0.113635996,2.292048053014372,-0.015819255,0.0,0,1.0,LOW,LOW,30.55765307558721,1.0,2.5989670778130343,,0.5,0.5
happy,0.2439377727929634,-0.0236116,1.689048355415794,-0.020028859,0.0,0,1.0,LOW,LOW,30.12124454414073,1.0,1.8414978456575917,,0.5,0.5
sad,0.2725647670734445,-0.01196285,0.919483571,-0.099725253,0.0,0,1.0,MEDIUM,LOW,29.548704658531108,1.0,1.2725264635950475,,0.5,0.5
sad,0.3047844304547419,-0.317201629,0.8682613400367284,-0.096161034,0.0,0,1.0,MEDIUM,LOW,28.904311390905164,1.0,1.558939496877385,,0.5,0.5
sad,0.2439430542118674,-0.545218962,1.4680842704605734,-0.096350921,0.0,0,1.0,MEDIUM,LOW,30.12113891576265,1.0,2.1096541533204936,,0.5,0.5
sad,0.2839919750736645,-1.190573887,1.1646789088631206,-0.072439309,0.0,0,1.0,MEDIUM,LOW,29.320160498526707,1.0,2.510695899378032,,0.5,0.5
sad,0.2947803883624485,-0.328293272,0.8459165545791578,-0.099578978,0.0,0,1.0,MEDIUM,LOW,29.10439223275103,1.0,1.3098124978859895,,0.5,0.5
sad,0.3132574943960112,-0.686350279,0.4442371977719285,-0.065083706,0.0,0,1.0,MEDIUM,LOW,28.734850112079776,1.0,1.351522956390389,,0.5,0.5
sad,0.2845109112183092,-1.138726918,0.4648596801870043,-0.064250699,0.0,0,1.0,MEDIUM,LOW,29.309781775633816,1.0,1.9187262713037512,,0.5,0.5
sad,0.3158884451217102,-0.751639838,0.2373651502630759,-0.050433442,0.0,0,1.0,MEDIUM,LOW,28.682231097565797,1.0,1.3874675725890795,,0.5,0.5
angry,0.2425367059249142,0.3607765925084275,0.929242678,-0.1320333,0.0,0,1.0,MEDIUM,LOW,30.149265881501712,1.0,1.6085686506017165,,0.5,0.5
angry,0.313141199,-0.479400803,1.681731714708531,-0.064728702,0.0,0,1.0,MEDIUM,LOW,28.73717602,1.0,2.265296467681436,,0.5,0.5
angry,0.2917317103719586,-0.235526796,1.429966118956775,-0.120199015,0.0,0,1.0,MEDIUM,LOW,29.165365792560827,1.0,1.851620187240588,,0.5,0.5
angry,0.2667646033610427,-0.157414127,0.4696523311991971,-0.067746601,0.0,0,1.0,MEDIUM,LOW,29.664707932779145,1.0,1.0923677474941758,,0.5,0.5
angry,0.3106920522266466,-0.614877087,0.8674607887434859,-0.118867928,0.0,0,1.0,MEDIUM,LOW,28.78615895546707,1.0,1.6264979631202283,,0.5,0.5
angry,0.3161961386762773,-0.603499282,0.2112204355015731,-0.119298734,0.0,0,1.0,MEDIUM,LOW,28.67607722647445,1.0,1.1669937542186894,,0.5,0.5
angry,0.3291283509320566,-0.393515971,0.383767861,-0.082928486,0.0,0,1.0,MEDIUM,LOW,28.417432981358868,1.0,1.044789240353173,,0.5,0.5
angry,0.3225364396096872,-0.841822243,0.5888170440534768,-0.109719925,0.0,0,1.0,MEDIUM,LOW,28.549271207806257,1.0,1.558793210855001,,0.5,0.5
fearful,0.3030846884792401,-1.44317998,0.644445215,-0.056310857,0.0,0,1.0,LOW,LOW,28.93830623,1.0,2.180675500228092,,0.5,0.5
fearful,0.3221739963429435,-1.596992577,0.1424373237354169,-0.064659146,0.0,0,1.0,LOW,LOW,28.55652007314113,1.0,2.250950690959617,,0.5,0.5
fearful,0.326151211802281,-1.441274127,1.2199506671764355,-0.069451193,0.0,0,1.0,LOW,LOW,28.47697576395438,1.0,2.7306759869879174,,0.5,0.5
fearful,0.3020196880747693,-0.324992976,1.0512934740113749,-0.10027736,0.0,0,1.0,LOW,LOW,28.95960623850461,1.0,1.5633606589172149,,0.5,0.5
fearful,0.2683918331754714,-0.450108043,1.7834888525209631,-0.065810502,0.0,0,1.0,LOW,LOW,29.63216333649057,1.0,2.6742768147291143,,0.5,0.5
fearful,0.3113723629771069,-1.089788058,1.568716633952894,-0.074439406,0.0,0,1.0,LOW,LOW,28.77255274045786,1.0,2.732944097952976,,0.5,0.5
fearful,0.3313785875737562,-1.038883593,0.712321357,-0.062744473,0.0,0,1.0,LOW,LOW,28.37242824852488,1.0,1.8940952705551664,,0.5,0.5
fearful,0.2980830801548337,-1.06663365,1.099490856497232,-0.041521623,0.0,0,1.0,LOW,LOW,29.038338396903324,1.0,2.309896742707471,,0.5,0.5
disgust,0.2262308781264667,-1.252735613,-0.486289498,-0.025255162,0.0,0,1.0,LOW,LOW,30.475382437470664,1.0,1.9930683066519337,,0.5,0.5
disgust,0.2445571774847522,-0.961928563,0.1087222917677067,-0.092227298,0.0,0,1.0,LOW,LOW,30.108856450304955,1.0,1.4194627940557625,,0.5,0.5
disgust,0.2831239517411337,-1.425770315,0.7499183657202505,-0.091042998,0.0,0,1.0,LOW,LOW,29.33752096517733,1.0,2.370097853990124,,0.5,0.5
disgust,0.2559009732107266,-0.860733558,-0.091770648,-0.063326608,0.0,0,1.0,LOW,LOW,29.881980535785463,1.0,1.4396748686843883,,0.5,0.5
disgust,0.2563630407515856,-1.578123721,-0.110887882,-0.110729219,0.0,0,1.0,LOW,LOW,29.87273918496829,1.0,2.1449075433886304,,0.5,0.5
disgust,0.2604280697212825,-0.689466546,0.8573100284799355,-0.116969754,0.0,0,1.0,LOW,LOW,29.79143860557435,1.0,1.8911628545923689,,0.5,0.5
disgust,0.2761184353031741,-0.983520615,0.2317327998492083,-0.09037143,0.0,0,1.0,LOW,LOW,29.47763129393652,1.0,1.8028130551528267,,0.5,0.5
disgust,0.2718213639197044,-1.314012507,0.1565099159848694,-0.098869431,0.0,0,1.0,LOW,LOW,29.56357272160591,1.0,1.9247856159520176,,0.5,0.5
surprised,0.2800795416188041,-0.894504583,1.0199487372731697,-0.107878716,0.0,0,1.0,LOW,LOW,29.39840916762392,1.0,2.0371028146581525,,0.5,0.5
surprised,0.2843899203793433,0.1046078375682561,0.5575511097963679,-0.07850006,0.0,0,1.0,LOW,LOW,29.31220159241313,1.0,0.9604943692491776,,0.5,0.5
surprised,0.2857211446194169,-0.187087392,0.6402530633576365,-0.075789048,0.0,0,1.0,LOW,LOW,29.285577107611655,1.0,0.9879800227948642,,0.5,0.5
surprised,0.2651122986411193,-0.237730305,0.9712643896088794,-0.058139046,0.0,0,1.0,LOW,LOW,29.697754027177613,1.0,1.2905603939717862,,0.5,0.5
surprised,0.3578325622699081,-0.812444767,1.1744086921733643,-0.146334534,0.0,0,1.0,LOW,LOW,27.84334875460184,1.0,2.176424375500474,,0.5,0.5
surprised,0.2900630376458065,-0.635569818,0.0223414481121725,-0.103058888,0.0,0,1.0,LOW,LOW,29.19873924708387,1.0,1.259189912249903,,0.5,0.5
surprised,0.3561403810974358,-0.466253368,0.6792864567451141,-0.097149704,0.0,0,1.0,LOW,LOW,27.877192378051284,1.0,1.286983327841535,,0.5,0.5
surprised,0.3502732632474177,-0.009836543,0.6823866712449912,-0.09260328,0.0,0,1.0,LOW,LOW,27.994534735051644,1.0,1.0919943926153577,,0.5,0.5
neutral,0.2583155083666622,0.3628029271217893,2.489577838315188,-0.064459429,0.0,0,1.0,LOW,LOW,29.83368983266676,1.0,2.922717416913141,,0.5,0.5
neutral,0.2536548814344204,0.3612520815023394,2.743462270493594,-0.062692416,0.0,0,1.0,LOW,LOW,29.92690237131159,1.0,3.1674067676070488,,0.5,0.5
neutral,0.2564917117350053,0.6393434493392871,2.584765456707423,-0.06602163,0.0,0,1.0,LOW,LOW,29.87016576529989,1.0,3.290130536111685,,0.5,0.5
neutral,0.2578828893034262,0.7151534942314564,2.4453513564093403,-0.07451719,0.0,0,1.0,LOW,LOW,29.84234221393148,1.0,3.235022040617723,,0.5,0.5
calm,0.2534260313164427,0.9510724244790778,3.125918890227534,-0.042387997,0.0,0,1.0,LOW,LOW,29.931479373671145,1.0,4.119379311511935,,0.5,0.5
calm,0.2661635345850889,0.6088210930047964,2.3324321157510512,-0.048442257,0.0,0,1.0,LOW,LOW,29.67672930829822,1.0,2.989695465400297,,0.5,0.5
calm,0.231413419934398,0.7752891278887346,3.216404173205701,-0.034109686,0.0,0,1.0,LOW,LOW,30.37173160131204,1.0,4.025802987175906,,0.5,0.5
calm,0.2277223800832873,1.1229241610531715,3.614202564039369,-0.030921999,0.0,0,1.0,LOW,LOW,30.445552398334254,1.0,4.769398305,,0.5,0.5
calm,0.2506772080771643,1.274615027280608,2.9755151748378665,-0.047976452,0.0,0,1.0,LOW,LOW,29.986455838456717,1.0,4.298106653671388,,0.5,0.5
calm,0.2469149287427458,1.0012246466050418,2.5916731682472336,-0.052880191,0.0,0,1.0,LOW,LOW,30.061701425145085,1.0,3.645778005360957,,0.5,0.5
calm,0.2645834870392333,1.2296747678105842,2.45211320305118,-0.044735177,0.0,0,1.0,LOW,LOW,29.70833025921533,1.0,3.7265231475332032,,0.5,0.5
calm,0.2531808495511833,0.8614293909164024,3.496202932,-0.02625514,0.0,0,1.0,LOW,LOW,29.93638300897633,1.0,4.386432420498027,,0.5,0.5
happy,0.2369075341416085,0.5134834832771649,1.613847502105886,-0.012010421,0.0,0,1.0,LOW,LOW,30.26184931716783,1.0,2.162899680021662,,0.5,0.5
happy,0.2292398417539735,0.8466596406685043,1.9193874580964905,-0.007800801,0.0,0,1.0,LOW,LOW,30.41520316492053,1.0,2.782574290649356,,0.5,0.5
happy,0.2377181222054719,0.562411925,2.0345673437435754,-0.001996827,0.0,0,1.0,LOW,LOW,30.24563755589056,1.0,2.630400470725103,,0.5,0.5
happy,0.2282626377191532,0.7974068899538196,2.042818415532681,0.006432647,0.0,0,1.0,LOW,LOW,30.434747245616936,1.0,2.864003238758124,,0.5,0.5
happy,0.2532445270228007,0.6491056541485458,2.144566345730863,-0.000332666,0.0,0,1.0,LOW,LOW,29.935109459543984,1.0,2.8307507233573905,,0.5,0.5
happy,0.2084476973758462,0.778919541,2.470108422879093,0.024185174675646,0.0,0,1.0,LOW,LOW,30.831046052483075,1.0,3.281453871011069,,0.5,0.5
happy,0.2154078545306901,0.6714654786963732,2.232809208167855,0.0148548273952077,0.0,0,1.0,LOW,LOW,30.6918429093862,1.0,2.9348890454320826,,0.5,0.5
happy,0.227412171218983,0.638424139,2.5587534971090595,0.0220076892364334,0.0,0,1.0,LOW,LOW,30.451756575620337,1.0,3.2316343227951707,,0.5,0.5
sad,0.2699194556160474,1.1388687793080852,2.096376466346335,-0.074891769,0.0,0,1.0,MEDIUM,LOW,29.60161088767905,1.0,3.310137014308707,,0.5,0.5
sad,0.2801392380716625,1.098833739,2.428898294742572,-0.07969449,0.0,0,1.0,MEDIUM,LOW,29.39721523856675,1.0,3.6074265239765575,,0.5,0.5
sad,0.2663057854515792,0.930513185602246,2.538036947987424,-0.051007542,0.0,0,1.0,MEDIUM,LOW,29.673884290968417,1.0,3.519557675334233,,0.5,0.5
sad,0.2716607174773482,0.74150773,3.046083234343112,-0.054851092,0.0,0,1.0,MEDIUM,LOW,29.566785650453035,1.0,3.8424420559668384,,0.5,0.5
sad,0.2685407668678293,-0.312530085,2.4152462905575502,-0.044100733,0.0,0,1.0,MEDIUM,LOW,29.62918466264341,1.0,3.088752647537793,,0.5,0.5
sad,0.255653817,0.7154738643628238,2.3965156033722463,-0.038620086,0.0,0,1.0,MEDIUM,LOW,29.88692366971992,1.0,3.1506095540497245,,0.5,0.5
sad,0.2792834936563586,0.5894430945028869,2.620540094601128,-0.036396883,0.0,0,1.0,MEDIUM,LOW,29.414330126872827,1.0,3.2463800725260485,,0.5,0.5
sad,0.2488086231445241,0.6457005693534337,3.1362341104020017,-0.038122514,0.0,0,1.0,MEDIUM,LOW,30.02382753710952,1.0,3.820057193500651,,0.5,0.5
angry,0.2750004452652494,1.106202264909641,1.6175411780848132,-0.084123587,0.0,0,1.0,MEDIUM,LOW,29.49999109469501,1.0,2.8078670295729347,,0.5,0.5
angry,0.2529067163988026,0.7935232493703792,2.2181067237692216,-0.098329549,0.0,0,1.0,MEDIUM,LOW,29.941865672023948,1.0,3.109959522,,0.5,0.5
angry,0.2855991933300945,1.0319119283569425,1.8925569852526387,-0.083337768,0.0,0,1.0,MEDIUM,LOW,29.28801613339811,1.0,3.0078066814044373,,0.5,0.5
angry,0.2716919303582608,1.0448008635604669,2.2466523799477764,-0.101118316,0.0,0,1.0,MEDIUM,LOW,29.566161392834783,1.0,3.392571559988562,,0.5,0.5
angry,0.2322719216975008,0.3091160787679806,2.826768632722222,-0.095792425,0.0,0,1.0,MEDIUM,LOW,30.35456156604998,1.0,3.446716503053075,,0.5,0.5
angry,0.2766976896982001,-0.097475584,2.737268964285556,-0.08650504,0.0,0,1.0,MEDIUM,LOW,29.466046206036,1.0,3.560781658287374,,0.5,0.5
angry,0.2811014949593035,0.8609984150712983,2.687345196137444,-0.109953994,0.0,0,1.0,MEDIUM,LOW,29.377970100813933,1.0,3.6582976055069736,,0.5,0.5
angry,0.291574927,0.7208974788187691,2.6657517305659644,-0.08379955,0.0,0,1.0,MEDIUM,LOW,29.16850146493036,1.0,3.470448759449236,,0.5,0.5
fearful,0.2660228300612057,-0.123467362,2.2841246013397414,-0.09792632,0.0,0,1.0,LOW,LOW,29.679543398775884,1.0,2.9922320826237705,,0.5,0.5
fearful,0.2848786177993856,0.815421283,2.322663879057045,-0.065351972,0.0,0,1.0,LOW,LOW,29.302427644012287,1.0,3.2034371348693487,,0.5,0.5
fearful,0.2991547876297709,0.3772873403829963,2.552827583625616,-0.093225318,0.0,0,1.0,LOW,LOW,29.016904247404582,1.0,3.0233402422920594,,0.5,0.5
fearful,0.2930924298240301,0.1721907427745032,2.2869451987519893,-0.08384747,0.0,0,1.0,LOW,LOW,29.138151403519394,1.0,2.668930357331412,,0.5,0.5
fearful,0.3053732066296322,0.4983921580677904,2.2393637729318607,-0.091305339,0.0,0,1.0,LOW,LOW,28.89253586740736,1.0,2.82906127,,0.5,0.5
fearful,0.2820385445712562,0.6712695098743567,2.355302147290022,-0.065501197,0.0,0,1.0,LOW,LOW,29.359229108574876,1.0,3.092072854328005,,0.5,0.5
fearful,0.2899059620494582,0.1024811481929609,2.2061750858448708,-0.083560571,0.0,0,1.0,LOW,LOW,29.20188075901084,1.0,2.5138302303339826,,0.5,0.5
fearful,0.3016141768957371,0.089082092,2.1128385428351306,-0.085353608,0.0,0,1.0,LOW,LOW,28.967716462085257,1.0,2.3737166359170168,,0.5,0.5
disgust,0.1628796544869791,0.4431343419384146,1.1890673330091834,-0.059344562,0.0,0,1.0,LOW,LOW,31.74240691026042,1.0,2.0102000791758208,,0.5,0.5
disgust,0.1642179547236144,-0.195164666,2.2082706898884537,-0.083140803,0.0,0,1.0,LOW,LOW,31.71564090552771,1.0,3.5818285229593463,,0.5,0.5
disgust,0.158261352,0.920114186718984,1.845657328006213,-0.054380747,0.0,0,1.0,LOW,LOW,31.83477295,1.0,2.8240917298830963,,0.5,0.5
disgust,0.2191070404939619,0.6664465074831699,2.3920408888778755,-0.060914704,0.0,0,1.0,LOW,LOW,30.61785919012076,1.0,3.119402100840398,,0.5,0.5
disgust,0.2241707605222975,1.189673969613521,2.758055601254054,-0.053290163,0.0,0,1.0,LOW,LOW,30.51658478955405,1.0,4.009742128,,0.5,0.5
disgust,0.1918979528724332,-3.570933876,3.9009743123289375,-0.144811835,0.0,0,1.0,MEDIUM,LOW,31.162040942551336,1.0,8.528264913606225,,0.5,0.5
disgust,0.1711376030052913,1.1571723094223676,1.8260268788999567,-0.081342902,0.0,0,1.0,LOW,LOW,31.57724793989417,1.0,3.261541536180276,,0.5,0.5
disgust,0.2323411725255053,0.5879074813587211,2.015777218286636,-0.090400092,0.0,0,1.0,LOW,LOW,30.35317654948989,1.0,2.7936665588036678,,0.5,0.5
surprised,0.2340340166066729,1.672134071319255,2.698795052964982,-0.040145245,0.0,0,1.0,LOW,LOW,30.31931966786654,1.0,4.416361767698175,,0.5,0.5
surprised,0.2298026410736948,0.923607475,2.3890247169843186,-0.022247928,0.0,0,1.0,LOW,LOW,30.403947178526103,1.0,3.337121098568642,,0.5,0.5
surprised,0.2394099225034397,1.831437800514428,2.655357624233543,-0.020672632,0.0,0,1.0,LOW,LOW,30.21180154993121,1.0,4.513898645088576,,0.5,0.5
surprised,0.2242595015333084,1.510652308922183,1.7738503647335548,-0.016956975,0.0,0,1.0,LOW,LOW,30.514809969333832,1.0,3.3095020791523835,,0.5,0.5
surprised,0.2791924165649587,0.6250898180120331,1.720955809443335,-0.025770446,0.0,0,1.0,LOW,LOW,29.416151668700827,1.0,2.3994121087257847,,0.5,0.5
surprised,0.262744504,0.5678051256666589,2.779930654169389,-0.016331772,0.0,0,1.0,LOW,LOW,29.74510991472844,1.0,3.3831587164008248,,0.5,0.5
surprised,0.27426042264992,0.6522275624157167,2.4434749446619635,-0.037571136,0.0,0,1.0,LOW,LOW,29.5147915470016,1.0,3.1349480845567737,,0.5,0.5
surprised,0.252951803,0.859545115,2.6817318290336494,-0.013493506,0.0,0,1.0,LOW,LOW,29.94096393807236,1.0,3.576690278,,0.5,0.5
neutral,0.2587578199750687,0.3530313528530692,2.4473204227214644,-0.063640209,0.0,0,1.0,LOW,LOW,29.824843600498628,1.0,2.872412036872676,,0.5,0.5
neutral,0.2531513174486012,0.3499583224311092,2.730294212179598,-0.063362507,0.0,0,1.0,LOW,LOW,29.936973651027973,1.0,3.143615041412128,,0.5,0.5
neutral,0.2564057209353957,0.6431473561360705,2.569437357151279,-0.065192016,0.0,0,1.0,LOW,LOW,29.871885581292084,1.0,3.2777767292463595,,0.5,0.5
neutral,0.2594314788581804,0.7176368007087465,2.4349057122448983,-0.074221121,0.0,0,1.0,LOW,LOW,29.81137042283639,1.0,3.2267636339018786,,0.5,0.5
calm,0.2507694993739905,0.9601089705306344,3.116440239209219,-0.041415693,0.0,0,1.0,LOW,LOW,29.984610012520186,1.0,4.1179649023644656,,0.5,0.5
calm,0.2646089126089536,0.6134452461438437,2.323194995904329,-0.048424963,0.0,0,1.0,LOW,LOW,29.70782174782093,1.0,2.985065204706134,,0.5,0.5
calm,0.2282487340302967,0.7794526330610544,3.203762052801494,-0.033212714,0.0,0,1.0,LOW,LOW,30.435025319394065,1.0,4.016427400355199,,0.5,0.5
calm,0.2297338889743288,1.1266536587454403,3.620918511410268,-0.030808639,0.0,0,1.0,LOW,LOW,30.405322220513423,1.0,4.780197087424588,,0.5,0.5
calm,0.2533932483931856,1.2764333113206303,2.974808885545749,-0.047842877,0.0,0,1.0,LOW,LOW,29.932135032136287,1.0,4.299085073708604,,0.5,0.5
calm,0.2471465684232786,0.9990373166838428,2.5877971344664057,-0.052292823,0.0,0,1.0,LOW,LOW,30.057068631534428,1.0,3.639127274,,0.5,0.5
calm,0.2645321842499066,1.2385741235882357,2.420328604122584,-0.044493179,0.0,0,1.0,LOW,LOW,29.709356315001862,1.0,3.703395906380792,,0.5,0.5
calm,0.2537201818200442,0.8521332037927088,3.497861549252481,-0.025826495,0.0,0,1.0,LOW,LOW,29.92559636359912,1.0,4.378816377536662,,0.5,0.5
happy,0.2369681938940138,0.5130387164255288,1.596486832349326,-0.011446203,0.0,0,1.0,LOW,LOW,30.260636122119724,1.0,2.1448421831170843,,0.5,0.5
happy,0.2294846212706681,0.865289152,1.908573094210248,-0.006801959,0.0,0,1.0,LOW,LOW,30.41030757458664,1.0,2.7896510307811284,,0.5,0.5
happy,0.2369216853692846,0.5681933727767763,2.0234403630765394,-0.001788568,0.0,0,1.0,LOW,LOW,30.261566292614308,1.0,2.6241370361822285,,0.5,0.5
happy,0.2262925163766307,0.7946241658575184,2.024021533480967,0.007593549,0.0,0,1.0,LOW,LOW,30.474149672467384,1.0,2.842809436038017,,0.5,0.5
happy,0.2520355891748598,0.6460296866324559,2.1400211014691037,0.000111751,0.0,0,1.0,LOW,LOW,29.95928821650281,1.0,2.8233302486325584,,0.5,0.5
happy,0.2096530866149734,0.778960066,2.4454400632934017,0.0256732693633169,0.0,0,1.0,LOW,LOW,30.80693826770053,1.0,3.2577908499401858,,0.5,0.5
happy,0.2139748151636454,0.6772032452487288,2.2256320619064947,0.0151352709471741,0.0,0,1.0,LOW,LOW,30.720503696727093,1.0,2.9338793727041708,,0.5,0.5
happy,0.2276785033024127,0.6437634642113095,2.5496489893137286,0.022310074,0.0,0,1.0,LOW,LOW,30.446429933951748,1.0,3.228282373661139,,0.5,0.5
sad,0.269783449,1.1428935451828657,2.0959331850887013,-0.075168159,0.0,0,1.0,MEDIUM,LOW,29.60433102872936,1.0,3.3139948894955737,,0.5,0.5
sad,0.2798239158353081,1.1082671091309086,2.4113895453958007,-0.079438972,0.0,0,1.0,MEDIUM,LOW,29.403521683293835,1.0,3.599095626730005,,0.5,0.5
sad,0.2651040090497008,0.9296341892401032,2.525141986275663,-0.050616081,0.0,0,1.0,MEDIUM,LOW,29.697919819005985,1.0,3.505392256736856,,0.5,0.5
sad,0.2710448231569372,0.7402798461198075,3.0554496215028784,-0.05562879,0.0,0,1.0,MEDIUM,LOW,29.57910353686125,1.0,3.851358257715584,,0.5,0.5
sad,0.2694561539085119,-0.318669287,2.410525842972172,-0.043805672,0.0,0,1.0,MEDIUM,LOW,29.610876921829764,1.0,3.0792460291686776,,0.5,0.5
sad,0.2535008553299283,0.7093624297342879,2.3896640917241334,-0.038687056,0.0,0,1.0,MEDIUM,LOW,29.929982893401437,1.0,3.1377135774570526,,0.5,0.5
sad,0.2792684861774476,0.5937555874494199,2.600866536503625,-0.036465608,0.0,0,1.0,MEDIUM,LOW,29.41463027645105,1.0,3.2310877314889037,,0.5,0.5
sad,0.2484854985211058,0.6561949661993806,3.118753036972149,-0.037799719,0.0,0,1.0,MEDIUM,LOW,30.030290029577884,1.0,3.812747721876446,,0.5,0.5
angry,0.2761029485304023,1.1129294013546065,1.6400823044985338,-0.084243585,0.0,0,1.0,MEDIUM,LOW,29.477941029391957,1.0,2.837255290536567,,0.5,0.5
angry,0.2536645245031975,0.7922317709544815,2.209112924917305,-0.098068719,0.0,0,1.0,MEDIUM,LOW,29.926709509936053,1.0,3.099413415,,0.5,0.5
angry,0.2858835666404384,1.0331656026733185,1.8978348638552784,-0.082914185,0.0,0,1.0,MEDIUM,LOW,29.28232866719123,1.0,3.0139146511438737,,0.5,0.5
angry,0.2733862842759815,1.0339262115066192,2.2432690122215715,-0.100927423,0.0,0,1.0,MEDIUM,LOW,29.532274314480368,1.0,3.3781226466166188,,0.5,0.5
angry,0.2315817214151708,0.3139845338193143,2.830480144,-0.09499383,0.0,0,1.0,MEDIUM,LOW,30.368365571696582,1.0,3.445584637890837,,0.5,0.5
angry,0.2757271208573172,-0.086043878,2.728647948971457,-0.085637204,0.0,0,1.0,MEDIUM,LOW,29.485457582853652,1.0,3.5513595090937287,,0.5,0.5
angry,0.2818502486352013,0.8614815421351988,2.673199949952003,-0.109462753,0.0,0,1.0,MEDIUM,LOW,29.362995027295973,1.0,3.6441442455116935,,0.5,0.5
angry,0.2919098290135293,0.7209628372243837,2.659185331323377,-0.083765628,0.0,0,1.0,MEDIUM,LOW,29.161803419729413,1.0,3.4639137966855507,,0.5,0.5
fearful,0.2669373771246131,-0.110661606,2.2821109736553096,-0.096876661,0.0,0,1.0,LOW,LOW,29.66125245750774,1.0,2.9854250895618346,,0.5,0.5
fearful,0.2840659327239375,0.8176515519450569,2.332938821196379,-0.064829984,0.0,0,1.0,LOW,LOW,29.31868134552125,1.0,3.2154203574165874,,0.5,0.5
fearful,0.2987446469184051,0.3854871502475452,2.5374572047248,-0.092926573,0.0,0,1.0,LOW,LOW,29.02510706,1.0,3.0158709281424585,,0.5,0.5
fearful,0.2937347890402857,0.1660235728439985,2.278943225,-0.083272153,0.0,0,1.0,LOW,LOW,29.125304219194284,1.0,2.6418136579987697,,0.5,0.5
fearful,0.3041254106948209,0.4896609321286866,2.232731374569913,-0.091622178,0.0,0,1.0,LOW,LOW,28.917491786103582,1.0,2.8140144847862207,,0.5,0.5
fearful,0.2824163384594085,0.6778884259427141,2.349471046,-0.066056187,0.0,0,1.0,LOW,LOW,29.35167323081183,1.0,3.093415658742134,,0.5,0.5
fearful,0.2906293250576371,0.1140055000149627,2.20285132341036,-0.083831577,0.0,0,1.0,LOW,LOW,29.18741349884726,1.0,2.5150653591690477,,0.5,0.5
fearful,0.3023826631078865,0.1099778039796418,2.105486818457513,-0.08536354,0.0,0,1.0,LOW,LOW,28.95234673784227,1.0,2.3705018211926694,,0.5,0.5
disgust,0.1613469345434086,0.4253845848691922,1.1777203933608944,-0.05991741,0.0,0,1.0,LOW,LOW,31.773061309131823,1.0,2.002271967,,0.5,0.5
disgust,0.1642862620996736,-0.181980408,2.195865229475044,-0.08095283,0.0,0,1.0,LOW,LOW,31.714274758006525,1.0,3.5825273784317417,,0.5,0.5
disgust,0.1589263082692603,0.9145299670909252,1.844536940962256,-0.054855052,0.0,0,1.0,LOW,LOW,31.8214738346148,1.0,2.8160944434535944,,0.5,0.5
disgust,0.2182137105500274,0.6740417684369029,2.390305131335821,-0.06067886,0.0,0,1.0,LOW,LOW,30.63572578899945,1.0,3.125025759635809,,0.5,0.5
disgust,0.2238740391028129,1.1956909017750208,2.7585400300293954,-0.05363032,0.0,0,1.0,LOW,LOW,30.522519217943746,1.0,4.015723487896591,,0.5,0.5
disgust,0.1959922150053079,-3.595292328,3.9249532498103816,-0.146994267,0.1,0,0.9,MEDIUM,LOW,31.08015569989384,0.9,8.584369826,,0.5,0.5
disgust,0.1706399025687676,1.1910469114555238,1.812205077474701,-0.080597599,0.0,0,1.0,LOW,LOW,31.58720194862465,1.0,3.275018945,,0.5,0.5
disgust,0.2335830170491437,0.5825773772579289,2.0136521443592064,-0.091097401,0.0,0,1.0,LOW,LOW,30.328339659017125,1.0,2.789085022333764,,0.5,0.5
surprised,0.2324193741825147,1.676302209978428,2.675352913825191,-0.039363387,0.0,0,1.0,LOW,LOW,30.351612516349704,1.0,4.396285680937591,,0.5,0.5
surprised,0.2298718881019609,0.9289441916262532,2.374572234986712,-0.021363945,0.0,0,1.0,LOW,LOW,30.40256223796078,1.0,3.327101874687332,,0.5,0.5
surprised,0.2395039706302149,1.8403678145207856,2.6465880314086334,-0.020159945,0.0,0,1.0,LOW,LOW,30.20992059,1.0,4.513198811127486,,0.5,0.5
surprised,0.2246733589903532,1.507825800153104,1.766713524,-0.016844013,0.0,0,1.0,LOW,LOW,30.506532820192938,1.0,3.300219124760168,,0.5,0.5
surprised,0.2772630453380538,0.6277629646379773,1.7154510146206234,-0.025356528,0.0,0,1.0,LOW,LOW,29.454739093238924,1.0,2.3968401369039176,,0.5,0.5
surprised,0.262309642939581,0.56865359,2.779286106695133,-0.015555519,0.0,0,1.0,LOW,LOW,29.75380714120838,1.0,3.3821886706609363,,0.5,0.5
surprised,0.2724548480930425,0.6415121549088382,2.4450689432948303,-0.037340854,0.0,0,1.0,LOW,LOW,29.55090303813915,1.0,3.126190356223983,,0.5,0.5
surprised,0.2531264176561991,0.853377753,2.662263157210085,-0.013716547,0.0,0,1.0,LOW,LOW,29.937471646876016,1.0,3.550875274095691,,0.5,0.5
neutral,0.2601037615004162,-0.137726702,4.021974017,-0.074010832,0.0,0,1.0,LOW,LOW,29.797924769991678,1.0,4.255610633057692,,0.5,0.5
neutral,0.2517640641227952,-0.227422268,4.0483895363882185,-0.073564119,0.0,0,1.0,LOW,LOW,29.96471871754409,1.0,4.37106551,,0.5,0.5
neutral,0.2194959075098711,0.5577066527150879,3.816315589651064,-0.049008117,0.0,0,1.0,LOW,LOW,30.610081849802576,1.0,4.423790722602635,,0.5,0.5
neutral,0.2412582402323192,-0.299763596,4.063269664792325,-0.062381059,0.0,0,1.0,LOW,LOW,30.174835195353616,1.0,4.425414320221787,,0.5,0.5
calm,0.1918692282347442,-0.95036196,3.1464972547687,-0.000345409,0.0,0,1.0,LOW,LOW,31.162615435305117,1.0,4.115873603844529,,0.5,0.5
calm,0.1974774220241028,-0.477217258,4.588677053271977,-0.001504854,0.0,0,1.0,LOW,LOW,31.050451559517946,1.0,5.089417696761967,,0.5,0.5
calm,0.2169114870815255,1.05907460077051,3.337442926144594,-0.036571372,0.0,0,1.0,LOW,LOW,30.66177025836949,1.0,4.436327242607105,,0.5,0.5
calm,0.1617855390047118,1.674386891870104,4.998940443200813,0.002293083,0.0,0,1.0,LOW,LOW,31.764289219905763,1.0,6.688857862219689,,0.5,0.5
calm,0.1905838615858531,-0.438996621,4.371204415,-0.030759995,0.0,0,1.0,LOW,LOW,31.188322768282937,1.0,4.935355160751717,,0.5,0.5
calm,0.1776909685166092,-1.040280427,4.53100719,0.003352318,0.0,0,1.0,LOW,LOW,31.44618062966781,1.0,5.597169081526067,,0.5,0.5
calm,0.1879680333765611,-1.09586886,3.557216145751941,0.030101243,0.0,0,1.0,LOW,LOW,31.240639332468778,1.0,4.683968615643969,,0.5,0.5
calm,0.1937858289601288,4.9379900860309895,4.549280801025265,-0.006239786,0.0,0,1.0,MEDIUM,LOW,31.124283420797425,1.0,9.517669523077064,,0.5,0.5
happy,0.2014491530353775,1.3469512029774482,2.5902833466357085,0.006670019,0.0,0,1.0,LOW,LOW,30.971016939292447,1.0,3.973347302043494,,0.5,0.5
happy,0.1892811248677292,-0.012470821,2.614668127754527,-0.013018533,0.0,0,1.0,LOW,LOW,31.214377502645416,1.0,2.8384714351941387,,0.5,0.5
happy,0.1931552797976532,-0.092005739,2.572447607563614,-0.013476084,0.0,0,1.0,LOW,LOW,31.13689440404693,1.0,3.026850116108761,,0.5,0.5
happy,0.190260699804578,0.1333041569857104,2.6366463353118195,-0.018467032,0.0,0,1.0,LOW,LOW,31.19478600390844,1.0,3.0447786422512992,,0.5,0.5
happy,0.204787330646002,0.0261852561401753,2.269682227206227,-0.014191131,0.0,0,1.0,LOW,LOW,30.90425338707996,1.0,2.535530166330836,,0.5,0.5
happy,0.1883201717733051,-0.00767155,3.105158480939442,-0.011545084,0.0,0,1.0,LOW,LOW,31.233596564533897,1.0,3.671257397633148,,0.5,0.5
happy,0.1928475143223433,-0.429949672,3.2679634201007066,-0.021558488,0.0,0,1.0,LOW,LOW,31.143049713553133,1.0,4.063847618093998,,0.5,0.5
happy,0.193834039,0.5712035302639696,2.9479013858773797,0.008728462,0.0,0,1.0,LOW,LOW,31.12331921904406,1.0,4.352848587324663,,0.5,0.5
sad,0.2259250745522296,1.7349677844326166,2.020262499058432,-0.032708648,0.0,0,1.0,MEDIUM,LOW,30.481498508955408,1.0,3.7879389316455887,,0.5,0.5
sad,0.2598539558961331,-1.92437831,1.8196395659007687,0.015891017,0.0,0,1.0,MEDIUM,LOW,29.802920882077338,1.0,3.7790272038261192,,0.5,0.5
sad,0.2074699645735032,2.4961046117364605,3.4606771910400647,-0.027190368,0.0,0,1.0,MEDIUM,LOW,30.85060070852993,1.0,5.998157143779498,,0.5,0.5
sad,0.2922335284721554,-2.031022666,1.967741426383536,-0.008425347,0.0,0,1.0,MEDIUM,LOW,29.15532943055689,1.0,4.020265516,,0.5,0.5
sad,0.193962761192664,0.064022,2.363288987156684,-0.033326988,0.0,0,1.0,MEDIUM,LOW,31.12074477614672,1.0,3.448542536189747,,0.5,0.5
sad,0.2262055789373663,-0.095981085,2.6439941744255755,-0.029806652,0.0,0,1.0,MEDIUM,LOW,30.47588842125268,1.0,3.009082248650752,,0.5,0.5
sad,0.2072194674586941,0.072084443,2.921123457950439,-0.020666481,0.0,0,1.0,MEDIUM,LOW,30.855610650826115,1.0,3.619184258,,0.5,0.5
sad,0.2301616947297473,1.3818760214221677,3.290029304452005,-0.042448344,0.0,0,1.0,MEDIUM,LOW,30.396766105405053,1.0,4.7143536695570765,,0.5,0.5
angry,0.2889348800323499,-0.920795994,2.3660523767939936,-0.099128999,0.0,0,1.0,MEDIUM,LOW,29.2213024,1.0,3.3906311492283705,,0.5,0.5
angry,0.2916686177165891,0.5343930079191512,1.6754647012731156,-0.067335868,0.0,0,1.0,MEDIUM,LOW,29.16662764566822,1.0,2.410811980514733,,0.5,0.5
angry,0.2873202071886495,-1.805982524,1.4907304759567408,-0.025085005,0.0,0,1.0,MEDIUM,LOW,29.253595856227008,1.0,3.499208687774083,,0.5,0.5
angry,0.2798641679570541,-1.901953072,3.1373488424925,-0.080616208,0.0,0,1.0,MEDIUM,LOW,29.40271664085892,1.0,5.119918123057977,,0.5,0.5
angry,0.2880539723120617,-0.180608026,2.0889660372591057,-0.094760825,0.0,0,1.0,MEDIUM,LOW,29.238920553758767,1.0,2.449237199220526,,0.5,0.5
angry,0.2917708529433913,-0.503137938,2.264320032488093,-0.07185718,0.0,0,1.0,MEDIUM,LOW,29.16458294113217,1.0,3.051647184944666,,0.5,0.5
angry,0.2727282265269322,-0.782410598,1.4249130852723384,-0.012391431,0.0,0,1.0,MEDIUM,LOW,29.54543546946136,1.0,2.465322929128853,,0.5,0.5
angry,0.2773774244433593,0.4603167949043051,1.6876321373230805,-0.04783391,0.0,0,1.0,MEDIUM,LOW,29.45245151113281,1.0,2.6844914729302416,,0.5,0.5
fearful,0.2911661311680297,-1.023311077,2.322233923250532,-0.099910086,0.0,0,1.0,LOW,LOW,29.176677376639404,1.0,4.220466622159892,,0.5,0.5
fearful,0.3275164832608437,-2.334978086,2.7392171811200643,-0.120467489,0.0,0,1.0,LOW,LOW,28.449670334783125,1.0,5.194662755531129,,0.5,0.5
fearful,0.3334899286679881,-2.890233277,2.152601634301402,-0.122888323,0.0,0,1.0,LOW,LOW,28.33020142664024,1.0,5.260235241,,0.5,0.5
fearful,0.2916786789836294,-1.140729689,1.6747946708515271,-0.093216325,0.0,0,1.0,LOW,LOW,29.16642642032741,1.0,2.910632376101109,,0.5,0.5
fearful,0.252768044287243,0.4037334412165766,3.085842263971845,-0.070272021,0.0,0,1.0,LOW,LOW,29.94463911425514,1.0,3.994030573619189,,0.5,0.5
fearful,0.2519373434765795,-0.598802221,3.2775975651803133,-0.065955148,0.0,0,1.0,LOW,LOW,29.96125313046841,1.0,4.588465898459353,,0.5,0.5
fearful,0.2807470607121247,-2.228769511,2.6236984465429387,-0.102444176,0.0,0,1.0,LOW,LOW,29.385058785757504,1.0,5.310737689119894,,0.5,0.5
fearful,0.2705169141312208,-0.378484891,2.825488858898533,-0.084739777,0.0,0,1.0,LOW,LOW,29.58966171737558,1.0,3.7319856646374023,,0.5,0.5
disgust,0.1603443940438121,3.0289615683241435,3.2830625610761843,-0.062997853,0.0,0,1.0,LOW,LOW,31.79311211912376,1.0,6.375021982050623,,0.5,0.5
disgust,0.1649707095879468,-1.762725487,2.622814665481967,-0.095683411,0.0,0,1.0,LOW,LOW,31.700585808241065,1.0,4.481223563318211,,0.5,0.5
disgust,0.1890074593840547,-2.870467334,3.027123374963531,-0.108557974,0.0,0,1.0,LOW,LOW,31.219850812318903,1.0,6.006148683,,0.5,0.5
disgust,0.197829169556167,2.701843051889044,2.1797292030519677,-0.067273376,0.0,0,1.0,LOW,LOW,31.043416608876655,1.0,4.948845630836821,,0.5,0.5
disgust,0.1609786262016516,-1.929748199,3.5925158651074938,-0.064573379,0.0,0,1.0,LOW,LOW,31.780427475966967,1.0,5.599674459941443,,0.5,0.5
disgust,0.1326451110715467,-0.033765943,4.2306743497643575,-0.049069095,0.0,0,1.0,LOW,LOW,32.347097778569065,1.0,5.143239856,,0.5,0.5
disgust,0.1421173485496552,1.1809296844433534,2.424641623392292,-0.022123665,0.0,0,1.0,LOW,LOW,32.157653029006894,1.0,4.882066289306953,,0.5,0.5
disgust,0.1222614861491348,1.7520970833725755,3.5704990032286794,-0.072580975,0.0,0,1.0,LOW,LOW,32.554770277017305,1.0,5.555800703854122,,0.5,0.5
surprised,0.2358251899823852,0.6907787622135734,0.00114241,0.0126141891189543,0.0,0,1.0,LOW,LOW,30.283496200352296,1.0,1.4945237747442142,,0.5,0.5
surprised,0.2173114095455424,-0.957064787,-0.147310231,-0.014717076,0.0,0,1.0,LOW,LOW,30.65377180908915,1.0,1.6431513835329905,,0.5,0.5
surprised,0.2674147488166846,1.09442085580675,0.3932443595090539,-0.006340133,0.0,0,1.0,LOW,LOW,29.65170502366631,1.0,2.067897852555812,,0.5,0.5
surprised,0.2870806117048593,-0.602878678,0.70641259,-0.051022738,0.0,0,1.0,LOW,LOW,29.25838776590281,1.0,1.702994197156275,,0.5,0.5
surprised,0.2338081668082773,0.7511002386586805,-0.004150682,0.0139395448411988,0.0,0,1.0,LOW,LOW,30.32383666383445,1.0,1.848535660460724,,0.5,0.5
surprised,0.3045666050621409,-0.230522559,0.1734230141846638,-0.044835511,0.0,0,1.0,LOW,LOW,28.90866789875718,1.0,1.4286490424322833,,0.5,0.5
surprised,0.1961861785928066,1.0197835934186736,1.0524281025060145,-0.002618294,0.0,0,1.0,LOW,LOW,31.076276428143867,1.0,2.271976177412188,,0.5,0.5
surprised,0.2220354522089997,0.3975334519872614,0.0145859294081921,0.002452958,0.0,0,1.0,LOW,LOW,30.559290955820003,1.0,1.0246117727905484,,0.5,0.5
neutral,0.2585688383973101,-0.124757084,4.054941630349864,-0.074502955,0.0,0,1.0,LOW,LOW,29.8286232320538,1.0,4.325229735,,0.5,0.5
neutral,0.2534286207029916,-0.226387255,4.052165829941171,-0.074908276,0.0,0,1.0,LOW,LOW,29.931427585940167,1.0,4.376380846384201,,0.5,0.5
neutral,0.2224555303057341,0.5445715400951212,3.8091751041456696,-0.049039644,0.0,0,1.0,LOW,LOW,30.55088939388532,1.0,4.403807532,,0.5,0.5
neutral,0.2417384578835281,-0.291904814,4.037296218590455,-0.062250393,0.0,0,1.0,LOW,LOW,30.16523084232944,1.0,4.395216285083032,,0.5,0.5
calm,0.192310009582097,-0.947759385,3.143461976659633,-0.000480524,0.0,0,1.0,LOW,LOW,31.15379980835806,1.0,4.110268511548759,,0.5,0.5
calm,0.1963092493258994,-0.459809523,4.586936996242231,-0.001462499,0.0,0,1.0,LOW,LOW,31.07381501348201,1.0,5.071088001485429,,0.5,0.5
calm,0.2174508867827523,1.0508519601885455,3.3413723680172867,-0.036162723,0.0,0,1.0,LOW,LOW,30.650982264344957,1.0,4.432399773029591,,0.5,0.5
calm,0.1572318416047337,1.664144127197815,4.978524951974023,0.002774029,0.0,0,1.0,LOW,LOW,31.855363167905324,1.0,6.658410291515392,,0.5,0.5
calm,0.1931611648656016,-0.438406834,4.328750984506484,-0.029874009,0.0,0,1.0,LOW,LOW,31.136776702687968,1.0,4.892429253,,0.5,0.5
calm,0.1770887944077361,-1.045507727,4.526826547808012,0.00610754,0.0,0,1.0,LOW,LOW,31.45822411184528,1.0,5.598362258154306,,0.5,0.5
calm,0.1897284074934722,-1.10642838,3.5715224415704765,0.0300313246667322,0.0,0,1.0,LOW,LOW,31.205431850130555,1.0,4.708404056139518,,0.5,0.5
calm,0.1933699900371065,4.947659505507891,4.517399716181507,-0.005135915,0.0,0,1.0,MEDIUM,LOW,31.13260019925787,1.0,9.494490641880573,,0.5,0.5
happy,0.2015086948703565,1.3682580595572127,2.56746656753094,0.008909443,0.0,0,1.0,LOW,LOW,30.96982610259287,1.0,3.963296624247076,,0.5,0.5
happy,0.1905875819941566,-0.012685263,2.6138313235956003,-0.012621652,0.0,0,1.0,LOW,LOW,31.18824836011687,1.0,2.8277149744931704,,0.5,0.5
happy,0.1931713310634075,-0.07839691,2.6061011089886525,-0.012336007,0.0,0,1.0,LOW,LOW,31.13657337873185,1.0,3.0759411780683945,,0.5,0.5
happy,0.1891410542109356,0.132253364164442,2.6160441006059902,-0.017240984,0.0,0,1.0,LOW,LOW,31.21717891578129,1.0,3.007473401524945,,0.5,0.5
happy,0.2024405727162462,-0.003339457,2.278536666099053,-0.014611292,0.0,0,1.0,LOW,LOW,30.951188545675077,1.0,2.531562053,,0.5,0.5
happy,0.1894471067637217,-0.016391816,3.096979273356136,-0.01124669,0.0,0,1.0,LOW,LOW,31.211057864725564,1.0,3.6583500793352712,,0.5,0.5
happy,0.1923255626767988,-0.412761047,3.2288148073580043,-0.019065291,0.0,0,1.0,LOW,LOW,31.153488746464024,1.0,4.024309757799551,,0.5,0.5
happy,0.1941130090769367,0.562186404,2.936785886960007,0.0108489930036655,0.0,0,1.0,LOW,LOW,31.117739818461267,1.0,4.355553195,,0.5,0.5
sad,0.225910381871518,1.7264865978408104,2.016503766239371,-0.032604515,0.0,0,1.0,MEDIUM,LOW,30.48179236256964,1.0,3.775594878793158,,0.5,0.5
sad,0.260220426478106,-1.917965633,1.8282531454884328,0.0158176519832149,0.0,0,1.0,MEDIUM,LOW,29.79559147043788,1.0,3.7821165730967294,,0.5,0.5
sad,0.2089660692714287,2.469603248226388,3.45732846210768,-0.026321065,0.0,0,1.0,MEDIUM,LOW,30.820678614571428,1.0,5.967326357004154,,0.5,0.5
sad,0.2934082441514725,-2.059124321,1.9545683793575104,-0.009135345,0.0,0,1.0,MEDIUM,LOW,29.13183511697055,1.0,4.035824930518653,,0.5,0.5
sad,0.1899500228500559,0.06063461,2.3290465149946726,-0.032674121,0.0,0,1.0,MEDIUM,LOW,31.200999542998883,1.0,3.4356733535622186,,0.5,0.5
sad,0.2236407339811282,-0.063497479,2.623501212698597,-0.028882526,0.0,0,1.0,MEDIUM,LOW,30.527185320377438,1.0,2.9651179666821803,,0.5,0.5
sad,0.2067862252025648,0.080599146,2.882124177673495,-0.019393942,0.0,0,1.0,MEDIUM,LOW,30.864275495948704,1.0,3.5629535806321084,,0.5,0.5
sad,0.2321616020349663,1.388208457064569,3.2905635665350235,-0.041464207,0.0,0,1.0,MEDIUM,LOW,30.35676795930068,1.0,4.720236230591179,,0.5,0.5
angry,0.2884788999746485,-0.930133795,2.344459978367994,-0.098807598,0.0,0,1.0,MEDIUM,LOW,29.230422000507023,1.0,3.397997593850312,,0.5,0.5
angry,0.290645187,0.5326829863213771,1.6728703088513333,-0.06772104,0.0,0,1.0,MEDIUM,LOW,29.18709626826348,1.0,2.3941255457584374,,0.5,0.5
angry,0.2877082792507177,-1.781831802,1.481342127015106,-0.024080363,0.0,0,1.0,MEDIUM,LOW,29.245834414985644,1.0,3.477477164768309,,0.5,0.5
angry,0.2806866281937299,-1.922762467,3.1333586174024024,-0.079652452,0.0,0,1.0,MEDIUM,LOW,29.38626744,1.0,5.135885302874981,,0.5,0.5
angry,0.2896834516646133,-0.18256672,2.0939432098990785,-0.095294816,0.0,0,1.0,MEDIUM,LOW,29.20633096670773,1.0,2.463210074285189,,0.5,0.5
angry,0.2926003698749014,-0.498522657,2.266906634599407,-0.07195367,0.0,0,1.0,MEDIUM,LOW,29.14799260250197,1.0,3.043811052815194,,0.5,0.5
angry,0.2743619421880314,-0.794985,1.408164401396993,-0.011182637,0.0,0,1.0,MEDIUM,LOW,29.51276115623937,1.0,2.4579110563057984,,0.5,0.5
angry,0.2766766042823512,0.4575339953215642,1.6951458923537477,-0.048524316,0.0,0,1.0,MEDIUM,LOW,29.46646791435297,1.0,2.689458827981253,,0.5,0.5
fearful,0.2870223626049512,-1.017033467,2.3395238885532272,-0.098448001,0.0,0,1.0,LOW,LOW,29.259552747900976,1.0,4.228898457399016,,0.5,0.5
fearful,0.3254752310210071,-2.316985001,2.701435226228658,-0.118625936,0.0,0,1.0,LOW,LOW,28.49049537957985,1.0,5.137046163194758,,0.5,0.5
fearful,0.3360304131325018,-2.907790999,2.191079378010247,-0.122508541,0.0,0,1.0,LOW,LOW,28.279391737349965,1.0,5.285909187336551,,0.5,0.5
fearful,0.2894888262260432,-1.116825205,1.6592149805203504,-0.091141147,0.0,0,1.0,LOW,LOW,29.210223475479136,1.0,2.869116470894736,,0.5,0.5
fearful,0.2531183351295733,0.3995846958544403,3.083847417773097,-0.071148115,0.0,0,1.0,LOW,LOW,29.93763329740853,1.0,3.986381950004763,,0.5,0.5
fearful,0.2525520014608167,-0.592715379,3.245150217750155,-0.065917834,0.0,0,1.0,LOW,LOW,29.948959970783665,1.0,4.559840418077932,,0.5,0.5
fearful,0.2761550566770294,-2.215785879,2.5702198514803207,-0.100689145,0.0,0,1.0,LOW,LOW,29.47689886645941,1.0,5.239930727764476,,0.5,0.5
fearful,0.2711983806954642,-0.369529437,2.8089560507725624,-0.08308413,0.0,0,1.0,LOW,LOW,29.57603238609072,1.0,3.7047546991263416,,0.5,0.5
disgust,0.159640731,3.026706372999783,3.2711507597644744,-0.061562621,0.0,0,1.0,LOW,LOW,31.80718538672988,1.0,6.359419753345813,,0.5,0.5
disgust,0.1660963208174443,-1.767284028,2.6126496806830493,-0.094884603,0.0,0,1.0,LOW,LOW,31.678073583651116,1.0,4.474818311769994,,0.5,0.5
disgust,0.1877831999151193,-2.870539862,3.065316462902094,-0.107887083,0.0,0,1.0,LOW,LOW,31.24433600169761,1.0,6.043743407628151,,0.5,0.5
disgust,0.1966421745636967,2.7017524790636136,2.227409284460601,-0.067939689,0.0,0,1.0,LOW,LOW,31.067156508726065,1.0,4.997101452176355,,0.5,0.5
disgust,0.1593153357580256,-1.929986585,3.5534773440012297,-0.064381484,0.0,0,1.0,LOW,LOW,31.813693284839488,1.0,5.561671861588194,,0.5,0.5
disgust,0.1293685450520072,-0.034710926,4.227856393917324,-0.049388514,0.0,0,1.0,LOW,LOW,32.412629098959854,1.0,5.142273276714943,,0.5,0.5
disgust,0.1390162105491804,1.176572343322767,2.3888685282521203,-0.023516124,0.0,0,1.0,LOW,LOW,32.21967578901639,1.0,4.891149334444561,,0.5,0.5
disgust,0.1242798527078056,1.7969979126358424,3.5074226807369158,-0.070954377,0.0,0,1.0,LOW,LOW,32.514402945843884,1.0,5.515507870383961,,0.5,0.5
surprised,0.2341927054009024,0.6848925728076751,-0.059102856,0.0131957125845527,0.0,0,1.0,LOW,LOW,30.316145891981957,1.0,1.4412213974669252,,0.5,0.5
surprised,0.2163477573031836,-0.958846418,-0.154833563,-0.014598638,0.0,0,1.0,LOW,LOW,30.673044853936325,1.0,1.6941918596635568,,0.5,0.5
surprised,0.2673854516043222,1.0814897985738736,0.3522506567473259,-0.005725396,0.0,0,1.0,LOW,LOW,29.652290967913554,1.0,2.063425703105037,,0.5,0.5
surprised,0.2898337593996252,-0.608589825,0.6566319739377044,-0.050857875,0.0,0,1.0,LOW,LOW,29.20332481200749,1.0,1.6775242940996953,,0.5,0.5
surprised,0.2337326981589672,0.7348822327117557,-0.0038058,0.0143222467496215,0.0,0,1.0,LOW,LOW,30.32534603682065,1.0,1.819787776086952,,0.5,0.5
surprised,0.3036582284184788,-0.229504878,0.1424430929299501,-0.044304858,0.0,0,1.0,LOW,LOW,28.926835431630423,1.0,1.429502683515786,,0.5,0.5
surprised,0.1979339145822027,1.029820441737363,1.0291519091756345,3.715158877004576e-06,0.0,0,1.0,LOW,LOW,31.041321708355945,1.0,2.2501671172593545,,0.5,0.5
surprised,0.2159175287060398,0.4572212751944501,-0.089173061,0.005459736,0.0,0,1.0,LOW,LOW,30.68164943,1.0,1.0630642136229258,,0.5,0.5
neutral,0.2551245378047497,1.2412568208514323,2.21170026924154,-0.079515111,0.0,0,1.0,LOW,LOW,29.89750924390501,1.0,3.532472201366464,,0.5,0.5
neutral,0.2448588542657305,1.3876449351703335,2.4577575680321835,-0.07967134,0.0,0,1.0,LOW,LOW,30.102822914685387,1.0,3.9250738432438985,,0.5,0.5
neutral,0.25348652,1.170122711896811,2.719190647961831,-0.079484402,0.0,0,1.0,LOW,LOW,29.93026959363472,1.0,3.968797762,,0.5,0.5
neutral,0.2618953530636476,0.9722408229596254,2.125443685,-0.088169395,0.0,0,1.0,LOW,LOW,29.762092938727047,1.0,3.185853903026172,,0.5,0.5
calm,0.2418162347813418,0.9995330504732052,3.291876240072628,-0.077116937,0.0,0,1.0,LOW,LOW,30.163675304373164,1.0,4.368526228020318,,0.5,0.5
calm,0.2529259610940949,0.7888261746651839,2.8809180813087467,-0.077355335,0.0,0,1.0,LOW,LOW,29.941480778118105,1.0,3.747099591,,0.5,0.5
calm,0.1991428901836846,0.7174629786491682,2.8985151912969305,-0.07975669,0.0,0,1.0,LOW,LOW,31.017142196326304,1.0,3.695734860325818,,0.5,0.5
calm,0.249168489,0.6015982695946925,2.8205691477289974,-0.092898724,0.0,0,1.0,LOW,LOW,30.016630229236178,1.0,3.5150661414682927,,0.5,0.5
calm,0.2196653459831024,0.3708400447852391,2.918696336574439,-0.061797265,0.0,0,1.0,LOW,LOW,30.60669308033795,1.0,3.351333646748506,,0.5,0.5
calm,0.2183775709194019,0.007207321,2.8439211758832066,-0.057067674,0.0,0,1.0,LOW,LOW,30.63244858161196,1.0,3.1435736571160176,,0.5,0.5
calm,0.2127136875096407,1.1980929484915013,2.801247454543108,-0.077396123,0.0,0,1.0,LOW,LOW,30.745726249807184,1.0,4.076736526188153,,0.5,0.5
calm,0.2068644511738125,1.7151255318701004,3.6444788450764527,-0.077676664,0.0,0,1.0,LOW,LOW,30.86271097652375,1.0,5.437281040793372,,0.5,0.5
happy,0.231349693098124,0.927502664,2.7069968307651533,-0.062246361,0.0,0,1.0,LOW,LOW,30.37300613803752,1.0,3.696745855834113,,0.5,0.5
happy,0.216946302613372,1.2434832932469508,2.264396617,-0.041443354,0.0,0,1.0,LOW,LOW,30.66107394773256,1.0,3.550384430684912,,0.5,0.5
happy,0.2253511913570847,0.9769515190573662,2.3314509147890066,-0.06167701,0.0,0,1.0,LOW,LOW,30.492976172858302,1.0,3.3700794435334687,,0.5,0.5
happy,0.2286551684480726,0.8191581770160751,2.620888668403354,-0.061031309,0.0,0,1.0,LOW,LOW,30.426896631038545,1.0,3.5228069008936145,,0.5,0.5
happy,0.2464831438956902,1.2827594208676991,1.5425633902917424,-0.056425114,0.0,0,1.0,LOW,LOW,30.070337122086197,1.0,2.881747925547444,,0.5,0.5
happy,0.2449751924484255,1.3952873015549478,1.5453797180472495,-0.064314068,0.0,0,1.0,LOW,LOW,30.100496151031493,1.0,3.004981087635375,,0.5,0.5
happy,0.2198888720273951,1.4524616166215605,1.6345559213674576,-0.039646561,0.0,0,1.0,LOW,LOW,30.60222256,1.0,3.126664098871005,,0.5,0.5
happy,0.2535589497559471,0.9912795834430236,1.8906788145900408,-0.064382152,0.0,0,1.0,LOW,LOW,29.92882100488106,1.0,2.946340549728629,,0.5,0.5
sad,0.2717351397260352,1.4230853532963503,0.954644054,-0.057011875,0.0,0,1.0,MEDIUM,LOW,29.565297205479297,1.0,2.439975409687247,,0.5,0.5
sad,0.26738758,1.315186648923746,1.39063276326118,-0.053388171,0.0,0,1.0,MEDIUM,LOW,29.65224839875906,1.0,2.759207582931676,,0.5,0.5
sad,0.2670865940622273,1.099231080167127,1.322519722929236,-0.044913859,0.0,0,1.0,MEDIUM,LOW,29.65826811875545,1.0,2.4666646622712625,,0.5,0.5
sad,0.2620663908923616,1.858561308357535,0.9905788980877356,-0.054525584,0.0,0,1.0,MEDIUM,LOW,29.758672182152768,1.0,2.903665790935575,,0.5,0.5
sad,0.2661318563142715,1.0940140748350156,0.8888838859060735,-0.046666144,0.0,0,1.0,MEDIUM,LOW,29.67736287371457,1.0,2.029564104591743,,0.5,0.5
sad,0.2622538384427655,1.319957045851633,0.5816174024711543,-0.011194306,0.0,0,1.0,MEDIUM,LOW,29.75492323114469,1.0,2.052537954,,0.5,0.5
sad,0.2623233098244283,1.307147947944974,1.6082562966949454,-0.061388917,0.0,0,1.0,MEDIUM,LOW,29.75353380351143,1.0,2.976793162,,0.5,0.5
sad,0.2605043964312283,1.0112355668581332,1.5015101828194086,-0.048451039,0.0,0,1.0,MEDIUM,LOW,29.789912071375436,1.0,2.5611967882188225,,0.5,0.5
angry,0.2945507985552377,2.0461975232941816,0.055619696,-0.024598516,0.0,0,1.0,MEDIUM,LOW,29.108984028895247,1.0,2.6777544811650884,,0.5,0.5
angry,0.2976322138893768,2.1061161475346366,-0.41782698,-0.00796021,0.0,0,1.0,MEDIUM,LOW,29.047355722212465,1.0,2.675156262505583,,0.5,0.5
angry,0.2848080719115284,1.5484589050409312,0.329954640078507,-0.017452327,0.0,0,1.0,MEDIUM,LOW,29.30383856176943,1.0,2.149647181807014,,0.5,0.5
angry,0.2818045976920603,1.494248720817664,0.1644704243430596,-0.021408554,0.0,0,1.0,MEDIUM,LOW,29.36390804615879,1.0,2.1046306245771977,,0.5,0.5
angry,0.2897163317325128,1.784193132259844,-0.396585641,-0.025187032,0.0,0,1.0,MEDIUM,LOW,29.205673365349742,1.0,2.7730708686160908,,0.5,0.5
angry,0.288623593,1.734863801170096,-0.13507914,-0.043262198,0.0,0,1.0,MEDIUM,LOW,29.22752814953638,1.0,2.666870770414386,,0.5,0.5
angry,0.2875659487700363,1.5711450998134828,-0.574970904,-0.022778945,0.0,0,1.0,MEDIUM,LOW,29.24868102459927,1.0,2.366738176950686,,0.5,0.5
angry,0.2779876450652708,1.703438106841125,-0.331493423,-0.028531502,0.0,0,1.0,MEDIUM,LOW,29.440247098694584,1.0,2.5442916197832246,,0.5,0.5
fearful,0.3044044791646074,1.2556746749555807,0.3941736729857181,-0.053431512,0.0,0,1.0,LOW,LOW,28.91191041670785,1.0,1.9299960910891911,,0.5,0.5
fearful,0.3000683272061357,0.6206907380153248,0.4323890182665074,-0.061398748,0.0,0,1.0,LOW,LOW,28.99863345587729,1.0,1.2232450552693708,,0.5,0.5
fearful,0.305556315,1.0936458144446886,-0.040085618,-0.051610662,0.0,0,1.0,LOW,LOW,28.888873697371658,1.0,1.540689556410903,,0.5,0.5
fearful,0.3059822743295896,0.5653962326571649,0.2874183214043425,-0.058981285,0.0,0,1.0,LOW,LOW,28.880354513408207,1.0,1.4044849745514487,,0.5,0.5
fearful,0.3123710442454097,0.8966917111070423,0.9347164504783896,-0.053266393,0.0,0,1.0,LOW,LOW,28.752579115091805,1.0,2.106518186830189,,0.5,0.5
fearful,0.3028367411747999,1.3206216824963883,1.0948529766463126,-0.057344392,0.0,0,1.0,LOW,LOW,28.943265176504003,1.0,2.4935991668444317,,0.5,0.5
fearful,0.3139480707095944,1.1956312569326246,0.9038178564346672,-0.055822009,0.0,0,1.0,LOW,LOW,28.72103858580811,1.0,2.296578042148827,,0.5,0.5
fearful,0.3145384086428462,1.2034670584813816,0.8625464368779959,-0.063339291,0.0,0,1.0,LOW,LOW,28.709231827143075,1.0,2.143933526755434,,0.5,0.5
disgust,0.1886221916596059,1.7907760568972422,0.109350819293885,-0.053800958,0.0,0,1.0,LOW,LOW,31.227556166807883,1.0,2.175702466391924,,0.5,0.5
disgust,0.2208869665920845,1.7625765932886597,0.094881396,-0.05236628,0.0,0,1.0,LOW,LOW,30.58226066815831,1.0,2.397370306664118,,0.5,0.5
disgust,0.264886922,1.6490250541332705,0.1151446517520411,-0.046812912,0.0,0,1.0,LOW,LOW,29.70226156753168,1.0,1.9960839914207813,,0.5,0.5
disgust,0.2586485688520633,0.7673621595177277,-0.559443862,-0.022366929,0.0,0,1.0,LOW,LOW,29.827028622958736,1.0,1.7416107825293778,,0.5,0.5
disgust,0.1734008563484296,2.0341269380368487,-0.71355196,-0.029049867,0.0,0,1.0,LOW,LOW,31.531982873031406,1.0,2.795985030526692,,0.5,0.5
disgust,0.1643271746491718,1.8726852378911925,-0.298580451,-0.023262822,0.0,0,1.0,LOW,LOW,31.713456507016563,1.0,2.7072108959179557,,0.5,0.5
disgust,0.2051764049149043,1.5842460937502518,-0.727932758,-0.039081563,0.0,0,1.0,LOW,LOW,30.896471901701915,1.0,2.4183103780851565,,0.5,0.5
disgust,0.1855049930763009,0.9497115823290652,-0.39793172,-0.023341004,0.0,0,1.0,LOW,LOW,31.289900138473985,1.0,2.234556214938938,,0.5,0.5
surprised,0.2601058130492569,1.178362093629739,0.8861909577584604,-0.094150085,0.0,0,1.0,LOW,LOW,29.79788373901486,1.0,2.4859663084957973,,0.5,0.5
surprised,0.2769471365292357,1.2968097759131132,0.3144999272160307,-0.076113864,0.0,0,1.0,LOW,LOW,29.461057269415285,1.0,2.125760903,,0.5,0.5
surprised,0.2775396180116067,2.877222376074678,0.452461911,-0.080490933,0.0,0,1.0,LOW,LOW,29.449207639767863,1.0,3.7749737095338105,,0.5,0.5
surprised,0.2550414985581958,1.2708990524207906,-0.150782648,-0.055254088,0.0,0,1.0,LOW,LOW,29.89917002883608,1.0,2.112888691092283,,0.5,0.5
surprised,0.2971348492919913,1.3721328592773072,-0.28337763,-0.052299222,0.0,0,1.0,LOW,LOW,29.057303014160176,1.0,2.320318303030839,,0.5,0.5
surprised,0.292676868637259,1.041646085054356,0.2771809527019574,-0.056619416,0.0,0,1.0,LOW,LOW,29.14646262725482,1.0,1.5703544784109362,,0.5,0.5
surprised,0.2870369638457604,1.1377092836621854,0.8871466915980589,-0.104383443,0.0,0,1.0,LOW,LOW,29.259260723084797,1.0,2.129239417923661,,0.5,0.5
surprised,0.2956528489481103,0.6098185148137466,0.1494278966376246,-0.080601835,0.0,0,1.0,LOW,LOW,29.086943021037797,1.0,1.846753580805285,,0.5,0.5
neutral,0.2567113617971775,1.230170718,2.1624134837962057,-0.077587906,0.0,0,1.0,LOW,LOW,29.86577276405645,1.0,3.470172107442576,,0.5,0.5
neutral,0.2429566147699512,1.3858875880305668,2.435483219991018,-0.080260352,0.0,0,1.0,LOW,LOW,30.14086770460097,1.0,3.901631160118608,,0.5,0.5
neutral,0.253285726,1.1913829817036683,2.724584417459436,-0.077867137,0.0,0,1.0,LOW,LOW,29.934285471756603,1.0,3.9938345358614926,,0.5,0.5
neutral,0.2626895918688894,0.9669033619124344,2.111282721626525,-0.088224422,0.0,0,1.0,LOW,LOW,29.74620816262221,1.0,3.166410505710004,,0.5,0.5
calm,0.2403105653577106,0.9802192280380032,3.27855836,-0.076765716,0.0,0,1.0,LOW,LOW,30.193788692845786,1.0,4.335543304257924,,0.5,0.5
calm,0.2521601002355365,0.7844243049792766,2.863723444566976,-0.076574413,0.0,0,1.0,LOW,LOW,29.95679799528927,1.0,3.724722162441302,,0.5,0.5
calm,0.2005018514262589,0.7366833434116077,2.887555825441384,-0.078939026,0.0,0,1.0,LOW,LOW,30.98996297147482,1.0,3.7031781943952975,,0.5,0.5
calm,0.2482685288492645,0.588214696,2.860812935146481,-0.091768561,0.0,0,1.0,LOW,LOW,30.03462942301471,1.0,3.5407961921851507,,0.5,0.5
calm,0.2213320984014554,0.3686213647555625,2.8946106495952284,-0.061421192,0.0,0,1.0,LOW,LOW,30.57335803197089,1.0,3.3246532063706,,0.5,0.5
calm,0.2182766655893434,-0.008338276,2.8615290049664805,-0.057002367,0.0,0,1.0,LOW,LOW,30.63446668821313,1.0,3.172712854262659,,0.5,0.5
calm,0.2100394284085891,1.1909055420654355,2.7969514104670448,-0.075854249,0.0,0,1.0,LOW,LOW,30.79921143182822,1.0,4.063711201752335,,0.5,0.5
calm,0.2040706296442458,1.7366219446139723,3.6600885267638055,-0.077218466,0.0,0,1.0,LOW,LOW,30.918587407115083,1.0,5.473928937679246,,0.5,0.5
happy,0.2318582979722501,0.9202638604135092,2.703539461614584,-0.062260832,0.0,0,1.0,LOW,LOW,30.362834040555,1.0,3.686064153678685,,0.5,0.5
happy,0.2155195097232153,1.2492610280212455,2.2380827987305696,-0.040563166,0.0,0,1.0,LOW,LOW,30.689609805535696,1.0,3.529008349165065,,0.5,0.5
happy,0.2226309781083173,0.9711053632898956,2.330553347745117,-0.060859961,0.0,0,1.0,LOW,LOW,30.54738043783365,1.0,3.3625186722693443,,0.5,0.5
happy,0.2265169127709333,0.8258103,2.6026221515428505,-0.061497958,0.0,0,1.0,LOW,LOW,30.46966174458133,1.0,3.5087730662029983,,0.5,0.5
happy,0.2448904959025056,1.288993618230898,1.5533301939224022,-0.055866977,0.0,0,1.0,LOW,LOW,30.102190081949885,1.0,2.8981907891633565,,0.5,0.5
happy,0.2436458203508926,1.40192542,1.524743992228472,-0.064314961,0.0,0,1.0,LOW,LOW,30.127083592982142,1.0,2.9909843731371484,,0.5,0.5
happy,0.2198655740506334,1.4647221236534087,1.633118309498491,-0.038979248,0.0,0,1.0,LOW,LOW,30.60268851898733,1.0,3.136819680851446,,0.5,0.5
happy,0.2523787505847972,0.9884826140013758,1.932442218567128,-0.062741299,0.0,0,1.0,LOW,LOW,29.952424988304056,1.0,2.9841813508438704,,0.5,0.5
sad,0.272854352,1.4264279602875756,0.9524456804457818,-0.056760205,0.0,0,1.0,MEDIUM,LOW,29.54291296,1.0,2.435633845512251,,0.5,0.5
sad,0.2685922515668087,1.3146358949852284,1.383402525202564,-0.052412969,0.0,0,1.0,MEDIUM,LOW,29.628154968663825,1.0,2.750451388839762,,0.5,0.5
sad,0.2666459728650164,1.0993630442645848,1.286831450068578,-0.045045294,0.0,0,1.0,MEDIUM,LOW,29.667080542699672,1.0,2.431239788494055,,0.5,0.5
sad,0.2641718705590303,1.8458690032947147,0.97927649528725,-0.053939566,0.0,0,1.0,MEDIUM,LOW,29.716562588819396,1.0,2.879085064422624,,0.5,0.5
sad,0.26456752551474,1.1017007461713515,0.9051221985002036,-0.045885683,0.0,0,1.0,MEDIUM,LOW,29.70864949,1.0,2.052708628008374,,0.5,0.5
sad,0.2626390435893172,1.3307416088090298,0.6022979262077169,-0.011043918,0.0,0,1.0,MEDIUM,LOW,29.747219128213658,1.0,2.085531440436281,,0.5,0.5
sad,0.2625276366383114,1.3071182741373657,1.5707581106383577,-0.060891475,0.0,0,1.0,MEDIUM,LOW,29.74944726723377,1.0,2.938767860092901,,0.5,0.5
sad,0.2611288720190247,0.9974273197713094,1.5140835793470122,-0.048815579,0.0,0,1.0,MEDIUM,LOW,29.777422559619502,1.0,2.56032647830258,,0.5,0.5
angry,0.2960778919187831,2.035786311413455,0.099733509,-0.024928733,0.0,0,1.0,MEDIUM,LOW,29.078442161624334,1.0,2.6371805496252785,,0.5,0.5
angry,0.2996248959938962,2.0992230139000223,-0.364396179,-0.00765997,0.0,0,1.0,MEDIUM,LOW,29.00750208012208,1.0,2.642294197957243,,0.5,0.5
angry,0.2846034971509155,1.5344856741957844,0.3425761453863393,-0.017175737,0.0,0,1.0,MEDIUM,LOW,29.30793005698169,1.0,2.1427780335303006,,0.5,0.5
angry,0.2858974825021569,1.4969827613119722,0.1802770031889694,-0.02105433,0.0,0,1.0,MEDIUM,LOW,29.28205034995686,1.0,2.1137912362715907,,0.5,0.5
angry,0.2912507583338142,1.712349924845192,-0.154301777,-0.042449614,0.0,0,1.0,MEDIUM,LOW,29.17498483332372,1.0,2.609236437910574,,0.5,0.5
angry,0.2905524120610973,1.5444270001123872,-0.578992153,-0.022402036,0.0,0,1.0,MEDIUM,LOW,29.188951758778053,1.0,2.3527923753865667,,0.5,0.5
angry,0.2791046523474155,1.6961701535862015,-0.32885758,-0.029210587,0.0,0,1.0,MEDIUM,LOW,29.41790695305169,1.0,2.5333518071611967,,0.5,0.5
fearful,0.3047118682570483,1.2618851995577636,0.4131535736813572,-0.053168962,0.0,0,1.0,LOW,LOW,28.905762634859038,1.0,1.9493116224215563,,0.5,0.5
fearful,0.3013490383111289,0.6141121761124856,0.3961953628833566,-0.061516338,0.0,0,1.0,LOW,LOW,28.97301923377742,1.0,1.1991557572568652,,0.5,0.5
fearful,0.3076204168192717,1.0970405024564711,-0.018320041,-0.050550475,0.0,0,1.0,LOW,LOW,28.84759166361457,1.0,1.5363933671317445,,0.5,0.5
fearful,0.3032208668868569,0.5572471365900598,0.2976633124946697,-0.058536347,0.0,0,1.0,LOW,LOW,28.93558266226286,1.0,1.3959077850428296,,0.5,0.5
fearful,0.3110121428744646,0.918067168,0.9343435477032476,-0.052751599,0.0,0,1.0,LOW,LOW,28.77975714251071,1.0,2.1223158240676385,,0.5,0.5
fearful,0.3025418129711846,1.3364808951202627,1.0808350925125485,-0.056410134,0.0,0,1.0,LOW,LOW,28.949163740576303,1.0,2.492599115119952,,0.5,0.5
fearful,0.3140835484878276,1.2010842403913022,0.8910964742304255,-0.055242005,0.0,0,1.0,LOW,LOW,28.71832903024345,1.0,2.2840281945459493,,0.5,0.5
fearful,0.3139038370950028,1.1944393253633312,0.8759329602216838,-0.064205356,0.0,0,1.0,LOW,LOW,28.72192325809994,1.0,2.156044419855541,,0.5,0.5
disgust,0.1884761564537935,1.8008565891178805,0.1088935635082881,-0.052719517,0.0,0,1.0,LOW,LOW,31.23047687092413,1.0,2.1846513641641123,,0.5,0.5
disgust,0.2207065982144159,1.7550651081851962,0.095775754,-0.052401713,0.0,0,1.0,LOW,LOW,30.585868035711684,1.0,2.368162164471443,,0.5,0.5
disgust,0.2639803898452359,1.668637222786954,0.1015921863864866,-0.045959144,0.0,0,1.0,LOW,LOW,29.72039220309528,1.0,1.9966173662278328,,0.5,0.5
disgust,0.2665456333907755,0.7800829183306852,-0.542130628,-0.021396305,0.0,0,1.0,LOW,LOW,29.66908733218449,1.0,1.792859442373835,,0.5,0.5
disgust,0.1720352126288453,2.02768136388342,-0.633778971,-0.031311167,0.0,0,1.0,LOW,LOW,31.559295747423093,1.0,2.714996562,,0.5,0.5
disgust,0.1650737748047776,1.8506924607651465,-0.282972287,-0.024381821,0.0,0,1.0,LOW,LOW,31.698524503904444,1.0,2.657436237042462,,0.5,0.5
disgust,0.2055990789033187,1.5775257966550522,-0.716546995,-0.039116684,0.0,0,1.0,LOW,LOW,30.888018421933623,1.0,2.413218227853345,,0.5,0.5
surprised,0.2614225637575793,1.1871787773600475,0.8674216248633166,-0.096320224,0.0,0,1.0,LOW,LOW,29.77154872484841,1.0,2.463831665183048,,0.5,0.5
surprised,0.2759406062791104,1.2946681332827306,0.3461622718306297,-0.075807835,0.0,0,1.0,LOW,LOW,29.48118787441779,1.0,2.139148792825304,,0.5,0.5
surprised,0.2782140477687085,2.8781221386658844,0.4789773814193923,-0.082203075,0.0,0,1.0,LOW,LOW,29.43571904462583,1.0,3.770334938486184,,0.5,0.5
surprised,0.2551079844392491,1.3035418861335408,-0.104946081,-0.054813146,0.0,0,1.0,LOW,LOW,29.897840311215017,1.0,2.1224402080349782,,0.5,0.5
surprised,0.2989330887603948,1.386580259752084,-0.283208009,-0.051999585,0.0,0,1.0,LOW,LOW,29.021338224792103,1.0,2.343609409,,0.5,0.5
surprised,0.2929513562319606,1.049384992020459,0.3043624566063179,-0.054910279,0.0,0,1.0,LOW,LOW,29.140972875360788,1.0,1.5676317280714098,,0.5,0.5
surprised,0.286938534294287,1.1526094182381057,0.9247047609881308,-0.102917956,0.0,0,1.0,LOW,LOW,29.26122931411426,1.0,2.180232135134128,,0.5,0.5
surprised,0.297427645,0.6168151512087343,0.2095877493033575,-0.080059351,0.0,0,1.0,LOW,LOW,29.05144709141662,1.0,1.873122430199548,,0.5,0.5
neutral,0.2537149851938458,0.8531370680596396,2.405421626348718,-0.075474176,0.0,0,1.0,LOW,LOW,29.92570029612308,1.0,3.334032869987856,,0.5,0.5
neutral,0.2137375462699898,0.6947751286928485,2.698107316636712,-0.067461572,0.0,0,1.0,LOW,LOW,30.725249074600203,1.0,3.460344017367797,,0.5,0.5
neutral,0.2610596678406178,0.8165123966205146,3.130946321774557,-0.075948985,0.0,0,1.0,LOW,LOW,29.778806643187643,1.0,4.023407703666095,,0.5,0.5
neutral,0.2297325365273922,0.7026825377119497,2.2787116374775254,-0.076140069,0.0,0,1.0,LOW,LOW,30.40534926945216,1.0,3.0575342439093163,,0.5,0.5
calm,0.2267672462573207,1.3466529892719898,1.910085831842472,-0.003930872,0.0,0,1.0,LOW,LOW,30.46465507485358,1.0,3.275474936365294,,0.5,0.5
calm,0.2366581971098556,1.274316081,1.905871157550364,-0.011587077,0.0,0,1.0,LOW,LOW,30.266836057802887,1.0,3.2107303069016013,,0.5,0.5
calm,0.2073476267768935,1.351320560400438,2.3258839476318847,-0.022724218,0.0,0,1.0,LOW,LOW,30.85304746446213,1.0,3.703728154455189,,0.5,0.5
calm,0.1744614995632131,1.0864499336676114,1.9905721959329248,-0.007935314,0.0,0,1.0,LOW,LOW,31.510770008735737,1.0,3.0991759348126684,,0.5,0.5
calm,0.1835717873286417,1.5810283365823037,2.725839931331913,-0.001542729,0.0,0,1.0,LOW,LOW,31.328564253427164,1.0,4.316309780287889,,0.5,0.5
calm,0.183317026,1.5687255559331654,2.921712194651948,-0.01216683,0.0,0,1.0,LOW,LOW,31.33365948502214,1.0,4.506329951431144,,0.5,0.5
calm,0.1776597844977742,1.5816431978897594,2.972305125999537,-0.003906684,0.0,0,1.0,LOW,LOW,31.446804310044516,1.0,4.567340645490151,,0.5,0.5
calm,0.1759283778850464,1.292471842318533,2.3915346319538977,-0.002391761,0.0,0,1.0,LOW,LOW,31.48143244229907,1.0,3.7011581514395977,,0.5,0.5
happy,0.2630281213238052,1.4103690169810403,1.4337806613427555,0.009921981,0.0,0,1.0,LOW,LOW,29.73943757352389,1.0,2.876802218827218,,0.5,0.5
happy,0.2506612313545849,1.673359275677473,1.4045593392886062,0.032589298,0.0,0,1.0,LOW,LOW,29.98677537,1.0,3.114149819407809,,0.5,0.5
happy,0.2094529303504861,1.4729222068801449,1.7818494266274332,0.025844098,0.0,0,1.0,LOW,LOW,30.81094139299028,1.0,3.288743955,,0.5,0.5
happy,0.2384669312942039,1.308764906678093,1.8601408638816803,0.01955656,0.0,0,1.0,LOW,LOW,30.23066137411592,1.0,3.195499144225989,,0.5,0.5
happy,0.2435012459769152,1.627385457420264,2.1023046196866857,0.0101892352041269,0.0,0,1.0,LOW,LOW,30.12997508046169,1.0,3.872684536485765,,0.5,0.5
happy,0.2332488928742688,1.5122964850761862,2.480950795697616,0.01432159,0.0,0,1.0,LOW,LOW,30.335022142514624,1.0,4.0228479167274855,,0.5,0.5
happy,0.2356284844136328,1.750279120032406,2.5797232317908514,0.023141593,0.0,0,1.0,LOW,LOW,30.28743031172734,1.0,4.365651657012848,,0.5,0.5
happy,0.2295371266776971,1.7115720229515623,2.316834908196585,0.034191863,0.0,0,1.0,LOW,LOW,30.409257466446057,1.0,4.062598794096468,,0.5,0.5
sad,0.1632771207922287,1.388544339942409,3.0090673297945094,-0.059284439,0.0,0,1.0,MEDIUM,LOW,31.734457584155425,1.0,4.456896108657999,,0.5,0.5
sad,0.1228080733527649,1.1729306797117809,2.3344052712786447,-0.054107759,0.0,0,1.0,MEDIUM,LOW,32.543838532944704,1.0,3.5614437096273965,,0.5,0.5
sad,0.1531702944314844,1.169889724888589,2.9453184478686025,-0.088301376,0.0,0,1.0,MEDIUM,LOW,31.93659411137031,1.0,4.203509549068038,,0.5,0.5
sad,0.092784134,1.3468762198525317,3.0527127281379216,-0.065001349,0.0,0,1.0,MEDIUM,LOW,33.14431732602907,1.0,4.464590296628307,,0.5,0.5
sad,0.0892928,1.2480660490064688,1.107439102163556,-0.028469979,0.0,0,1.0,MEDIUM,LOW,33.21414400577156,1.0,2.389445423753493,,0.5,0.5
sad,0.0988794,1.1088776051906974,0.7412734664871017,-0.021469447,0.0,0,1.0,MEDIUM,LOW,33.02241199441834,1.0,1.877174833319428,,0.5,0.5
sad,0.1108297962364665,1.1913373852375202,0.5865485204540585,-0.016647127,0.0,0,1.0,MEDIUM,LOW,32.78340407527067,1.0,1.824447210240544,,0.5,0.5
sad,0.09691715,1.2262540882894155,1.4649131292084347,-0.032537655,0.0,0,1.0,MEDIUM,LOW,33.06165700448761,1.0,2.7289428092849515,,0.5,0.5
angry,0.2792917151094714,1.0801971145174056,1.237314455057075,-0.060822793,0.0,0,1.0,MEDIUM,LOW,29.41416569781057,1.0,2.481542830685459,,0.5,0.5
angry,0.2839017758879498,1.5351843086166526,1.3902372697854917,-0.061132559,0.0,0,1.0,MEDIUM,LOW,29.321964482241004,1.0,3.037913137468936,,0.5,0.5
angry,0.2710760875276057,1.3768990722379584,1.5183282295707328,-0.044148199,0.0,0,1.0,MEDIUM,LOW,29.578478249447887,1.0,2.9393755008026528,,0.5,0.5
angry,0.2774345654204561,1.6498900604988382,1.6562065585002173,-0.048706441,0.0,0,1.0,MEDIUM,LOW,29.45130869159088,1.0,3.356954570037645,,0.5,0.5
angry,0.2491847836298474,1.6292654334182883,1.3852424564898405,-0.046273481,0.0,0,1.0,MEDIUM,LOW,30.01630432740305,1.0,3.0697309422542784,,0.5,0.5
angry,0.2601068768375938,1.4456518388861428,1.2364228534898385,-0.036032026,0.0,0,1.0,MEDIUM,LOW,29.797862463248123,1.0,2.7566864428892406,,0.5,0.5
angry,0.2160382384663495,1.642344396,1.536681004944319,-0.036101245,0.0,0,1.0,MEDIUM,LOW,30.679235230673008,1.0,3.2156330754092157,,0.5,0.5
angry,0.2537742857407553,1.422562009498599,1.1066245508172956,-0.040641314,0.0,0,1.0,MEDIUM,LOW,29.92451428518489,1.0,2.8850049998819034,,0.5,0.5
fearful,0.3007215474391871,1.322549535286031,2.1426659041881004,-0.088644907,0.0,0,1.0,LOW,LOW,28.98556905121626,1.0,3.553860347,,0.5,0.5
fearful,0.2852331577785517,1.415135442891222,1.3487568050009826,-0.05783418,0.0,0,1.0,LOW,LOW,29.295336844428967,1.0,2.821726427407788,,0.5,0.5
fearful,0.2771536052464929,0.9263963761998116,2.012664040022084,-0.066277358,0.0,0,1.0,LOW,LOW,29.45692789507014,1.0,3.0053377739141447,,0.5,0.5
fearful,0.2851702407090398,1.341810809,2.110073600568976,-0.07544114,0.0,0,1.0,LOW,LOW,29.296595185819204,1.0,3.527325549635144,,0.5,0.5
fearful,0.2834850380181657,1.6351096519560415,1.3331836552251168,-0.056641051,0.0,0,1.0,LOW,LOW,29.330299239636688,1.0,3.0249343582990487,,0.5,0.5
fearful,0.310962010594136,1.4610719080499253,1.2614225978421612,-0.058474335,0.0,0,1.0,LOW,LOW,28.78075978811728,1.0,2.9044943632332303,,0.5,0.5
fearful,0.2520403410062852,1.946984710664845,1.6109969055647817,-0.066298894,0.0,0,1.0,LOW,LOW,29.95919317987429,1.0,3.624280510178109,,0.5,0.5
fearful,0.2791561207128419,1.4770917169241449,0.84395732,-0.059314223,0.0,0,1.0,LOW,LOW,29.41687758574316,1.0,2.380363259965643,,0.5,0.5
disgust,0.1474456939975662,1.617491466432108,0.9266335329551628,-0.042378935,0.0,0,1.0,LOW,LOW,32.05108612004868,1.0,2.7180943574576037,,0.5,0.5
disgust,0.1595278369348299,1.1744359335501402,0.5280404649647791,-0.044157211,0.0,0,1.0,LOW,LOW,31.809443261303404,1.0,2.083827084286208,,0.5,0.5
disgust,0.1571576083453648,0.881273578,0.4511496119628964,-0.0283663,0.0,0,1.0,LOW,LOW,31.856847833092704,1.0,2.149096327119957,,0.5,0.5
disgust,0.1879248248814786,1.3952554883613062,0.4055607469847804,-0.040562055,0.0,0,1.0,LOW,LOW,31.241503502370428,1.0,2.1615980579997025,,0.5,0.5
disgust,0.108479647456747,1.657861329176118,-0.194626476,-0.023248908,0.0,0,1.0,LOW,LOW,32.83040705086506,1.0,2.465098100739065,,0.5,0.5
disgust,0.1773396909922578,1.822147253852616,1.004710179176234,-0.062838443,0.0,0,1.0,LOW,LOW,31.453206180154844,1.0,3.0629033612423,,0.5,0.5
disgust,0.1055022286101917,0.7618601880224704,-0.239508802,-0.029683661,0.0,0,1.0,LOW,LOW,32.88995542779617,1.0,2.487551033837958,,0.5,0.5
disgust,0.1077773578420733,1.6539380906774177,0.1638686337435541,-0.035160973,0.0,0,1.0,LOW,LOW,32.844452843158535,1.0,2.417435388798115,,0.5,0.5
surprised,0.2667690433628066,2.450942149561925,0.6878482300823053,-0.027368535,0.0,0,1.0,LOW,LOW,29.664619132743866,1.0,3.169067636986784,,0.5,0.5
surprised,0.2997972009617566,1.9547323377319905,1.177284100468897,-0.056445295,0.0,0,1.0,LOW,LOW,29.004055980764868,1.0,3.1884617336781345,,0.5,0.5
surprised,0.2934844314931396,1.8780058248524103,1.2009395494006598,-0.045021426,0.0,0,1.0,LOW,LOW,29.130311370137207,1.0,3.1251282737021784,,0.5,0.5
surprised,0.2785838088664386,2.3680841996323587,0.7433603901354104,-0.031867039,0.0,0,1.0,LOW,LOW,29.428323822671228,1.0,3.177788556029303,,0.5,0.5
surprised,0.3604622999887062,1.8135856886122808,0.5762750688612084,-0.031881318,0.0,0,1.0,LOW,LOW,27.790754000225878,1.0,2.6128527309289717,,0.5,0.5
surprised,0.3247341713784386,1.876252978070016,1.362996710683956,-0.052665423,0.0,0,1.0,LOW,LOW,28.505316572431227,1.0,3.291915112167554,,0.5,0.5
surprised,0.3194549116731077,2.3357751083642926,1.1175041765443905,-0.05151628,0.0,0,1.0,LOW,LOW,28.610901766537847,1.0,3.504795565062469,,0.5,0.5
surprised,0.3339285907911752,2.000349747,1.6937475297135012,-0.069267263,0.0,0,1.0,LOW,LOW,28.321428184176494,1.0,3.763364539941358,,0.5,0.5
neutral,0.2516481277194294,0.864536691,2.427302397727311,-0.075777552,0.0,0,1.0,LOW,LOW,29.96703744561141,1.0,3.367616640785419,,0.5,0.5
neutral,0.2134802167237733,0.6799711597973217,2.678180010224352,-0.067712381,0.0,0,1.0,LOW,LOW,30.730395665524533,1.0,3.425863551474269,,0.5,0.5
neutral,0.2598464709986507,0.8112826940088004,3.115033980976646,-0.074885704,0.0,0,1.0,LOW,LOW,29.803070580026983,1.0,4.001202379180443,,0.5,0.5
neutral,0.2627916744891957,0.8495195324484659,3.152225240851761,-0.074922555,0.0,0,1.0,LOW,LOW,29.74416651021609,1.0,4.076667328143085,,0.5,0.5
calm,0.2263032741201424,1.345470619050409,1.8640670956454768,-0.003701907,0.0,0,1.0,LOW,LOW,30.47393451759715,1.0,3.2275357723562514,,0.5,0.5
calm,0.2340266451086383,1.2746585536329451,1.9260584425915692,-0.012436203,0.0,0,1.0,LOW,LOW,30.319467097827232,1.0,3.2311939751588525,,0.5,0.5
calm,0.2056886374694444,1.3447995535576929,2.384492426783054,-0.023330531,0.0,0,1.0,LOW,LOW,30.88622725061111,1.0,3.755822658019222,,0.5,0.5
calm,0.1747596720140416,1.0924417442143397,1.996563250761706,-0.007342176,0.0,0,1.0,LOW,LOW,31.504806559719167,1.0,3.1111899183576397,,0.5,0.5
calm,0.182692889,1.5867019936248736,2.759113796224183,-0.001248526,0.0,0,1.0,LOW,LOW,31.34614222214178,1.0,4.355465521498617,,0.5,0.5
calm,0.1848352988213936,1.5600666740964264,2.913067208,-0.012671422,0.0,0,1.0,LOW,LOW,31.30329402357213,1.0,4.489256450919653,,0.5,0.5
calm,0.177629617595378,1.5818734991875063,2.9582768309389182,-0.003120401,0.0,0,1.0,LOW,LOW,31.44740764809244,1.0,4.55364978,,0.5,0.5
calm,0.1766818397436561,1.2828614003196974,2.3916042354580367,-0.000799321,0.0,0,1.0,LOW,LOW,31.46636320512688,1.0,3.6921364226332423,,0.5,0.5
happy,0.2626692852064283,1.415234641248364,1.4398691707464728,0.00996793,0.0,0,1.0,LOW,LOW,29.746614295871435,1.0,2.887808488949048,,0.5,0.5
happy,0.2514660275893668,1.6647704647542585,1.398060269500924,0.0332364684125954,0.0,0,1.0,LOW,LOW,29.970679448212664,1.0,3.099441433639215,,0.5,0.5
happy,0.207542177,1.469111642852433,1.7711817794216695,0.0264496825542481,0.0,0,1.0,LOW,LOW,30.849156469406974,1.0,3.274641919610933,,0.5,0.5
happy,0.2407298211096025,1.310215701217555,1.8581801020535935,0.019744212,0.0,0,1.0,LOW,LOW,30.18540357780795,1.0,3.1946237948296763,,0.5,0.5
happy,0.2437612392454009,1.6241458426019604,2.085690965542689,0.009650082,0.0,0,1.0,LOW,LOW,30.12477521509198,1.0,3.873352690872244,,0.5,0.5
happy,0.2312875125376087,1.5253072328362636,2.447628183462214,0.014841748,0.0,0,1.0,LOW,LOW,30.374249749247824,1.0,4.003994067325953,,0.5,0.5
happy,0.2345720942946618,1.7498248475767788,2.6086698242298563,0.021116555,0.0,0,1.0,LOW,LOW,30.308558114106763,1.0,4.391996357083252,,0.5,0.5
happy,0.2283796368055285,1.7160265380415871,2.3055616636643195,0.034538936,0.0,0,1.0,LOW,LOW,30.43240726388943,1.0,4.056127137458191,,0.5,0.5
sad,0.1629752061381895,1.3804053039819648,3.007788788809414,-0.060096096,0.0,0,1.0,MEDIUM,LOW,31.74049587723621,1.0,4.448290188767789,,0.5,0.5
sad,0.1239618828678076,1.164408178874591,2.314010027114773,-0.05391575,0.0,0,1.0,MEDIUM,LOW,32.52076234264385,1.0,3.532333956372194,,0.5,0.5
sad,0.1531002984904727,1.1657995898810694,2.957352584490217,-0.087108297,0.0,0,1.0,MEDIUM,LOW,31.937994030190545,1.0,4.210260471731895,,0.5,0.5
sad,0.09259362,1.3510567151568578,3.0211776719899475,-0.064476027,0.0,0,1.0,MEDIUM,LOW,33.14812760186501,1.0,4.436710413674466,,0.5,0.5
sad,0.091718444,1.2437926729857336,1.1167008230806272,-0.028923656,0.0,0,1.0,MEDIUM,LOW,33.16563111442132,1.0,2.394068246684949,,0.5,0.5
sad,0.099194881,1.100813921514167,0.7626053859091041,-0.021851248,0.0,0,1.0,MEDIUM,LOW,33.01610237761545,1.0,1.8906815614161765,,0.5,0.5
sad,0.1097438621193368,1.1970544883383951,0.5872472696395697,-0.015477206,0.0,0,1.0,MEDIUM,LOW,32.80512275761326,1.0,1.8514916201552,,0.5,0.5
sad,0.094663897,1.216479311841452,1.4847475801436971,-0.03220501,0.0,0,1.0,MEDIUM,LOW,33.10672205558964,1.0,2.738981887102471,,0.5,0.5
angry,0.2777995847626254,1.077497278830437,1.252450505377546,-0.062027145,0.0,0,1.0,MEDIUM,LOW,29.44400830474749,1.0,2.5015395632203226,,0.5,0.5
angry,0.2855998032565945,1.515764810725205,1.3828881363883407,-0.059954327,0.0,0,1.0,MEDIUM,LOW,29.288003934868108,1.0,3.0352513101308056,,0.5,0.5
angry,0.2714728700400938,1.3824511590400164,1.5093011566940433,-0.044332239,0.0,0,1.0,MEDIUM,LOW,29.570542599198124,1.0,2.9360845546357703,,0.5,0.5
angry,0.2759915531175233,1.6676080056425018,1.6471580252345557,-0.048389241,0.0,0,1.0,MEDIUM,LOW,29.48016893764953,1.0,3.3657690844546044,,0.5,0.5
angry,0.2482473942146179,1.6164405485574098,1.3887263428379455,-0.0459464,0.0,0,1.0,MEDIUM,LOW,30.035052115707643,1.0,3.067408671313684,,0.5,0.5
angry,0.2607947629631159,1.442731575311162,1.2497840727524436,-0.035330156,0.0,0,1.0,MEDIUM,LOW,29.78410474073768,1.0,2.783290327105498,,0.5,0.5
angry,0.2182985837937918,1.6395830575881254,1.5688416600477424,-0.036805342,0.0,0,1.0,MEDIUM,LOW,30.634028324124163,1.0,3.245678854068633,,0.5,0.5
angry,0.2512246033398254,1.4179905416299767,1.090544255477006,-0.040339722,0.0,0,1.0,MEDIUM,LOW,29.97550793320349,1.0,2.8609885152780574,,0.5,0.5
fearful,0.2997986455070096,1.3196202984709395,2.1420478729314434,-0.088220653,0.0,0,1.0,LOW,LOW,29.004027089859807,1.0,3.5498888247708797,,0.5,0.5
fearful,0.2863156749246561,1.4110821994057927,1.3749267080916383,-0.057506558,0.0,0,1.0,LOW,LOW,29.27368650150688,1.0,2.843515465850996,,0.5,0.5
fearful,0.2778874570582893,0.938092596725678,1.995283916963704,-0.06549231,0.0,0,1.0,LOW,LOW,29.44225085883421,1.0,2.998868823702532,,0.5,0.5
fearful,0.2870632528542163,1.3489541264607536,2.133626607087603,-0.075032135,0.0,0,1.0,LOW,LOW,29.258734942915677,1.0,3.557612868304409,,0.5,0.5
fearful,0.2834805508808553,1.6376525797685042,1.3135470863654408,-0.054991943,0.0,0,1.0,LOW,LOW,29.33038898238289,1.0,3.0061916087733764,,0.5,0.5
fearful,0.3116839937768034,1.4498634955033702,1.2585880802570857,-0.059155759,0.0,0,1.0,LOW,LOW,28.76632012446393,1.0,2.877269821865845,,0.5,0.5
fearful,0.2524230498822634,1.9423597606757184,1.6130731229149324,-0.066751868,0.0,0,1.0,LOW,LOW,29.95153900235473,1.0,3.622184751300669,,0.5,0.5
fearful,0.2790406233435786,1.4779079928924206,0.8021230603230336,-0.059099761,0.0,0,1.0,LOW,LOW,29.419187533128422,1.0,2.3711130456342198,,0.5,0.5
disgust,0.147740273,1.633100057431785,0.9252049987990256,-0.04259387,0.0,0,1.0,LOW,LOW,32.04519453,1.0,2.7487653176876545,,0.5,0.5
disgust,0.1605320946899507,1.1690954030585627,0.509940271,-0.044657019,0.0,0,1.0,LOW,LOW,31.789358106200982,1.0,2.108560815284067,,0.5,0.5
disgust,0.1550945484697306,0.8584054025409661,0.409964595243675,-0.027148946,0.0,0,1.0,LOW,LOW,31.898109030605383,1.0,2.1378350688676298,,0.5,0.5
disgust,0.1879980785112688,1.3926742201663769,0.4059768436114715,-0.040235132,0.0,0,1.0,LOW,LOW,31.240038429774625,1.0,2.160377944852566,,0.5,0.5
disgust,0.1067881615959077,1.6651208960912345,-0.228399368,-0.023880763,0.0,0,1.0,LOW,LOW,32.864236768081845,1.0,2.486150780773439,,0.5,0.5
disgust,0.1776164114968723,1.8244236805188143,1.0296681712248434,-0.062803729,0.0,0,1.0,LOW,LOW,31.447671770062552,1.0,3.045006493,,0.5,0.5
disgust,0.1034958718747323,0.7623789526945077,-0.198373712,-0.029645645,0.0,0,1.0,LOW,LOW,32.930082562505355,1.0,2.4569484015327774,,0.5,0.5
disgust,0.1072444799237107,1.648883211849491,0.128076981,-0.035304941,0.0,0,1.0,LOW,LOW,32.855110401525785,1.0,2.445832581753029,,0.5,0.5
surprised,0.2671894804929123,2.451192840561635,0.6681030563161239,-0.02735061,0.0,0,1.0,LOW,LOW,29.656210390141755,1.0,3.149555878754316,,0.5,0.5
surprised,0.2986603499614947,1.9334156853401885,1.176278769276747,-0.056408974,0.0,0,1.0,LOW,LOW,29.026793000770105,1.0,3.1661034282192952,,0.5,0.5
surprised,0.2929127808340855,1.8759499321693724,1.2169146048040211,-0.046285721,0.0,0,1.0,LOW,LOW,29.14174438331829,1.0,3.139887918831603,,0.5,0.5
surprised,0.2774871334445649,2.3670840848408434,0.7592065871157033,-0.030180543,0.0,0,1.0,LOW,LOW,29.450257331108705,1.0,3.196616114346873,,0.5,0.5
surprised,0.3607506488047797,1.8223596585349164,0.5515375225858896,-0.030733603,0.0,0,1.0,LOW,LOW,27.784987023904407,1.0,2.6131749531757764,,0.5,0.5
surprised,0.323933159598663,1.887515527327805,1.4186205118276676,-0.052257878,0.0,0,1.0,LOW,LOW,28.52133680802674,1.0,3.35839391721406,,0.5,0.5
surprised,0.3167651165574359,2.332148193306161,1.098490189052147,-0.050546014,0.0,0,1.0,LOW,LOW,28.66469766885128,1.0,3.4811843962693825,,0.5,0.5
surprised,0.3348676435790788,1.9958546529698624,1.6903113747431664,-0.06964025,0.0,0,1.0,LOW,LOW,28.302647128418425,1.0,3.7558062776640257,,0.5,0.5
neutral,0.2796866905495093,1.341652312553588,2.308751158089452,-0.108737214,0.0,0,1.0,LOW,LOW,29.406266189009816,1.0,3.759140684484204,,0.5,0.5
neutral,0.2957607122718067,1.2533017106943491,2.120554526738277,-0.114388055,0.0,0,1.0,LOW,LOW,29.084785754563867,1.0,3.48824429289494,,0.5,0.5
neutral,0.2640462416985997,1.234431019455403,2.249546352942148,-0.097288671,0.0,0,1.0,LOW,LOW,29.71907516602801,1.0,3.581266043687288,,0.5,0.5
neutral,0.2903691815373075,1.236075824498292,2.04805468847413,-0.104146454,0.0,0,1.0,LOW,LOW,29.192616369253848,1.0,3.3882769672490776,,0.5,0.5
calm,0.2497944670067886,1.768573415643835,3.3551898437503005,-0.054864256,0.0,0,1.0,LOW,LOW,30.004110659864228,1.0,5.178733987617242,,0.5,0.5
calm,0.2766642378328278,1.387930423239771,3.374312903328961,-0.061977804,0.0,0,1.0,LOW,LOW,29.466715243343444,1.0,4.841632262360025,,0.5,0.5
calm,0.229730148,1.1194251163140343,2.5377029342390487,-0.072251623,0.0,0,1.0,LOW,LOW,30.405397039094737,1.0,3.7424346459902953,,0.5,0.5
calm,0.2310468671643273,1.882404623646753,3.129152070681321,-0.034143978,0.0,0,1.0,LOW,LOW,30.37906265671345,1.0,5.059513316320233,,0.5,0.5
calm,0.2297651560667428,2.1376443537967718,2.9167646746136047,-0.047588713,0.0,0,1.0,LOW,LOW,30.404696878665145,1.0,5.110223154043283,,0.5,0.5
calm,0.2320762419776501,2.9188108414900564,5.182515466181781,0.008424696,0.0,0,1.0,MEDIUM,LOW,30.35847516,1.0,8.118767223140203,,0.5,0.5
calm,0.2505305341755386,2.1635789392447555,4.7762976884582855,-0.018479496,0.0,0,1.0,LOW,LOW,29.989389316489227,1.0,6.968483294,,0.5,0.5
calm,0.2499265179644176,1.4034295526629337,4.185471666,-0.022665337,0.0,0,1.0,LOW,LOW,30.001469640711647,1.0,5.620811080671962,,0.5,0.5
happy,0.1663486662389725,0.9247346371042344,1.6596792262600606,0.000590242,0.0,0,1.0,LOW,LOW,31.673026675220548,1.0,2.652646596,,0.5,0.5
happy,0.2236766894107143,0.7740158455544607,-0.585604144,0.013300601,0.0,0,1.0,LOW,LOW,30.526466211785717,1.0,1.6601702074831983,,0.5,0.5
happy,0.2016977730761845,1.6621001324508993,-0.193659,0.010460824,0.0,0,1.0,LOW,LOW,30.96604453847631,1.0,2.189373646917782,,0.5,0.5
happy,0.1903691149552771,1.765173830862369,-1.102096162,0.028090504156673,0.0,0,1.0,LOW,LOW,31.192617700894456,1.0,2.905426609873881,,0.5,0.5
happy,0.2186862406279802,0.41610197709892,2.5476957220581067,-0.066599648,0.0,0,1.0,LOW,LOW,30.626275187440395,1.0,3.434474372785414,,0.5,0.5
happy,0.2532034763342446,1.2093784957625988,2.304898442253083,-0.019617183,0.0,0,1.0,LOW,LOW,29.93593047331511,1.0,3.65240465140198,,0.5,0.5
happy,0.2052822261739112,0.9909395670788832,-0.267976859,0.003973193,0.0,0,1.0,LOW,LOW,30.89435547652177,1.0,1.8170823050526557,,0.5,0.5
happy,0.2473709737564901,0.6226207433006747,1.4805120920291956,-0.04308476,0.0,0,1.0,LOW,LOW,30.0525805248702,1.0,2.1872033280602845,,0.5,0.5
sad,0.1541244678012374,2.6375755381673303,-2.33615543,-0.089668076,0.0,0,1.0,MEDIUM,LOW,31.91751064397525,1.0,5.063399043857919,,0.5,0.5
sad,0.1223360129709238,1.2282223629572566,-0.266008716,-0.040398714,0.0,0,1.0,MEDIUM,LOW,32.55327974058152,1.0,2.2390914450914403,,0.5,0.5
sad,0.1518628612769232,1.4165474715987505,-1.264748531,-0.068479635,0.0,0,1.0,MEDIUM,LOW,31.962742774461532,1.0,2.930031756871015,,0.5,0.5
sad,0.1794891674125841,2.3688316686357096,-0.675493964,-0.120026659,0.0,0,1.0,MEDIUM,LOW,31.41021665174832,1.0,3.1748702421329265,,0.5,0.5
sad,0.1536527347295219,0.8236723647827561,-1.662669302,0.027438562,0.0,0,1.0,MEDIUM,LOW,31.92694530540956,1.0,3.132906253378556,,0.5,0.5
sad,0.1275480834548208,2.008530299988056,-1.637211926,-0.031273106,0.0,0,1.0,MEDIUM,LOW,32.44903833090358,1.0,3.738943718,,0.5,0.5
sad,0.1892011467942038,3.965131945516932,0.211823238222309,-0.107615626,0.0,0,1.0,MEDIUM,LOW,31.21597706411592,1.0,4.538725885087399,,0.5,0.5
sad,0.151183597,1.6186935607081727,0.2070769491697528,-0.012646732,0.0,0,1.0,MEDIUM,LOW,31.97632805247748,1.0,2.009632475946955,,0.5,0.5
angry,0.2439779378771223,0.9775470126165672,0.9327393011450796,-0.132586921,0.0,0,1.0,MEDIUM,LOW,30.120441242457552,1.0,2.4050057831127787,,0.5,0.5
angry,0.2535888643246439,0.4647739415133539,0.4196762346457219,-0.110624451,0.0,0,1.0,MEDIUM,LOW,29.92822271350712,1.0,1.8183239278023464,,0.5,0.5
angry,0.1603455407162148,1.2185215210735565,2.414554595997774,-0.095109242,0.0,0,1.0,MEDIUM,LOW,31.793089185675704,1.0,4.059575790579447,,0.5,0.5
angry,0.2356594693758883,1.6042508772037671,1.838690022,-0.120403549,0.0,0,1.0,MEDIUM,LOW,30.286810612482235,1.0,3.588226291718004,,0.5,0.5
angry,0.2561420267504662,-0.116874401,0.6651709504226623,-0.15160671,0.0,0,1.0,MEDIUM,LOW,29.87715946499068,1.0,1.5903818908937508,,0.5,0.5
angry,0.2345197871629126,0.4005315842814427,0.6111462453193235,-0.148370398,0.0,0,1.0,MEDIUM,LOW,30.30960425674175,1.0,1.7353451572949812,,0.5,0.5
angry,0.2620979083793289,0.3598731611250719,0.2066977799210207,-0.144196192,0.0,0,1.0,MEDIUM,LOW,29.758041832413426,1.0,1.381200379757754,,0.5,0.5
angry,0.2540231207609961,0.2504050336767556,0.2812000063648088,-0.149512069,0.0,0,1.0,MEDIUM,LOW,29.91953758478008,1.0,1.2057161646152108,,0.5,0.5
fearful,0.2485300032542842,-0.114839186,0.3764496514671137,-0.109038456,0.0,0,1.0,LOW,LOW,30.02939993491432,1.0,2.190224207081012,,0.5,0.5
fearful,0.2699813553543204,0.4318367716177042,2.010010635833687,-0.144332054,0.0,0,1.0,LOW,LOW,29.60037289291359,1.0,2.788376374722649,,0.5,0.5
fearful,0.2662763631155291,0.7725040280876967,1.513136258533094,-0.119993902,0.0,0,1.0,LOW,LOW,29.674472737689417,1.0,2.405634188856354,,0.5,0.5
fearful,0.2829785570599936,3.374614741617864,1.504194683882543,-0.162810155,0.0,0,1.0,LOW,LOW,29.340428858800127,1.0,5.041619581,,0.5,0.5
fearful,0.1794047717731823,0.2649775197294323,0.318266382,-0.00893513,0.0,0,1.0,LOW,LOW,31.411904564536357,1.0,1.6492425713740504,,0.5,0.5
fearful,0.2693801771846576,1.619986426,1.432265423351576,-0.024799339,0.0,0,1.0,LOW,LOW,29.612396456306847,1.0,3.084353018083599,,0.5,0.5
fearful,0.2948308216036629,1.1627978570221706,0.2409504221507654,-0.05831456,0.0,0,1.0,LOW,LOW,29.10338356792674,1.0,1.7981481260691758,,0.5,0.5
fearful,0.2530366587223377,-0.05739377,-0.000278584,-0.042938222,0.0,0,1.0,LOW,LOW,29.939266825553243,1.0,1.719677288706572,,0.5,0.5
disgust,0.1084682885589927,2.215170209648494,0.6701059609834282,-0.021031081,0.0,0,1.0,LOW,LOW,32.830634228820145,1.0,3.0409727759766496,,0.5,0.5
disgust,0.128784617,1.952330796941622,-2.507608219,0.034480168,0.0,0,1.0,LOW,LOW,32.42430766800524,1.0,4.498073783824178,,0.5,0.5
disgust,0.1324188400456733,0.8555632518641413,-1.182407287,0.017151365,0.0,0,1.0,LOW,LOW,32.35162319908653,1.0,2.403350337641195,,0.5,0.5
disgust,0.1217029720627787,2.7950136332685176,-1.607498799,0.0122598497281006,0.0,0,1.0,LOW,LOW,32.56594055874442,1.0,4.474571228067643,,0.5,0.5
disgust,0.2036101669542019,0.7417521410139924,0.9945222242776915,-0.088547223,0.0,0,1.0,LOW,LOW,30.927796660915963,1.0,1.8565566410653984,,0.5,0.5
disgust,0.097546074,0.9852586148794356,2.6415137215835647,-0.049272758,0.0,0,1.0,LOW,LOW,33.04907851359704,1.0,3.723823059891843,,0.5,0.5
disgust,0.094774059,0.0425821712313572,3.2513385501587853,-0.086157667,0.0,0,1.0,LOW,LOW,33.10451882999859,1.0,4.549039644523339,,0.5,0.5
disgust,0.1283267247309065,-2.401118643,0.3723115198734517,-0.092295438,0.0,0,1.0,LOW,LOW,32.43346550538187,1.0,3.4870595539635763,,0.5,0.5
surprised,0.2217211943970926,-0.378024248,0.089579026,-0.136662102,0.0,0,1.0,LOW,LOW,30.565576112058142,1.0,1.9540649062389832,,0.5,0.5
surprised,0.21962076120575,1.6010839623426725,1.374200272821147,-0.143946736,0.0,0,1.0,LOW,LOW,30.60758478,1.0,3.1192309706898707,,0.5,0.5
surprised,0.2353375111183587,0.8710004852045259,2.3561904899514734,-0.119416608,0.0,0,1.0,LOW,LOW,30.293249777632823,1.0,3.3466075828077098,,0.5,0.5
surprised,0.1668856115963883,-0.602939704,0.3573374367514343,-0.120540591,0.0,0,1.0,LOW,LOW,31.662287768072236,1.0,1.9064534578887733,,0.5,0.5
surprised,0.2733180961820219,0.7503364508511617,1.3814276325203865,-0.149790217,0.0,0,1.0,LOW,LOW,29.53363807635956,1.0,2.298352270178527,,0.5,0.5
surprised,0.1755399895077815,0.7806386831864025,-1.057454484,-0.070625064,0.0,0,1.0,LOW,LOW,31.48920020984437,1.0,2.095856801520276,,0.5,0.5
surprised,0.1691730632043544,0.8396609684998961,0.3017693244563814,-0.068451413,0.0,0,1.0,LOW,LOW,31.61653873591291,1.0,1.4872294711375167,,0.5,0.5
surprised,0.1415705229746007,0.5701901098046398,-0.703306392,-0.101447942,0.0,0,1.0,LOW,LOW,32.16858954050799,1.0,1.410696748901335,,0.5,0.5
neutral,0.2772686274328747,1.3753878697709168,2.2830901211824544,-0.109264418,0.0,0,1.0,LOW,LOW,29.454627451342503,1.0,3.767742408605449,,0.5,0.5
neutral,0.2947180220204089,1.2549695302928352,2.1095144809768525,-0.114035768,0.0,0,1.0,LOW,LOW,29.105639559591825,1.0,3.4785197792564224,,0.5,0.5
neutral,0.2633734975518627,1.2343262489550009,2.269931967747841,-0.097228348,0.0,0,1.0,LOW,LOW,29.732530048962747,1.0,3.601486564581096,,0.5,0.5
neutral,0.289553187255294,1.2477702445447518,2.0522456798238418,-0.102692076,0.0,0,1.0,LOW,LOW,29.20893625489412,1.0,3.402708000324344,,0.5,0.5
calm,0.2497118125539718,1.7464032202301722,3.3427428249163427,-0.054657933,0.0,0,1.0,LOW,LOW,30.005763748920565,1.0,5.144295752025721,,0.5,0.5
calm,0.2768596462839353,1.3868687874589358,3.3356655314816392,-0.059424425,0.0,0,1.0,LOW,LOW,29.462807074321294,1.0,4.800307365526455,,0.5,0.5
calm,0.2295825293724359,1.115840195282077,2.534914208,-0.071859287,0.0,0,1.0,LOW,LOW,30.40834941255128,1.0,3.735613502301317,,0.5,0.5
calm,0.2311883325938063,1.881340723922547,3.15223914209438,-0.03341282,0.0,0,1.0,LOW,LOW,30.37623334812388,1.0,5.0813033235252005,,0.5,0.5
calm,0.2298999726345983,2.1498728073467683,2.93207856,-0.047646005,0.0,0,1.0,LOW,LOW,30.402000547308035,1.0,5.138072249698334,,0.5,0.5
calm,0.2328607057654611,2.918816987035136,5.192475188763591,0.006856974,0.0,0,1.0,MEDIUM,LOW,30.342785884690777,1.0,8.128712215744196,,0.5,0.5
calm,0.2496782339627821,2.1712097712441443,4.781607444411838,-0.019036706,0.0,0,1.0,LOW,LOW,30.00643532074436,1.0,6.983246634244414,,0.5,0.5
calm,0.249134511582311,1.399660676304255,4.195667265,-0.02227886,0.0,0,1.0,LOW,LOW,30.01730976835378,1.0,5.626990257346466,,0.5,0.5
happy,0.1676195602878646,0.9245992864738476,1.6515906897089951,8.691510694197046e-05,0.0,0,1.0,LOW,LOW,31.647608794242707,1.0,2.637002927619375,,0.5,0.5
happy,0.224765756315822,0.7651298495796599,-0.594544967,0.012943234,0.0,0,1.0,LOW,LOW,30.50468487368356,1.0,1.6689668263915882,,0.5,0.5
happy,0.2024803629688581,1.6474744079753108,-0.176139461,0.009998662,0.0,0,1.0,LOW,LOW,30.95039274062284,1.0,2.165069155118115,,0.5,0.5
happy,0.1903789242974795,1.7618016590041885,-1.102312195,0.029001279,0.0,0,1.0,LOW,LOW,31.19242151405041,1.0,2.9040532060438093,,0.5,0.5
happy,0.2199337161884083,0.3955710119929805,2.547240611198504,-0.06697717,0.0,0,1.0,LOW,LOW,30.60132567623183,1.0,3.442592617719281,,0.5,0.5
happy,0.2524148375666896,1.2221181229212568,2.305908262897276,-0.019147852,0.0,0,1.0,LOW,LOW,29.95170324866621,1.0,3.656551133739276,,0.5,0.5
happy,0.2070453402818587,0.9923813722950012,-0.283637538,0.004368655,0.0,0,1.0,LOW,LOW,30.859093194362828,1.0,1.808534683164654,,0.5,0.5
happy,0.2463924126230773,0.6004515442397792,1.444457596651319,-0.042854315,0.0,0,1.0,LOW,LOW,30.072151747538456,1.0,2.1312611716298,,0.5,0.5
sad,0.1560798176482923,2.6403941605168173,-2.336346572,-0.088066502,0.0,0,1.0,MEDIUM,LOW,31.878403647034155,1.0,5.064807234342178,,0.5,0.5
sad,0.1224934892215368,1.2271379955541537,-0.296401597,-0.039589406,0.0,0,1.0,MEDIUM,LOW,32.55013021556927,1.0,2.237775408,,0.5,0.5
sad,0.1507528995838154,1.4152212468513152,-1.260481221,-0.068341001,0.0,0,1.0,MEDIUM,LOW,31.98494200832369,1.0,2.926694298,,0.5,0.5
sad,0.1791086246471093,2.3813785436874086,-0.672307474,-0.119545774,0.0,0,1.0,MEDIUM,LOW,31.41782750705781,1.0,3.1855244415278743,,0.5,0.5
sad,0.1510732014329571,0.8278579744104949,-1.650114194,0.027991981,0.0,0,1.0,MEDIUM,LOW,31.978535971340857,1.0,3.1333948762830706,,0.5,0.5
sad,0.1257418398857087,2.0095577433426977,-1.616176928,-0.031420915,0.0,0,1.0,MEDIUM,LOW,32.485163202285825,1.0,3.7105562204213434,,0.5,0.5
sad,0.184752193,3.985635668453109,0.2093910160096701,-0.105203556,0.0,0,1.0,MEDIUM,LOW,31.30495614802454,1.0,4.557910829493932,,0.5,0.5
sad,0.1507971230829033,1.628528941169165,0.1919655990502748,-0.011719673,0.0,0,1.0,MEDIUM,LOW,31.984057538341933,1.0,2.013014325022036,,0.5,0.5
angry,0.243575457,0.990720930494612,0.9271560860097712,-0.132771775,0.0,0,1.0,MEDIUM,LOW,30.12849086195202,1.0,2.3988337615815456,,0.5,0.5
angry,0.2544902788204277,0.4674818338682645,0.4103926812553562,-0.109561067,0.0,0,1.0,MEDIUM,LOW,29.910194423591445,1.0,1.7984416069719031,,0.5,0.5
angry,0.1592991534654291,1.2148160867012632,2.4271440928926893,-0.094641116,0.0,0,1.0,MEDIUM,LOW,31.814016930691416,1.0,4.063090224859008,,0.5,0.5
angry,0.2358342487887617,1.6012054488435872,1.8453287211467655,-0.121280274,0.0,0,1.0,MEDIUM,LOW,30.283315024224763,1.0,3.5956584112589063,,0.5,0.5
angry,0.2552383624955268,-0.103028763,0.6594221993737127,-0.150249933,0.0,0,1.0,MEDIUM,LOW,29.895232750089463,1.0,1.604725749,,0.5,0.5
angry,0.233571884138846,0.3952093589560225,0.6051932934456847,-0.148522752,0.0,0,1.0,MEDIUM,LOW,30.32856231722308,1.0,1.7291036083847635,,0.5,0.5
angry,0.2632860533019811,0.376173677984206,0.1952623961501919,-0.143466757,0.0,0,1.0,MEDIUM,LOW,29.734278933960372,1.0,1.3826699107698508,,0.5,0.5
angry,0.2518848877598088,0.2515026922986399,0.2764185617066655,-0.148875282,0.0,0,1.0,MEDIUM,LOW,29.962302244803823,1.0,1.2279554703113174,,0.5,0.5
fearful,0.24556858975831,-0.119203713,0.3666033257948168,-0.109044617,0.0,0,1.0,LOW,LOW,30.0886282,1.0,2.1599894231157912,,0.5,0.5
fearful,0.2697391293417039,0.4410102492858759,2.007439979,-0.142899607,0.0,0,1.0,LOW,LOW,29.60521741316592,1.0,2.7960468748360348,,0.5,0.5
fearful,0.2650152004657544,0.7654739309214773,1.5048684248775748,-0.119406219,0.0,0,1.0,LOW,LOW,29.699695990684912,1.0,2.389748574758398,,0.5,0.5
fearful,0.2819122395719832,3.367606790731538,1.5034996311844897,-0.16226742,0.0,0,1.0,LOW,LOW,29.361755208560336,1.0,5.033373842413146,,0.5,0.5
fearful,0.1792032583402249,0.2635616777468126,0.3062032348559223,-0.008457676,0.0,0,1.0,LOW,LOW,31.41593483,1.0,1.6444826945282245,,0.5,0.5
fearful,0.2693574003654429,1.6198517917806463,1.4055048560525292,-0.024112359,0.0,0,1.0,LOW,LOW,29.61285199269114,1.0,3.057196184107476,,0.5,0.5
fearful,0.2958918154362357,1.1630179710517894,0.2377173902524506,-0.057723969,0.0,0,1.0,LOW,LOW,29.082163691275284,1.0,1.8049806505003283,,0.5,0.5
fearful,0.2519558853723105,-0.051772235,-0.003929691,-0.044032852,0.0,0,1.0,LOW,LOW,29.96088229255379,1.0,1.7433057635808629,,0.5,0.5
disgust,0.1086101672002533,2.200569757189904,0.6608133205117329,-0.020590857,0.0,0,1.0,LOW,LOW,32.82779665599493,1.0,2.977082932237763,,0.5,0.5
disgust,0.1291477043422844,1.9535890334279071,-2.53570187,0.034861001,0.0,0,1.0,LOW,LOW,32.41704591315431,1.0,4.528860309842972,,0.5,0.5
disgust,0.1334849488879828,0.8519592766006258,-1.201590213,0.017831394,0.0,0,1.0,LOW,LOW,32.33030102224035,1.0,2.438276131661349,,0.5,0.5
disgust,0.1246520593714178,2.7824963057091656,-1.610951304,0.0135023139102732,0.0,0,1.0,LOW,LOW,32.50695881257164,1.0,4.472442379812886,,0.5,0.5
disgust,0.2051895907555633,0.7457114447099292,0.996871289,-0.088855163,0.0,0,1.0,LOW,LOW,30.89620818488873,1.0,1.861708945451736,,0.5,0.5
disgust,0.098102979,0.9876126824370336,2.6421101092496437,-0.048694209,0.0,0,1.0,LOW,LOW,33.03794041084435,1.0,3.728537506662071,,0.5,0.5
disgust,0.092962263,0.053278103,3.2557548201582702,-0.085624564,0.0,0,1.0,LOW,LOW,33.14075473775475,1.0,4.543545809093579,,0.5,0.5
disgust,0.1272980729208106,-2.396946749,0.3842448542778919,-0.092743998,0.0,0,1.0,LOW,LOW,32.454038541583785,1.0,3.501831786981135,,0.5,0.5
surprised,0.2186268298966802,-0.383244639,0.1010984944433719,-0.136325771,0.0,0,1.0,LOW,LOW,30.6274634020664,1.0,1.952410562342968,,0.5,0.5
surprised,0.2172284819188536,1.5961537992508286,1.3496555374182622,-0.143691748,0.0,0,1.0,LOW,LOW,30.655430361622926,1.0,3.089501084296665,,0.5,0.5
surprised,0.2343558961457546,0.8769652376764238,2.3485311888062763,-0.119996617,0.0,0,1.0,LOW,LOW,30.312882077084907,1.0,3.3454930435026387,,0.5,0.5
surprised,0.1650103272451019,-0.589882673,0.3480849729173798,-0.119971137,0.0,0,1.0,LOW,LOW,31.69979345509796,1.0,1.8846658108233212,,0.5,0.5
surprised,0.271706688,0.7522914765683367,1.3924542435184133,-0.149367627,0.0,0,1.0,LOW,LOW,29.56586624330228,1.0,2.3112923084867623,,0.5,0.5
surprised,0.1767905415155324,0.7828608563125766,-1.057398512,-0.070681027,0.0,0,1.0,LOW,LOW,31.46418916968935,1.0,2.097589275459603,,0.5,0.5
surprised,0.1671977635659025,0.8396576097144758,0.2912888600848581,-0.067508603,0.0,0,1.0,LOW,LOW,31.656044728681948,1.0,1.518461746754779,,0.5,0.5
surprised,0.1439235718358118,0.5638874503177876,-0.694556347,-0.10189227,0.0,0,1.0,LOW,LOW,32.12152856328376,1.0,1.391069413806606,,0.5,0.5
neutral,0.3013054954261353,2.181613339745137,5.204066310580646,-0.038151301,0.0,0,1.0,LOW,LOW,28.97389009147729,1.0,7.423830951513449,,0.5,0.5
neutral,0.2967381795282386,1.6739809724171058,4.921586063558747,-0.029727717,0.0,0,1.0,LOW,LOW,29.065236409435222,1.0,6.627528976849199,,0.5,0.5
neutral,0.3041391605619838,1.988948728448184,5.066025409675853,-0.029043253,0.0,0,1.0,LOW,LOW,28.91721678876032,1.0,7.0840173910249575,,0.5,0.5
neutral,0.3300943018684102,1.7514558984796906,5.046756957839452,-0.038155804,0.0,0,1.0,LOW,LOW,28.3981139626318,1.0,6.836368660410372,,0.5,0.5
calm,0.2510079637695178,-0.462177792,4.280821970814852,0.0219755507773537,0.0,0,1.0,LOW,LOW,29.979840724609645,1.0,4.766459571633952,,0.5,0.5
calm,0.2434228551808513,3.772610345090423,5.450879321866919,-0.012185033,0.0,0,1.0,MEDIUM,LOW,30.13154289638297,1.0,9.235674699630096,,0.5,0.5
calm,0.1860047803884537,1.6616744862490982,4.709505572052138,0.016628853,0.0,0,1.0,LOW,LOW,31.279904392230925,1.0,7.184589660013447,,0.5,0.5
calm,0.248971555690214,4.355035410277647,5.210348163,-0.022312735,0.0,0,1.0,MEDIUM,LOW,30.02056888619572,1.0,9.591776658647204,,0.5,0.5
calm,0.2595895816015697,-1.5999043,4.5519535006289695,0.034173043,0.0,0,1.0,LOW,LOW,29.808208367968607,1.0,6.186030844452042,,0.5,0.5
calm,0.212122271013203,-0.903494738,5.2880074657510105,0.049933883,0.0,0,1.0,LOW,LOW,30.757554579735935,1.0,6.241436087305234,,0.5,0.5
calm,0.2132403070793674,-0.143096936,4.283886971927447,0.033991746,0.0,0,1.0,LOW,LOW,30.73519385841265,1.0,4.843022267129769,,0.5,0.5
calm,0.1717435033964533,-1.820106866,5.418307419560686,0.049228908,0.0,0,1.0,LOW,LOW,31.56512993207093,1.0,7.287643193774724,,0.5,0.5
happy,0.307311024,-0.505353847,4.265910904,-0.003927113,0.0,0,1.0,LOW,LOW,28.85377951690942,1.0,5.264451394308874,,0.5,0.5
happy,0.2234789376770911,2.361071094531214,5.936459562036003,0.0588439413306898,0.0,0,1.0,MEDIUM,LOW,30.53042124645817,1.0,8.641931478425777,,0.5,0.5
happy,0.2781579402126272,0.8499143680150206,5.559029911698815,0.038921903,0.0,0,1.0,LOW,LOW,29.43684119574745,1.0,7.033369146173406,,0.5,0.5
happy,0.2820104813846418,1.3352417547486766,4.563604501442788,0.020930718,0.0,0,1.0,LOW,LOW,29.359790372307163,1.0,5.932874619,,0.5,0.5
happy,0.3023456455325584,3.412575164468569,2.9730141840854567,-0.073758695,0.0,0,1.0,LOW,LOW,28.953087089348838,1.0,6.769129263119975,,0.5,0.5
happy,0.1733438518760653,1.3070735126079558,7.312095525705952,0.138449090987676,0.0,0,1.0,MEDIUM,LOW,31.533122962478693,1.0,9.590410679670706,,0.5,0.5
happy,0.352225605,-4.105656974,3.695364760757392,-0.062486249,0.0,0,1.0,LOW,LOW,27.95548790862356,1.0,7.880631083469856,,0.5,0.5
happy,0.3320743447854296,1.2359852317846087,5.692615863487166,0.0318533769261258,0.0,0,1.0,LOW,LOW,28.358513104291408,1.0,7.184880317592305,,0.5,0.5
sad,0.2234245322115513,-0.784563568,4.4510228380954375,0.0187858357124637,0.0,0,1.0,MEDIUM,LOW,30.53150935576897,1.0,5.359459159805821,,0.5,0.5
sad,0.2085428944538263,0.050660746,3.377032840381397,0.009191672,0.0,0,1.0,MEDIUM,LOW,30.829142110923478,1.0,4.472194666120253,,0.5,0.5
sad,0.2432818565599411,-0.052603608,4.115979743895347,0.001085687,0.0,0,1.0,MEDIUM,LOW,30.134362868801176,1.0,4.539020223414369,,0.5,0.5
sad,0.2653411512993848,0.9265827137538124,4.435870801388658,-0.012933866,0.0,0,1.0,MEDIUM,LOW,29.693176974012303,1.0,5.945631532,,0.5,0.5
sad,0.2821363901028557,-0.910896252,3.4243204492372645,-0.012565349,0.0,0,1.0,MEDIUM,LOW,29.357272197942883,1.0,4.730632631240661,,0.5,0.5
sad,0.2622999617606844,1.036626666605556,2.3312451517588446,0.005840983,0.0,0,1.0,MEDIUM,LOW,29.754000764786312,1.0,3.3950083644183757,,0.5,0.5
sad,0.2847224137169951,1.3999179738124654,3.380038380270997,-0.014079208,0.0,0,1.0,MEDIUM,LOW,29.30555172566009,1.0,5.509563126001637,,0.5,0.5
sad,0.2727060114030551,1.1485485967629392,3.939111258314699,0.007836814,0.0,0,1.0,MEDIUM,LOW,29.545879771938896,1.0,5.869178029364192,,0.5,0.5
angry,0.2899287583826606,-1.354789146,5.3531103718364665,-0.003483329,0.0,0,1.0,MEDIUM,LOW,29.201424832346788,1.0,6.780594123302909,,0.5,0.5
angry,0.2424861194611112,0.1808697125544432,4.762113308020752,-0.015671814,0.0,0,1.0,MEDIUM,LOW,30.150277610777778,1.0,6.570583527767942,,0.5,0.5
angry,0.2599534843534195,1.8621975985923032,6.388534533980748,0.0286129251619824,0.0,0,1.0,MEDIUM,LOW,29.80093031293161,1.0,8.810798058182511,,0.5,0.5
angry,0.179581599644559,1.2555218004879969,5.804241628444874,0.033137525,0.0,0,1.0,MEDIUM,LOW,31.40836800710882,1.0,7.696432234006903,,0.5,0.5
angry,0.4323753316096557,4.612296047608282,3.930828987727295,-0.088599872,0.0,0,1.0,MEDIUM,LOW,26.352493367806886,1.0,8.634792937469198,,0.5,0.5
angry,0.3439617319376386,1.357215778132452,4.469423505027741,-0.01179923,0.0,0,1.0,MEDIUM,LOW,28.120765361247223,1.0,6.31202662,,0.5,0.5
angry,0.3578190663292512,1.9226245219249916,4.393422241558061,-0.022194012,0.0,0,1.0,MEDIUM,LOW,27.843618673414973,1.0,6.391821161821009,,0.5,0.5
angry,0.4008678026539245,4.350734192146481,3.720545368545833,-0.096378653,0.0,0,1.0,MEDIUM,LOW,26.98264394692151,1.0,8.167658213559312,,0.5,0.5
fearful,0.4177479029187992,1.450480047967288,5.983187859,-0.018120328,0.0,0,1.0,LOW,LOW,26.64504194162401,1.0,7.467887612454924,,0.5,0.5
fearful,0.4190049051021448,2.0075929465574864,6.945481328050627,0.0168027905663028,0.0,0,1.0,MEDIUM,LOW,26.619901897957103,1.0,8.984658986346428,,0.5,0.5
fearful,0.4164652984410938,2.6392432498715026,6.477783230497862,0.003639074,0.0,0,1.0,MEDIUM,LOW,26.67069403117812,1.0,9.143561598581162,,0.5,0.5
fearful,0.381032888,3.0441564736811406,6.641019252,0.0101148367826367,0.0,0,1.0,MEDIUM,LOW,27.37934224051688,1.0,9.702443903647245,,0.5,0.5
fearful,0.3566281614196775,1.199455442123595,6.687298426562791,0.0195708254356145,0.0,0,1.0,MEDIUM,LOW,27.86743677160645,1.0,8.862484954638582,,0.5,0.5
fearful,0.3930901761781848,1.732803068379292,6.800807584309279,0.02242104517737,0.0,0,1.0,MEDIUM,LOW,27.138196476436303,1.0,8.970149097301103,,0.5,0.5
fearful,0.3432285396036665,1.932676324990928,4.827634482633851,0.0299581030588799,0.0,0,1.0,LOW,LOW,28.13542920792667,1.0,6.810918214,,0.5,0.5
fearful,0.3675273255642382,2.709420523139462,6.733637482836545,0.029523103905044,0.0,0,1.0,MEDIUM,LOW,27.64945348871524,1.0,9.82591043,,0.5,0.5
disgust,0.219343824,1.6494865026067764,3.3831681866208125,-0.05782821,0.0,0,1.0,LOW,LOW,30.61312352192966,1.0,5.497292801091223,,0.5,0.5
disgust,0.2393972238721818,5.138870047269687,3.424629012507586,-0.110635351,0.0,0,1.0,MEDIUM,LOW,30.21205552255637,1.0,8.674134410640985,,0.5,0.5
disgust,0.2082974835062164,3.777043327269983,3.900094384444684,-0.039977297,0.0,0,1.0,LOW,LOW,30.834050329875677,1.0,7.722035552,,0.5,0.5
disgust,0.1888532525656122,5.166196751475241,3.477013024069127,-0.087387025,0.0,0,1.0,MEDIUM,LOW,31.222934948687755,1.0,8.730596801,,0.5,0.5
disgust,0.2526080080517338,2.5771085023598364,3.5246874731827567,-0.072235593,0.0,0,1.0,LOW,LOW,29.94783983896532,1.0,6.520396283125899,,0.5,0.5
disgust,0.2047933773992741,3.486896485433164,3.1047803219059893,-0.082694928,0.0,0,1.0,LOW,LOW,30.904132452014515,1.0,7.323807162738867,,0.5,0.5
disgust,0.1987099548201252,3.731195013983883,2.8492002166794346,-0.077177969,0.0,0,1.0,LOW,LOW,31.025800903597496,1.0,6.997111886055647,,0.5,0.5
disgust,0.2101971873346216,2.4988644895187977,3.4440986275216208,-0.037933986,0.0,0,1.0,LOW,LOW,30.79605625330757,1.0,6.000549150559126,,0.5,0.5
surprised,0.3483500059284872,3.1355809591212678,4.382683037,-0.04958583,0.0,0,1.0,LOW,LOW,28.032999881430257,1.0,7.567849826241237,,0.5,0.5
surprised,0.2550527373972255,-0.48704166,3.975069825320501,-0.016779383,0.0,0,1.0,LOW,LOW,29.89894525205549,1.0,5.39582834557118,,0.5,0.5
surprised,0.26934886,2.528820243,3.969479737587206,-0.033778483,0.0,0,1.0,LOW,LOW,29.61302279668492,1.0,6.532078463544941,,0.5,0.5
surprised,0.3609056125609424,0.3764167342925096,4.803998558580776,-0.039125517,0.0,0,1.0,LOW,LOW,27.781887748781152,1.0,5.455461650953056,,0.5,0.5
surprised,0.3166574864693938,2.751979110622668,3.552683340350546,-0.04302648,0.0,0,1.0,LOW,LOW,28.666850270612123,1.0,6.351060046324836,,0.5,0.5
surprised,0.3040891033715297,0.4561288601553994,3.501629879228397,-0.044896222,0.0,0,1.0,LOW,LOW,28.918217932569405,1.0,4.216495756201583,,0.5,0.5
surprised,0.2894302143663169,2.5742527470140626,3.2157428244742143,-0.000285108,0.0,0,1.0,LOW,LOW,29.211395712673664,1.0,5.821056726287887,,0.5,0.5
surprised,0.238680428680739,-0.174588582,2.544054685005147,-0.016001538,0.0,0,1.0,LOW,LOW,30.22639142638522,1.0,3.495253526,,0.5,0.5
neutral,0.3022516504464135,2.2294628611202008,5.232067578342507,-0.029283342,0.0,0,1.0,LOW,LOW,28.95496699107173,1.0,7.490951236462851,,0.5,0.5
neutral,0.2962080929489411,1.6697756288713617,4.923367762811118,-0.030312591,0.0,0,1.0,LOW,LOW,29.07583814102118,1.0,6.625181575673682,,0.5,0.5
neutral,0.3055017984198983,1.9978190218938008,5.064364215586023,-0.027228411,0.0,0,1.0,LOW,LOW,28.889964031602037,1.0,7.0894116482788245,,0.5,0.5
neutral,0.3310596172114782,1.7555178644323637,5.0374978327505975,-0.039770515,0.0,0,1.0,LOW,LOW,28.37880765577044,1.0,6.832786212201171,,0.5,0.5
calm,0.2508830972729895,-0.479459403,4.267703833951378,0.0213017867092885,0.0,0,1.0,LOW,LOW,29.982338054540207,1.0,4.769691379849383,,0.5,0.5
calm,0.2444037866767406,3.773526461541024,5.444829237249297,-0.012341598,0.0,0,1.0,MEDIUM,LOW,30.111924266465188,1.0,9.230697296997862,,0.5,0.5
calm,0.1872574027254059,1.6294240833064866,4.717541103146677,0.0162863627972609,0.0,0,1.0,LOW,LOW,31.254851945491883,1.0,7.191316634549257,,0.5,0.5
calm,0.249400142137182,4.3483042284269375,5.180508899828064,-0.021990238,0.0,0,1.0,MEDIUM,LOW,30.01199715725636,1.0,9.555629188472611,,0.5,0.5
calm,0.2591950080511666,-1.580878754,4.548930656192087,0.034443586,0.0,0,1.0,LOW,LOW,29.81609983897667,1.0,6.164252996990911,,0.5,0.5
calm,0.2114478902869643,-0.89800146,5.2627554,0.0501901486675603,0.0,0,1.0,LOW,LOW,30.77104219426072,1.0,6.210947008,,0.5,0.5
calm,0.212898413222554,-0.155557119,4.286565216586835,0.032587388,0.0,0,1.0,LOW,LOW,30.74203173554892,1.0,4.8317507297774585,,0.5,0.5
calm,0.1719932030361518,-1.833101045,5.415538094382275,0.0472550842632757,0.0,0,1.0,LOW,LOW,31.560135939276964,1.0,7.295894224081477,,0.5,0.5
happy,0.3093780425247129,-0.496808826,4.255649519411131,-0.00445007,0.0,0,1.0,LOW,LOW,28.812439149505742,1.0,5.251769400684609,,0.5,0.5
happy,0.2215123434582752,2.3664356788264964,5.924617341858478,0.059389649,0.0,0,1.0,MEDIUM,LOW,30.56975313083449,1.0,8.634469254707419,,0.5,0.5
happy,0.2798038505661878,0.835784338,5.551740460989766,0.039071849,0.0,0,1.0,LOW,LOW,29.403922988676243,1.0,7.029487151165624,,0.5,0.5
happy,0.2816101547612951,1.3225716836068162,4.555937071637713,0.0212194984290738,0.0,0,1.0,LOW,LOW,29.367796904774096,1.0,5.912886641,,0.5,0.5
happy,0.3014066138135292,3.4111658480925797,2.993756289,-0.073827785,0.0,0,1.0,LOW,LOW,28.971867723729417,1.0,6.7941577087039775,,0.5,0.5
happy,0.1707872996600593,1.303248686091523,7.323807868744409,0.1388766792680135,0.0,0,1.0,MEDIUM,LOW,31.58425400679881,1.0,9.617805034496346,,0.5,0.5
happy,0.3535398926982784,-4.08672876,3.609171786327397,-0.061658197,0.0,0,1.0,LOW,LOW,27.92920214603443,1.0,7.781706333112493,,0.5,0.5
happy,0.3340233959070914,1.2312144713006516,5.704122455506766,0.03323019,0.0,0,1.0,LOW,LOW,28.31953208185817,1.0,7.188469201404552,,0.5,0.5
sad,0.223297156,-0.797819266,4.417623806611373,0.0198122801159038,0.0,0,1.0,MEDIUM,LOW,30.53405688288554,1.0,5.329720580231171,,0.5,0.5
sad,0.2080011635811955,0.057898416,3.3767089623369984,0.00944184,0.0,0,1.0,MEDIUM,LOW,30.839976728376087,1.0,4.469725989057948,,0.5,0.5
sad,0.2408266768254006,-0.049242978,4.107724679472883,0.001470592,0.0,0,1.0,MEDIUM,LOW,30.183466463491985,1.0,4.542812078069326,,0.5,0.5
sad,0.2653598949342953,0.9289075235473716,4.4278743366162825,-0.013909433,0.0,0,1.0,MEDIUM,LOW,29.692802101314093,1.0,5.931837088384451,,0.5,0.5
sad,0.2832395472394762,-0.915600285,3.4037976194936874,-0.010692728,0.0,0,1.0,MEDIUM,LOW,29.33520905521048,1.0,4.715494588599622,,0.5,0.5
sad,0.2591223776946244,1.0297164343066998,2.326038922436668,0.006134178,0.0,0,1.0,MEDIUM,LOW,29.817552446107516,1.0,3.381801002279248,,0.5,0.5
sad,0.2865262572021938,1.4159866865179431,3.426358301511565,-0.01264255,0.0,0,1.0,MEDIUM,LOW,29.269474855956123,1.0,5.572021369974341,,0.5,0.5
sad,0.2709153672263223,1.1646228945818575,3.920363267741701,0.007764612,0.0,0,1.0,MEDIUM,LOW,29.581692655473557,1.0,5.852219560263708,,0.5,0.5
angry,0.2885834455526751,-1.38444114,5.349228894144252,-0.004108519,0.0,0,1.0,MEDIUM,LOW,29.228331088946497,1.0,6.778917226,,0.5,0.5
angry,0.242715753413539,0.1838236635903367,4.7335414593718825,-0.01587936,0.0,0,1.0,MEDIUM,LOW,30.14568493172922,1.0,6.549807676242754,,0.5,0.5
angry,0.2612505052901973,1.8718898900491945,6.391026716643876,0.0269053609736868,0.0,0,1.0,MEDIUM,LOW,29.77498989419605,1.0,8.820920712947647,,0.5,0.5
angry,0.1790446784315438,1.2459891119892168,5.804975362539058,0.032600343,0.0,0,1.0,MEDIUM,LOW,31.419106431369123,1.0,7.683937617509279,,0.5,0.5
angry,0.4294305897221164,4.620650867213663,3.9029139892608247,-0.087433374,0.0,0,1.0,MEDIUM,LOW,26.41138820555767,1.0,8.616181472921674,,0.5,0.5
angry,0.3440053251343797,1.364468708074653,4.497118923900783,-0.0096612,0.0,0,1.0,MEDIUM,LOW,28.119893497312404,1.0,6.358219037019705,,0.5,0.5
angry,0.3580104536629044,1.9185476272080704,4.392027889093847,-0.023404827,0.0,0,1.0,MEDIUM,LOW,27.83979092674191,1.0,6.387732323270435,,0.5,0.5
angry,0.4017093378347011,4.351190117866724,3.7181686840209536,-0.096411723,0.0,0,1.0,MEDIUM,LOW,26.96581324330598,1.0,8.165770525009552,,0.5,0.5
fearful,0.4193308404499797,1.4488868418784384,5.982611208092709,-0.019173103,0.0,0,1.0,LOW,LOW,26.6133831910004,1.0,7.4647484837594416,,0.5,0.5
fearful,0.4190524861437516,2.0021003973454325,6.933315180192821,0.0174922723064329,0.0,0,1.0,MEDIUM,LOW,26.618950277124966,1.0,8.966730598,,0.5,0.5
fearful,0.4158602533179646,2.6421958364745084,6.467195105359744,0.004344966,0.0,0,1.0,MEDIUM,LOW,26.682794933640707,1.0,9.137792389086547,,0.5,0.5
fearful,0.3797663092031238,3.0467354026664943,6.638626806,0.009845406,0.0,0,1.0,MEDIUM,LOW,27.404673815937524,1.0,9.703022547047915,,0.5,0.5
fearful,0.3559822637296106,1.184070151393422,6.696351203017694,0.0178522670652389,0.0,0,1.0,MEDIUM,LOW,27.880354725407788,1.0,8.871024247,,0.5,0.5
fearful,0.3925994283989247,1.715754575917496,6.815503788007708,0.0206366586162298,0.0,0,1.0,MEDIUM,LOW,27.148011432021505,1.0,8.960991357713223,,0.5,0.5
fearful,0.3377766651668478,1.9157302068458548,4.839933169,0.0285179202802732,0.0,0,1.0,LOW,LOW,28.244466696663043,1.0,6.809502873293092,,0.5,0.5
fearful,0.3648770554237081,2.7375536924259967,6.697442160459239,0.0311565390929549,0.0,0,1.0,MEDIUM,LOW,27.70245889152584,1.0,9.799607227621218,,0.5,0.5
disgust,0.218596441251652,1.6477046198852583,3.3634273109943646,-0.056853634,0.0,0,1.0,LOW,LOW,30.62807117496696,1.0,5.485731730323835,,0.5,0.5
disgust,0.2390662069846612,5.130896384408393,3.4000011929559264,-0.112331432,0.0,0,1.0,MEDIUM,LOW,30.21867586030677,1.0,8.643229009030224,,0.5,0.5
disgust,0.2078846143886755,3.7813103734295423,3.907732308170333,-0.039817426,0.0,0,1.0,LOW,LOW,30.84230771222649,1.0,7.735116940321252,,0.5,0.5
disgust,0.1893646093509387,5.171317215839854,3.481439200847248,-0.087822027,0.0,0,1.0,MEDIUM,LOW,31.212707812981225,1.0,8.740578443273414,,0.5,0.5
disgust,0.2510312358977988,2.573694396104055,3.5218783090353,-0.073315999,0.0,0,1.0,LOW,LOW,29.979375282044025,1.0,6.517882164,,0.5,0.5
disgust,0.2038289638441709,3.473388065814147,3.108832168131476,-0.082114097,0.0,0,1.0,LOW,LOW,30.923420723116585,1.0,7.313635343671951,,0.5,0.5
disgust,0.1984549021654396,3.737180054828392,2.8298789644415274,-0.076722308,0.0,0,1.0,LOW,LOW,31.03090195669121,1.0,6.996883217645284,,0.5,0.5
disgust,0.2112520329278755,2.509151034325526,3.442963134528664,-0.036160937,0.0,0,1.0,LOW,LOW,30.77495934144249,1.0,6.008486081549023,,0.5,0.5
surprised,0.3517554724758934,3.12131457905468,4.402049470197649,-0.050800819,0.0,0,1.0,LOW,LOW,27.96489055048213,1.0,7.574164867982485,,0.5,0.5
surprised,0.2555921625771568,-0.481401298,3.9935663296260353,-0.016050172,0.0,0,1.0,LOW,LOW,29.88815674845686,1.0,5.421326065613504,,0.5,0.5
surprised,0.2705442692574088,2.5215802893516197,3.962643632564725,-0.034303075,0.0,0,1.0,LOW,LOW,29.589114614851823,1.0,6.518526996494231,,0.5,0.5
surprised,0.3571482102914878,0.3503926722798762,4.8069950156917045,-0.039711044,0.0,0,1.0,LOW,LOW,27.857035794170244,1.0,5.449909598362535,,0.5,0.5
surprised,0.3152152772318615,2.776477502128518,3.5153515563838287,-0.04083071,0.0,0,1.0,LOW,LOW,28.69569445536277,1.0,6.345477422737116,,0.5,0.5
surprised,0.3021613141015552,0.4722249730454885,3.5257257542501064,-0.04404923,0.0,0,1.0,LOW,LOW,28.956773717968893,1.0,4.254640250742135,,0.5,0.5
surprised,0.2904486895283307,2.563457516456217,3.206263479126205,0.001166198,0.0,0,1.0,LOW,LOW,29.191026209433385,1.0,5.800408606135871,,0.5,0.5
surprised,0.237981365559745,-0.185974274,2.552238898008077,-0.016219139,0.0,0,1.0,LOW,LOW,30.24037269,1.0,3.4980352900413294,,0.5,0.5
neutral,0.2817685349111341,0.2563402233222908,2.600047143812799,-0.137813861,0.0,0,1.0,LOW,LOW,29.36462930177732,1.0,2.994257111427092,,0.5,0.5
neutral,0.2979275754746511,0.2245682609458177,2.1944327904745573,-0.144759501,0.0,0,1.0,LOW,LOW,29.04144849050698,1.0,2.576881842816078,,0.5,0.5
neutral,0.2788420311193703,0.2320072975757265,2.4190319401287783,-0.132203896,0.0,0,1.0,LOW,LOW,29.423159377612592,1.0,2.7989977539849558,,0.5,0.5
neutral,0.2829693142764065,0.1882340160683061,2.440981041259505,-0.140468848,0.0,0,1.0,LOW,LOW,29.34061371447187,1.0,2.7912509595224564,,0.5,0.5
calm,0.2773719724446624,0.5225699164909574,1.2078414901189631,-0.108780497,0.0,0,1.0,LOW,LOW,29.452560551106757,1.0,1.8391919032496595,,0.5,0.5
calm,0.2781112575580617,0.4322042954567733,1.6008316475219089,-0.116379921,0.0,0,1.0,LOW,LOW,29.437774848838764,1.0,2.149415863922532,,0.5,0.5
calm,0.2415059006563764,0.6943375391955402,1.5493187944179168,-0.10551853,0.0,0,1.0,LOW,LOW,30.169881986872472,1.0,2.34917486328832,,0.5,0.5
calm,0.2725778068032123,0.546011036,1.821689011650336,-0.105951493,0.0,0,1.0,LOW,LOW,29.548443863935752,1.0,2.483858589052207,,0.5,0.5
calm,0.2660429274230669,0.7358613587616188,1.1047670603126452,-0.089296275,0.0,0,1.0,LOW,LOW,29.679141451538666,1.0,1.929924695,,0.5,0.5
calm,0.2874265649853312,0.6240587185734733,0.9537100727836376,-0.098958309,0.0,0,1.0,LOW,LOW,29.251468700293376,1.0,1.6767271002222843,,0.5,0.5
calm,0.256181095,0.650302438,1.1763906455675972,-0.103530204,0.0,0,1.0,LOW,LOW,29.87637809,1.0,1.9438413278522708,,0.5,0.5
calm,0.277710517,0.7673282072950123,0.8398977515687879,-0.084442712,0.0,0,1.0,LOW,LOW,29.44578965857532,1.0,1.706817702373705,,0.5,0.5
happy,0.2771463351666894,0.4120616933405099,0.9695242633607982,-0.113482085,0.0,0,1.0,LOW,LOW,29.457073296666213,1.0,1.6861597992057704,,0.5,0.5
happy,0.2621550516614105,0.4434074087976256,0.9571559176878024,-0.106829516,0.0,0,1.0,LOW,LOW,29.756898966771782,1.0,1.6216642691585224,,0.5,0.5
happy,0.2272151507201646,0.5356457346414799,0.7539963705867317,-0.08747742,0.0,0,1.0,LOW,LOW,30.45569698559671,1.0,1.5006678774139284,,0.5,0.5
happy,0.27092113887214,0.5193136953925834,0.8872670185057978,-0.101909066,0.0,0,1.0,LOW,LOW,29.58157722,1.0,1.5336310849993593,,0.5,0.5
happy,0.2366784418833624,0.7935962679601939,0.7788201333336925,-0.084653257,0.0,0,1.0,LOW,LOW,30.26643116233275,1.0,1.7142468542771674,,0.5,0.5
happy,0.2286274556498249,0.6053496011900623,1.207793155665429,-0.100028032,0.0,0,1.0,LOW,LOW,30.427450887003506,1.0,1.9131707885228832,,0.5,0.5
happy,0.2370116899963527,0.6509258939917903,0.539371741,-0.086640405,0.0,0,1.0,LOW,LOW,30.259766200072946,1.0,1.2825938668201768,,0.5,0.5
happy,0.2511227058366855,0.7375044471833635,0.7664478101686146,-0.103728988,0.0,0,1.0,LOW,LOW,29.977545883266288,1.0,1.6294982431243243,,0.5,0.5
sad,0.1930133382226798,0.1940377926785577,1.201378780123296,-0.12031134,0.0,0,1.0,MEDIUM,LOW,31.13973324,1.0,1.7834153154178762,,0.5,0.5
sad,0.1791587171889763,0.2266267665009114,1.2525387833764583,-0.118133631,0.0,0,1.0,MEDIUM,LOW,31.416825656220475,1.0,1.721949555771521,,0.5,0.5
sad,0.2542292466634934,0.8260791367534767,1.2816371612610202,-0.107869727,0.0,0,1.0,MEDIUM,LOW,29.91541506673013,1.0,2.215586024517956,,0.5,0.5
sad,0.1724331925335686,0.2693117547027275,1.066948344947008,-0.117591893,0.0,0,1.0,MEDIUM,LOW,31.551336149328627,1.0,1.6119382002460112,,0.5,0.5
sad,0.1965170127526788,-0.219601091,1.2195930906468535,-0.103202147,0.0,0,1.0,MEDIUM,LOW,31.069659744946424,1.0,1.7818461283824776,,0.5,0.5
sad,0.1887348397466615,0.1756327163542468,0.6257926078631257,-0.084916145,0.0,0,1.0,MEDIUM,LOW,31.22530320506677,1.0,1.219693933448008,,0.5,0.5
sad,0.1571849541998712,0.1556494466863716,0.2092702429794775,-0.068292995,0.0,0,1.0,MEDIUM,LOW,31.85630091600257,1.0,1.0446045625318547,,0.5,0.5
sad,0.1593490018019171,-0.026119993,0.3522023615174756,-0.074783464,0.0,0,1.0,MEDIUM,LOW,31.813019963961658,1.0,1.0159849581732592,,0.5,0.5
angry,0.206438400393956,0.2556411153252933,0.8661699050124555,-0.165102393,0.0,0,1.0,MEDIUM,LOW,30.87123199212088,1.0,1.480467420336386,,0.5,0.5
angry,0.2214699174450882,0.4427549537885129,1.1170907949692277,-0.17742275,0.0,0,1.0,MEDIUM,LOW,30.57060165109824,1.0,1.7858081192587678,,0.5,0.5
angry,0.2427848306671942,0.2957596680441166,0.5868676474381601,-0.141637184,0.0,0,1.0,MEDIUM,LOW,30.14430338665612,1.0,1.47531150889703,,0.5,0.5
angry,0.2084794786570257,0.3325415321725726,0.5156660256827572,-0.153556269,0.0,0,1.0,MEDIUM,LOW,30.830410426859487,1.0,1.4156261595780248,,0.5,0.5
angry,0.2514014012343291,0.5961473202515607,0.4380262651965114,-0.144898788,0.0,0,1.0,MEDIUM,LOW,29.97197197531342,1.0,1.409636256768816,,0.5,0.5
angry,0.2284952041706631,0.7084249288984126,0.2840364946893214,-0.123660114,0.0,0,1.0,MEDIUM,LOW,30.430095916586737,1.0,1.313757273700206,,0.5,0.5
angry,0.2072217898412666,0.4852391351677427,0.6777463245754424,-0.165519918,0.0,0,1.0,MEDIUM,LOW,30.855564203174666,1.0,1.3703489505915567,,0.5,0.5
angry,0.2459011531523246,0.4940199631949218,0.3651415407597595,-0.137805229,0.0,0,1.0,MEDIUM,LOW,30.08197693695351,1.0,1.445922371282793,,0.5,0.5
fearful,0.3006298852719125,0.072648282,0.7695168142405485,-0.121385481,0.0,0,1.0,LOW,LOW,28.98740229456175,1.0,1.2079119868286892,,0.5,0.5
fearful,0.2981962829364853,0.2546281520191869,1.0738835230385275,-0.134447285,0.0,0,1.0,LOW,LOW,29.036074341270293,1.0,1.713799656,,0.5,0.5
fearful,0.2853110458923985,0.4598938319501151,0.9227537687826548,-0.138408759,0.0,0,1.0,LOW,LOW,29.29377908215203,1.0,1.7508924948578577,,0.5,0.5
fearful,0.3002149693251474,0.4194285292370895,0.9991064591519284,-0.138513156,0.0,0,1.0,LOW,LOW,28.99570061349705,1.0,1.868136416461752,,0.5,0.5
fearful,0.3296863010618352,-0.008869412,1.4207117853957194,-0.132874393,0.0,0,1.0,LOW,LOW,28.40627397876329,1.0,2.097130602120074,,0.5,0.5
fearful,0.3212195569553234,0.3326820696334915,1.3495125944049764,-0.140336351,0.0,0,1.0,LOW,LOW,28.57560886089353,1.0,2.304445254743254,,0.5,0.5
fearful,0.311825859,0.2098828554332554,1.1454331953299668,-0.142221024,0.0,0,1.0,LOW,LOW,28.76348281473666,1.0,1.6903181299258083,,0.5,0.5
fearful,0.3118815459749681,0.032340419,1.190274225629146,-0.147721128,0.0,0,1.0,LOW,LOW,28.76236908050064,1.0,1.720261806238008,,0.5,0.5
disgust,0.2192856921209331,0.7863576078659368,0.7979542944349599,-0.143354781,0.0,0,1.0,LOW,LOW,30.614286157581336,1.0,1.8493922867009127,,0.5,0.5
disgust,0.2023422511026542,0.7382486078242666,1.2684448445989396,-0.171370845,0.0,0,1.0,LOW,LOW,30.95315497794692,1.0,2.2495212733535728,,0.5,0.5
disgust,0.1724743304435271,0.6139514843616526,0.8443413274965987,-0.137638475,0.0,0,1.0,LOW,LOW,31.550513391129456,1.0,1.6460292536551933,,0.5,0.5
disgust,0.1890502463480246,0.4901634082438788,0.9385509797844206,-0.153425824,0.0,0,1.0,LOW,LOW,31.21899507303951,1.0,1.7612462277466978,,0.5,0.5
disgust,0.1865558542873828,0.6023422497682084,1.0248196369552796,-0.158268333,0.0,0,1.0,LOW,LOW,31.268882914252345,1.0,1.9852524223750212,,0.5,0.5
disgust,0.2192788427921909,0.6429569579239863,1.1282726294217325,-0.160373776,0.0,0,1.0,LOW,LOW,30.614423144156184,1.0,1.979443024024971,,0.5,0.5
disgust,0.2084341472193333,0.5455053439860232,0.902917334267224,-0.163520565,0.0,0,1.0,LOW,LOW,30.831317055613333,1.0,1.8742842200221723,,0.5,0.5
disgust,0.1979233689436556,0.805843431,0.8705635643496681,-0.160834886,0.0,0,1.0,LOW,LOW,31.041532621126887,1.0,1.8372418810946576,,0.5,0.5
surprised,0.2565845915842405,0.683171735,0.70657693,-0.132151736,0.0,0,1.0,LOW,LOW,29.86830816831519,1.0,1.6592611587783228,,0.5,0.5
surprised,0.2810738340153901,0.9063153307284484,0.8497086544589187,-0.131579019,0.0,0,1.0,LOW,LOW,29.3785233196922,1.0,1.9109269587205,,0.5,0.5
surprised,0.2722864966631232,1.0263569111139337,0.4431608687975973,-0.108565756,0.0,0,1.0,LOW,LOW,29.554270066737537,1.0,1.5979395776224743,,0.5,0.5
surprised,0.3015033640769061,-0.114426004,1.708535230239546,-0.163491064,0.0,0,1.0,LOW,LOW,28.96993271846188,1.0,2.504480983033628,,0.5,0.5
surprised,0.3073238279081075,0.278383002616455,0.7863007604170754,-0.144797641,0.0,0,1.0,LOW,LOW,28.85352344183785,1.0,1.2403198512574245,,0.5,0.5
surprised,0.3043876354166331,0.154629499,0.7544867330000788,-0.130965579,0.0,0,1.0,LOW,LOW,28.912247291667335,1.0,1.2819870091435894,,0.5,0.5
surprised,0.3244182305818878,0.5687121857027432,0.6005658001911092,-0.144451671,0.0,0,1.0,LOW,LOW,28.511635388362244,1.0,1.4705532132104433,,0.5,0.5
surprised,0.3273695690794596,0.8072201976389346,0.8904239696768469,-0.153486463,0.0,0,1.0,LOW,LOW,28.452608618410807,1.0,1.8545576428845103,,0.5,0.5
neutral,0.2831419275964119,0.2926510404398554,2.609280953666317,-0.137610401,0.0,0,1.0,LOW,LOW,29.33716144807176,1.0,3.0395423947791347,,0.5,0.5
neutral,0.299200292,0.2235260234537354,2.2022376253293072,-0.144952935,0.0,0,1.0,LOW,LOW,29.01599416998308,1.0,2.591912003042086,,0.5,0.5
neutral,0.2786059895374807,0.2305611402405772,2.4130177480944366,-0.1315885,0.0,0,1.0,LOW,LOW,29.427880209250382,1.0,2.798848443,,0.5,0.5
neutral,0.2827477428019738,0.200884695519441,2.447044875290347,-0.138111083,0.0,0,1.0,LOW,LOW,29.34504514396053,1.0,2.8001480773149625,,0.5,0.5
calm,0.2777965180147861,0.5196735238637172,1.2148349406206875,-0.107932695,0.0,0,1.0,LOW,LOW,29.44406963970428,1.0,1.8424411597611792,,0.5,0.5
calm,0.2775465186565825,0.4277927457780051,1.6086563302189605,-0.115373641,0.0,0,1.0,LOW,LOW,29.44906962686835,1.0,2.151822716937756,,0.5,0.5
calm,0.2427254037244443,0.7073009750707475,1.5465818676257597,-0.105595898,0.0,0,1.0,LOW,LOW,30.145491925511116,1.0,2.359478741123932,,0.5,0.5
calm,0.2716486189235897,0.5529912085318284,1.817323992565938,-0.105814581,0.0,0,1.0,LOW,LOW,29.567027621528204,1.0,2.480706168495803,,0.5,0.5
calm,0.265317201100771,0.7269472290670406,1.1372385653630528,-0.089299222,0.0,0,1.0,LOW,LOW,29.693655977984577,1.0,1.9534850166191648,,0.5,0.5
calm,0.2883072261214646,0.6206010742288428,0.9653645600719898,-0.098382074,0.0,0,1.0,LOW,LOW,29.23385547757071,1.0,1.68434770783265,,0.5,0.5
calm,0.2570763575076599,0.6591950703743573,1.1932419062005075,-0.103215954,0.0,0,1.0,LOW,LOW,29.8584728498468,1.0,1.9695063382782096,,0.5,0.5
calm,0.2763678005051495,0.7713349776204208,0.8327516180611728,-0.082752538,0.0,0,1.0,LOW,LOW,29.47264398989701,1.0,1.7125153359673826,,0.5,0.5
happy,0.2754244092800161,0.4077917128116964,0.9725387533131984,-0.113476543,0.0,0,1.0,LOW,LOW,29.49151181439968,1.0,1.681501645949419,,0.5,0.5
happy,0.2616210438277817,0.4476181281164605,0.9564951521136924,-0.106022791,0.0,0,1.0,LOW,LOW,29.767579123444364,1.0,1.6344028724137671,,0.5,0.5
happy,0.227333699607445,0.5482340534991077,0.7988191890669224,-0.088588369,0.0,0,1.0,LOW,LOW,30.453326007851096,1.0,1.5512446244304257,,0.5,0.5
happy,0.2701669382218017,0.5176616626065624,0.8948479139924853,-0.101510258,0.0,0,1.0,LOW,LOW,29.596661235563964,1.0,1.528817112664089,,0.5,0.5
happy,0.2366847369390448,0.7899745845184177,0.8092494007442675,-0.083973266,0.0,0,1.0,LOW,LOW,30.266305261219102,1.0,1.7406541619863014,,0.5,0.5
happy,0.2272621702378441,0.6080318852158392,1.2160847048467265,-0.099597411,0.0,0,1.0,LOW,LOW,30.45475659524312,1.0,1.9237140013928131,,0.5,0.5
happy,0.237147802989151,0.6648230695881031,0.5525177257857603,-0.086316285,0.0,0,1.0,LOW,LOW,30.25704394021698,1.0,1.3111109659964504,,0.5,0.5
happy,0.2505358885409261,0.732938479,0.7526089765953348,-0.102152938,0.0,0,1.0,LOW,LOW,29.98928222918148,1.0,1.6167238278695728,,0.5,0.5
sad,0.1929102496292859,0.1923437973704634,1.2119038810231166,-0.119811763,0.0,0,1.0,MEDIUM,LOW,31.14179500741428,1.0,1.7830221368404893,,0.5,0.5
sad,0.1768563035897745,0.2370313384459055,1.2544157379014071,-0.116156955,0.0,0,1.0,MEDIUM,LOW,31.46287392820451,1.0,1.7092407252228388,,0.5,0.5
sad,0.2521564740838022,0.8248624947041611,1.293439037860166,-0.106973584,0.0,0,1.0,MEDIUM,LOW,29.956870518323957,1.0,2.225275116752286,,0.5,0.5
sad,0.1738317209688099,0.2956961886648193,1.0709310489871886,-0.116971282,0.0,0,1.0,MEDIUM,LOW,31.52336558,1.0,1.6309291929908996,,0.5,0.5
sad,0.1973200021471516,-0.219080017,1.2169536898586006,-0.102444806,0.0,0,1.0,MEDIUM,LOW,31.053599957056967,1.0,1.7854995417736643,,0.5,0.5
sad,0.1862855781840805,0.1922223518158697,0.6225777148595354,-0.084737258,0.0,0,1.0,MEDIUM,LOW,31.27428843631839,1.0,1.2209730495713538,,0.5,0.5
sad,0.156697991437171,0.1652661669272422,0.2294528915790169,-0.067935763,0.0,0,1.0,MEDIUM,LOW,31.86604017125658,1.0,1.0761211671606754,,0.5,0.5
sad,0.1585562249444862,-0.014571198,0.3401829099989242,-0.074050043,0.0,0,1.0,MEDIUM,LOW,31.828875501110275,1.0,1.0050991080299605,,0.5,0.5
angry,0.2060140727499392,0.2592955865631999,0.8554817498709063,-0.165204505,0.0,0,1.0,MEDIUM,LOW,30.879718545001214,1.0,1.483369877694311,,0.5,0.5
angry,0.2228957160259763,0.4541084648550127,1.1113239857994028,-0.176454992,0.0,0,1.0,MEDIUM,LOW,30.542085679480472,1.0,1.7904438459672776,,0.5,0.5
angry,0.2443355984482324,0.2898340424696398,0.5980778121286777,-0.141649032,0.0,0,1.0,MEDIUM,LOW,30.11328803103535,1.0,1.4717335801499682,,0.5,0.5
angry,0.2074399316843417,0.3357737340051941,0.5293860479308133,-0.153976326,0.0,0,1.0,MEDIUM,LOW,30.85120136631317,1.0,1.4142957497096036,,0.5,0.5
angry,0.2503524024752014,0.5955997262184123,0.425202484902325,-0.144626112,0.0,0,1.0,MEDIUM,LOW,29.99295195049597,1.0,1.4164981907739334,,0.5,0.5
angry,0.2268920957655663,0.7186247512045848,0.2835366275174018,-0.122412809,0.0,0,1.0,MEDIUM,LOW,30.462158084688674,1.0,1.3421590831537604,,0.5,0.5
angry,0.2075260327547839,0.4862493927028936,0.6786115230052377,-0.165344828,0.0,0,1.0,MEDIUM,LOW,30.84947934490432,1.0,1.3683982451057866,,0.5,0.5
angry,0.2440448412084693,0.4816655982059555,0.3683032783558528,-0.138254359,0.0,0,1.0,MEDIUM,LOW,30.119103175830613,1.0,1.4459890112356195,,0.5,0.5
fearful,0.3009194819597663,0.08521414,0.7772170891082882,-0.119887903,0.0,0,1.0,LOW,LOW,28.981610360804677,1.0,1.2121741601586051,,0.5,0.5
fearful,0.2982914021389391,0.2455745441875617,1.0912648228140756,-0.135074975,0.0,0,1.0,LOW,LOW,29.03417195722122,1.0,1.7291437451308975,,0.5,0.5
fearful,0.2851317894210017,0.4719911627555984,0.9257855774017776,-0.137709137,0.0,0,1.0,LOW,LOW,29.297364211579968,1.0,1.7589704762337677,,0.5,0.5
fearful,0.2977204905429517,0.4338700106132953,1.001677106035537,-0.137971069,0.0,0,1.0,LOW,LOW,29.045590189140967,1.0,1.876129682775884,,0.5,0.5
fearful,0.329115145,-0.011414514,1.4312663323750583,-0.132975197,0.0,0,1.0,LOW,LOW,28.41769709000124,1.0,2.105909536960485,,0.5,0.5
fearful,0.320712995,0.330155207,1.3687270588061904,-0.139617226,0.0,0,1.0,LOW,LOW,28.5857401,1.0,2.3260515305016254,,0.5,0.5
fearful,0.3117764036881541,0.2135589343159807,1.1358794781435178,-0.141819002,0.0,0,1.0,LOW,LOW,28.76447192623692,1.0,1.686586556980747,,0.5,0.5
fearful,0.3114144689527697,0.034554522,1.1929861346713848,-0.147867867,0.0,0,1.0,LOW,LOW,28.771710620944603,1.0,1.731402760415626,,0.5,0.5
disgust,0.2174736734601989,0.783502668,0.7848394881421576,-0.1441333,0.0,0,1.0,LOW,LOW,30.65052653079602,1.0,1.83852660942234,,0.5,0.5
disgust,0.2017054369659313,0.733184704,1.2809647175289751,-0.171057986,0.0,0,1.0,LOW,LOW,30.96589126068137,1.0,2.258676546165448,,0.5,0.5
disgust,0.1704792142667297,0.6088769219491985,0.8482537381606046,-0.137942638,0.0,0,1.0,LOW,LOW,31.590415714665404,1.0,1.6447496987892696,,0.5,0.5
disgust,0.1896813885177087,0.4978760958640895,0.9328193758506296,-0.152410044,0.0,0,1.0,LOW,LOW,31.206372229645822,1.0,1.762740795984222,,0.5,0.5
disgust,0.183376580125395,0.6070560197122414,1.0336742083509736,-0.157068548,0.0,0,1.0,LOW,LOW,31.3324684,1.0,2.003782574410162,,0.5,0.5
disgust,0.2179921093871785,0.6362644678031676,1.123312135161791,-0.161054435,0.0,0,1.0,LOW,LOW,30.64015781225643,1.0,1.976199826519688,,0.5,0.5
disgust,0.2076164120383644,0.5550229098144054,0.892778304,-0.161720291,0.0,0,1.0,LOW,LOW,30.84767175923271,1.0,1.8712977316847288,,0.5,0.5
disgust,0.1967395735418602,0.8204571674170581,0.8645777807951888,-0.159489973,0.0,0,1.0,LOW,LOW,31.0652085291628,1.0,1.8445249213710515,,0.5,0.5
surprised,0.2550769097190849,0.6787433746165162,0.7044959865774932,-0.13130462,0.0,0,1.0,LOW,LOW,29.898461805618304,1.0,1.663311826125921,,0.5,0.5
surprised,0.2808292055146232,0.8992795819127235,0.8535663126984575,-0.132070831,0.0,0,1.0,LOW,LOW,29.383415889707532,1.0,1.9076095274381004,,0.5,0.5
surprised,0.2720602969069469,1.019017162501815,0.4511259809344113,-0.10724959,0.0,0,1.0,LOW,LOW,29.558794061861065,1.0,1.5920458881868105,,0.5,0.5
surprised,0.3017506399409256,-0.124611359,1.7039723513591416,-0.163556409,0.0,0,1.0,LOW,LOW,28.964987201181486,1.0,2.508935581,,0.5,0.5
surprised,0.3080453789478115,0.2982818716825924,0.790679772,-0.14478285,0.0,0,1.0,LOW,LOW,28.83909242104377,1.0,1.271103831605643,,0.5,0.5
surprised,0.3036926949942601,0.1673889364733187,0.7820277980498673,-0.129859582,0.0,0,1.0,LOW,LOW,28.9261461,1.0,1.285636632244572,,0.5,0.5
surprised,0.3205864670906486,0.577121339,0.592097116,-0.143656754,0.0,0,1.0,LOW,LOW,28.588270658187028,1.0,1.4670939971096129,,0.5,0.5
surprised,0.3252772119232904,0.8149556796618626,0.9030691423492528,-0.152483616,0.0,0,1.0,LOW,LOW,28.49445576153419,1.0,1.877587565352256,,0.5,0.5
neutral,0.2417735999865007,0.4606327474991514,3.543293254320132,-0.058180994,0.0,0,1.0,LOW,LOW,30.164528000269986,1.0,4.062106995406253,,0.5,0.5
neutral,0.234182510365125,0.5030274628546657,4.017702545762122,-0.055411761,0.0,0,1.0,LOW,LOW,30.31634979,1.0,4.576141769131499,,0.5,0.5
neutral,0.2488364838503944,0.7765436474524494,3.3782378310047614,-0.061328311,0.0,0,1.0,LOW,LOW,30.02327032299211,1.0,4.21610979,,0.5,0.5
neutral,0.2317345983404639,0.569811039,3.938041787806191,-0.05031889,0.0,0,1.0,LOW,LOW,30.36530803319072,1.0,4.5581717168007785,,0.5,0.5
calm,0.1981962266449101,0.5248976657577279,3.1606868596363684,-0.057155894,0.0,0,1.0,LOW,LOW,31.03607547,1.0,3.7427404193158496,,0.5,0.5
calm,0.2087281249206602,0.2685959075552734,3.529919933145217,-0.065804105,0.0,0,1.0,LOW,LOW,30.825437501586794,1.0,3.86431994570554,,0.5,0.5
calm,0.1867559084157967,0.3435287906818708,2.6595125856960844,-0.052309895,0.0,0,1.0,LOW,LOW,31.264881831684065,1.0,3.0553512709059154,,0.5,0.5
calm,0.2095140828109787,0.3647488104660206,2.9885281056036788,-0.055028186,0.0,0,1.0,LOW,LOW,30.809718343780425,1.0,3.408305102458788,,0.5,0.5
calm,0.1761913067518584,0.6098237239484315,2.0334451959956343,-0.036156236,0.0,0,1.0,LOW,LOW,31.47617386496283,1.0,2.6843611202483384,,0.5,0.5
calm,0.1592782541037182,0.3633765879837479,2.4606248839866733,-0.055176167,0.0,0,1.0,LOW,LOW,31.814434917925634,1.0,2.8912394992297137,,0.5,0.5
calm,0.1932413453836266,0.3227323696857122,3.104136654,-0.061776212,0.0,0,1.0,LOW,LOW,31.13517309232747,1.0,3.493095888987567,,0.5,0.5
calm,0.2040246588052172,0.2848962859589857,2.336322779064871,-0.032767467,0.0,0,1.0,LOW,LOW,30.919506823895656,1.0,2.65536154132198,,0.5,0.5
happy,0.2167237064289036,0.4804575089542579,2.565639796785909,-0.032161865,0.0,0,1.0,LOW,LOW,30.665525871421927,1.0,3.0922520650485668,,0.5,0.5
happy,0.1947828993373844,0.3281555931114748,2.2073936633606186,-0.021427595,0.0,0,1.0,LOW,LOW,31.104342013252317,1.0,2.640190591,,0.5,0.5
happy,0.1957242007383449,0.2303066796536511,2.2121138457318663,-0.032502132,0.0,0,1.0,LOW,LOW,31.08551599,1.0,2.5378345047974724,,0.5,0.5
happy,0.1955534337436686,0.1163755628509885,2.5090770760171845,-0.040129306,0.0,0,1.0,LOW,LOW,31.088931325126627,1.0,2.808321634239312,,0.5,0.5
happy,0.2114581210402102,0.4880616202319958,2.294045460361804,-0.029931594,0.0,0,1.0,LOW,LOW,30.7708375791958,1.0,2.828406156058123,,0.5,0.5
happy,0.2104028676314947,0.6559784057214113,2.5393896742066664,-0.044483541,0.0,0,1.0,LOW,LOW,30.791942647370107,1.0,3.241591042652617,,0.5,0.5
happy,0.2338840739595618,0.1825382663901334,2.2329548836296134,-0.057029666,0.0,0,1.0,LOW,LOW,30.322318520808764,1.0,2.7358313123254003,,0.5,0.5
happy,0.210226294258671,0.4377993117771693,2.085004865929276,-0.037412924,0.0,0,1.0,LOW,LOW,30.79547411482658,1.0,2.5798455779768976,,0.5,0.5
sad,0.2121201044236826,-0.387188152,3.526798052715131,-0.06430078,0.0,0,1.0,MEDIUM,LOW,30.757597911526343,1.0,4.067315732942309,,0.5,0.5
sad,0.1956595958747463,0.056901795,3.276422489,-0.054414173,0.0,0,1.0,MEDIUM,LOW,31.086808082505076,1.0,3.5130801916308525,,0.5,0.5
sad,0.2245313625540845,0.1414559271007927,4.038769362,-0.057205368,0.0,0,1.0,MEDIUM,LOW,30.50937274891831,1.0,4.406772553420296,,0.5,0.5
sad,0.2418337756862721,-0.208561365,3.554517828248601,-0.071834107,0.0,0,1.0,MEDIUM,LOW,30.163324486274558,1.0,3.915677371433119,,0.5,0.5
sad,0.2097623484897975,0.071992131,3.820110292355512,-0.077793559,0.0,0,1.0,MEDIUM,LOW,30.804753030204047,1.0,4.359008608288767,,0.5,0.5
sad,0.2004808028707362,-0.032143441,3.317695422254514,-0.073998653,0.0,0,1.0,MEDIUM,LOW,30.990383942585275,1.0,3.707379641783232,,0.5,0.5
sad,0.2495505939998139,0.1665654119998079,2.98367076967606,-0.052329192,0.0,0,1.0,MEDIUM,LOW,30.00898812000372,1.0,3.2520898373792986,,0.5,0.5
sad,0.2587835630216915,0.0172965636564257,3.373651109568794,-0.065266543,0.0,0,1.0,MEDIUM,LOW,29.82432873956617,1.0,3.7424301341458017,,0.5,0.5
angry,0.2084728486396259,-0.482296453,3.2293431688548777,-0.117146354,0.0,0,1.0,MEDIUM,LOW,30.830543027207483,1.0,4.162187548916215,,0.5,0.5
angry,0.2137669393263585,-0.19637818,3.1849437399390284,-0.101386662,0.0,0,1.0,MEDIUM,LOW,30.724661213472828,1.0,3.922320521212488,,0.5,0.5
angry,0.2282658011238338,-0.474009946,3.68598626637678,-0.107135068,0.0,0,1.0,MEDIUM,LOW,30.434683977523324,1.0,4.490818917549841,,0.5,0.5
angry,0.2503185225248045,-0.751784126,3.2965649985954086,-0.110340853,0.0,0,1.0,MEDIUM,LOW,29.993629549503908,1.0,4.265156593509625,,0.5,0.5
angry,0.2197214250630678,0.091932983,3.2950811715417085,-0.085780509,0.0,0,1.0,MEDIUM,LOW,30.60557149873864,1.0,3.646434554639308,,0.5,0.5
angry,0.2245664700768314,0.3030567279177995,3.093838080671508,-0.086106328,0.0,0,1.0,MEDIUM,LOW,30.50867059846337,1.0,3.658532069378356,,0.5,0.5
angry,0.2389464403849302,0.2284311543033473,2.837222822384845,-0.099044463,0.0,0,1.0,MEDIUM,LOW,30.221071192301395,1.0,3.329191348397065,,0.5,0.5
angry,0.2303339007025807,0.075668562,2.8015975075084074,-0.101277647,0.0,0,1.0,MEDIUM,LOW,30.393321985948383,1.0,3.258105246116951,,0.5,0.5
fearful,0.2687268871915026,-0.779068699,3.631300233002487,-0.096259793,0.0,0,1.0,LOW,LOW,29.625462256169943,1.0,4.627561845101905,,0.5,0.5
fearful,0.2513485430110802,-0.299139766,3.224568554741924,-0.074725767,0.0,0,1.0,LOW,LOW,29.9730291397784,1.0,3.834623318155269,,0.5,0.5
fearful,0.2671597523946007,-0.180269748,3.5171317976868126,-0.082034797,0.0,0,1.0,LOW,LOW,29.656804952107983,1.0,4.039016563478955,,0.5,0.5
fearful,0.241397735205403,-0.209446598,3.650817377999247,-0.074045256,0.0,0,1.0,LOW,LOW,30.172045295891937,1.0,4.190594257572049,,0.5,0.5
fearful,0.2508889115027513,-0.592017777,4.324872854286496,-0.096381526,0.0,0,1.0,LOW,LOW,29.98222176994497,1.0,5.267086119,,0.5,0.5
fearful,0.2510557653608042,-0.9808613,4.164648091111966,-0.106502986,0.0,0,1.0,LOW,LOW,29.978884692783915,1.0,5.314046644756688,,0.5,0.5
fearful,0.2724581419804354,-0.743191143,3.651665139733484,-0.101436126,0.0,0,1.0,LOW,LOW,29.55083716039129,1.0,4.702769210347873,,0.5,0.5
fearful,0.2180045542488517,-0.402427565,4.145989432649602,-0.107397447,0.0,0,1.0,LOW,LOW,30.639908915022964,1.0,4.684336276705476,,0.5,0.5
disgust,0.2147981354208023,-0.757821798,2.94241729801592,-0.09944748,0.0,0,1.0,LOW,LOW,30.70403729158395,1.0,3.860288841567843,,0.5,0.5
disgust,0.2047251713651058,1.0249477020212725,3.0919347017443384,-0.060495392,0.0,0,1.0,LOW,LOW,30.905496572697885,1.0,4.177377795969629,,0.5,0.5
disgust,0.2241199819950556,-0.364503619,3.278593508870024,-0.074305606,0.0,0,1.0,LOW,LOW,30.51760036009889,1.0,3.9843744791939018,,0.5,0.5
disgust,0.2055435968651115,0.5221273468974199,3.1186984548437766,-0.055294748,0.0,0,1.0,LOW,LOW,30.88912806269777,1.0,3.696120550037074,,0.5,0.5
disgust,0.1963428395821357,-1.583279414,1.9963026824252732,-0.084918256,0.0,0,1.0,LOW,LOW,31.073143208357287,1.0,3.811739152479167,,0.5,0.5
disgust,0.2095092580063051,1.3323882919183014,2.9732442365936405,-0.060751249,0.0,0,1.0,LOW,LOW,30.809814839873894,1.0,4.366383777538648,,0.5,0.5
disgust,0.2222728963276859,-1.798508151,2.801223555658161,-0.105693767,0.0,0,1.0,LOW,LOW,30.55454207344628,1.0,4.876266424190955,,0.5,0.5
disgust,0.2107428745313136,-0.762616561,3.3371517956531984,-0.087134811,0.0,0,1.0,LOW,LOW,30.785142509373728,1.0,4.310684354413674,,0.5,0.5
surprised,0.1959315106485197,0.168952034,2.8153633998812824,-0.077100145,0.0,0,1.0,LOW,LOW,31.081369787029605,1.0,3.205960793998817,,0.5,0.5
surprised,0.2369878468585725,0.3042322192739023,3.2219782832143347,-0.083881166,0.0,0,1.0,LOW,LOW,30.26024306282855,1.0,3.664077613784724,,0.5,0.5
surprised,0.2585696481475282,1.0446691394279282,3.321681890999506,-0.075640083,0.0,0,1.0,LOW,LOW,29.82860703704944,1.0,4.441991113326884,,0.5,0.5
surprised,0.2306703049210988,0.3463738222542401,2.656414773382533,-0.07261043,0.0,0,1.0,LOW,LOW,30.386593901578024,1.0,3.077124618297442,,0.5,0.5
surprised,0.2614430815197869,0.2790342676361904,3.448075628282792,-0.086213504,0.0,0,1.0,LOW,LOW,29.77113836960426,1.0,3.886362233614072,,0.5,0.5
surprised,0.2654310952900691,0.1781219216217148,3.234007478379728,-0.101136979,0.0,0,1.0,LOW,LOW,29.69137809419862,1.0,3.639724502553371,,0.5,0.5
surprised,0.2766576484767443,0.1205608570909999,2.6118158105833835,-0.103037957,0.0,0,1.0,LOW,LOW,29.466847030465114,1.0,2.8742457378388853,,0.5,0.5
surprised,0.2634100178542005,0.590833955,2.994687918457586,-0.085636882,0.0,0,1.0,LOW,LOW,29.73179964291599,1.0,3.6939751111801,,0.5,0.5
neutral,0.2405061159103887,0.4862526867941144,3.4870597293200447,-0.058582801,0.0,0,1.0,LOW,LOW,30.189877681792225,1.0,4.031895217213376,,0.5,0.5
neutral,0.2327953306452176,0.503812677,4.014889028545928,-0.05405499,0.0,0,1.0,LOW,LOW,30.344093387095647,1.0,4.572756695969584,,0.5,0.5
neutral,0.2474521742251471,0.7794655170539577,3.385810858776329,-0.061062364,0.0,0,1.0,LOW,LOW,30.050956515497056,1.0,4.226338739957237,,0.5,0.5
neutral,0.232751794583308,0.581377229,3.938159525704684,-0.049857357,0.0,0,1.0,LOW,LOW,30.34496410833384,1.0,4.569394111229663,,0.5,0.5
calm,0.19777739787757,0.5085747047421908,3.128056146938565,-0.057464377,0.0,0,1.0,LOW,LOW,31.0444520424486,1.0,3.694095228355959,,0.5,0.5
calm,0.2119317837556042,0.2679425703888557,3.5232458880262363,-0.064405433,0.0,0,1.0,LOW,LOW,30.761364324887914,1.0,3.8555938912862486,,0.5,0.5
calm,0.1897740477497405,0.3378076541128771,2.654268386221479,-0.052094029,0.0,0,1.0,LOW,LOW,31.204519045005192,1.0,3.0441700691019813,,0.5,0.5
calm,0.20764782634533,0.3631945273464633,2.9794664474207067,-0.054185157,0.0,0,1.0,LOW,LOW,30.84704347,1.0,3.396846132008311,,0.5,0.5
calm,0.1761132320029683,0.6134015410551388,2.014067382544781,-0.035234922,0.0,0,1.0,LOW,LOW,31.47773535994063,1.0,2.6685746705360205,,0.5,0.5
calm,0.1583534334638906,0.3668765180323824,2.4649223128800983,-0.055429995,0.0,0,1.0,LOW,LOW,31.832931330722182,1.0,2.8979459095365177,,0.5,0.5
calm,0.1942038209600762,0.3350472323511253,3.094447956464424,-0.060029767,0.0,0,1.0,LOW,LOW,31.115923580798476,1.0,3.499815913250866,,0.5,0.5
calm,0.206013697457851,0.2817063077827992,2.3339897728039003,-0.032315155,0.0,0,1.0,LOW,LOW,30.87972605084298,1.0,2.6487570347100946,,0.5,0.5
happy,0.2171529240121303,0.4752583087515338,2.5824990348941217,-0.03287956,0.0,0,1.0,LOW,LOW,30.656941519757392,1.0,3.104048666,,0.5,0.5
happy,0.1944245042154908,0.3394024137091209,2.1869520879174886,-0.020814217,0.0,0,1.0,LOW,LOW,31.111509915690185,1.0,2.628334761521125,,0.5,0.5
happy,0.1975494632618138,0.2257443480237062,2.1839604261880377,-0.030405719,0.0,0,1.0,LOW,LOW,31.049010734763726,1.0,2.5031116722546813,,0.5,0.5
happy,0.1977343876468058,0.11471257104155,2.4869416609694617,-0.038698123,0.0,0,1.0,LOW,LOW,31.045312247063883,1.0,2.7956807853184387,,0.5,0.5
happy,0.2102248272431892,0.4736549667678082,2.323727954180196,-0.029902937,0.0,0,1.0,LOW,LOW,30.795503455136213,1.0,2.8432477966900107,,0.5,0.5
happy,0.2111489552228547,0.6531044004762027,2.5323456751657734,-0.043319829,0.0,0,1.0,LOW,LOW,30.777020895542904,1.0,3.2307309969512343,,0.5,0.5
happy,0.2351578490125123,0.1920747528561834,2.220132419021621,-0.056647059,0.0,0,1.0,LOW,LOW,30.29684301974975,1.0,2.7429690853266835,,0.5,0.5
happy,0.2096829139389334,0.4430124764499614,2.0738549450761306,-0.037003337,0.0,0,1.0,LOW,LOW,30.80634172122133,1.0,2.574067743426472,,0.5,0.5
sad,0.2161904301476274,-0.382648009,3.4874876844140417,-0.063414382,0.0,0,1.0,MEDIUM,LOW,30.67619139704745,1.0,4.024685808572624,,0.5,0.5
sad,0.1974309040125799,0.073524232,3.3002836714908077,-0.054917595,0.0,0,1.0,MEDIUM,LOW,31.05138192,1.0,3.5489329438412085,,0.5,0.5
sad,0.2251760806427929,0.1509823277241501,4.028022338837632,-0.057203115,0.0,0,1.0,MEDIUM,LOW,30.49647838714414,1.0,4.390079580320313,,0.5,0.5
sad,0.2413792874395688,-0.198641099,3.5362610852617262,-0.071994747,0.0,0,1.0,MEDIUM,LOW,30.17241425120862,1.0,3.8966225063390696,,0.5,0.5
sad,0.2111297232999393,0.073760323,3.807123665908641,-0.077541955,0.0,0,1.0,MEDIUM,LOW,30.77740553400121,1.0,4.357299844095459,,0.5,0.5
sad,0.2011018277061095,-0.031081243,3.3186251641240903,-0.074037357,0.0,0,1.0,MEDIUM,LOW,30.97796344587781,1.0,3.70442758668452,,0.5,0.5
sad,0.2493910987466816,0.1662809306141259,2.974850206150372,-0.051753763,0.0,0,1.0,MEDIUM,LOW,30.01217802506637,1.0,3.2486337335785795,,0.5,0.5
sad,0.2598377005787364,0.025006193,3.3681200643433487,-0.064792233,0.0,0,1.0,MEDIUM,LOW,29.80324598842527,1.0,3.723508676650839,,0.5,0.5
angry,0.2068049565130449,-0.477447896,3.2100455423663035,-0.116576633,0.0,0,1.0,MEDIUM,LOW,30.86390087,1.0,4.128183303679664,,0.5,0.5
angry,0.2132554596018105,-0.205368584,3.1911040149202665,-0.102046918,0.0,0,1.0,MEDIUM,LOW,30.734890807963787,1.0,3.9272525395098272,,0.5,0.5
angry,0.2267834025004152,-0.46075607,3.652468342080965,-0.107727519,0.0,0,1.0,MEDIUM,LOW,30.464331949991696,1.0,4.4412655472164095,,0.5,0.5
angry,0.2471702998990048,-0.755278198,3.287034030811613,-0.109512334,0.0,0,1.0,MEDIUM,LOW,30.056594002019903,1.0,4.251678480414432,,0.5,0.5
angry,0.219104222,0.1121925901507008,3.2884266020467705,-0.086377506,0.0,0,1.0,MEDIUM,LOW,30.61791556535276,1.0,3.6368966529930256,,0.5,0.5
angry,0.2237812603598139,0.320669387070069,3.0824552240209737,-0.08496801,0.0,0,1.0,MEDIUM,LOW,30.52437479280372,1.0,3.6617557828234055,,0.5,0.5
angry,0.2393289549641058,0.2040642371185877,2.826292102120228,-0.098460294,0.0,0,1.0,MEDIUM,LOW,30.21342090071788,1.0,3.330297046893159,,0.5,0.5
angry,0.2273189281943541,0.077717831,2.8007638193536644,-0.100538997,0.0,0,1.0,MEDIUM,LOW,30.45362143611292,1.0,3.2559270520483268,,0.5,0.5
fearful,0.2686585267056491,-0.767208652,3.5849042716582056,-0.096754435,0.0,0,1.0,LOW,LOW,29.626829465887017,1.0,4.576583456914116,,0.5,0.5
fearful,0.2508491636025227,-0.311252967,3.246257843424633,-0.074607749,0.0,0,1.0,LOW,LOW,29.983016727949547,1.0,3.847851212054328,,0.5,0.5
fearful,0.2683351908475406,-0.182454323,3.5235159823711,-0.082791308,0.0,0,1.0,LOW,LOW,29.633296183049183,1.0,4.043847665084452,,0.5,0.5
fearful,0.2400935967898174,-0.199493435,3.658360210520061,-0.073235498,0.0,0,1.0,LOW,LOW,30.19812806420365,1.0,4.1804933807005344,,0.5,0.5
fearful,0.2530830117400621,-0.573410292,4.323038316242537,-0.097378926,0.0,0,1.0,LOW,LOW,29.93833976519876,1.0,5.245408485308039,,0.5,0.5
fearful,0.2512485476219243,-0.9790249,4.140966034319904,-0.10680871,0.0,0,1.0,LOW,LOW,29.975029047561517,1.0,5.3010300218670645,,0.5,0.5
fearful,0.2747407055428065,-0.735604568,3.660459926293649,-0.101095536,0.0,0,1.0,LOW,LOW,29.50518588914387,1.0,4.70744633,,0.5,0.5
fearful,0.217607836976465,-0.413059405,4.174923591478133,-0.106229875,0.0,0,1.0,LOW,LOW,30.64784326,1.0,4.725297758334718,,0.5,0.5
disgust,0.2152819939145622,-0.751281769,2.938115759408978,-0.098490754,0.0,0,1.0,LOW,LOW,30.694360121708755,1.0,3.859094481243935,,0.5,0.5
disgust,0.2052217795455416,1.031660787748685,3.0898145401444266,-0.060231254,0.0,0,1.0,LOW,LOW,30.895564409089168,1.0,4.181706581959664,,0.5,0.5
disgust,0.2238705809213671,-0.37572988,3.278670030748841,-0.074904597,0.0,0,1.0,LOW,LOW,30.522588381572657,1.0,3.9898521173201633,,0.5,0.5
disgust,0.2042058253955041,0.5042920655020121,3.114481606757768,-0.055212767,0.0,0,1.0,LOW,LOW,30.91588349208992,1.0,3.673986438923962,,0.5,0.5
disgust,0.1955381622730049,-1.588639333,1.974087359160084,-0.083725874,0.0,0,1.0,LOW,LOW,31.08923675,1.0,3.7964050820055406,,0.5,0.5
disgust,0.2094308104682696,1.327055625834173,2.964683620613392,-0.060500777,0.0,0,1.0,LOW,LOW,30.811383790634608,1.0,4.3522400238536285,,0.5,0.5
disgust,0.2180910675197707,-1.753001728,2.754137465979143,-0.10348009,0.0,0,1.0,LOW,LOW,30.638178649604587,1.0,4.790609877475188,,0.5,0.5
disgust,0.2113854682274759,-0.74840835,3.318549914314833,-0.086408273,0.0,0,1.0,LOW,LOW,30.77229063545048,1.0,4.279298819343347,,0.5,0.5
surprised,0.1952063444675569,0.1917981076688779,2.7946238449643674,-0.075541181,0.0,0,1.0,LOW,LOW,31.09587311064886,1.0,3.182409369134334,,0.5,0.5
surprised,0.2376865717549262,0.2960554988922598,3.2205682624552843,-0.084068301,0.0,0,1.0,LOW,LOW,30.24626856490148,1.0,3.651085138119435,,0.5,0.5
surprised,0.2564600700830342,1.037695818338073,3.3096289539815507,-0.074141398,0.0,0,1.0,LOW,LOW,29.87079859833932,1.0,4.421466169969064,,0.5,0.5
surprised,0.2313912013956907,0.347053397927421,2.636059084013713,-0.072825384,0.0,0,1.0,LOW,LOW,30.372175972086183,1.0,3.062819951869068,,0.5,0.5
surprised,0.2603362817985749,0.2868515396055111,3.446693376417899,-0.087018714,0.0,0,1.0,LOW,LOW,29.793274364028505,1.0,3.894149956626669,,0.5,0.5
surprised,0.2641756083582477,0.170778920261987,3.225417982280772,-0.100304948,0.0,0,1.0,LOW,LOW,29.716487832835043,1.0,3.618944261610764,,0.5,0.5
surprised,0.2764075615088776,0.108532613967549,2.628951883544529,-0.102843527,0.0,0,1.0,LOW,LOW,29.471848769822447,1.0,2.8993204892384794,,0.5,0.5
surprised,0.2622403529445518,0.5891361804007116,2.976015809750572,-0.086150024,0.0,0,1.0,LOW,LOW,29.75519294110896,1.0,3.663822187271769,,0.5,0.5
neutral,0.2671144617632047,0.7283405808976241,3.7637268703995015,-0.111114122,0.0,0,1.0,LOW,LOW,29.657710764735903,1.0,4.603181573362491,,0.5,0.5
neutral,0.2877435398637523,0.7304239455562791,3.49878383,-0.115927944,0.0,0,1.0,LOW,LOW,29.245129202724957,1.0,4.345135719519448,,0.5,0.5
neutral,0.2845335203802676,0.7906074725516578,3.647060213986411,-0.111756187,0.0,0,1.0,LOW,LOW,29.309329592394647,1.0,4.549423873119365,,0.5,0.5
neutral,0.2774179970353806,0.5904150026777576,3.558117072450047,-0.118459383,0.0,0,1.0,LOW,LOW,29.451640059292387,1.0,4.266991458393786,,0.5,0.5
calm,0.2917269558496018,-0.230912414,2.967971430271048,-0.116662278,0.0,0,1.0,LOW,LOW,29.165460883007963,1.0,3.5936068306464817,,0.5,0.5
calm,0.2681776165457676,-0.28221487,3.332941494,-0.116031766,0.0,0,1.0,LOW,LOW,29.63644766908465,1.0,3.836961185144277,,0.5,0.5
calm,0.257596945,-0.355616459,3.5425610492619257,-0.121732317,0.0,0,1.0,LOW,LOW,29.84806109239598,1.0,4.258781937591778,,0.5,0.5
calm,0.2542356501554524,-0.631165123,3.664635055138016,-0.121561555,0.0,0,1.0,LOW,LOW,29.91528699689095,1.0,4.476168651266718,,0.5,0.5
calm,0.2334344640083219,-0.313984969,2.889012251190455,-0.090664204,0.0,0,1.0,LOW,LOW,30.33131071983356,1.0,3.2936614236977824,,0.5,0.5
calm,0.226704344207691,0.0180224659798417,2.9965715335323435,-0.094052552,0.0,0,1.0,LOW,LOW,30.465913115846178,1.0,3.2628736672485936,,0.5,0.5
calm,0.2203806969811997,-0.016247294,3.222788756798334,-0.090565558,0.0,0,1.0,LOW,LOW,30.592386060376008,1.0,3.5264124584915906,,0.5,0.5
calm,0.2257321207901113,-0.028755909,2.927725692365556,-0.0735368,0.0,0,1.0,LOW,LOW,30.48535758419777,1.0,3.2491514959563754,,0.5,0.5
happy,0.2994933154796727,0.6645319875474431,3.2427404127724104,-0.099211545,0.0,0,1.0,LOW,LOW,29.010133690406548,1.0,4.006483945594053,,0.5,0.5
happy,0.3055369758654462,0.3577455866385822,3.309787760959693,-0.106227525,0.0,0,1.0,LOW,LOW,28.889260482691075,1.0,3.7857330074626,,0.5,0.5
happy,0.2999011127473477,0.4613146584433434,3.364743969018474,-0.095588865,0.0,0,1.0,LOW,LOW,29.001977745053047,1.0,3.972290016990457,,0.5,0.5
happy,0.275991063,1.0576383114460894,3.4979393166335915,-0.095897636,0.0,0,1.0,LOW,LOW,29.48017873776058,1.0,4.651475264041186,,0.5,0.5
happy,0.3449579446460707,0.5569404555246508,3.6040857781637854,-0.127128121,0.0,0,1.0,LOW,LOW,28.100841107078587,1.0,4.288154354482343,,0.5,0.5
happy,0.317690927,0.5891746728224468,3.8347860979024992,-0.119716865,0.0,0,1.0,LOW,LOW,28.64618145773178,1.0,4.543677635546698,,0.5,0.5
happy,0.3625134318712477,0.92130586134348,3.8744580724579376,-0.107287494,0.0,0,1.0,LOW,LOW,27.749731362575044,1.0,4.903051428038749,,0.5,0.5
happy,0.3558870727832162,0.6650619165874687,3.622701968209725,-0.121707869,0.0,0,1.0,LOW,LOW,27.88225854433568,1.0,4.412314293969022,,0.5,0.5
sad,0.235475782,0.016767485,1.8953609585816535,-0.072531171,0.0,0,1.0,MEDIUM,LOW,30.29048437,1.0,2.482347831444097,,0.5,0.5
sad,0.2454770367333418,0.4690946208239692,1.3757938349875152,-0.071618955,0.0,0,1.0,MEDIUM,LOW,30.090459265333163,1.0,2.022949542241872,,0.5,0.5
sad,0.2204126481315458,0.286115723367614,1.1049236080062594,-0.069057822,0.0,0,1.0,MEDIUM,LOW,30.59174703736908,1.0,1.7085123274875975,,0.5,0.5
sad,0.1863116911473034,0.1182095189193554,0.067081877,-0.038810852,0.0,0,1.0,MEDIUM,LOW,31.27376617705393,1.0,1.6898252569828962,,0.5,0.5
sad,0.095490339,1.3186745130891504,-2.403319056,-0.037172398,0.0,0,1.0,MEDIUM,LOW,33.090193213194844,1.0,4.276506057921073,,0.5,0.5
sad,0.1066473111406272,-0.156975692,-2.781628863,0.0198012276023799,0.0,0,1.0,MEDIUM,LOW,32.86705377718746,1.0,4.152945062,,0.5,0.5
sad,0.1318971227140901,0.9748033556278972,-1.723727616,-0.03003896,0.0,0,1.0,MEDIUM,LOW,32.36205755,1.0,3.027130302790592,,0.5,0.5
sad,0.1288827785310481,1.5527357853357917,-2.492478909,-0.062808535,0.0,0,1.0,MEDIUM,LOW,32.42234442937904,1.0,4.420328286200388,,0.5,0.5
angry,0.2292408971677878,-0.839319033,2.1782579214926066,-0.118008613,0.0,0,1.0,MEDIUM,LOW,30.41518205664424,1.0,3.2824587684269297,,0.5,0.5
angry,0.2554405966476164,0.3330637878622041,1.9413137018644493,-0.122110449,0.0,0,1.0,MEDIUM,LOW,29.891188067047672,1.0,2.7411018839881702,,0.5,0.5
angry,0.274408323549232,-0.534556865,2.470399001988868,-0.122185926,0.0,0,1.0,MEDIUM,LOW,29.51183352901536,1.0,3.212468797102322,,0.5,0.5
angry,0.2622543362093777,0.2310086512335727,2.739628504933424,-0.112033992,0.0,0,1.0,MEDIUM,LOW,29.754913275812445,1.0,3.370899868690498,,0.5,0.5
angry,0.2479517899959204,0.7677944705436204,2.6510325821445124,-0.139989504,0.0,0,1.0,MEDIUM,LOW,30.040964200081596,1.0,3.558816557016128,,0.5,0.5
angry,0.2595053037704428,0.6439120581226078,2.668462388304948,-0.149248621,0.0,0,1.0,MEDIUM,LOW,29.809893924591144,1.0,3.461623067665577,,0.5,0.5
angry,0.2573032089803875,0.5722826912570372,2.2470474171245294,-0.140086955,0.0,0,1.0,MEDIUM,LOW,29.85393582039225,1.0,2.988144809988592,,0.5,0.5
angry,0.2892666091362058,0.5818018331775332,2.2887674353894463,-0.132699229,0.0,0,1.0,MEDIUM,LOW,29.21466781727588,1.0,3.003268497549201,,0.5,0.5
fearful,0.2958804144893093,0.2253631973870874,1.7214316812727748,-0.102061572,0.0,0,1.0,LOW,LOW,29.082391710213813,1.0,2.482634431597741,,0.5,0.5
fearful,0.2485127755333311,0.6268759039014277,1.9500028221586787,-0.077692065,0.0,0,1.0,LOW,LOW,30.02974448933337,1.0,2.654570791464616,,0.5,0.5
fearful,0.2907070371236062,1.011451861362409,2.264849939026587,-0.096952146,0.0,0,1.0,LOW,LOW,29.185859257527877,1.0,3.373253946770913,,0.5,0.5
fearful,0.2696792388394348,0.7324629916262714,2.6166339347660794,-0.097466078,0.0,0,1.0,LOW,LOW,29.606415223211304,1.0,3.4465630044383277,,0.5,0.5
fearful,0.3223536692588925,-0.038068687,2.808390009327179,-0.154333986,0.0,0,1.0,LOW,LOW,28.55292661482215,1.0,3.4717864266639302,,0.5,0.5
fearful,0.2926095810044139,0.2888355034298931,2.207594279354693,-0.120709872,0.0,0,1.0,LOW,LOW,29.147808379911723,1.0,2.968206591839916,,0.5,0.5
fearful,0.2356317935895063,1.0223290052470693,1.754761980159924,-0.096554687,0.0,0,1.0,LOW,LOW,30.287364128209877,1.0,2.873645672819047,,0.5,0.5
fearful,0.2716687184014038,0.5866484413662493,1.7734381096343246,-0.095637199,0.0,0,1.0,LOW,LOW,29.566625631971924,1.0,2.4557237501504914,,0.5,0.5
disgust,0.2191400072686434,-0.871002805,1.4924403335315797,-0.092266571,0.0,0,1.0,LOW,LOW,30.61719985462713,1.0,2.5913406180307232,,0.5,0.5
disgust,0.2392021547666261,-0.858236612,1.7501603814697098,-0.08703564,0.0,0,1.0,LOW,LOW,30.215956904667475,1.0,2.6954326329167597,,0.5,0.5
disgust,0.1546583842589479,-0.862605794,1.2121824938181356,-0.066982087,0.0,0,1.0,LOW,LOW,31.90683231482104,1.0,2.1727577228689,,0.5,0.5
disgust,0.2145341457538468,-0.95001846,1.3072410980861668,-0.078554735,0.0,0,1.0,LOW,LOW,30.709317084923065,1.0,2.335814293600504,,0.5,0.5
disgust,0.1797394348315435,-2.611962952,0.3737773478620675,-0.018643387,0.0,0,1.0,LOW,LOW,31.40521130336913,1.0,4.0116775157942905,,0.5,0.5
disgust,0.1872277226133875,-1.508608493,-0.077333641,-0.050028247,0.090909091,0,0.9090909090909092,LOW,LOW,31.255445547732247,0.9090909090909092,2.6414177724204198,,0.5,0.5
disgust,0.2563305703565311,-2.109719616,-0.107535133,-0.045940609,0.0,0,1.0,LOW,LOW,29.87338859286938,1.0,3.316542829850857,,0.5,0.5
disgust,0.2393384299499406,-1.645255703,0.5134153732909251,-0.096325354,0.0,0,1.0,LOW,LOW,30.213231401001188,1.0,3.2134881724851256,,0.5,0.5
surprised,0.3020803500058608,0.6647403125290403,3.029704654557135,-0.090244225,0.0,0,1.0,LOW,LOW,28.958392999882783,1.0,3.884521153428345,,0.5,0.5
surprised,0.3426003018096799,-1.334504856,4.464246735,-0.121894425,0.0,0,1.0,LOW,LOW,28.14799396,1.0,6.525772990060608,,0.5,0.5
surprised,0.3511509688889241,-1.681304819,4.495350212872914,-0.108095338,0.0,0,1.0,LOW,LOW,27.97698062222152,1.0,6.3280735334785785,,0.5,0.5
surprised,0.3107799430145544,-0.415284521,4.237891946444751,-0.096774849,0.0,0,1.0,LOW,LOW,28.784401139708912,1.0,4.7523603501605445,,0.5,0.5
surprised,0.3312946788107451,-0.119822935,3.582804237,-0.125586737,0.0,0,1.0,LOW,LOW,28.374106423785097,1.0,4.215433180868377,,0.5,0.5
surprised,0.3519399432462312,-0.396809127,4.212494003093907,-0.120903533,0.0,0,1.0,LOW,LOW,27.961201135075378,1.0,5.139405456148079,,0.5,0.5
surprised,0.3202257076933522,-0.384951135,3.846279684229805,-0.117595086,0.0,0,1.0,LOW,LOW,28.59548584613296,1.0,4.7804860565066285,,0.5,0.5
surprised,0.3398433941813321,-0.22303912,3.9137373056422975,-0.118724558,0.0,0,1.0,LOW,LOW,28.20313211637336,1.0,4.642024889972012,,0.5,0.5
neutral,0.2688246275239555,0.7622892616986262,3.773670868430481,-0.111110715,0.0,0,1.0,LOW,LOW,29.62350744952089,1.0,4.647070844770612,,0.5,0.5
neutral,0.2844835250805026,0.7321381168959827,3.484370955030407,-0.113314208,0.0,0,1.0,LOW,LOW,29.310329498389947,1.0,4.329823279503241,,0.5,0.5
neutral,0.2828261534136207,0.7960380890888327,3.657666607648308,-0.110342544,0.0,0,1.0,LOW,LOW,29.343476931727587,1.0,4.564047240841737,,0.5,0.5
neutral,0.2756113075641758,0.5896268225664443,3.544529466243668,-0.116119308,0.0,0,1.0,LOW,LOW,29.48777384871649,1.0,4.250275597172486,,0.5,0.5
calm,0.291000114346764,-0.214207447,2.955339815129728,-0.11574299,0.0,0,1.0,LOW,LOW,29.17999771306472,1.0,3.576935478768591,,0.5,0.5
calm,0.2688627655992004,-0.287560994,3.326803006922587,-0.116285693,0.0,0,1.0,LOW,LOW,29.62274468801599,1.0,3.830564192003619,,0.5,0.5
calm,0.2548402211201881,-0.354582643,3.529302039155341,-0.120923776,0.0,0,1.0,LOW,LOW,29.90319557759624,1.0,4.234145173074809,,0.5,0.5
calm,0.2536637057451323,-0.629538686,3.633177846306756,-0.119457776,0.0,0,1.0,LOW,LOW,29.926725885097355,1.0,4.4527642295221765,,0.5,0.5
calm,0.2331651105330982,-0.311373828,2.8661405650841183,-0.090390947,0.0,0,1.0,LOW,LOW,30.336697789338032,1.0,3.267905339640564,,0.5,0.5
calm,0.2250472505305393,0.0213404488532692,2.975515479224103,-0.094302629,0.0,0,1.0,LOW,LOW,30.49905498938921,1.0,3.2418725719671286,,0.5,0.5
calm,0.2227754501148235,-0.013058919,3.1816322987759733,-0.089627541,0.0,0,1.0,LOW,LOW,30.54449099770353,1.0,3.4875411716740987,,0.5,0.5
calm,0.2252917888598199,-0.036423357,2.931764381,-0.073268417,0.0,0,1.0,LOW,LOW,30.4941642228036,1.0,3.252676134771605,,0.5,0.5
happy,0.3001441946586196,0.6756543071561437,3.245946093395837,-0.098375855,0.0,0,1.0,LOW,LOW,28.997116106827608,1.0,4.019976255651908,,0.5,0.5
happy,0.3059562364228998,0.3446254510606155,3.3107364931293395,-0.104260626,0.0,0,1.0,LOW,LOW,28.880875271542003,1.0,3.777127320174861,,0.5,0.5
happy,0.2984870104618918,0.4782701035345365,3.375050638447625,-0.094870452,0.0,0,1.0,LOW,LOW,29.03025979076217,1.0,4.003599396158104,,0.5,0.5
happy,0.2774547028075222,1.0683105484458393,3.504746935511501,-0.093889887,0.0,0,1.0,LOW,LOW,29.45090594384956,1.0,4.666947370947851,,0.5,0.5
happy,0.347600349741531,0.5769059116145279,3.5832757380260207,-0.125142463,0.0,0,1.0,LOW,LOW,28.04799300516938,1.0,4.285324112510296,,0.5,0.5
happy,0.3169116705321502,0.5906458490279214,3.849368550573592,-0.1191973,0.0,0,1.0,LOW,LOW,28.661766589357,1.0,4.559211699211113,,0.5,0.5
happy,0.3631400252656964,0.9303639058205484,3.863891617813164,-0.106881071,0.0,0,1.0,LOW,LOW,27.73719949468607,1.0,4.901136594282164,,0.5,0.5
happy,0.3568383523569775,0.6770420832242596,3.6008488480484178,-0.121037285,0.0,0,1.0,LOW,LOW,27.86323295286045,1.0,4.398928215886876,,0.5,0.5
sad,0.2369475155264065,0.018863966,1.8778549706246213,-0.071720497,0.0,0,1.0,MEDIUM,LOW,30.261049689471868,1.0,2.4586382383897454,,0.5,0.5
sad,0.2465458491153755,0.4525589141170991,1.3857318796016451,-0.071259038,0.0,0,1.0,MEDIUM,LOW,30.06908301769249,1.0,2.0168606699530365,,0.5,0.5
sad,0.2206509554433483,0.2988002242068406,1.0747442053728349,-0.067200641,0.0,0,1.0,MEDIUM,LOW,30.58698089113303,1.0,1.6858081287795312,,0.5,0.5
sad,0.1861003339930986,0.1086036502355744,0.084757713,-0.038515797,0.0,0,1.0,MEDIUM,LOW,31.277993320138027,1.0,1.7034040727940565,,0.5,0.5
sad,0.096107297,1.315919534242414,-2.406601347,-0.036973971,0.0,0,1.0,MEDIUM,LOW,33.07785405257269,1.0,4.289172265523162,,0.5,0.5
sad,0.1061979740041655,-0.156032367,-2.801321718,0.0208834406531991,0.0,0,1.0,MEDIUM,LOW,32.876040519916685,1.0,4.1729263080678525,,0.5,0.5
sad,0.1299024942688972,0.9562939655068908,-1.727059617,-0.02838811,0.0,0,1.0,MEDIUM,LOW,32.40195011462205,1.0,3.0104873903223064,,0.5,0.5
sad,0.1283386657387164,1.573495261407823,-2.490891031,-0.06228641,0.0,0,1.0,MEDIUM,LOW,32.43322668522567,1.0,4.450962052323067,,0.5,0.5
angry,0.2278896127803835,-0.828534496,2.175528736326722,-0.116996343,0.0,0,1.0,MEDIUM,LOW,30.442207744392327,1.0,3.276138156201147,,0.5,0.5
angry,0.2549739781329628,0.322097917,1.9405518653391256,-0.122077512,0.0,0,1.0,MEDIUM,LOW,29.900520437340745,1.0,2.747801350770219,,0.5,0.5
angry,0.2739116707195341,-0.554765734,2.471288445,-0.11983724,0.0,0,1.0,MEDIUM,LOW,29.52176658560932,1.0,3.231497384339661,,0.5,0.5
angry,0.26303827,0.2223863055794401,2.7519062211194805,-0.110860423,0.0,0,1.0,MEDIUM,LOW,29.73923459093474,1.0,3.3736451620425534,,0.5,0.5
angry,0.2485742347762859,0.7828540701753073,2.6331130050788403,-0.139138164,0.0,0,1.0,MEDIUM,LOW,30.02851530447428,1.0,3.555105239604875,,0.5,0.5
angry,0.257340731,0.6540946377806941,2.6612363136512203,-0.14857311,0.0,0,1.0,MEDIUM,LOW,29.85318537125208,1.0,3.463904060935364,,0.5,0.5
angry,0.2531843688984272,0.5517643298742638,2.2342957903866445,-0.140758092,0.0,0,1.0,MEDIUM,LOW,29.93631262203145,1.0,2.9585479514017914,,0.5,0.5
angry,0.2849571397084027,0.5908476924293228,2.275788475137597,-0.132750936,0.0,0,1.0,MEDIUM,LOW,29.300857205831942,1.0,2.999387103142427,,0.5,0.5
fearful,0.2960234450695786,0.2064104010452422,1.727981090427314,-0.102318443,0.0,0,1.0,LOW,LOW,29.079531098608427,1.0,2.498606212950604,,0.5,0.5
fearful,0.2494625434930567,0.6249667425595361,1.9604185101948808,-0.076186909,0.0,0,1.0,LOW,LOW,30.010749130138866,1.0,2.6615721614879835,,0.5,0.5
fearful,0.2874870595259201,1.0184323272257196,2.252911518509327,-0.096416891,0.0,0,1.0,LOW,LOW,29.25025881,1.0,3.367760737220003,,0.5,0.5
fearful,0.2691537429825023,0.7440101547043089,2.615087741110231,-0.095295228,0.0,0,1.0,LOW,LOW,29.61692514034996,1.0,3.4543931236386154,,0.5,0.5
fearful,0.3229492112291386,-0.054404304,2.8236223185094333,-0.154358967,0.0,0,1.0,LOW,LOW,28.54101577541723,1.0,3.5053954060734944,,0.5,0.5
fearful,0.2924545693495408,0.2897714384425247,2.225158113828125,-0.121741445,0.0,0,1.0,LOW,LOW,29.150908613009182,1.0,2.9744369651163174,,0.5,0.5
fearful,0.2330600367850236,1.029441367785776,1.7414233850206156,-0.095388865,0.0,0,1.0,LOW,LOW,30.338799264299528,1.0,2.866253617722601,,0.5,0.5
fearful,0.2707075288770256,0.5997593265530132,1.760943465800019,-0.09453662,0.0,0,1.0,LOW,LOW,29.58584942245949,1.0,2.455239412738318,,0.5,0.5
disgust,0.2188150917915576,-0.86666461,1.4924939787448257,-0.090881756,0.0,0,1.0,LOW,LOW,30.623698164168847,1.0,2.6145052934349087,,0.5,0.5
disgust,0.2392879318008812,-0.872824368,1.7648879258706576,-0.087723693,0.0,0,1.0,LOW,LOW,30.21424136398237,1.0,2.7254359871408576,,0.5,0.5
disgust,0.1540092133973301,-0.869600235,1.2295436449245811,-0.067405362,0.0,0,1.0,LOW,LOW,31.9198157320534,1.0,2.205320669333996,,0.5,0.5
disgust,0.2134938222957963,-0.952118005,1.3227536682761551,-0.078172614,0.0,0,1.0,LOW,LOW,30.730123554084077,1.0,2.3530442877315414,,0.5,0.5
disgust,0.176828917,-2.593216626,0.373583457,-0.016971388,0.0,0,1.0,LOW,LOW,31.46342166227828,1.0,4.0006730123865575,,0.5,0.5
disgust,0.1877108209763091,-1.509498533,-0.054068692,-0.050538327,0.090909091,0,0.9090909090909092,LOW,LOW,31.24578358047382,0.9090909090909092,2.6307118706162718,,0.5,0.5
disgust,0.2523385458755562,-2.114309719,-0.121484218,-0.044372429,0.0,0,1.0,LOW,LOW,29.953229082488875,1.0,3.3204424483234543,,0.5,0.5
disgust,0.2402589716554661,-1.637695056,0.5204348015080268,-0.095880768,0.0,0,1.0,LOW,LOW,30.19482056689068,1.0,3.200452222135828,,0.5,0.5
surprised,0.3031583091477483,0.641473386,3.024236999965358,-0.090893689,0.0,0,1.0,LOW,LOW,28.936833817045034,1.0,3.857839811909135,,0.5,0.5
surprised,0.3410957181564669,-1.341334673,4.463085130042044,-0.121010903,0.0,0,1.0,LOW,LOW,28.178085636870662,1.0,6.529455512090544,,0.5,0.5
surprised,0.3501769834179649,-1.705995878,4.4709411211933645,-0.109025183,0.0,0,1.0,LOW,LOW,27.99646033,1.0,6.340664237196152,,0.5,0.5
surprised,0.3123849991088194,-0.431313998,4.248962934202434,-0.098657469,0.0,0,1.0,LOW,LOW,28.75230001782361,1.0,4.778934401069774,,0.5,0.5
surprised,0.3335457205507633,-0.1144214,3.587354289448812,-0.124516203,0.0,0,1.0,LOW,LOW,28.32908558898473,1.0,4.230667036945404,,0.5,0.5
surprised,0.3528294730831442,-0.409481446,4.208864849347327,-0.120308557,0.0,0,1.0,LOW,LOW,27.943410538337115,1.0,5.140676100239597,,0.5,0.5
surprised,0.3191579722610974,-0.393162906,3.846191580262702,-0.116628943,0.0,0,1.0,LOW,LOW,28.61684055477805,1.0,4.777478297707138,,0.5,0.5
surprised,0.3399417601797733,-0.224519155,3.909819637530599,-0.118757193,0.0,0,1.0,LOW,LOW,28.201164796404534,1.0,4.627467139852225,,0.5,0.5
neutral,0.3474497877838408,-0.009354276,1.350263933082631,-0.060427557,0.0,0,1.0,LOW,LOW,28.05100424432318,1.0,1.513102472232155,,0.5,0.5
neutral,0.3481228557176667,0.075628615,1.418625435855973,-0.060743597,0.0,0,1.0,LOW,LOW,28.037542885646666,1.0,1.610785425302223,,0.5,0.5
neutral,0.3554234331910336,-0.07410157,1.4418334152021657,-0.058235269,0.0,0,1.0,LOW,LOW,27.89153133617933,1.0,1.668504654576933,,0.5,0.5
neutral,0.3533496369290156,0.1180202837328349,1.4321660034218475,-0.064233866,0.0,0,1.0,LOW,LOW,27.93300726141969,1.0,1.6930724576046132,,0.5,0.5
calm,0.2936122716625207,0.280017609567555,0.5179295042006817,0.001105593,0.0,0,1.0,LOW,LOW,29.127754566749587,1.0,0.9029199977491392,,0.5,0.5
calm,0.3017633012837993,0.2244204861479999,0.020291627,0.0175531433133274,0.0,0,1.0,LOW,LOW,28.96473397432401,1.0,0.8049865773633517,,0.5,0.5
calm,0.3335946677586525,0.2436117463440409,0.9983020636814616,-0.047727331,0.0,0,1.0,LOW,LOW,28.32810664482695,1.0,1.367916936933326,,0.5,0.5
calm,0.3345779379249793,0.1611460072016787,-0.406756334,0.0114519710408657,0.0,0,1.0,LOW,LOW,28.30844124150041,1.0,0.6810794179775471,,0.5,0.5
calm,0.2919556335523553,0.7654624734321951,1.8013641629790644,0.002649205,0.0,0,1.0,LOW,LOW,29.160887328952896,1.0,2.718254513625053,,0.5,0.5
calm,0.3089495295077792,-0.577322312,1.9097306904080915,0.0179400404685656,0.0,0,1.0,LOW,LOW,28.82100940984441,1.0,2.5291254329313007,,0.5,0.5
calm,0.3060982880068974,0.0493454730103202,0.8395306633852656,0.009145226,0.0,0,1.0,LOW,LOW,28.878034239862053,1.0,1.115356041816644,,0.5,0.5
calm,0.2728008850502169,0.9760047603239128,2.008924958567124,-0.007377967,0.0,0,1.0,LOW,LOW,29.543982298995665,1.0,3.4676009341546994,,0.5,0.5
happy,0.337110885183545,0.3631390685471877,0.8160199179275978,0.004583033,0.0,0,1.0,LOW,LOW,28.257782296329097,1.0,1.6610715917687298,,0.5,0.5
happy,0.3303954609169576,0.3554609300201906,1.058583380461268,0.0207818354995928,0.0,0,1.0,LOW,LOW,28.392090781660848,1.0,1.5791410290407055,,0.5,0.5
happy,0.3196840443345732,0.2471572824527691,0.5959292364177935,0.0105801161732357,0.0,0,1.0,LOW,LOW,28.606319113308537,1.0,1.0052376406443426,,0.5,0.5
happy,0.3134009042827266,0.6521792991533669,1.5682237475843073,0.037370369,0.0,0,1.0,LOW,LOW,28.731981914345468,1.0,2.289685353645829,,0.5,0.5
happy,0.3385713961696122,0.4650182595598217,0.662829217,0.041311288,0.0,0,1.0,LOW,LOW,28.228572076607755,1.0,1.5470357425476493,,0.5,0.5
happy,0.3380479954904524,0.4934278977332949,1.3469549684698483,0.022456901,0.0,0,1.0,LOW,LOW,28.239040090190954,1.0,2.121407887681265,,0.5,0.5
happy,0.3685889217162248,0.4370463562637672,0.2754871048851813,0.042667381,0.0,0,1.0,LOW,LOW,27.628221565675503,1.0,1.285336098241565,,0.5,0.5
happy,0.3774402848327211,0.5108979433734047,0.007831289,0.0415622772174744,0.0,0,1.0,LOW,LOW,27.451194303345577,1.0,1.1462157047617656,,0.5,0.5
sad,0.1547984934389376,-0.930402547,-1.367529831,-0.017441098,0.0,0,1.0,MEDIUM,LOW,31.904030131221248,1.0,4.062518313016128,,0.5,0.5
sad,0.1639545551203,0.9698867681355186,-0.729654223,-0.071028807,0.0,0,1.0,MEDIUM,LOW,31.720908897594,1.0,2.5698600518289614,,0.5,0.5
sad,0.2607421993593101,0.3578179612945579,1.0702514845412037,-0.06207231,0.0,0,1.0,MEDIUM,LOW,29.78515601,1.0,1.7218564516231332,,0.5,0.5
sad,0.2818978066621213,0.730058569,2.072016218343184,-0.078293816,0.0,0,1.0,MEDIUM,LOW,29.36204386675757,1.0,2.880368602814847,,0.5,0.5
sad,0.2865192616239863,1.691545675211373,-0.580906051,-0.072776101,0.0,0,1.0,MEDIUM,LOW,29.269614767520277,1.0,3.1290062023390166,,0.5,0.5
sad,0.2868775227713888,0.3269296228852821,0.8629297056358438,-0.106578309,0.0,0,1.0,MEDIUM,LOW,29.26244954457222,1.0,2.260686177830471,,0.5,0.5
sad,0.2402904711280706,1.6185510399628689,-0.947182427,-0.120304351,0.0,0,1.0,MEDIUM,LOW,30.194190577438587,1.0,4.030755821,,0.5,0.5
sad,0.3396794212495236,-0.343281877,1.251192643817819,-0.073168191,0.0,0,1.0,MEDIUM,LOW,28.20641157500953,1.0,2.0190429340689517,,0.5,0.5
angry,0.3494495154896698,-0.31827832,-0.031839235,-0.073201924,0.0,0,1.0,MEDIUM,LOW,28.01100969020661,1.0,1.346459621129007,,0.5,0.5
angry,0.3562829383781801,0.045055253,0.0326190724738755,-0.095209856,0.0,0,1.0,MEDIUM,LOW,27.87434123,1.0,1.2398446173853668,,0.5,0.5
angry,0.3411586267378942,0.058041635,0.650494871,-0.074332978,0.0,0,1.0,MEDIUM,LOW,28.17682746524212,1.0,1.0586404322057854,,0.5,0.5
angry,0.3651454750467577,0.0271503019459717,-0.694680483,-0.076827323,0.0,0,1.0,MEDIUM,LOW,27.69709049906485,1.0,1.1418899060327865,,0.5,0.5
angry,0.3704519248344731,0.3525536207008631,-0.331486227,-0.0548837,0.0,0,1.0,MEDIUM,LOW,27.590961503310535,1.0,1.1583632010276843,,0.5,0.5
angry,0.3292221929134357,0.2808470996734957,0.1042896055287189,-0.078554329,0.0,0,1.0,MEDIUM,LOW,28.415556141731283,1.0,1.0267574659848344,,0.5,0.5
angry,0.3712472127972292,-0.287023833,-0.323239793,-0.092470826,0.0,0,1.0,MEDIUM,LOW,27.575055744055412,1.0,1.1249998427939436,,0.5,0.5
angry,0.362873644,-0.290231766,-0.289924674,-0.094400036,0.0,0,1.0,MEDIUM,LOW,27.74252711177856,1.0,1.2986201641472468,,0.5,0.5
fearful,0.3939436902442696,-0.808811932,-0.587748276,-0.046758231,0.0,0,1.0,LOW,LOW,27.12112619511461,1.0,2.2696314547970915,,0.5,0.5
fearful,0.4034291590916096,-0.160354777,0.7467398562186097,-0.084849323,0.0,0,1.0,LOW,LOW,26.931416818167804,1.0,1.3695602307759167,,0.5,0.5
fearful,0.3971370868334544,-0.161975382,0.3563064057913637,-0.060271854,0.0,0,1.0,LOW,LOW,27.05725826333091,1.0,1.2267383480292102,,0.5,0.5
fearful,0.398407021,-0.738341806,0.6345257374336969,-0.072585418,0.0,0,1.0,LOW,LOW,27.03185957606268,1.0,2.145293416037129,,0.5,0.5
fearful,0.3523747171306903,0.2037611028515817,0.4981375907900831,-0.065870505,0.0,0,1.0,LOW,LOW,27.952505657386197,1.0,1.2456315732465535,,0.5,0.5
fearful,0.4069779851735799,-0.479771453,1.0195686685587664,-0.087955057,0.0,0,1.0,LOW,LOW,26.8604402965284,1.0,1.6535541585157365,,0.5,0.5
fearful,0.3946231594114331,0.5849864596142249,0.3851399456085657,-0.008262326,0.0,0,1.0,LOW,LOW,27.10753681177134,1.0,1.745400571990982,,0.5,0.5
fearful,0.3686626978359903,0.020331476,-1.258603935,0.0379412672237481,0.0,0,1.0,LOW,LOW,27.626746043280196,1.0,2.300285337,,0.5,0.5
disgust,0.2377011511222388,1.1152317701106311,1.392541783424969,-0.086882435,0.0,0,1.0,LOW,LOW,30.245976977555223,1.0,2.621887780886756,,0.5,0.5
disgust,0.2415943711939371,-0.280003531,1.968326436203246,-0.088280849,0.0,0,1.0,LOW,LOW,30.16811257612126,1.0,2.6404706765466384,,0.5,0.5
disgust,0.2597406040909851,-0.228520325,0.607920784,-0.026860745,0.0,0,1.0,LOW,LOW,29.805187918180295,1.0,1.9676812456258468,,0.5,0.5
disgust,0.2733894488021127,0.8238494870445688,1.345619727445877,-0.076259727,0.0,0,1.0,LOW,LOW,29.532211023957743,1.0,2.822855763273459,,0.5,0.5
disgust,0.1854249201711138,0.9302794194813424,1.102559836816084,-0.108998579,0.0,0,1.0,LOW,LOW,31.291501596577724,1.0,4.0471040273722325,,0.5,0.5
disgust,0.2063898729836016,0.930329736416896,-0.531181147,-0.120765184,0.0,0,1.0,LOW,LOW,30.87220254032797,1.0,3.1412406761845144,,0.5,0.5
disgust,0.2041945511339903,0.6266108726862193,1.0174173476642243,-0.081072034,0.0,0,1.0,LOW,LOW,30.916108977320192,1.0,1.86658215197814,,0.5,0.5
disgust,0.2328800772205894,-0.246068305,0.5419279145669003,-0.034712054,0.0,0,1.0,LOW,LOW,30.34239845558821,1.0,1.7005829035051423,,0.5,0.5
surprised,0.3628068409061799,-1.001953136,0.03804949,-0.043470331,0.0,0,1.0,LOW,LOW,27.74386318,1.0,1.860870913251706,,0.5,0.5
surprised,0.3791038885847993,-0.027235684,1.5848404251013235,-0.06718576,0.0,0,1.0,LOW,LOW,27.41792222830401,1.0,2.1721451747900957,,0.5,0.5
surprised,0.3432122940189991,-0.332177731,0.1081171574980506,-0.070428889,0.0,0,1.0,LOW,LOW,28.135754119620017,1.0,1.6269150295951225,,0.5,0.5
surprised,0.3425481031349998,0.2793256465224704,1.906028969806164,-0.102362312,0.0,0,1.0,LOW,LOW,28.14903794,1.0,2.373432048849639,,0.5,0.5
surprised,0.3989437483388652,-0.222617366,-0.922016831,-0.043335345,0.0,0,1.0,LOW,LOW,27.02112503322269,1.0,2.8045472363465147,,0.5,0.5
surprised,0.351911303900515,0.5942166885967661,-0.138828546,-0.030963347,0.0,0,1.0,LOW,LOW,27.96177392,1.0,2.164910812340508,,0.5,0.5
surprised,0.3807470056618039,0.5137417004728667,2.0554239703836505,-0.066977991,0.0,0,1.0,LOW,LOW,27.385059886763923,1.0,3.2966040956091707,,0.5,0.5
surprised,0.3687678434279625,0.3224336235896392,0.8584532641815679,-0.042051501,0.0,0,1.0,LOW,LOW,27.62464313144075,1.0,1.8581015510434944,,0.5,0.5
neutral,0.3470710405819485,0.016275178887647,1.3818062072502333,-0.059226639,0.0,0,1.0,LOW,LOW,28.05857918836103,1.0,1.5502434433602206,,0.5,0.5
neutral,0.349046536829227,0.071187938,1.4333735472430338,-0.060355932,0.0,0,1.0,LOW,LOW,28.01906926341546,1.0,1.6140222873364896,,0.5,0.5
neutral,0.3534663763576823,-0.076618428,1.45122903233748,-0.057751002,0.0,0,1.0,LOW,LOW,27.930672472846357,1.0,1.6868018341243345,,0.5,0.5
neutral,0.3523171454445054,0.1190717958629042,1.4240112626849242,-0.063925919,0.0,0,1.0,LOW,LOW,27.95365709110989,1.0,1.6840436485147947,,0.5,0.5
calm,0.293633445391858,0.2950164859786636,0.504789391,0.002404404,0.0,0,1.0,LOW,LOW,29.12733109216284,1.0,0.8950919996772896,,0.5,0.5
calm,0.3017986459950241,0.2269177740736778,0.0347469507519344,0.017295252,0.0,0,1.0,LOW,LOW,28.96402708009952,1.0,0.8044824621661766,,0.5,0.5
calm,0.3323027705576368,0.2478020649967088,0.9778867298333724,-0.046848487,0.0,0,1.0,LOW,LOW,28.353944588847263,1.0,1.3433551950196854,,0.5,0.5
calm,0.3327742937652513,0.1549050468048407,-0.397644345,0.0119132763613172,0.0,0,1.0,LOW,LOW,28.34451412469497,1.0,0.6777133587008184,,0.5,0.5
calm,0.2928775475812427,0.7578990933443103,1.7915667092462766,0.003567216,0.0,0,1.0,LOW,LOW,29.142449048375145,1.0,2.714574403100622,,0.5,0.5
calm,0.3084252463583412,-0.572477965,1.9208091726484664,0.018395936,0.0,0,1.0,LOW,LOW,28.83149507283317,1.0,2.535320926425713,,0.5,0.5
calm,0.3040366151558192,0.056224509,0.8202730576865425,0.0106904809680776,0.0,0,1.0,LOW,LOW,28.91926769688361,1.0,1.120692668140478,,0.5,0.5
calm,0.270948196,0.9739964862163624,1.9999201796669528,-0.006104414,0.0,0,1.0,LOW,LOW,29.58103608679178,1.0,3.4531371441459497,,0.5,0.5
happy,0.3353391092064784,0.3649489650426125,0.8149794780868422,0.004767556,0.0,0,1.0,LOW,LOW,28.29321781587043,1.0,1.659886301820801,,0.5,0.5
happy,0.3284948302072047,0.3620181697881261,1.0263673364864638,0.02134586,0.0,0,1.0,LOW,LOW,28.430103395855905,1.0,1.5620957401137294,,0.5,0.5
happy,0.3187544901428176,0.2553675866855336,0.572758628,0.0116940684050104,0.0,0,1.0,LOW,LOW,28.62491019714365,1.0,1.0030292095962716,,0.5,0.5
happy,0.3101745077115456,0.6502885488760449,1.5791832263874703,0.0377325,0.0,0,1.0,LOW,LOW,28.796509845769087,1.0,2.30788808,,0.5,0.5
happy,0.3394894564675003,0.4687873236863467,0.644045258,0.041159114,0.0,0,1.0,LOW,LOW,28.21021087064999,1.0,1.530528024,,0.5,0.5
happy,0.3375610054498337,0.5044938971946843,1.346796601904387,0.02367908,0.0,0,1.0,LOW,LOW,28.248779891003327,1.0,2.130669829898252,,0.5,0.5
happy,0.3681061093159919,0.4329899201398944,0.2740173118979813,0.0427461677925671,0.0,0,1.0,LOW,LOW,27.637877813680163,1.0,1.2857832514459515,,0.5,0.5
happy,0.3754684668985316,0.5071791360613026,0.0227105851022046,0.041383495,0.0,0,1.0,LOW,LOW,27.490630662029368,1.0,1.1296888053490886,,0.5,0.5
sad,0.1540707601100503,-0.919489291,-1.379446946,-0.017681867,0.0,0,1.0,MEDIUM,LOW,31.918584797798992,1.0,4.067534587842584,,0.5,0.5
sad,0.1619876154472863,0.960788563937456,-0.740035813,-0.071039205,0.0,0,1.0,MEDIUM,LOW,31.760247691054275,1.0,2.590275179287438,,0.5,0.5
sad,0.261527769921907,0.3594623389552212,1.067052138229784,-0.061910668,0.0,0,1.0,MEDIUM,LOW,29.769444601561855,1.0,1.7170719515496238,,0.5,0.5
sad,0.28194406028065,0.7342655271172623,2.078423957480512,-0.078025417,0.0,0,1.0,MEDIUM,LOW,29.36111879,1.0,2.890714901114736,,0.5,0.5
sad,0.2855376220430915,1.7054626540966034,-0.58647419,-0.072310068,0.0,0,1.0,MEDIUM,LOW,29.28924755913817,1.0,3.175185145372687,,0.5,0.5
sad,0.2867958215863588,0.3298028193049883,0.8534078215243578,-0.105244615,0.0,0,1.0,MEDIUM,LOW,29.264083568272824,1.0,2.260438946,,0.5,0.5
sad,0.238472931378766,1.6335044084127048,-0.88524842,-0.120914058,0.0,0,1.0,MEDIUM,LOW,30.23054137242468,1.0,3.994240877519708,,0.5,0.5
sad,0.3385249206225708,-0.338456187,1.265624452435543,-0.072310527,0.0,0,1.0,MEDIUM,LOW,28.229501587548583,1.0,2.010948698384287,,0.5,0.5
angry,0.3494408066550145,-0.324759657,-0.014697382,-0.072828342,0.0,0,1.0,MEDIUM,LOW,28.01118386689971,1.0,1.3764354680904416,,0.5,0.5
angry,0.3563880595480488,0.0391186499773033,0.03746854,-0.094688737,0.0,0,1.0,MEDIUM,LOW,27.872238809039025,1.0,1.2497735503986858,,0.5,0.5
angry,0.3407221614037363,0.063604538,0.6524048087479444,-0.074063246,0.0,0,1.0,MEDIUM,LOW,28.185556771925278,1.0,1.0713075472187474,,0.5,0.5
angry,0.3651893765210568,0.027007006,-0.695538774,-0.077114955,0.0,0,1.0,MEDIUM,LOW,27.696212469578864,1.0,1.121805209542331,,0.5,0.5
angry,0.3708665716419571,0.3487407052617189,-0.320057999,-0.055109908,0.0,0,1.0,MEDIUM,LOW,27.58266856716086,1.0,1.1663973834420107,,0.5,0.5
angry,0.3276048314010725,0.2899123548059066,0.088101235,-0.07742187,0.0,0,1.0,MEDIUM,LOW,28.44790337197855,1.0,1.0112037793319908,,0.5,0.5
angry,0.3705002357728674,-0.293459764,-0.310029701,-0.092525328,0.0,0,1.0,MEDIUM,LOW,27.58999528454265,1.0,1.122853438,,0.5,0.5
angry,0.3637040365938054,-0.283069042,-0.287237949,-0.093093617,0.0,0,1.0,MEDIUM,LOW,27.72591926812389,1.0,1.300830865439472,,0.5,0.5
fearful,0.3922834606524218,-0.7958882,-0.572098374,-0.045117958,0.0,0,1.0,LOW,LOW,27.15433078695156,1.0,2.2677112429039585,,0.5,0.5
fearful,0.3990443175132782,-0.152177149,0.7483110572881526,-0.083757578,0.0,0,1.0,LOW,LOW,27.01911364973444,1.0,1.3633209804016235,,0.5,0.5
fearful,0.3961772996852126,-0.162164316,0.3567734103937453,-0.060576139,0.0,0,1.0,LOW,LOW,27.076454006295748,1.0,1.2314139318238957,,0.5,0.5
fearful,0.3986164534048921,-0.736157258,0.6402760916822149,-0.071759482,0.0,0,1.0,LOW,LOW,27.02767093190216,1.0,2.168298986,,0.5,0.5
fearful,0.350750725431658,0.1928054700353056,0.5216356980013724,-0.066431521,0.0,0,1.0,LOW,LOW,27.98498549136684,1.0,1.2382546456380137,,0.5,0.5
fearful,0.4065824669306581,-0.482499281,1.0139189144343608,-0.087003028,0.0,0,1.0,LOW,LOW,26.86835066138684,1.0,1.65041104700095,,0.5,0.5
fearful,0.3917334424692552,0.577969106,0.4262021426182266,-0.008982104,0.0,0,1.0,LOW,LOW,27.165331150614897,1.0,1.74455552979593,,0.5,0.5
fearful,0.3696020693009089,0.019300113,-1.240216888,0.037952478311735,0.0,0,1.0,LOW,LOW,27.607958613981825,1.0,2.3116232332543194,,0.5,0.5
disgust,0.2358168496845992,1.132440833433405,1.3764774292497073,-0.085138217,0.0,0,1.0,LOW,LOW,30.28366300630801,1.0,2.6140084303624174,,0.5,0.5
disgust,0.2404223962752499,-0.284644602,1.97009363617618,-0.08861595,0.0,0,1.0,LOW,LOW,30.191552074495004,1.0,2.649007941,,0.5,0.5
disgust,0.2595816511595696,-0.230976775,0.6143752599269763,-0.027164514,0.0,0,1.0,LOW,LOW,29.808366976808607,1.0,1.9917530879006315,,0.5,0.5
disgust,0.2732386566077051,0.8277739889722217,1.3206335948495225,-0.076130076,0.0,0,1.0,LOW,LOW,29.535226867845896,1.0,2.802232491314763,,0.5,0.5
disgust,0.1854795150811436,0.9097120662124693,1.0973828380324258,-0.109601888,0.0,0,1.0,LOW,LOW,31.29040969837713,1.0,4.020512286,,0.5,0.5
disgust,0.2083066765173264,0.9334145691948292,-0.516317508,-0.122419061,0.0,0,1.0,LOW,LOW,30.833866469653472,1.0,3.1502415129648327,,0.5,0.5
disgust,0.2022249469578918,0.6468111405120683,1.0117426736318185,-0.080869598,0.0,0,1.0,LOW,LOW,30.955501060842163,1.0,1.8676271750793327,,0.5,0.5
disgust,0.2321027854986095,-0.235255208,0.536107604,-0.034141964,0.0,0,1.0,LOW,LOW,30.35794429002781,1.0,1.7002258229853788,,0.5,0.5
surprised,0.3615956725850582,-1.001447739,0.0447322069442245,-0.042752851,0.0,0,1.0,LOW,LOW,27.76808654829884,1.0,1.8493033148256464,,0.5,0.5
surprised,0.3777691790588497,-0.039659232,1.5886506421638034,-0.066772259,0.0,0,1.0,LOW,LOW,27.444616418823003,1.0,2.176007107842851,,0.5,0.5
surprised,0.343416979,-0.333984067,0.099517257,-0.070563503,0.0,0,1.0,LOW,LOW,28.13166041,1.0,1.6423920823744431,,0.5,0.5
surprised,0.3413182703847134,0.2723605116362127,1.9055491911592943,-0.101956462,0.0,0,1.0,LOW,LOW,28.17363459230573,1.0,2.365162813233948,,0.5,0.5
surprised,0.4003011975764916,-0.223136192,-0.914864373,-0.042281198,0.0,0,1.0,LOW,LOW,26.993976048470167,1.0,2.8004630961547368,,0.5,0.5
surprised,0.3535058297989408,0.5929526347579666,-0.137320483,-0.029824202,0.0,0,1.0,LOW,LOW,27.929883404021183,1.0,2.171800511325335,,0.5,0.5
surprised,0.3823825984789143,0.5142840908165773,2.0618067272833285,-0.066683167,0.0,0,1.0,LOW,LOW,27.352348030421712,1.0,3.307935384479228,,0.5,0.5
surprised,0.370868885,0.3173266211381382,0.8831133022816886,-0.042544083,0.0,0,1.0,LOW,LOW,27.58262229999076,1.0,1.8620965474643871,,0.5,0.5
