file,emotion,pitch,energy,mfcc_1,mfcc_2,mfcc_3,mfcc_4,mfcc_5,mfcc_6,mfcc_7,mfcc_8,mfcc_9,mfcc_10,mfcc_11,mfcc_12,mfcc_13
C:\Users\Sidath Mendis\Desktop\Reasearch\System-implementation\MaCoDeR\datasets\raw\RAVDESS\Audio_Speech_Actors_01-24\Actor_01\03-01-01-01-01-01-01.wav,neutral,274.12747,0.009507216,-383.92242,54.89004,0.6634651,12.435786,7.7339506,0.5307502,-3.2166305,-3.1593943,-10.9775505,-2.8487108,0.8152979,-3.0370667,1.9554482
C:\Users\Sidath Mendis\Desktop\Reasearch\System-implementation\MaCoDeR\datasets\raw\RAVDESS\Audio_Speech_Actors_01-24\Actor_01\03-01-01-01-01-02-01.wav,neutral,275.57132,0.0082280785,-392.7722,55.3639,-1.548319,16.038305,8.81881,-0.14658602,-1.3733916,-5.293179,-11.623184,-1.3482834,0.8437146,-2.641278,1.0172496
C:\Users\Sidath Mendis\Desktop\Reasearch\System-implementation\MaCoDeR\datasets\raw\RAVDESS\Audio_Speech_Actors_01-24\Actor_01\03-01-01-01-02-01-01.wav,neutral,274.69308,0.007467207,-413.0365,58.024662,0.15946393,13.62465,5.3741117,1.1623362,-2.0833595,-5.3825855,-10.332823,-3.6620812,0.5606008,-2.838226,1.8347847
C:\Users\Sidath Mendis\Desktop\Reasearch\System-implementation\MaCoDeR\datasets\raw\RAVDESS\Audio_Speech_Actors_01-24\Actor_01\03-01-01-01-02-02-01.wav,neutral,269.56583,0.006216078,-411.59604,55.87942,2.7832615,13.252023,6.989668,2.981274,-1.5860295,-6.961661,-10.348489,-3.270769,1.1761655,-1.498656,0.55154896
C:\Users\Sidath Mendis\Desktop\Reasearch\System-implementation\MaCoDeR\datasets\raw\RAVDESS\Audio_Speech_Actors_01-24\Actor_01\03-01-02-01-01-01-01.wav,calm,276.22238,0.012873527,-368.5909,62.355034,3.1211805,15.064671,8.132433,1.9270837,-3.2746575,-3.7617922,-9.7502985,-4.853837,0.99631554,-3.1160705,0.5463199
C:\Users\Sidath Mendis\Desktop\Reasearch\System-implementation\MaCoDeR\datasets\raw\RAVDESS\Audio_Speech_Actors_01-24\Actor_01\03-01-02-01-01-02-01.wav,calm,274.54422,0.00936438,-368.65906,66.73646,2.2534883,11.169915,9.742079,1.0580921,-4.426185,-4.6836147,-8.313273,-4.8136663,1.7525572,-2.3765419,-0.20691906
C:\Users\Sidath Mendis\Desktop\Reasearch\System-implementation\MaCoDeR\datasets\raw\RAVDESS\Audio_Speech_Actors_01-24\Actor_01\03-01-02-01-02-01-01.wav,calm,274.15714,0.012563065,-376.41324,65.10821,0.9303685,13.633629,5.959596,2.8950706,-1.341819,-4.775753,-8.671516,-4.5529985,1.9706055,-1.627646,1.4267255
C:\Users\Sidath Mendis\Desktop\Reasearch\System-implementation\MaCoDeR\datasets\raw\RAVDESS\Audio_Speech_Actors_01-24\Actor_01\03-01-02-01-02-02-01.wav,calm,274.41745,0.009041364,-398.98886,68.69859,1.1003675,13.685944,8.338751,2.067122,-0.6167903,-5.732325,-7.861324,-4.411918,1.0114726,-1.705865,1.5934337
C:\Users\Sidath Mendis\Desktop\Reasearch\System-implementation\MaCoDeR\datasets\raw\RAVDESS\Audio_Speech_Actors_01-24\Actor_01\03-01-02-02-01-01-01.wav,calm,270.02023,0.011551073,-361.00876,70.53291,4.225179,13.866501,9.276525,1.8420299,-3.709107,-2.884508,-6.3325033,-4.483916,2.0064912,-0.029675484,-0.17859049
C:\Users\Sidath Mendis\Desktop\Reasearch\System-implementation\MaCoDeR\datasets\raw\RAVDESS\Audio_Speech_Actors_01-24\Actor_01\03-01-02-02-01-02-01.wav,calm,274.32266,0.009554162,-342.8093,67.33959,-0.4495516,11.884349,6.899115,0.5723893,-4.5503755,-6.025094,-7.934867,-4.872442,2.6747525,-1.4644696,-1.1086303
C:\Users\Sidath Mendis\Desktop\Reasearch\System-implementation\MaCoDeR\datasets\raw\RAVDESS\Audio_Speech_Actors_01-24\Actor_01\03-01-02-02-02-01-01.wav,calm,274.3527,0.019613467,-329.70862,68.82944,4.7289543,11.950599,5.6388817,5.834093,-4.8624907,-4.8628,-8.308452,-4.8761907,2.3179216,1.222751,0.59549415
C:\Users\Sidath Mendis\Desktop\Reasearch\System-implementation\MaCoDeR\datasets\raw\RAVDESS\Audio_Speech_Actors_01-24\Actor_01\03-01-02-02-02-02-01.wav,calm,274.20544,0.0129367,-346.1871,65.29337,-3.5145006,14.551637,6.7378383,2.9514792,-4.3670077,-8.268066,-9.742737,-3.7135782,3.7736468,-0.95878845,-0.26622257
C:\Users\Sidath Mendis\Desktop\Reasearch\System-implementation\MaCoDeR\datasets\raw\RAVDESS\Audio_Speech_Actors_01-24\Actor_01\03-01-03-01-01-01-01.wav,happy,274.26096,0.015004463,-367.04245,63.116707,-4.3889437,12.588354,4.241159,-2.902261,-5.6718726,-6.6233625,-11.532383,-2.3804133,-1.2910128,-6.802653,1.1827935
C:\Users\Sidath Mendis\Desktop\Reasearch\System-implementation\MaCoDeR\datasets\raw\RAVDESS\Audio_Speech_Actors_01-24\Actor_01\03-01-03-01-01-02-01.wav,happy,274.47742,0.0122532025,-377.04944,62.999477,-5.8192096,15.460055,6.5266376,-1.5888861,-6.597417,-4.8063283,-13.677246,-1.3645008,0.1333669,-6.366865,3.4054475
C:\Users\Sidath Mendis\Desktop\Reasearch\System-implementation\MaCoDeR\datasets\raw\RAVDESS\Audio_Speech_Actors_01-24\Actor_01\03-01-03-01-02-01-01.wav,happy,268.7467,0.016331112,-362.0734,62.20653,-2.343208,12.91607,1.8241278,-0.17071323,-5.66999,-7.286775,-13.776977,-3.3122003,2.3617573,-7.0014296,1.9307767
C:\Users\Sidath Mendis\Desktop\Reasearch\System-implementation\MaCoDeR\datasets\raw\RAVDESS\Audio_Speech_Actors_01-24\Actor_01\03-01-03-01-02-02-01.wav,happy,275.28668,0.018655373,-345.33432,57.02253,0.4184397,18.289316,2.6309874,0.41835555,-2.5292726,-6.284705,-13.434198,-3.6181443,0.6169866,-4.589427,2.5763226
C:\Users\Sidath Mendis\Desktop\Reasearch\System-implementation\MaCoDeR\datasets\raw\RAVDESS\Audio_Speech_Actors_01-24\Actor_01\03-01-03-02-01-01-01.wav,happy,274.25757,0.007619401,-393.2469,49.15078,-5.9865155,5.608567,-1.271636,-1.2067622,-12.03728,-8.814259,-11.101426,-8.968306,-0.68171066,-7.0525794,-1.9013772
C:\Users\Sidath Mendis\Desktop\Reasearch\System-implementation\MaCoDeR\datasets\raw\RAVDESS\Audio_Speech_Actors_01-24\Actor_01\03-01-03-02-01-02-01.wav,happy,274.47015,0.007582135,-383.47302,54.875935,-11.518559,5.495306,2.41587,-1.8642924,-11.11178,-7.59675,-14.508148,-7.4336452,3.2631514,-7.8864737,-1.6498963
C:\Users\Sidath Mendis\Desktop\Reasearch\System-implementation\MaCoDeR\datasets\raw\RAVDESS\Audio_Speech_Actors_01-24\Actor_01\03-01-03-02-02-01-01.wav,happy,274.32254,0.019151473,-314.56503,48.02012,-10.221419,7.8318186,-0.17214894,-2.1730673,-10.422513,-9.233612,-17.878965,-4.913381,0.0017014447,-9.143921,0.11875628
C:\Users\Sidath Mendis\Desktop\Reasearch\System-implementation\MaCoDeR\datasets\raw\RAVDESS\Audio_Speech_Actors_01-24\Actor_01\03-01-03-02-02-02-01.wav,happy,268.88315,0.013127861,-347.60638,49.672794,-8.996246,6.914048,-1.1240022,-3.3295467,-9.793235,-9.628174,-17.208342,-7.140059,-1.7678517,-7.01247,-0.28077137
C:\Users\Sidath Mendis\Desktop\Reasearch\System-implementation\MaCoDeR\datasets\raw\RAVDESS\Audio_Speech_Actors_01-24\Actor_01\03-01-04-01-01-01-01.wav,sad,268.99533,0.006647308,-377.81216,60.804207,-1.9560473,14.204766,6.8270884,-2.8811657,-2.4629226,-8.663905,-11.039645,-4.4540396,-4.2584867,-1.6950514,-0.85821444
C:\Users\Sidath Mendis\Desktop\Reasearch\System-implementation\MaCoDeR\datasets\raw\RAVDESS\Audio_Speech_Actors_01-24\Actor_01\03-01-04-01-01-02-01.wav,sad,274.95694,0.0070034903,-386.5149,65.49691,-1.0995516,16.531912,8.523047,-0.46712226,0.1738209,-7.5890493,-10.304403,-5.52547,-1.7454493,-2.0158572,-1.7528471
C:\Users\Sidath Mendis\Desktop\Reasearch\System-implementation\MaCoDeR\datasets\raw\RAVDESS\Audio_Speech_Actors_01-24\Actor_01\03-01-04-01-02-01-01.wav,sad,274.9821,0.009212692,-395.4796,60.409447,-3.443985,14.033259,6.5901713,-1.7684734,-1.7315749,-7.5691485,-10.976078,-3.8221767,-0.99658245,-1.3543684,-1.2844799
C:\Users\Sidath Mendis\Desktop\Reasearch\System-implementation\MaCoDeR\datasets\raw\RAVDESS\Audio_Speech_Actors_01-24\Actor_01\03-01-04-01-02-02-01.wav,sad,268.67175,0.011312478,-387.73138,59.567207,0.7109442,15.6037,6.023352,-0.16229282,1.2461177,-7.515769,-12.228474,-3.9741051,-2.3960717,-2.4673667,-0.06185328
C:\Users\Sidath Mendis\Desktop\Reasearch\System-implementation\MaCoDeR\datasets\raw\RAVDESS\Audio_Speech_Actors_01-24\Actor_01\03-01-04-02-01-01-01.wav,sad,275.15518,0.011047787,-365.10938,62.426228,0.9023575,16.833582,7.8117805,-1.8475591,-0.9106531,-7.485837,-9.4192705,-1.5074185,-2.4400964,-2.624328,-0.14111464
C:\Users\Sidath Mendis\Desktop\Reasearch\System-implementation\MaCoDeR\datasets\raw\RAVDESS\Audio_Speech_Actors_01-24\Actor_01\03-01-04-02-01-02-01.wav,sad,274.31705,0.0067207,-405.98868,50.890545,-4.893386,10.5070715,3.7041092,-3.614306,-8.667971,-7.146425,-15.135483,-4.434602,-2.2045414,-6.959076,0.33116093
C:\Users\Sidath Mendis\Desktop\Reasearch\System-implementation\MaCoDeR\datasets\raw\RAVDESS\Audio_Speech_Actors_01-24\Actor_01\03-01-04-02-02-01-01.wav,sad,275.24307,0.010632763,-373.62283,54.993256,-5.7295046,13.725473,3.9384527,-2.7418926,-6.8177385,-9.286634,-18.480108,-4.893464,-2.2725978,-7.2611017,0.36146054
C:\Users\Sidath Mendis\Desktop\Reasearch\System-implementation\MaCoDeR\datasets\raw\RAVDESS\Audio_Speech_Actors_01-24\Actor_01\03-01-04-02-02-02-01.wav,sad,270.1127,0.018025352,-348.15076,50.817352,-4.1009364,13.333532,2.3143547,-3.1249645,-6.993569,-8.87111,-15.973221,-3.851796,-1.3603264,-6.091596,0.43329018
C:\Users\Sidath Mendis\Desktop\Reasearch\System-implementation\MaCoDeR\datasets\raw\RAVDESS\Audio_Speech_Actors_01-24\Actor_01\03-01-05-01-01-01-01.wav,angry,274.8564,0.007046032,-377.20108,42.51581,-6.0192423,12.6451235,-1.4078625,-2.7939103,-4.3140874,-1.4580281,-12.457061,-4.777245,-0.8577968,-4.7668257,-0.71025354
C:\Users\Sidath Mendis\Desktop\Reasearch\System-implementation\MaCoDeR\datasets\raw\RAVDESS\Audio_Speech_Actors_01-24\Actor_01\03-01-05-01-01-02-01.wav,angry,274.1721,0.01374046,-329.25516,40.100624,-5.406286,8.086062,-3.384434,-3.6563709,-7.031596,-8.578679,-13.111328,-6.569745,-4.498286,-6.6619687,-3.4727755
C:\Users\Sidath Mendis\Desktop\Reasearch\System-implementation\MaCoDeR\datasets\raw\RAVDESS\Audio_Speech_Actors_01-24\Actor_01\03-01-05-01-02-01-01.wav,angry,274.473,0.01249659,-351.87457,45.415054,-1.5627903,11.880343,-0.43858063,-1.7890221,-5.2602396,-6.6141486,-13.4450865,-4.1252,-3.6815126,-4.4055023,-1.0022504
C:\Users\Sidath Mendis\Desktop\Reasearch\System-implementation\MaCoDeR\datasets\raw\RAVDESS\Audio_Speech_Actors_01-24\Actor_01\03-01-05-01-02-02-01.wav,angry,274.89575,0.01079667,-361.63028,44.267376,-2.8641322,8.589871,0.015042323,-3.4850914,-4.3523192,-6.5773487,-15.150322,-4.9910283,-2.5813372,-5.787801,0.2829593
C:\Users\Sidath Mendis\Desktop\Reasearch\System-implementation\MaCoDeR\datasets\raw\RAVDESS\Audio_Speech_Actors_01-24\Actor_01\03-01-05-02-01-01-01.wav,angry,274.8132,0.011906275,-328.7798,29.868893,-20.021608,0.8248055,-11.387679,-4.3352494,-12.862408,-13.475211,-13.617985,-8.423022,-5.636474,-4.9704933,-7.1078963
C:\Users\Sidath Mendis\Desktop\Reasearch\System-implementation\MaCoDeR\datasets\raw\RAVDESS\Audio_Speech_Actors_01-24\Actor_01\03-01-05-02-01-02-01.wav,angry,273.73584,0.009460496,-309.8345,22.302996,-18.730824,3.21249,-10.238883,-5.397993,-12.250566,-7.9842362,-16.876492,-9.074471,-4.7981224,-8.329525,-4.87846
C:\Users\Sidath Mendis\Desktop\Reasearch\System-implementation\MaCoDeR\datasets\raw\RAVDESS\Audio_Speech_Actors_01-24\Actor_01\03-01-05-02-02-01-01.wav,angry,269.22626,0.009161205,-349.0334,29.97331,-15.743986,4.87853,-6.717307,-3.917072,-11.36485,-9.566884,-16.95793,-6.6101475,-4.1125803,-8.695933,-3.1835449
C:\Users\Sidath Mendis\Desktop\Reasearch\System-implementation\MaCoDeR\datasets\raw\RAVDESS\Audio_Speech_Actors_01-24\Actor_01\03-01-05-02-02-02-01.wav,angry,274.64658,0.022767039,-302.83163,22.274927,-20.23263,-3.011253,-10.557668,-6.5886765,-16.995611,-11.742131,-16.091635,-9.435908,-2.4795754,-8.391646,-6.020057
C:\Users\Sidath Mendis\Desktop\Reasearch\System-implementation\MaCoDeR\datasets\raw\RAVDESS\Audio_Speech_Actors_01-24\Actor_01\03-01-06-01-01-01-01.wav,fearful,274.2837,0.008825475,-376.1974,57.990917,2.2590263,14.34332,8.5182,-2.423009,-4.1882496,-8.528271,-12.255306,-1.4047108,-2.2603836,0.50454,3.6462831
C:\Users\Sidath Mendis\Desktop\Reasearch\System-implementation\MaCoDeR\datasets\raw\RAVDESS\Audio_Speech_Actors_01-24\Actor_01\03-01-06-01-01-02-01.wav,fearful,274.90707,0.025023257,-324.7025,55.155262,-6.0278044,9.1299,4.394857,-4.0410967,-8.073683,-12.255183,-16.346153,-4.0777416,-3.4491825,-6.1606865,-0.26365155
C:\Users\Sidath Mendis\Desktop\Reasearch\System-implementation\MaCoDeR\datasets\raw\RAVDESS\Audio_Speech_Actors_01-24\Actor_01\03-01-06-01-02-01-01.wav,fearful,274.61514,0.016322823,-352.7792,61.635406,7.4148293,18.840992,10.033154,3.9887211,-1.035189,-5.5802436,-8.488829,0.32115093,0.07606127,0.36447462,2.7944245
C:\Users\Sidath Mendis\Desktop\Reasearch\System-implementation\MaCoDeR\datasets\raw\RAVDESS\Audio_Speech_Actors_01-24\Actor_01\03-01-06-01-02-02-01.wav,fearful,274.70398,0.015229751,-347.5783,60.417797,-3.3307755,15.390851,6.7717657,-0.058079194,-3.9153342,-10.592282,-10.528063,-0.6648734,-0.90128076,-1.2349012,0.2894175
C:\Users\Sidath Mendis\Desktop\Reasearch\System-implementation\MaCoDeR\datasets\raw\RAVDESS\Audio_Speech_Actors_01-24\Actor_01\03-01-06-02-01-01-01.wav,fearful,274.33545,0.009002659,-329.44537,52.212185,-12.541273,5.1477275,1.7914929,5.8628416,-5.5974436,-12.138769,-14.728991,-1.9501581,2.1356723,-3.671966,-0.5904328
C:\Users\Sidath Mendis\Desktop\Reasearch\System-implementation\MaCoDeR\datasets\raw\RAVDESS\Audio_Speech_Actors_01-24\Actor_01\03-01-06-02-01-02-01.wav,fearful,274.00156,0.0061794496,-338.00296,42.662426,-17.537214,-3.2199833,1.9150134,-0.23162141,-11.389852,-15.012191,-17.222418,-7.2708755,-4.490682,-9.206505,-6.413215
C:\Users\Sidath Mendis\Desktop\Reasearch\System-implementation\MaCoDeR\datasets\raw\RAVDESS\Audio_Speech_Actors_01-24\Actor_01\03-01-06-02-02-01-01.wav,fearful,273.97067,0.011726632,-315.8968,39.190083,-15.472043,-0.95042986,-5.7813573,-1.2099698,-10.114829,-18.269136,-17.822474,-9.48116,-3.801051,-7.8962812,-7.8260255
C:\Users\Sidath Mendis\Desktop\Reasearch\System-implementation\MaCoDeR\datasets\raw\RAVDESS\Audio_Speech_Actors_01-24\Actor_01\03-01-06-02-02-02-01.wav,fearful,269.59064,0.0077702557,-356.0517,45.139057,-15.43668,-1.130169,-0.7227588,1.9657453,-13.529376,-15.487785,-17.104063,-9.546004,2.3383803,-7.459708,-7.3646116
C:\Users\Sidath Mendis\Desktop\Reasearch\System-implementation\MaCoDeR\datasets\raw\RAVDESS\Audio_Speech_Actors_01-24\Actor_01\03-01-07-01-01-01-01.wav,disgust,274.06848,0.016850313,-315.28085,63.878662,-3.163664,11.068918,3.898928,0.4962616,-7.210091,-7.302176,-13.785376,-4.531086,-0.68246734,-7.298968,-1.648921
C:\Users\Sidath Mendis\Desktop\Reasearch\System-implementation\MaCoDeR\datasets\raw\RAVDESS\Audio_Speech_Actors_01-24\Actor_01\03-01-07-01-01-02-01.wav,disgust,274.87457,0.009383778,-339.7347,52.807495,0.2726887,4.734688,3.4398108,-0.4275929,-9.445805,-6.7852263,-13.305903,-4.8954325,-0.5622915,-6.350318,-3.3224094
C:\Users\Sidath Mendis\Desktop\Reasearch\System-implementation\MaCoDeR\datasets\raw\RAVDESS\Audio_Speech_Actors_01-24\Actor_01\03-01-07-01-02-01-01.wav,disgust,269.22247,0.015251996,-340.518,71.2468,1.9786973,12.600777,1.8061317,3.438274,-4.8249874,-12.123671,-8.4513235,-2.0306575,-2.5171843,-3.0232685,-0.9917722
C:\Users\Sidath Mendis\Desktop\Reasearch\System-implementation\MaCoDeR\datasets\raw\RAVDESS\Audio_Speech_Actors_01-24\Actor_01\03-01-07-01-02-02-01.wav,disgust,274.64822,0.016014874,-349.25668,54.79244,-0.90166724,10.5557,-0.16137603,3.6259093,-5.391744,-10.095323,-7.4466405,-1.4052049,0.10079641,-3.9632692,-0.5047301
C:\Users\Sidath Mendis\Desktop\Reasearch\System-implementation\MaCoDeR\datasets\raw\RAVDESS\Audio_Speech_Actors_01-24\Actor_01\03-01-07-02-01-01-01.wav,disgust,274.94125,0.010492777,-332.74744,43.945282,-6.9385085,-5.6906595,-9.426028,-1.9371548,-11.578998,-17.378063,-13.903124,-6.911769,-3.5516472,-4.372269,-7.017699
C:\Users\Sidath Mendis\Desktop\Reasearch\System-implementation\MaCoDeR\datasets\raw\RAVDESS\Audio_Speech_Actors_01-24\Actor_01\03-01-07-02-01-02-01.wav,disgust,275.32764,0.014870993,-317.01898,35.171394,-9.034344,1.8999579,-8.664879,-6.350328,-18.34103,-15.881719,-9.58409,-5.861492,-4.5087132,-5.8916154,-6.898971
C:\Users\Sidath Mendis\Desktop\Reasearch\System-implementation\MaCoDeR\datasets\raw\RAVDESS\Audio_Speech_Actors_01-24\Actor_01\03-01-07-02-02-01-01.wav,disgust,274.73508,0.011430677,-351.219,43.312252,9.500734,-0.6278448,-7.164326,0.42984334,-12.050826,-15.976675,-5.4605,-8.713773,-8.803647,-2.977452,-7.6639447
C:\Users\Sidath Mendis\Desktop\Reasearch\System-implementation\MaCoDeR\datasets\raw\RAVDESS\Audio_Speech_Actors_01-24\Actor_01\03-01-07-02-02-02-01.wav,disgust,274.69962,0.011291129,-333.24228,42.180492,-0.95753026,-0.44900584,-4.0120096,-1.8501686,-13.47077,-15.385601,-8.406135,-5.512526,-6.51612,-6.038744,-7.1585274
C:\Users\Sidath Mendis\Desktop\Reasearch\System-implementation\MaCoDeR\datasets\raw\RAVDESS\Audio_Speech_Actors_01-24\Actor_01\03-01-08-01-01-01-01.wav,surprised,274.80905,0.0076673315,-393.9641,52.980663,-0.44145483,8.232827,4.511838,-2.5249937,-6.0312376,-6.618407,-9.726554,-5.8924103,-0.2597241,-5.319383,-0.8095203
C:\Users\Sidath Mendis\Desktop\Reasearch\System-implementation\MaCoDeR\datasets\raw\RAVDESS\Audio_Speech_Actors_01-24\Actor_01\03-01-08-01-01-02-01.wav,surprised,274.3535,0.008832528,-409.23303,52.923653,-3.5020812,10.541915,6.7804637,-2.0829628,-6.373838,-6.026372,-9.960136,-1.5530096,-1.1180855,-5.8361497,-0.47120798
C:\Users\Sidath Mendis\Desktop\Reasearch\System-implementation\MaCoDeR\datasets\raw\RAVDESS\Audio_Speech_Actors_01-24\Actor_01\03-01-08-01-02-01-01.wav,surprised,274.179,0.00709716,-400.6078,56.338783,-0.10038877,12.948809,3.4572418,-1.0980022,-3.9645505,-7.314169,-11.041139,-2.5731149,-0.8059699,-3.7987452,-1.9456604
C:\Users\Sidath Mendis\Desktop\Reasearch\System-implementation\MaCoDeR\datasets\raw\RAVDESS\Audio_Speech_Actors_01-24\Actor_01\03-01-08-01-02-02-01.wav,surprised,274.82495,0.010186779,-401.9012,49.284126,-1.8099357,8.19951,-0.46806997,-3.9114852,-4.3231125,-7.212905,-9.47664,-5.454694,-0.9426421,-6.5836415,-0.95098424
C:\Users\Sidath Mendis\Desktop\Reasearch\System-implementation\MaCoDeR\datasets\raw\RAVDESS\Audio_Speech_Actors_01-24\Actor_01\03-01-08-02-01-01-01.wav,surprised,274.67572,0.011313233,-392.7402,51.048885,-5.4272103,8.577296,4.108054,-2.6509144,-8.000926,-6.305148,-11.018699,-4.7179575,0.42527115,-7.8209214,0.115804784
C:\Users\Sidath Mendis\Desktop\Reasearch\System-implementation\MaCoDeR\datasets\raw\RAVDESS\Audio_Speech_Actors_01-24\Actor_01\03-01-08-02-01-02-01.wav,surprised,269.10742,0.0124927685,-366.5199,41.932564,-5.21146,7.312741,0.069644235,-3.3563771,-6.6405888,-7.5790653,-11.458306,-6.6911645,-1.2373774,-6.6593413,-1.9200149
C:\Users\Sidath Mendis\Desktop\Reasearch\System-implementation\MaCoDeR\datasets\raw\RAVDESS\Audio_Speech_Actors_01-24\Actor_01\03-01-08-02-02-01-01.wav,surprised,274.39316,0.010105292,-378.02823,45.14187,-4.394385,7.735555,0.5503251,-4.1456,-6.7481837,-9.417959,-14.750463,-2.5515637,-2.767845,-5.6659083,-0.9816043
C:\Users\Sidath Mendis\Desktop\Reasearch\System-implementation\MaCoDeR\datasets\raw\RAVDESS\Audio_Speech_Actors_01-24\Actor_01\03-01-08-02-02-02-01.wav,surprised,268.76996,0.019180153,-362.3326,46.84191,-5.5694275,6.1290345,-0.57483757,-0.7007691,-8.623765,-9.702098,-11.321595,-5.2469916,-1.4207605,-5.737756,-1.8040382
C:\Users\Sidath Mendis\Desktop\Reasearch\System-implementation\MaCoDeR\datasets\raw\RAVDESS\Audio_Speech_Actors_01-24\Actor_02\03-01-01-01-01-01-02.wav,neutral,275.8055,0.0071240915,-398.0053,54.47731,-9.090126,8.411755,-4.3875346,-3.7657058,-5.362751,-8.610381,-3.9715514,-0.89597356,-4.721406,-1.9953872,-5.0567303
C:\Users\Sidath Mendis\Desktop\Reasearch\System-implementation\MaCoDeR\datasets\raw\RAVDESS\Audio_Speech_Actors_01-24\Actor_02\03-01-01-01-01-02-02.wav,neutral,270.504,0.009430885,-374.7501,49.11971,-10.80037,11.480022,-5.8222346,-3.0823712,-5.29197,-7.318948,-2.7898755,-1.9523807,-3.2981868,-2.3206334,-5.506025
C:\Users\Sidath Mendis\Desktop\Reasearch\System-implementation\MaCoDeR\datasets\raw\RAVDESS\Audio_Speech_Actors_01-24\Actor_02\03-01-01-01-02-01-02.wav,neutral,274.72433,0.0076027457,-404.67706,51.31145,-10.439537,4.76582,-4.8091674,-3.219577,-5.7218094,-9.393639,-5.245095,-1.987433,-5.037799,-2.8686624,-6.420317
C:\Users\Sidath Mendis\Desktop\Reasearch\System-implementation\MaCoDeR\datasets\raw\RAVDESS\Audio_Speech_Actors_01-24\Actor_02\03-01-01-01-02-02-02.wav,neutral,275.26633,0.0089143,-401.26343,46.49924,-9.892576,4.8966966,-6.4146485,-5.070762,-6.2804704,-10.606287,-6.0774636,-3.2331316,-5.660991,-3.2739613,-8.5222
C:\Users\Sidath Mendis\Desktop\Reasearch\System-implementation\MaCoDeR\datasets\raw\RAVDESS\Audio_Speech_Actors_01-24\Actor_02\03-01-02-01-01-01-02.wav,calm,274.98996,0.007348876,-396.14236,52.128677,-3.583638,11.846415,-4.697628,-1.7755141,-3.4381075,-7.5618987,-3.0021994,-2.1637712,-3.221826,-4.2773848,-4.551406
C:\Users\Sidath Mendis\Desktop\Reasearch\System-implementation\MaCoDeR\datasets\raw\RAVDESS\Audio_Speech_Actors_01-24\Actor_02\03-01-02-01-01-02-02.wav,calm,269.07355,0.013862942,-359.81006,47.966007,-8.495085,8.638966,-5.6636844,-2.8697913,-4.6740603,-9.24625,-3.0736196,-3.4952075,-3.970272,-7.195894,-5.5081573
C:\Users\Sidath Mendis\Desktop\Reasearch\System-implementation\MaCoDeR\datasets\raw\RAVDESS\Audio_Speech_Actors_01-24\Actor_02\03-01-02-01-02-01-02.wav,calm,269.58987,0.00913125,-387.24612,45.869495,-5.4771895,4.314229,-4.4623184,-3.557982,-6.703658,-8.853257,-6.026567,-2.5972846,-6.3146353,-4.853385,-7.071023
C:\Users\Sidath Mendis\Desktop\Reasearch\System-implementation\MaCoDeR\datasets\raw\RAVDESS\Audio_Speech_Actors_01-24\Actor_02\03-01-02-01-02-02-02.wav,calm,274.07266,0.008467608,-380.5109,48.736828,-11.061044,1.3402742,-6.3219647,-5.146925,-7.923725,-11.958522,-6.557234,-4.027462,-7.2229705,-6.0610905,-9.744024
C:\Users\Sidath Mendis\Desktop\Reasearch\System-implementation\MaCoDeR\datasets\raw\RAVDESS\Audio_Speech_Actors_01-24\Actor_02\03-01-02-02-01-01-02.wav,calm,275.36856,0.0096934065,-348.3585,43.547195,-5.838417,7.798074,-6.138196,-5.017681,-4.0650134,-7.9815655,-6.299098,-2.2558687,-4.6757936,-6.6697474,-5.134911
C:\Users\Sidath Mendis\Desktop\Reasearch\System-implementation\MaCoDeR\datasets\raw\RAVDESS\Audio_Speech_Actors_01-24\Actor_02\03-01-02-02-01-02-02.wav,calm,274.89914,0.007295927,-381.19006,46.224503,-8.825291,7.3819704,-7.8286033,-2.755002,-5.1400166,-9.549978,-4.8942914,-3.7259574,-2.7659788,-7.619688,-5.9758
C:\Users\Sidath Mendis\Desktop\Reasearch\System-implementation\MaCoDeR\datasets\raw\RAVDESS\Audio_Speech_Actors_01-24\Actor_02\03-01-02-02-02-01-02.wav,calm,269.98053,0.0093516605,-373.06805,41.243298,-6.728539,0.9630489,-7.4115562,-2.5402007,-8.835062,-11.491201,-8.204977,-2.871476,-7.191459,-8.530298,-8.152105
C:\Users\Sidath Mendis\Desktop\Reasearch\System-implementation\MaCoDeR\datasets\raw\RAVDESS\Audio_Speech_Actors_01-24\Actor_02\03-01-02-02-02-02-02.wav,calm,274.94653,0.015409211,-345.25952,47.333282,-4.962772,3.161155,-6.3184104,-1.822361,-7.844558,-10.28582,-6.4047756,-1.3007374,-6.015565,-8.7457285,-8.5443325
C:\Users\Sidath Mendis\Desktop\Reasearch\System-implementation\MaCoDeR\datasets\raw\RAVDESS\Audio_Speech_Actors_01-24\Actor_02\03-01-03-01-01-01-02.wav,happy,275.62915,0.0052385437,-412.6071,43.18487,-21.30186,8.527552,-6.874347,-6.161053,-4.6324816,-12.898247,-4.476371,-3.367257,-5.523036,-2.7173173,-8.498699
C:\Users\Sidath Mendis\Desktop\Reasearch\System-implementation\MaCoDeR\datasets\raw\RAVDESS\Audio_Speech_Actors_01-24\Actor_02\03-01-03-01-01-02-02.wav,happy,274.85608,0.0061410633,-410.55963,45.07209,-17.890179,12.041527,-6.4290323,-6.6028,-4.548532,-12.551144,-3.5843368,-4.131624,-6.316832,-1.8376487,-7.81006
C:\Users\Sidath Mendis\Desktop\Reasearch\System-implementation\MaCoDeR\datasets\raw\RAVDESS\Audio_Speech_Actors_01-24\Actor_02\03-01-03-01-02-01-02.wav,happy,274.83105,0.0071355333,-406.01193,42.283108,-20.867561,5.388655,-8.000669,-6.724699,-8.967098,-14.922028,-5.0813546,-3.6502304,-8.352836,-2.4565275,-10.150614
C:\Users\Sidath Mendis\Desktop\Reasearch\System-implementation\MaCoDeR\datasets\raw\RAVDESS\Audio_Speech_Actors_01-24\Actor_02\03-01-03-01-02-02-02.wav,happy,275.80826,0.008604519,-391.30746,46.503887,-15.529931,8.504857,-6.1982727,-6.078749,-8.619364,-12.890373,-3.1055384,-2.15818,-7.117527,-1.9770373,-8.486348
C:\Users\Sidath Mendis\Desktop\Reasearch\System-implementation\MaCoDeR\datasets\raw\RAVDESS\Audio_Speech_Actors_01-24\Actor_02\03-01-03-02-01-01-02.wav,happy,269.87704,0.0057440805,-399.13797,32.210358,-29.872738,6.866108,-11.342901,-14.860304,-6.806929,-15.646825,-3.9503891,-7.9343233,-9.380689,-2.2029269,-11.628489
C:\Users\Sidath Mendis\Desktop\Reasearch\System-implementation\MaCoDeR\datasets\raw\RAVDESS\Audio_Speech_Actors_01-24\Actor_02\03-01-03-02-01-02-02.wav,happy,274.51913,0.004532961,-411.6221,35.787163,-30.68064,6.0185237,-9.470605,-15.612418,-8.272376,-14.029022,-5.0692525,-5.9015927,-9.294799,-0.6474197,-10.770746
C:\Users\Sidath Mendis\Desktop\Reasearch\System-implementation\MaCoDeR\datasets\raw\RAVDESS\Audio_Speech_Actors_01-24\Actor_02\03-01-03-02-02-01-02.wav,happy,275.9954,0.00597555,-406.5399,38.031597,-22.94729,4.590477,-6.4561396,-11.968885,-11.765814,-14.9696865,-4.122636,-3.6655278,-11.607719,-2.2014947,-10.770111
C:\Users\Sidath Mendis\Desktop\Reasearch\System-implementation\MaCoDeR\datasets\raw\RAVDESS\Audio_Speech_Actors_01-24\Actor_02\03-01-03-02-02-02-02.wav,happy,275.19998,0.005817954,-417.768,36.263287,-22.62245,4.016814,-8.625279,-12.712104,-9.146528,-14.396337,-6.2735667,-5.957328,-10.965573,-1.8183451,-11.756155
C:\Users\Sidath Mendis\Desktop\Reasearch\System-implementation\MaCoDeR\datasets\raw\RAVDESS\Audio_Speech_Actors_01-24\Actor_02\03-01-04-01-01-01-02.wav,sad,274.47095,0.012250417,-365.908,52.612183,-9.784049,7.1978965,-6.0254574,-4.527568,-6.722464,-10.6761875,-6.1121955,-3.9972923,-4.9271145,-5.511842,-4.998602
C:\Users\Sidath Mendis\Desktop\Reasearch\System-implementation\MaCoDeR\datasets\raw\RAVDESS\Audio_Speech_Actors_01-24\Actor_02\03-01-04-01-01-02-02.wav,sad,269.0297,0.005243728,-416.07025,55.4105,-9.870234,8.890352,-5.384463,-3.2466266,-4.714209,-9.191695,-6.531111,-1.5827588,-5.2515984,-3.7161431,-5.4978642
C:\Users\Sidath Mendis\Desktop\Reasearch\System-implementation\MaCoDeR\datasets\raw\RAVDESS\Audio_Speech_Actors_01-24\Actor_02\03-01-04-01-02-01-02.wav,sad,275.0259,0.006717464,-395.7413,43.462265,-5.0028167,4.3878717,-4.9407687,-4.59048,-9.256331,-11.396569,-4.461122,-2.9189162,-6.406669,-3.5330727,-6.676326
C:\Users\Sidath Mendis\Desktop\Reasearch\System-implementation\MaCoDeR\datasets\raw\RAVDESS\Audio_Speech_Actors_01-24\Actor_02\03-01-04-01-02-02-02.wav,sad,268.9588,0.0061465064,-415.5639,44.62694,-5.773079,6.775191,-3.2082849,-3.8464131,-7.0366197,-9.984122,-5.6840835,-0.63104194,-6.12343,-3.4781828,-6.170364
C:\Users\Sidath Mendis\Desktop\Reasearch\System-implementation\MaCoDeR\datasets\raw\RAVDESS\Audio_Speech_Actors_01-24\Actor_02\03-01-04-02-01-01-02.wav,sad,268.89337,0.0040023173,-416.3469,47.49846,-9.866229,6.096144,-9.001064,-6.4437575,-10.155412,-13.963024,-9.4113455,-3.980598,-7.930611,-2.4514303,-7.0683475
C:\Users\Sidath Mendis\Desktop\Reasearch\System-implementation\MaCoDeR\datasets\raw\RAVDESS\Audio_Speech_Actors_01-24\Actor_02\03-01-04-02-01-02-02.wav,sad,273.78683,0.006278863,-393.80252,53.82852,-5.6136465,8.015997,-4.945123,-4.4980354,-10.07959,-11.961431,-9.15707,-3.4231353,-6.89302,-3.2425365,-6.7743273
C:\Users\Sidath Mendis\Desktop\Reasearch\System-implementation\MaCoDeR\datasets\raw\RAVDESS\Audio_Speech_Actors_01-24\Actor_02\03-01-04-02-02-01-02.wav,sad,269.70392,0.011135347,-390.4826,43.95871,-6.310631,4.213039,-6.3076406,-4.7284203,-11.087015,-14.509219,-10.578534,-4.6570067,-8.425257,-3.950235,-9.419881
C:\Users\Sidath Mendis\Desktop\Reasearch\System-implementation\MaCoDeR\datasets\raw\RAVDESS\Audio_Speech_Actors_01-24\Actor_02\03-01-04-02-02-02-02.wav,sad,271.37485,0.008658158,-383.09784,44.3811,-6.9046345,5.1159205,-5.3449254,-7.1727147,-12.497758,-13.778645,-8.887341,-2.7393906,-9.832709,-3.8711176,-8.513406
C:\Users\Sidath Mendis\Desktop\Reasearch\System-implementation\MaCoDeR\datasets\raw\RAVDESS\Audio_Speech_Actors_01-24\Actor_02\03-01-05-01-01-01-02.wav,angry,274.46463,0.005797905,-381.69122,43.78187,-10.402452,6.048464,-6.3162804,-4.709944,-3.6898515,-10.246,-4.4205623,-2.2729363,-2.981067,-2.3496077,-4.839125
C:\Users\Sidath Mendis\Desktop\Reasearch\System-implementation\MaCoDeR\datasets\raw\RAVDESS\Audio_Speech_Actors_01-24\Actor_02\03-01-05-01-01-02-02.wav,angry,275.02835,0.0066189556,-352.14377,42.358128,-16.971235,7.453699,-8.148303,-4.63737,-5.435113,-10.416671,-2.7042243,-0.80805767,-2.205372,-1.9357876,-4.1376934
C:\Users\Sidath Mendis\Desktop\Reasearch\System-implementation\MaCoDeR\datasets\raw\RAVDESS\Audio_Speech_Actors_01-24\Actor_02\03-01-05-01-02-01-02.wav,angry,274.90378,0.008779798,-384.57367,45.841038,-9.815436,4.286421,-8.331692,-3.4894342,-5.2287683,-11.024238,-5.628939,-1.9968009,-5.772926,-2.414227,-7.0663342
C:\Users\Sidath Mendis\Desktop\Reasearch\System-implementation\MaCoDeR\datasets\raw\RAVDESS\Audio_Speech_Actors_01-24\Actor_02\03-01-05-01-02-02-02.wav,angry,274.93228,0.0068992516,-387.0807,41.37459,-15.704154,3.7824314,-11.244979,-6.9277453,-5.256913,-12.749825,-5.8923283,-2.6502147,-5.279857,-2.4545403,-8.410738
C:\Users\Sidath Mendis\Desktop\Reasearch\System-implementation\MaCoDeR\datasets\raw\RAVDESS\Audio_Speech_Actors_01-24\Actor_02\03-01-05-02-01-01-02.wav,angry,274.6935,0.00801866,-369.8681,29.98176,-23.440504,3.022489,-14.731199,-7.9682097,-2.670978,-13.843132,-2.4567142,-4.5530963,-3.811007,-3.1909862,-7.0461497
C:\Users\Sidath Mendis\Desktop\Reasearch\System-implementation\MaCoDeR\datasets\raw\RAVDESS\Audio_Speech_Actors_01-24\Actor_02\03-01-05-02-01-02-02.wav,angry,274.36816,0.007503278,-373.16513,33.208317,-24.262503,2.9939795,-14.986863,-7.1980157,0.19980644,-12.791639,-4.086005,-4.7434196,-3.6555762,-1.9970082,-8.259774
C:\Users\Sidath Mendis\Desktop\Reasearch\System-implementation\MaCoDeR\datasets\raw\RAVDESS\Audio_Speech_Actors_01-24\Actor_02\03-01-05-02-02-01-02.wav,angry,273.97964,0.0066360366,-420.92087,25.627525,-30.711185,-4.4620337,-18.371433,-12.682888,-4.151894,-18.2899,-7.3128514,-7.3090906,-8.170983,-4.6276426,-11.359122
C:\Users\Sidath Mendis\Desktop\Reasearch\System-implementation\MaCoDeR\datasets\raw\RAVDESS\Audio_Speech_Actors_01-24\Actor_02\03-01-05-02-02-02-02.wav,angry,275.55856,0.011593288,-371.85147,23.78608,-30.84158,-2.1526601,-19.170494,-11.236555,-3.3947012,-17.0528,-6.1666703,-6.7994413,-8.149091,-4.606156,-11.81143
C:\Users\Sidath Mendis\Desktop\Reasearch\System-implementation\MaCoDeR\datasets\raw\RAVDESS\Audio_Speech_Actors_01-24\Actor_02\03-01-06-01-01-01-02.wav,fearful,274.37012,0.008944155,-369.94012,33.30165,-26.176714,4.7828236,-12.257126,-9.782231,-8.575205,-15.386595,-6.1311216,-7.414159,-6.446827,-5.365674,-5.0224643
C:\Users\Sidath Mendis\Desktop\Reasearch\System-implementation\MaCoDeR\datasets\raw\RAVDESS\Audio_Speech_Actors_01-24\Actor_02\03-01-06-01-01-02-02.wav,fearful,274.60974,0.011829596,-363.3979,33.50024,-25.722395,1.9065818,-11.115144,-8.923906,-7.3086634,-16.626795,-6.7482605,-5.988671,-7.158735,-5.231719,-5.986692
C:\Users\Sidath Mendis\Desktop\Reasearch\System-implementation\MaCoDeR\datasets\raw\RAVDESS\Audio_Speech_Actors_01-24\Actor_02\03-01-06-01-02-01-02.wav,fearful,275.24948,0.009431946,-378.02304,31.305124,-24.584507,2.3227873,-9.488269,-8.973363,-10.463872,-16.330963,-5.3059998,-3.5617208,-9.028212,-3.6590474,-6.8744125
C:\Users\Sidath Mendis\Desktop\Reasearch\System-implementation\MaCoDeR\datasets\raw\RAVDESS\Audio_Speech_Actors_01-24\Actor_02\03-01-06-01-02-02-02.wav,fearful,275.12457,0.010706492,-374.97128,29.231852,-28.57205,-1.1719395,-8.968901,-10.660742,-13.617955,-19.157396,-4.7668667,-3.6555235,-10.312674,-5.831185,-4.9526563
C:\Users\Sidath Mendis\Desktop\Reasearch\System-implementation\MaCoDeR\datasets\raw\RAVDESS\Audio_Speech_Actors_01-24\Actor_02\03-01-06-02-01-01-02.wav,fearful,269.29947,0.0075278874,-391.9675,20.993107,-31.983929,-0.5005151,-15.073192,-12.852131,-8.589692,-15.689875,-6.7601175,-2.9079192,-10.193745,-5.264623,-6.421015
C:\Users\Sidath Mendis\Desktop\Reasearch\System-implementation\MaCoDeR\datasets\raw\RAVDESS\Audio_Speech_Actors_01-24\Actor_02\03-01-06-02-01-02-02.wav,fearful,275.3328,0.010434502,-374.6369,18.056477,-30.07168,-0.72376186,-13.800602,-13.927187,-7.849656,-15.514229,-8.308818,-4.5681543,-10.636233,-3.0921705,-4.921131
C:\Users\Sidath Mendis\Desktop\Reasearch\System-implementation\MaCoDeR\datasets\raw\RAVDESS\Audio_Speech_Actors_01-24\Actor_02\03-01-06-02-02-01-02.wav,fearful,275.24564,0.007061792,-397.2179,15.558997,-27.027588,-4.952844,-11.933764,-12.674922,-8.616408,-13.488604,-6.9626637,-5.696055,-10.570782,-4.4703984,-7.390679
C:\Users\Sidath Mendis\Desktop\Reasearch\System-implementation\MaCoDeR\datasets\raw\RAVDESS\Audio_Speech_Actors_01-24\Actor_02\03-01-06-02-02-02-02.wav,fearful,269.07156,0.0073204036,-376.72162,20.069899,-26.202555,-3.493454,-11.735559,-10.51763,-11.534222,-16.212563,-5.505386,-2.9321697,-10.344188,-3.2629158,-5.5982776
C:\Users\Sidath Mendis\Desktop\Reasearch\System-implementation\MaCoDeR\datasets\raw\RAVDESS\Audio_Speech_Actors_01-24\Actor_02\03-01-07-01-01-01-02.wav,disgust,275.88947,0.013237061,-334.03848,51.21266,-12.331495,6.8383837,-8.293319,0.9601434,-9.003005,-12.055547,-3.9691157,-1.2512879,-5.335915,-1.254085,-5.6199713
C:\Users\Sidath Mendis\Desktop\Reasearch\System-implementation\MaCoDeR\datasets\raw\RAVDESS\Audio_Speech_Actors_01-24\Actor_02\03-01-07-01-01-02-02.wav,disgust,268.6784,0.0081908945,-364.68576,57.697067,-13.365279,9.040556,-9.703859,-0.13237739,-8.262967,-13.345395,-6.544705,0.04526301,-6.35031,-2.791579,-7.690273
C:\Users\Sidath Mendis\Desktop\Reasearch\System-implementation\MaCoDeR\datasets\raw\RAVDESS\Audio_Speech_Actors_01-24\Actor_02\03-01-07-01-02-01-02.wav,disgust,268.2508,0.014086792,-352.66483,51.448154,-8.872246,4.057859,-5.377127,-2.7267363,-8.020705,-13.039915,-5.7139173,-0.2933018,-8.882758,-1.9250002,-8.139463
C:\Users\Sidath Mendis\Desktop\Reasearch\System-implementation\MaCoDeR\datasets\raw\RAVDESS\Audio_Speech_Actors_01-24\Actor_02\03-01-07-01-02-02-02.wav,disgust,269.8957,0.009813482,-375.0552,49.499107,-14.418691,5.4447846,-7.956004,-5.201762,-9.801169,-15.274473,-4.0444856,-0.23157382,-10.309918,-1.9046065,-9.48154
C:\Users\Sidath Mendis\Desktop\Reasearch\System-implementation\MaCoDeR\datasets\raw\RAVDESS\Audio_Speech_Actors_01-24\Actor_02\03-01-07-02-01-01-02.wav,disgust,275.7309,0.008500008,-350.4314,44.437412,-16.959576,4.7619777,-13.91229,-4.035464,-7.8188396,-14.425544,-6.4001293,-1.0881783,-8.5031395,-3.4330125,-7.3148103
C:\Users\Sidath Mendis\Desktop\Reasearch\System-implementation\MaCoDeR\datasets\raw\RAVDESS\Audio_Speech_Actors_01-24\Actor_02\03-01-07-02-01-02-02.wav,disgust,269.37656,0.0062165186,-379.59232,45.98557,-12.048973,5.8375087,-11.664726,-2.1122398,-5.3767185,-11.543213,-5.600093,0.080801256,-5.487411,-2.7520893,-6.636899
C:\Users\Sidath Mendis\Desktop\Reasearch\System-implementation\MaCoDeR\datasets\raw\RAVDESS\Audio_Speech_Actors_01-24\Actor_02\03-01-07-02-02-01-02.wav,disgust,274.87878,0.01611736,-322.27722,47.068966,-15.313465,-0.72372544,-11.330708,-5.24344,-13.013493,-15.76116,-5.324898,-2.736968,-11.184812,-0.12918602,-9.210572
C:\Users\Sidath Mendis\Desktop\Reasearch\System-implementation\MaCoDeR\datasets\raw\RAVDESS\Audio_Speech_Actors_01-24\Actor_02\03-01-07-02-02-02-02.wav,disgust,275.26443,0.0067394483,-376.5373,46.11991,-15.717796,0.9681586,-10.4024515,-5.3880024,-11.228688,-13.6859045,-5.9222684,-0.80508703,-8.620476,0.9210491,-9.203617
C:\Users\Sidath Mendis\Desktop\Reasearch\System-implementation\MaCoDeR\datasets\raw\RAVDESS\Audio_Speech_Actors_01-24\Actor_02\03-01-08-01-01-01-02.wav,surprised,275.05917,0.008196997,-379.41898,38.45091,-14.525625,10.058562,-7.2689314,-7.3384404,-3.0743454,-5.9540734,-3.0855613,-3.633328,-4.091271,-4.7672715,-3.2583678
C:\Users\Sidath Mendis\Desktop\Reasearch\System-implementation\MaCoDeR\datasets\raw\RAVDESS\Audio_Speech_Actors_01-24\Actor_02\03-01-08-01-01-02-02.wav,surprised,274.28647,0.007982335,-380.47836,40.32789,-17.770468,4.8910584,-7.061149,-6.61917,-3.3937287,-7.925522,-5.984702,-4.9160895,-6.8119974,-3.1876771,-5.329602
C:\Users\Sidath Mendis\Desktop\Reasearch\System-implementation\MaCoDeR\datasets\raw\RAVDESS\Audio_Speech_Actors_01-24\Actor_02\03-01-08-01-02-01-02.wav,surprised,269.0037,0.0059451247,-411.57504,40.099968,-13.991026,3.4786901,-8.02378,-6.8684616,-4.1735325,-10.127123,-4.433277,-3.7810798,-8.020548,-3.5000024,-8.291981
C:\Users\Sidath Mendis\Desktop\Reasearch\System-implementation\MaCoDeR\datasets\raw\RAVDESS\Audio_Speech_Actors_01-24\Actor_02\03-01-08-01-02-02-02.wav,surprised,275.25937,0.0071634105,-391.80453,39.775547,-17.666685,5.283215,-7.9178467,-10.404181,-7.942468,-11.435494,-6.326586,-4.9523754,-7.996312,-4.6996894,-5.680841
C:\Users\Sidath Mendis\Desktop\Reasearch\System-implementation\MaCoDeR\datasets\raw\RAVDESS\Audio_Speech_Actors_01-24\Actor_02\03-01-08-02-01-01-02.wav,surprised,269.62982,0.010468339,-339.7093,33.29217,-18.1938,5.5853605,-9.724308,-6.4725814,-3.9477243,-9.3031845,-5.1393347,-4.2057023,-4.9706597,-3.4273872,-2.2422044
C:\Users\Sidath Mendis\Desktop\Reasearch\System-implementation\MaCoDeR\datasets\raw\RAVDESS\Audio_Speech_Actors_01-24\Actor_02\03-01-08-02-01-02-02.wav,surprised,275.07516,0.010714658,-345.37222,35.79179,-22.749153,3.7383611,-11.058676,-8.571916,-3.436532,-8.093793,-5.6118436,-3.8546753,-5.853819,-2.7402108,-1.5029956
C:\Users\Sidath Mendis\Desktop\Reasearch\System-implementation\MaCoDeR\datasets\raw\RAVDESS\Audio_Speech_Actors_01-24\Actor_02\03-01-08-02-02-01-02.wav,surprised,274.9637,0.016143018,-349.00443,31.846027,-15.307126,-0.4085752,-11.525756,-12.030972,-4.7934747,-11.916799,-7.293511,-5.8916764,-5.709252,-1.623054,-5.239979
C:\Users\Sidath Mendis\Desktop\Reasearch\System-implementation\MaCoDeR\datasets\raw\RAVDESS\Audio_Speech_Actors_01-24\Actor_02\03-01-08-02-02-02-02.wav,surprised,275.06345,0.006194475,-389.57693,34.13823,-20.868233,-4.6284084,-12.921586,-10.614437,-8.854368,-13.673905,-6.969842,-5.7662835,-8.782566,-5.2931848,-8.421561
C:\Users\Sidath Mendis\Desktop\Reasearch\System-implementation\MaCoDeR\datasets\raw\RAVDESS\Audio_Speech_Actors_01-24\Actor_03\03-01-01-01-01-01-03.wav,neutral,270.27954,0.011063341,-350.37766,56.70819,-2.6855347,10.650176,4.240806,-2.4720974,-12.035719,-6.65451,-3.1527143,-8.526169,-1.9532493,-2.6058388,-4.9945354
C:\Users\Sidath Mendis\Desktop\Reasearch\System-implementation\MaCoDeR\datasets\raw\RAVDESS\Audio_Speech_Actors_01-24\Actor_03\03-01-01-01-01-02-03.wav,neutral,275.2915,0.009687463,-349.53012,67.16306,5.2897506,16.971664,10.753806,1.6424102,-7.73416,-3.5962925,0.7531792,-4.428098,0.4402471,0.3950749,-0.50946015
C:\Users\Sidath Mendis\Desktop\Reasearch\System-implementation\MaCoDeR\datasets\raw\RAVDESS\Audio_Speech_Actors_01-24\Actor_03\03-01-01-01-02-01-03.wav,neutral,273.05182,0.0119883325,-357.32104,59.549004,-0.16429774,12.612996,6.0182815,-0.5424562,-13.246388,-6.0552816,-4.3443394,-8.161105,-0.008030721,-4.1532917,-4.067323
C:\Users\Sidath Mendis\Desktop\Reasearch\System-implementation\MaCoDeR\datasets\raw\RAVDESS\Audio_Speech_Actors_01-24\Actor_03\03-01-01-01-02-02-03.wav,neutral,274.88513,0.008429118,-377.7391,55.919556,3.1576002,11.845134,6.6712914,1.0603586,-15.418915,-7.8669305,-5.6997437,-8.891808,-2.1577642,-2.9280417,-3.7435482
C:\Users\Sidath Mendis\Desktop\Reasearch\System-implementation\MaCoDeR\datasets\raw\RAVDESS\Audio_Speech_Actors_01-24\Actor_03\03-01-02-01-01-01-03.wav,calm,275.00943,0.009449548,-330.72125,63.97642,6.700347,11.793031,7.126053,0.12350409,-11.55465,-3.811879,-1.633291,-6.4070325,3.9669476,-5.095542,-2.7082243
C:\Users\Sidath Mendis\Desktop\Reasearch\System-implementation\MaCoDeR\datasets\raw\RAVDESS\Audio_Speech_Actors_01-24\Actor_03\03-01-02-01-01-02-03.wav,calm,274.65775,0.0068556415,-349.9294,62.421486,0.31677863,10.669068,5.1083546,-2.5885098,-12.761922,-5.075874,-1.9668052,-6.291314,3.3330665,-5.8721204,-4.0848966
C:\Users\Sidath Mendis\Desktop\Reasearch\System-implementation\MaCoDeR\datasets\raw\RAVDESS\Audio_Speech_Actors_01-24\Actor_03\03-01-02-01-02-01-03.wav,calm,268.87347,0.008263735,-337.7774,71.501274,-1.0364505,9.681608,11.8833475,-1.9640007,-20.343641,1.600055,-3.325276,-8.641359,6.285798,-7.7494793,-2.606523
C:\Users\Sidath Mendis\Desktop\Reasearch\System-implementation\MaCoDeR\datasets\raw\RAVDESS\Audio_Speech_Actors_01-24\Actor_03\03-01-02-01-02-02-03.wav,calm,274.7741,0.01230255,-330.82346,54.87898,-0.94665104,4.623077,5.761267,0.06480878,-16.534637,-4.167801,-2.9913301,-9.533559,5.800438,-7.0580487,-5.008828
C:\Users\Sidath Mendis\Desktop\Reasearch\System-implementation\MaCoDeR\datasets\raw\RAVDESS\Audio_Speech_Actors_01-24\Actor_03\03-01-02-02-01-01-03.wav,calm,269.7187,0.007805871,-303.68286,80.50826,-15.831248,4.9350986,-0.59913135,-4.680715,-19.925549,-5.395381,-4.2145953,-11.457953,13.990684,-5.9192386,-3.9411294
C:\Users\Sidath Mendis\Desktop\Reasearch\System-implementation\MaCoDeR\datasets\raw\RAVDESS\Audio_Speech_Actors_01-24\Actor_03\03-01-02-02-01-02-03.wav,calm,274.28958,0.009797983,-320.67328,59.35226,-11.230972,7.052178,5.5283365,-3.4559426,-13.628192,-10.241684,-4.705464,-7.292178,4.888458,-5.308111,-2.8448331
C:\Users\Sidath Mendis\Desktop\Reasearch\System-implementation\MaCoDeR\datasets\raw\RAVDESS\Audio_Speech_Actors_01-24\Actor_03\03-01-02-02-02-01-03.wav,calm,276.1299,0.011307569,-321.82855,61.796227,-3.5992315,7.174367,7.366132,0.037976142,-14.940064,-3.0833201,-2.7865038,-8.14397,11.950951,-5.818413,-1.8384904
C:\Users\Sidath Mendis\Desktop\Reasearch\System-implementation\MaCoDeR\datasets\raw\RAVDESS\Audio_Speech_Actors_01-24\Actor_03\03-01-02-02-02-02-03.wav,calm,274.80035,0.01147261,-319.31055,59.35176,-2.7180853,5.5292487,4.7113247,1.0055418,-16.69993,-6.222789,-0.67048603,-8.199925,10.962122,-8.5859785,-2.9971235
C:\Users\Sidath Mendis\Desktop\Reasearch\System-implementation\MaCoDeR\datasets\raw\RAVDESS\Audio_Speech_Actors_01-24\Actor_03\03-01-03-01-01-01-03.wav,happy,274.89407,0.01681252,-314.4318,62.418713,-10.422654,4.583744,3.3849285,-0.81949985,-14.047442,-11.290459,-9.412293,-9.156746,3.8089867,-7.4751067,-5.142444
C:\Users\Sidath Mendis\Desktop\Reasearch\System-implementation\MaCoDeR\datasets\raw\RAVDESS\Audio_Speech_Actors_01-24\Actor_03\03-01-03-01-01-02-03.wav,happy,274.00262,0.013535289,-331.02805,60.042297,-13.127339,-1.5082787,-3.8239784,-0.08242876,-13.794612,-11.445925,-9.528758,-11.950621,2.0204766,-9.762902,-5.478364
C:\Users\Sidath Mendis\Desktop\Reasearch\System-implementation\MaCoDeR\datasets\raw\RAVDESS\Audio_Speech_Actors_01-24\Actor_03\03-01-03-01-02-01-03.wav,happy,274.22415,0.012267435,-342.48184,47.3913,-6.545994,5.063588,1.6119102,-1.896019,-18.546787,-9.952934,-7.9847608,-12.89289,-1.8152341,-10.483725,-5.5571337
C:\Users\Sidath Mendis\Desktop\Reasearch\System-implementation\MaCoDeR\datasets\raw\RAVDESS\Audio_Speech_Actors_01-24\Actor_03\03-01-03-01-02-02-03.wav,happy,274.26785,0.0074029947,-359.23956,52.890564,-3.8151054,2.379026,-1.7449111,3.42342,-16.881487,-9.580489,-6.4145308,-11.025263,1.7924429,-8.781249,-4.270979
C:\Users\Sidath Mendis\Desktop\Reasearch\System-implementation\MaCoDeR\datasets\raw\RAVDESS\Audio_Speech_Actors_01-24\Actor_03\03-01-03-02-01-01-03.wav,happy,269.98456,0.008906309,-340.12625,46.682487,-10.095124,-4.1877775,-8.119682,-1.1614605,-15.675408,-9.910147,-7.7577496,-13.338644,3.856828,-9.011376,-6.5471964
C:\Users\Sidath Mendis\Desktop\Reasearch\System-implementation\MaCoDeR\datasets\raw\RAVDESS\Audio_Speech_Actors_01-24\Actor_03\03-01-03-02-01-02-03.wav,happy,274.64285,0.0141282575,-323.54016,44.288467,-16.90632,-3.5465293,-12.570478,-1.2056872,-13.95659,-12.861631,-11.221936,-15.224035,3.2297633,-10.021192,-6.9288206
C:\Users\Sidath Mendis\Desktop\Reasearch\System-implementation\MaCoDeR\datasets\raw\RAVDESS\Audio_Speech_Actors_01-24\Actor_03\03-01-03-02-02-01-03.wav,happy,270.29578,0.013623877,-295.76218,41.83825,-5.317307,-3.2578385,-10.042332,-0.33228374,-12.243982,-14.550335,-11.553352,-17.775646,-3.0740628,-5.846982,-10.3643875
C:\Users\Sidath Mendis\Desktop\Reasearch\System-implementation\MaCoDeR\datasets\raw\RAVDESS\Audio_Speech_Actors_01-24\Actor_03\03-01-03-02-02-02-03.wav,happy,269.00623,0.012188567,-294.19247,46.391815,-11.255849,-5.9670587,-3.2799873,1.2209755,-15.306035,-9.98651,-9.57162,-12.807639,2.0816514,-10.4022665,-5.5977244
C:\Users\Sidath Mendis\Desktop\Reasearch\System-implementation\MaCoDeR\datasets\raw\RAVDESS\Audio_Speech_Actors_01-24\Actor_03\03-01-04-01-01-01-03.wav,sad,269.8338,0.00517717,-372.67627,75.1743,-2.7903063,9.624564,7.000044,1.4276279,-10.512824,-5.8087816,-4.077668,-7.4131093,0.9154129,-5.3146653,-3.869463
C:\Users\Sidath Mendis\Desktop\Reasearch\System-implementation\MaCoDeR\datasets\raw\RAVDESS\Audio_Speech_Actors_01-24\Actor_03\03-01-04-01-01-02-03.wav,sad,274.4064,0.011175744,-326.8157,73.13756,1.8630126,9.963764,8.041509,-0.51804256,-9.756904,-4.7701035,-1.4486394,-6.0174947,-1.4269166,-3.758455,-3.448934
C:\Users\Sidath Mendis\Desktop\Reasearch\System-implementation\MaCoDeR\datasets\raw\RAVDESS\Audio_Speech_Actors_01-24\Actor_03\03-01-04-01-02-01-03.wav,sad,268.3849,0.0072480496,-340.31256,63.04406,-4.5436044,12.328487,5.895279,-2.0754397,-13.329982,-8.391463,-4.765488,-8.371958,1.4007168,-4.7609396,-4.1459193
C:\Users\Sidath Mendis\Desktop\Reasearch\System-implementation\MaCoDeR\datasets\raw\RAVDESS\Audio_Speech_Actors_01-24\Actor_03\03-01-04-01-02-02-03.wav,sad,275.66653,0.007245249,-344.44315,68.292725,2.3053536,13.427637,6.591049,2.4684186,-15.653624,-6.7549834,-2.7994206,-8.68813,2.22803,-2.6438465,-3.878521
C:\Users\Sidath Mendis\Desktop\Reasearch\System-implementation\MaCoDeR\datasets\raw\RAVDESS\Audio_Speech_Actors_01-24\Actor_03\03-01-04-02-01-01-03.wav,sad,276.04147,0.019455863,-326.10028,60.81916,-14.170774,-1.8657669,-1.6061896,-7.0714626,-17.54004,-16.655193,-16.623268,-19.606728,-4.827207,-8.681572,-10.234793
C:\Users\Sidath Mendis\Desktop\Reasearch\System-implementation\MaCoDeR\datasets\raw\RAVDESS\Audio_Speech_Actors_01-24\Actor_03\03-01-04-02-01-02-03.wav,sad,269.40454,0.016201885,-324.81122,50.104103,-8.678972,5.361173,-0.9363543,-3.2153347,-14.808564,-14.462172,-10.164003,-13.612405,-2.9581938,-10.306524,-10.030118
C:\Users\Sidath Mendis\Desktop\Reasearch\System-implementation\MaCoDeR\datasets\raw\RAVDESS\Audio_Speech_Actors_01-24\Actor_03\03-01-04-02-02-01-03.wav,sad,275.65515,0.0082126,-322.93002,52.213753,-10.568296,7.0564404,5.606814,-0.74599165,-12.402915,-15.223504,-13.148039,-11.943201,-2.7154243,-9.729539,-4.7718105
C:\Users\Sidath Mendis\Desktop\Reasearch\System-implementation\MaCoDeR\datasets\raw\RAVDESS\Audio_Speech_Actors_01-24\Actor_03\03-01-04-02-02-02-03.wav,sad,269.29208,0.014287705,-324.13336,56.512665,-6.448634,8.021736,3.909886,0.78775233,-10.716515,-10.060941,-12.068987,-11.433294,-2.5220728,-6.64615,-5.861659
C:\Users\Sidath Mendis\Desktop\Reasearch\System-implementation\MaCoDeR\datasets\raw\RAVDESS\Audio_Speech_Actors_01-24\Actor_03\03-01-05-01-01-01-03.wav,angry,273.84445,0.005776002,-322.97687,66.77941,3.2154746,18.244734,6.525169,-1.5141196,-6.8244085,-11.26251,-6.1204023,-4.453384,-5.157606,-4.032477,-2.544785
C:\Users\Sidath Mendis\Desktop\Reasearch\System-implementation\MaCoDeR\datasets\raw\RAVDESS\Audio_Speech_Actors_01-24\Actor_03\03-01-05-01-01-02-03.wav,angry,273.92667,0.0072428766,-342.38687,56.83463,-9.604198,13.843972,3.9395895,-3.5818377,-7.659627,-12.343734,-6.4251127,-7.6411424,-8.225974,-4.2265205,-3.674127
C:\Users\Sidath Mendis\Desktop\Reasearch\System-implementation\MaCoDeR\datasets\raw\RAVDESS\Audio_Speech_Actors_01-24\Actor_03\03-01-05-01-02-01-03.wav,angry,274.69165,0.0137348175,-297.69986,59.91976,-10.032405,13.193437,2.3252277,-3.652269,-11.944931,-15.479843,-7.177891,-6.706893,-6.742731,-3.7050781,-1.4483488
C:\Users\Sidath Mendis\Desktop\Reasearch\System-implementation\MaCoDeR\datasets\raw\RAVDESS\Audio_Speech_Actors_01-24\Actor_03\03-01-05-01-02-02-03.wav,angry,274.23892,0.011759058,-307.52536,58.158073,-10.684374,6.499304,0.9555523,-4.4078264,-14.160775,-13.4748,-8.97241,-8.471829,-6.402417,-4.492767,-3.1962285
C:\Users\Sidath Mendis\Desktop\Reasearch\System-implementation\MaCoDeR\datasets\raw\RAVDESS\Audio_Speech_Actors_01-24\Actor_03\03-01-05-02-01-01-03.wav,angry,275.38223,0.008825175,-330.83194,41.721554,-17.881405,9.845036,-11.201362,-2.876,-5.5471597,-15.996077,-4.744018,-7.3046436,-6.8999543,-2.0706592,-4.988757
C:\Users\Sidath Mendis\Desktop\Reasearch\System-implementation\MaCoDeR\datasets\raw\RAVDESS\Audio_Speech_Actors_01-24\Actor_03\03-01-05-02-01-02-03.wav,angry,274.0128,0.008514954,-321.7704,40.236984,-12.970549,9.198214,-4.6846867,-3.715131,-7.1381593,-15.065134,-5.889697,-5.4472246,-6.7736526,-4.2028127,-4.371054
C:\Users\Sidath Mendis\Desktop\Reasearch\System-implementation\MaCoDeR\datasets\raw\RAVDESS\Audio_Speech_Actors_01-24\Actor_03\03-01-05-02-02-01-03.wav,angry,269.11328,0.007894764,-338.0232,46.763027,-13.2308445,6.2799573,-9.562723,-3.9801283,-5.7187233,-15.929573,-8.441673,-5.8392353,-5.920583,-2.7696204,-5.566513
C:\Users\Sidath Mendis\Desktop\Reasearch\System-implementation\MaCoDeR\datasets\raw\RAVDESS\Audio_Speech_Actors_01-24\Actor_03\03-01-05-02-02-02-03.wav,angry,275.52896,0.01176393,-317.08786,41.644882,-13.084024,7.5657973,-11.779683,-3.2854242,-5.0019794,-13.224338,-9.751686,-5.7427034,-3.9486349,-3.2108233,-7.1931214
C:\Users\Sidath Mendis\Desktop\Reasearch\System-implementation\MaCoDeR\datasets\raw\RAVDESS\Audio_Speech_Actors_01-24\Actor_03\03-01-06-01-01-01-03.wav,fearful,270.0034,0.0066072447,-329.0305,63.454533,-1.4036217,11.388001,5.119126,0.27204785,-12.445898,-15.958226,-1.3604237,-5.623588,-3.5474262,-5.9285493,-6.224228
C:\Users\Sidath Mendis\Desktop\Reasearch\System-implementation\MaCoDeR\datasets\raw\RAVDESS\Audio_Speech_Actors_01-24\Actor_03\03-01-06-01-01-02-03.wav,fearful,275.34177,0.00584556,-330.50034,64.92369,-7.3013797,10.047472,3.8955553,-5.6322036,-16.671911,-15.7434435,-4.96596,-9.504448,-6.9772596,-7.2657914,-9.426713
C:\Users\Sidath Mendis\Desktop\Reasearch\System-implementation\MaCoDeR\datasets\raw\RAVDESS\Audio_Speech_Actors_01-24\Actor_03\03-01-06-01-02-01-03.wav,fearful,274.3514,0.012117825,-321.3165,53.228985,-3.8095841,8.827339,1.3522002,-3.20281,-14.516859,-14.41017,-7.5156913,-9.818506,-2.8892107,-5.807409,-8.432908
C:\Users\Sidath Mendis\Desktop\Reasearch\System-implementation\MaCoDeR\datasets\raw\RAVDESS\Audio_Speech_Actors_01-24\Actor_03\03-01-06-01-02-02-03.wav,fearful,270.10333,0.008219304,-348.95914,61.054977,-11.624247,9.925201,3.9340081,-2.1470597,-15.215509,-14.115216,-6.5354233,-8.810173,1.4834564,-4.856945,-5.5262213
C:\Users\Sidath Mendis\Desktop\Reasearch\System-implementation\MaCoDeR\datasets\raw\RAVDESS\Audio_Speech_Actors_01-24\Actor_03\03-01-06-02-01-01-03.wav,fearful,275.4761,0.006911067,-298.15076,67.373146,-11.296155,13.834329,7.6265535,3.132956,-6.3981986,-3.4004323,-7.1137056,-8.399637,9.624342,-7.2394676,-6.4261904
C:\Users\Sidath Mendis\Desktop\Reasearch\System-implementation\MaCoDeR\datasets\raw\RAVDESS\Audio_Speech_Actors_01-24\Actor_03\03-01-06-02-01-02-03.wav,fearful,275.29727,0.009145861,-304.7209,49.681034,-23.181202,2.623418,-4.4553084,-0.58448905,-15.657839,-19.87083,-10.283837,-15.896378,0.94936013,-11.00864,-9.310278
C:\Users\Sidath Mendis\Desktop\Reasearch\System-implementation\MaCoDeR\datasets\raw\RAVDESS\Audio_Speech_Actors_01-24\Actor_03\03-01-06-02-02-01-03.wav,fearful,274.84445,0.009336003,-316.44467,49.59278,-8.15285,7.99151,1.7418263,5.736107,-9.831394,-15.284446,-9.608902,-12.327661,1.674267,-6.4549704,-10.241028
C:\Users\Sidath Mendis\Desktop\Reasearch\System-implementation\MaCoDeR\datasets\raw\RAVDESS\Audio_Speech_Actors_01-24\Actor_03\03-01-06-02-02-02-03.wav,fearful,270.33124,0.011671767,-284.61923,53.41621,-25.460741,-4.0460143,-8.754487,-1.0529765,-21.278868,-14.935613,-13.343115,-19.336655,7.7319098,-6.49344,-10.406181
C:\Users\Sidath Mendis\Desktop\Reasearch\System-implementation\MaCoDeR\datasets\raw\RAVDESS\Audio_Speech_Actors_01-24\Actor_03\03-01-07-01-01-01-03.wav,disgust,269.9623,0.0038798817,-348.90637,62.42395,-10.484186,9.94076,1.1762114,-5.7606134,-8.437291,-7.849988,-6.66159,-0.8201097,0.06757171,-8.02755,-4.8877296
C:\Users\Sidath Mendis\Desktop\Reasearch\System-implementation\MaCoDeR\datasets\raw\RAVDESS\Audio_Speech_Actors_01-24\Actor_03\03-01-07-01-01-02-03.wav,disgust,275.41922,0.006924062,-322.0302,64.067055,-4.1550593,10.677525,5.5743976,-5.3882747,-8.055248,-10.4070835,-8.094344,-3.3821862,-0.6511301,-6.793852,-4.511095
C:\Users\Sidath Mendis\Desktop\Reasearch\System-implementation\MaCoDeR\datasets\raw\RAVDESS\Audio_Speech_Actors_01-24\Actor_03\03-01-07-01-02-01-03.wav,disgust,274.42264,0.006619566,-327.82346,50.52757,1.7280254,13.597336,3.645833,-3.8875227,-14.064738,-6.664172,-3.9679615,-2.5091279,-1.2038915,-9.75927,-4.3279805
C:\Users\Sidath Mendis\Desktop\Reasearch\System-implementation\MaCoDeR\datasets\raw\RAVDESS\Audio_Speech_Actors_01-24\Actor_03\03-01-07-01-02-02-03.wav,disgust,274.89264,0.0082771,-299.73053,56.570194,-13.515378,8.34539,2.7710462,-6.14024,-14.338822,-9.694249,-8.12348,-4.292723,1.5646617,-8.088813,-4.7356896
C:\Users\Sidath Mendis\Desktop\Reasearch\System-implementation\MaCoDeR\datasets\raw\RAVDESS\Audio_Speech_Actors_01-24\Actor_03\03-01-07-02-01-01-03.wav,disgust,275.23032,0.004939218,-330.08157,67.89125,-7.307588,15.085598,4.713898,-9.615209,-11.615055,-5.792936,-3.9315412,-5.1159854,-1.0172259,-7.1979456,-5.3007855
C:\Users\Sidath Mendis\Desktop\Reasearch\System-implementation\MaCoDeR\datasets\raw\RAVDESS\Audio_Speech_Actors_01-24\Actor_03\03-01-07-02-01-02-03.wav,disgust,270.0165,0.008961168,-260.37213,70.211266,-2.8552856,12.239088,-2.8794918,-5.545544,-10.551451,-2.7195652,-3.7161665,-5.400281,2.3537352,-5.192398,-3.3548446
C:\Users\Sidath Mendis\Desktop\Reasearch\System-implementation\MaCoDeR\datasets\raw\RAVDESS\Audio_Speech_Actors_01-24\Actor_03\03-01-07-02-02-01-03.wav,disgust,274.41873,0.008373307,-316.94492,66.93621,-0.6750154,5.629609,-5.468802,-6.4138417,-13.545592,-1.0937097,-7.636963,-11.604573,-3.2730517,-4.9393687,-7.277763
C:\Users\Sidath Mendis\Desktop\Reasearch\System-implementation\MaCoDeR\datasets\raw\RAVDESS\Audio_Speech_Actors_01-24\Actor_03\03-01-07-02-02-02-03.wav,disgust,268.98636,0.008123792,-305.7011,50.141106,-11.495376,4.0819964,-10.351026,-3.414377,-15.020253,-8.296696,-10.111551,-8.503111,-5.3145742,-3.4285805,-6.472902
C:\Users\Sidath Mendis\Desktop\Reasearch\System-implementation\MaCoDeR\datasets\raw\RAVDESS\Audio_Speech_Actors_01-24\Actor_03\03-01-08-01-01-01-03.wav,surprised,273.47168,0.014113154,-327.94125,57.360504,-15.214553,1.2010251,-5.8383393,-3.5513184,-14.903946,-14.010785,-6.61552,-10.389125,-1.1721424,-5.2350516,-4.0035267
C:\Users\Sidath Mendis\Desktop\Reasearch\System-implementation\MaCoDeR\datasets\raw\RAVDESS\Audio_Speech_Actors_01-24\Actor_03\03-01-08-01-01-02-03.wav,surprised,269.74124,0.009825292,-351.40576,51.871582,-5.9014745,8.644476,4.3582797,-2.0441954,-7.865849,-5.8762217,-0.3067373,-5.5759816,0.5368895,-2.182189,-5.5451794
C:\Users\Sidath Mendis\Desktop\Reasearch\System-implementation\MaCoDeR\datasets\raw\RAVDESS\Audio_Speech_Actors_01-24\Actor_03\03-01-08-01-02-01-03.wav,surprised,274.52127,0.009471209,-363.7821,54.735394,-7.5529494,6.3907695,-3.836562,0.27960488,-11.890847,-10.357372,-5.6327424,-9.938418,0.20334351,-1.250379,-6.9644136
C:\Users\Sidath Mendis\Desktop\Reasearch\System-implementation\MaCoDeR\datasets\raw\RAVDESS\Audio_Speech_Actors_01-24\Actor_03\03-01-08-01-02-02-03.wav,surprised,269.2683,0.011705571,-339.9027,58.19291,-16.139074,7.6188693,-1.1422871,-5.518997,-11.781253,-8.105711,-3.0653465,-8.982016,2.6885686,-1.9511257,-5.460927
C:\Users\Sidath Mendis\Desktop\Reasearch\System-implementation\MaCoDeR\datasets\raw\RAVDESS\Audio_Speech_Actors_01-24\Actor_03\03-01-08-02-01-01-03.wav,surprised,270.10666,0.010027038,-359.62228,58.196262,-14.181883,4.5492086,-5.625413,-9.735067,-9.498044,-12.199601,-5.0745363,-12.91986,-3.2024972,-0.47623253,-7.788299
C:\Users\Sidath Mendis\Desktop\Reasearch\System-implementation\MaCoDeR\datasets\raw\RAVDESS\Audio_Speech_Actors_01-24\Actor_03\03-01-08-02-01-02-03.wav,surprised,268.26727,0.0040068515,-380.22766,43.15225,-9.550727,6.9142346,-2.3663492,-7.289834,-7.5033226,-9.242961,-0.06282425,-8.6691,-1.7624563,0.59651643,-7.2920065
C:\Users\Sidath Mendis\Desktop\Reasearch\System-implementation\MaCoDeR\datasets\raw\RAVDESS\Audio_Speech_Actors_01-24\Actor_03\03-01-08-02-02-01-03.wav,surprised,274.22968,0.0066361954,-357.33737,47.076836,-12.145889,-4.691466,-7.6568046,-1.122072,-16.796541,-11.8151455,-2.8555124,-11.926403,-0.5786523,-2.0695555,-6.2272234
C:\Users\Sidath Mendis\Desktop\Reasearch\System-implementation\MaCoDeR\datasets\raw\RAVDESS\Audio_Speech_Actors_01-24\Actor_03\03-01-08-02-02-02-03.wav,surprised,275.35828,0.009256277,-376.16336,52.289127,-8.516227,2.4789042,-2.9718223,-5.037603,-10.75856,-8.645348,-5.31471,-9.242915,-1.704989,-4.475661,-6.3672547
C:\Users\Sidath Mendis\Desktop\Reasearch\System-implementation\MaCoDeR\datasets\raw\RAVDESS\Audio_Speech_Actors_01-24\Actor_04\03-01-01-01-01-01-04.wav,neutral,269.40964,0.010418667,-384.4931,42.93426,-7.2745576,8.977729,-4.170578,-4.9248905,-6.537961,-12.679187,-7.3114715,-3.6008549,-3.2500973,-7.083313,-4.5401716
C:\Users\Sidath Mendis\Desktop\Reasearch\System-implementation\MaCoDeR\datasets\raw\RAVDESS\Audio_Speech_Actors_01-24\Actor_04\03-01-01-01-01-02-04.wav,neutral,275.09906,0.010705318,-395.11118,43.97198,-7.463787,6.148909,-8.039638,-7.6064873,-8.504783,-14.781916,-10.882157,-5.3247323,-4.3787713,-8.113154,-5.3629065
C:\Users\Sidath Mendis\Desktop\Reasearch\System-implementation\MaCoDeR\datasets\raw\RAVDESS\Audio_Speech_Actors_01-24\Actor_04\03-01-01-01-02-01-04.wav,neutral,269.58347,0.006895427,-432.98514,46.50712,-6.7230544,2.049311,-5.955283,-4.557599,-9.712335,-14.664021,-8.840659,-6.059713,-5.4943433,-9.315281,-5.9593353
C:\Users\Sidath Mendis\Desktop\Reasearch\System-implementation\MaCoDeR\datasets\raw\RAVDESS\Audio_Speech_Actors_01-24\Actor_04\03-01-01-01-02-02-04.wav,neutral,268.653,0.007911163,-416.0936,46.6224,-3.2128232,2.1592414,-5.9337497,-4.686239,-8.642963,-14.10784,-9.158597,-5.6859665,-5.028535,-8.541237,-6.1935973
C:\Users\Sidath Mendis\Desktop\Reasearch\System-implementation\MaCoDeR\datasets\raw\RAVDESS\Audio_Speech_Actors_01-24\Actor_04\03-01-02-01-01-01-04.wav,calm,274.17892,0.011139527,-350.5558,51.629906,-10.654974,3.7262268,-10.333008,-7.4556923,-9.549083,-14.666878,-10.906919,-4.82825,-4.0853143,-9.065868,-4.635816
C:\Users\Sidath Mendis\Desktop\Reasearch\System-implementation\MaCoDeR\datasets\raw\RAVDESS\Audio_Speech_Actors_01-24\Actor_04\03-01-02-01-01-02-04.wav,calm,269.62665,0.023601934,-316.61038,54.78945,-17.974659,4.514951,-7.6019006,-6.853135,-10.136917,-13.47278,-8.616735,-3.6340382,-3.3530724,-9.022443,-4.8070836
C:\Users\Sidath Mendis\Desktop\Reasearch\System-implementation\MaCoDeR\datasets\raw\RAVDESS\Audio_Speech_Actors_01-24\Actor_04\03-01-02-01-02-01-04.wav,calm,274.16818,0.025825467,-328.21854,51.3759,-6.0624485,6.6234503,-8.539768,-4.004295,-8.759219,-13.475446,-8.887058,-4.508001,-3.0425632,-7.012759,-2.2210011
C:\Users\Sidath Mendis\Desktop\Reasearch\System-implementation\MaCoDeR\datasets\raw\RAVDESS\Audio_Speech_Actors_01-24\Actor_04\03-01-02-01-02-02-04.wav,calm,275.16907,0.020351306,-313.69925,54.73062,-12.27472,-0.35324356,-7.772832,-5.1279163,-12.276025,-20.516783,-8.8493185,-4.257699,-5.9824424,-8.259951,-6.7506413
C:\Users\Sidath Mendis\Desktop\Reasearch\System-implementation\MaCoDeR\datasets\raw\RAVDESS\Audio_Speech_Actors_01-24\Actor_04\03-01-02-02-01-01-04.wav,calm,274.63367,0.016123712,-327.25232,49.320267,-10.904672,2.5854738,-8.794811,-4.552903,-10.804564,-13.400598,-9.381858,-4.284801,-3.7200196,-10.603786,-5.372887
C:\Users\Sidath Mendis\Desktop\Reasearch\System-implementation\MaCoDeR\datasets\raw\RAVDESS\Audio_Speech_Actors_01-24\Actor_04\03-01-02-02-01-02-04.wav,calm,274.40292,0.016523184,-306.6053,60.61547,-18.470163,3.4609888,-6.0006266,-6.187196,-14.307843,-21.162,-9.90306,-3.9606225,-5.1400924,-9.956863,-2.978397
C:\Users\Sidath Mendis\Desktop\Reasearch\System-implementation\MaCoDeR\datasets\raw\RAVDESS\Audio_Speech_Actors_01-24\Actor_04\03-01-02-02-02-01-04.wav,calm,268.7853,0.01861654,-287.53177,55.380436,-14.584271,4.475887,-9.213383,-4.576474,-12.888386,-19.76373,-5.66795,-3.9381382,-4.8708453,-8.4960785,-3.067794
C:\Users\Sidath Mendis\Desktop\Reasearch\System-implementation\MaCoDeR\datasets\raw\RAVDESS\Audio_Speech_Actors_01-24\Actor_04\03-01-02-02-02-02-04.wav,calm,274.9487,0.012593488,-347.7911,48.528713,-6.304772,1.7821581,-9.877085,-6.1406965,-15.069178,-14.632694,-9.023977,-5.252291,-8.1357975,-11.808278,-4.596909
C:\Users\Sidath Mendis\Desktop\Reasearch\System-implementation\MaCoDeR\datasets\raw\RAVDESS\Audio_Speech_Actors_01-24\Actor_04\03-01-03-01-01-01-04.wav,happy,269.7664,0.008764697,-403.30728,46.445557,-16.175938,6.3346863,-7.7138906,-8.613977,-7.716543,-14.304403,-8.1412525,-4.452998,-7.792503,-8.840263,-6.359795
C:\Users\Sidath Mendis\Desktop\Reasearch\System-implementation\MaCoDeR\datasets\raw\RAVDESS\Audio_Speech_Actors_01-24\Actor_04\03-01-03-01-01-02-04.wav,happy,275.45557,0.008866443,-391.96268,39.636375,-20.287092,5.702582,-6.8105197,-11.35649,-5.139403,-15.260244,-8.590344,-2.9323328,-7.2160573,-7.5635805,-6.9295225
C:\Users\Sidath Mendis\Desktop\Reasearch\System-implementation\MaCoDeR\datasets\raw\RAVDESS\Audio_Speech_Actors_01-24\Actor_04\03-01-03-01-02-01-04.wav,happy,270.20767,0.012646562,-367.5896,44.094635,-12.841682,8.851802,-4.1408362,-7.57577,-3.3067186,-12.536225,-7.0538387,-5.8239183,-4.1522617,-6.5915537,-5.185893
C:\Users\Sidath Mendis\Desktop\Reasearch\System-implementation\MaCoDeR\datasets\raw\RAVDESS\Audio_Speech_Actors_01-24\Actor_04\03-01-03-01-02-02-04.wav,happy,274.91684,0.015789554,-373.35767,43.231174,-15.182761,5.7042065,-3.845373,-9.988028,-5.7680507,-14.328465,-5.5380206,-3.9313366,-5.8390956,-5.6219516,-4.76296
C:\Users\Sidath Mendis\Desktop\Reasearch\System-implementation\MaCoDeR\datasets\raw\RAVDESS\Audio_Speech_Actors_01-24\Actor_04\03-01-03-02-01-01-04.wav,happy,275.5584,0.010851245,-352.94797,34.72144,-23.286217,2.3580856,-6.037968,-8.6032,-4.7190847,-16.445898,-7.563459,-0.08698223,-4.07559,-8.949427,-1.7021711
C:\Users\Sidath Mendis\Desktop\Reasearch\System-implementation\MaCoDeR\datasets\raw\RAVDESS\Audio_Speech_Actors_01-24\Actor_04\03-01-03-02-01-02-04.wav,happy,268.68958,0.0094044935,-389.0277,21.139519,-21.555292,2.100877,-8.45818,-10.92014,-2.0158966,-13.43869,-4.9641995,-3.4350839,-6.6762123,-6.9289203,-6.173523
C:\Users\Sidath Mendis\Desktop\Reasearch\System-implementation\MaCoDeR\datasets\raw\RAVDESS\Audio_Speech_Actors_01-24\Actor_04\03-01-03-02-02-01-04.wav,happy,274.4377,0.010787998,-388.8214,23.300789,-18.062801,1.0941855,-9.181804,-11.704226,-7.67495,-15.642747,-7.8233547,-5.098839,-7.404884,-6.0623627,-6.7945
C:\Users\Sidath Mendis\Desktop\Reasearch\System-implementation\MaCoDeR\datasets\raw\RAVDESS\Audio_Speech_Actors_01-24\Actor_04\03-01-03-02-02-02-04.wav,happy,274.13184,0.007858319,-387.66357,24.793516,-25.70761,0.52359354,-9.254232,-13.261863,-11.202358,-17.998287,-5.2644296,-5.4458256,-9.750964,-11.561938,-6.1689043
C:\Users\Sidath Mendis\Desktop\Reasearch\System-implementation\MaCoDeR\datasets\raw\RAVDESS\Audio_Speech_Actors_01-24\Actor_04\03-01-04-01-01-01-04.wav,sad,274.65393,0.009099097,-390.31662,44.154297,-0.7695371,9.253673,-3.783183,-5.2923164,-4.1421084,-11.635061,-9.185788,-7.2622457,-3.666641,-7.3636675,-6.591631
C:\Users\Sidath Mendis\Desktop\Reasearch\System-implementation\MaCoDeR\datasets\raw\RAVDESS\Audio_Speech_Actors_01-24\Actor_04\03-01-04-01-01-02-04.wav,sad,269.91595,0.010849153,-376.19962,30.812733,-9.237398,0.4680771,-7.2963586,-8.624814,-4.980162,-14.939533,-8.910189,-4.0143685,-4.783864,-6.3318644,-8.213784
C:\Users\Sidath Mendis\Desktop\Reasearch\System-implementation\MaCoDeR\datasets\raw\RAVDESS\Audio_Speech_Actors_01-24\Actor_04\03-01-04-01-02-01-04.wav,sad,274.5259,0.01270822,-374.03146,29.174334,-9.301202,1.7135631,-6.0370717,-12.693982,-6.6146126,-16.797312,-9.780383,-6.466271,-7.623906,-6.9104896,-7.9059434
C:\Users\Sidath Mendis\Desktop\Reasearch\System-implementation\MaCoDeR\datasets\raw\RAVDESS\Audio_Speech_Actors_01-24\Actor_04\03-01-04-01-02-02-04.wav,sad,275.05383,0.008884781,-398.76007,20.895056,-9.512453,-2.4908016,-8.2145,-15.522897,-6.532657,-18.267887,-9.641229,-5.1236253,-8.326989,-6.1638265,-6.9624543
C:\Users\Sidath Mendis\Desktop\Reasearch\System-implementation\MaCoDeR\datasets\raw\RAVDESS\Audio_Speech_Actors_01-24\Actor_04\03-01-04-02-01-01-04.wav,sad,275.00638,0.012173795,-380.62872,20.911833,-21.317019,-0.60956097,-7.5059175,-15.848934,-9.214829,-17.795975,-8.568599,-1.789705,-5.9995832,-3.9804065,-2.78756
C:\Users\Sidath Mendis\Desktop\Reasearch\System-implementation\MaCoDeR\datasets\raw\RAVDESS\Audio_Speech_Actors_01-24\Actor_04\03-01-04-02-01-02-04.wav,sad,275.09933,0.0125336265,-361.27985,17.458506,-14.908232,-2.7058284,-10.538855,-10.712954,-4.0934677,-12.201356,-7.932541,-0.63163495,-1.822285,0.68342346,1.6654292
C:\Users\Sidath Mendis\Desktop\Reasearch\System-implementation\MaCoDeR\datasets\raw\RAVDESS\Audio_Speech_Actors_01-24\Actor_04\03-01-04-02-02-01-04.wav,sad,269.02545,0.012124481,-374.4641,4.621762,-29.532095,-7.478778,-13.878373,-19.614393,-13.992747,-20.348255,-9.624733,-4.3365827,-6.322939,0.9365457,7.3876495
C:\Users\Sidath Mendis\Desktop\Reasearch\System-implementation\MaCoDeR\datasets\raw\RAVDESS\Audio_Speech_Actors_01-24\Actor_04\03-01-04-02-02-02-04.wav,sad,275.9235,0.010978064,-359.94397,10.371183,-25.052898,-2.3355641,-9.799412,-17.97335,-9.226477,-17.65671,-9.360543,-6.7168746,-8.166137,-6.3468027,-0.45799434
C:\Users\Sidath Mendis\Desktop\Reasearch\System-implementation\MaCoDeR\datasets\raw\RAVDESS\Audio_Speech_Actors_01-24\Actor_04\03-01-05-01-01-01-04.wav,angry,274.8961,0.005431063,-393.51294,34.205574,-10.455088,3.2919002,-9.409958,-7.5281434,-7.363871,-13.511052,-8.225048,-5.0386534,-4.298002,-8.199028,-3.7463455
C:\Users\Sidath Mendis\Desktop\Reasearch\System-implementation\MaCoDeR\datasets\raw\RAVDESS\Audio_Speech_Actors_01-24\Actor_04\03-01-05-01-01-02-04.wav,angry,274.6555,0.0075906035,-385.48734,28.846998,-12.098067,2.4300663,-11.566412,-7.382821,-4.1110864,-13.692852,-6.6502805,-3.651648,-3.5020978,-6.025145,-4.433503
C:\Users\Sidath Mendis\Desktop\Reasearch\System-implementation\MaCoDeR\datasets\raw\RAVDESS\Audio_Speech_Actors_01-24\Actor_04\03-01-05-01-02-01-04.wav,angry,275.39572,0.014809173,-375.48514,28.35515,-11.212073,-0.3056631,-10.303315,-10.182581,-7.743776,-16.63668,-9.197369,-6.413819,-4.8877263,-7.786608,-8.337311
C:\Users\Sidath Mendis\Desktop\Reasearch\System-implementation\MaCoDeR\datasets\raw\RAVDESS\Audio_Speech_Actors_01-24\Actor_04\03-01-05-01-02-02-04.wav,angry,274.02066,0.014969334,-350.03226,34.44174,-12.106582,2.0249732,-11.63511,-7.98282,-8.429833,-15.815237,-8.441462,-3.9047265,-3.7777076,-7.9589796,-4.9492364
C:\Users\Sidath Mendis\Desktop\Reasearch\System-implementation\MaCoDeR\datasets\raw\RAVDESS\Audio_Speech_Actors_01-24\Actor_04\03-01-05-02-01-01-04.wav,angry,269.07675,0.006838078,-396.63358,17.078743,-18.997747,0.13165124,-15.076841,-5.8485146,-2.7221537,-16.151583,-3.662458,-7.548866,-3.017821,-4.9005756,-2.016419
C:\Users\Sidath Mendis\Desktop\Reasearch\System-implementation\MaCoDeR\datasets\raw\RAVDESS\Audio_Speech_Actors_01-24\Actor_04\03-01-05-02-01-02-04.wav,angry,274.38208,0.00703937,-383.37906,18.500368,-16.82897,-0.20778629,-15.573719,-7.006858,-5.193699,-16.722635,-5.265569,-4.792329,-3.6874835,-2.62482,-1.4055008
C:\Users\Sidath Mendis\Desktop\Reasearch\System-implementation\MaCoDeR\datasets\raw\RAVDESS\Audio_Speech_Actors_01-24\Actor_04\03-01-05-02-02-01-04.wav,angry,275.31998,0.005483621,-395.64566,11.352522,-17.75301,0.09403553,-13.359734,-11.505841,-7.0176516,-19.16047,-3.7646546,-4.943781,-3.165879,-7.660787,-5.317584
C:\Users\Sidath Mendis\Desktop\Reasearch\System-implementation\MaCoDeR\datasets\raw\RAVDESS\Audio_Speech_Actors_01-24\Actor_04\03-01-05-02-02-02-04.wav,angry,274.2969,0.005527042,-415.78943,12.013588,-19.443048,-7.2163014,-19.932617,-9.410556,-8.407403,-19.104116,-5.662807,-9.2455635,-3.6615982,-4.9568334,-3.1268282
C:\Users\Sidath Mendis\Desktop\Reasearch\System-implementation\MaCoDeR\datasets\raw\RAVDESS\Audio_Speech_Actors_01-24\Actor_04\03-01-06-01-01-01-04.wav,fearful,274.81207,0.011541186,-360.16254,26.454716,-14.584365,0.005432342,-8.514774,-6.439195,-5.73373,-16.837591,-10.86787,-2.7984533,-6.6359267,-7.333718,-5.527714
C:\Users\Sidath Mendis\Desktop\Reasearch\System-implementation\MaCoDeR\datasets\raw\RAVDESS\Audio_Speech_Actors_01-24\Actor_04\03-01-06-01-01-02-04.wav,fearful,274.2721,0.013248131,-354.27808,26.45157,-19.33491,3.4997509,-9.03883,-9.2100315,-5.818951,-14.695152,-9.383957,-3.6379137,-8.01144,-6.721807,-6.183548
C:\Users\Sidath Mendis\Desktop\Reasearch\System-implementation\MaCoDeR\datasets\raw\RAVDESS\Audio_Speech_Actors_01-24\Actor_04\03-01-06-01-02-01-04.wav,fearful,275.1563,0.014284558,-365.51303,27.383656,-13.845182,0.9721354,-5.3332334,-9.02961,-7.55615,-16.87986,-8.847161,-3.0903883,-8.034658,-6.3768425,-7.830512
C:\Users\Sidath Mendis\Desktop\Reasearch\System-implementation\MaCoDeR\datasets\raw\RAVDESS\Audio_Speech_Actors_01-24\Actor_04\03-01-06-01-02-02-04.wav,fearful,274.43982,0.014943396,-357.65848,26.722328,-11.747662,-1.1329106,-6.9620004,-7.84423,-5.9756174,-15.200843,-11.389805,-4.2455034,-7.252173,-7.8785872,-6.944064
C:\Users\Sidath Mendis\Desktop\Reasearch\System-implementation\MaCoDeR\datasets\raw\RAVDESS\Audio_Speech_Actors_01-24\Actor_04\03-01-06-02-01-01-04.wav,fearful,269.1573,0.0136690065,-315.51614,6.668192,-17.380903,0.7678309,-5.946579,-3.8148632,-6.4221606,-17.368046,-6.747866,1.1414886,-2.3264804,-0.10881132,9.668005
C:\Users\Sidath Mendis\Desktop\Reasearch\System-implementation\MaCoDeR\datasets\raw\RAVDESS\Audio_Speech_Actors_01-24\Actor_04\03-01-06-02-01-02-04.wav,fearful,274.93677,0.010623743,-365.2657,16.975613,-17.70578,-2.5899851,-10.445666,-5.972775,-5.137366,-13.530624,-10.611827,-5.409188,-6.0235515,0.008023216,5.2528005
C:\Users\Sidath Mendis\Desktop\Reasearch\System-implementation\MaCoDeR\datasets\raw\RAVDESS\Audio_Speech_Actors_01-24\Actor_04\03-01-06-02-02-01-04.wav,fearful,275.2441,0.013433999,-366.04126,17.545923,-17.301336,-6.3568754,-15.193071,-8.273633,-10.430403,-15.404466,-8.748728,-7.292274,-8.275878,-6.206343,0.761765
C:\Users\Sidath Mendis\Desktop\Reasearch\System-implementation\MaCoDeR\datasets\raw\RAVDESS\Audio_Speech_Actors_01-24\Actor_04\03-01-06-02-02-02-04.wav,fearful,273.6373,0.00923905,-385.63004,15.033666,-17.468126,-8.893362,-11.907526,-10.659395,-8.692335,-14.220006,-7.606932,-5.5634685,-6.3371787,-4.788861,0.5511876
C:\Users\Sidath Mendis\Desktop\Reasearch\System-implementation\MaCoDeR\datasets\raw\RAVDESS\Audio_Speech_Actors_01-24\Actor_04\03-01-07-01-01-01-04.wav,disgust,275.85556,0.010895813,-365.76797,45.33525,-4.4751697,1.8758888,-4.229501,-4.0150123,-4.042882,-7.677704,-10.802532,-2.930701,-3.4347339,-6.7044926,-4.0754805
C:\Users\Sidath Mendis\Desktop\Reasearch\System-implementation\MaCoDeR\datasets\raw\RAVDESS\Audio_Speech_Actors_01-24\Actor_04\03-01-07-01-01-02-04.wav,disgust,269.98798,0.014822502,-345.86386,44.845543,-7.845333,3.4191222,-6.7085395,-7.139817,-12.087419,-12.093906,-10.35376,-0.99204123,-7.046266,-6.989454,-4.2046933
C:\Users\Sidath Mendis\Desktop\Reasearch\System-implementation\MaCoDeR\datasets\raw\RAVDESS\Audio_Speech_Actors_01-24\Actor_04\03-01-07-01-02-01-04.wav,disgust,268.49918,0.012491705,-379.09448,33.320942,-9.141923,-2.2073753,-3.9124007,-9.170167,-7.773767,-13.806401,-7.9097414,-3.772444,-5.9931836,-6.661028,-4.3904324
C:\Users\Sidath Mendis\Desktop\Reasearch\System-implementation\MaCoDeR\datasets\raw\RAVDESS\Audio_Speech_Actors_01-24\Actor_04\03-01-07-01-02-02-04.wav,disgust,274.84726,0.009159438,-382.47763,26.708378,-7.2052693,1.3545463,0.117195405,-8.937725,-5.732674,-10.572844,-3.6312602,-1.271557,-4.986189,-3.5710044,-1.7439243
C:\Users\Sidath Mendis\Desktop\Reasearch\System-implementation\MaCoDeR\datasets\raw\RAVDESS\Audio_Speech_Actors_01-24\Actor_04\03-01-07-02-01-01-04.wav,disgust,275.08215,0.011921056,-369.65115,24.970222,-7.889403,3.6815534,-6.5542326,-5.847499,-4.6020036,-12.381574,-7.8906026,-4.564124,-3.7703216,-5.502883,-3.9235165
C:\Users\Sidath Mendis\Desktop\Reasearch\System-implementation\MaCoDeR\datasets\raw\RAVDESS\Audio_Speech_Actors_01-24\Actor_04\03-01-07-02-01-02-04.wav,disgust,274.9541,0.013226189,-360.75214,25.390278,-9.163462,0.8634014,-7.748204,-5.5317936,-5.484213,-9.325698,-10.822277,-4.0592685,-4.593663,-4.9421434,-5.3608184
C:\Users\Sidath Mendis\Desktop\Reasearch\System-implementation\MaCoDeR\datasets\raw\RAVDESS\Audio_Speech_Actors_01-24\Actor_04\03-01-07-02-02-01-04.wav,disgust,270.11362,0.01692635,-349.20898,29.512745,-11.008967,-2.7962208,-6.4367995,-9.781472,-9.80928,-17.477474,-14.033824,-3.490039,-7.8689923,-10.347181,-5.08434
C:\Users\Sidath Mendis\Desktop\Reasearch\System-implementation\MaCoDeR\datasets\raw\RAVDESS\Audio_Speech_Actors_01-24\Actor_04\03-01-07-02-02-02-04.wav,disgust,275.2595,0.011101974,-371.68643,28.220617,-9.753431,-5.6995435,-10.860774,-9.032715,-12.176502,-17.008005,-13.10613,-4.3171234,-8.805315,-9.82459,-5.1719685
C:\Users\Sidath Mendis\Desktop\Reasearch\System-implementation\MaCoDeR\datasets\raw\RAVDESS\Audio_Speech_Actors_01-24\Actor_04\03-01-08-01-01-01-04.wav,surprised,269.9703,0.015108312,-373.32507,38.87973,-12.866605,1.0386298,-8.010663,-9.956302,-7.2982516,-14.28893,-9.076165,-5.3666058,-6.4860234,-8.550782,-6.6763024
C:\Users\Sidath Mendis\Desktop\Reasearch\System-implementation\MaCoDeR\datasets\raw\RAVDESS\Audio_Speech_Actors_01-24\Actor_04\03-01-08-01-01-02-04.wav,surprised,275.13028,0.014673436,-378.547,34.628197,-13.153769,0.966177,-9.562156,-10.736145,-6.4449954,-16.658524,-8.532528,-5.1483235,-7.0458355,-8.75882,-7.1568637
C:\Users\Sidath Mendis\Desktop\Reasearch\System-implementation\MaCoDeR\datasets\raw\RAVDESS\Audio_Speech_Actors_01-24\Actor_04\03-01-08-01-02-01-04.wav,surprised,276.4876,0.011099497,-378.0236,36.45198,-8.997946,-2.8923056,-9.292504,-12.401765,-9.327459,-17.534666,-8.068564,-5.406527,-8.5558405,-8.800332,-6.781504
C:\Users\Sidath Mendis\Desktop\Reasearch\System-implementation\MaCoDeR\datasets\raw\RAVDESS\Audio_Speech_Actors_01-24\Actor_04\03-01-08-01-02-02-04.wav,surprised,275.11734,0.010350287,-390.2855,34.550167,-13.847545,-3.5208895,-12.19526,-11.7945385,-8.195071,-19.833431,-9.118532,-4.220745,-9.021542,-10.332403,-7.7124095
C:\Users\Sidath Mendis\Desktop\Reasearch\System-implementation\MaCoDeR\datasets\raw\RAVDESS\Audio_Speech_Actors_01-24\Actor_04\03-01-08-02-01-01-04.wav,surprised,268.99747,0.009226743,-386.56738,26.173935,-20.055986,-3.0713708,-13.245497,-11.544784,-5.0240655,-18.547415,-7.6098385,-2.2313173,-6.4483123,-3.9942243,-0.81132615
C:\Users\Sidath Mendis\Desktop\Reasearch\System-implementation\MaCoDeR\datasets\raw\RAVDESS\Audio_Speech_Actors_01-24\Actor_04\03-01-08-02-01-02-04.wav,surprised,269.3139,0.016482461,-351.4816,22.472435,-16.769917,-4.489789,-12.413189,-11.252778,-9.707646,-18.954952,-6.2976475,-1.4862946,-3.910358,-2.1672752,-0.7729419
C:\Users\Sidath Mendis\Desktop\Reasearch\System-implementation\MaCoDeR\datasets\raw\RAVDESS\Audio_Speech_Actors_01-24\Actor_04\03-01-08-02-02-01-04.wav,surprised,275.35022,0.019539801,-351.58902,27.006504,-14.196356,-3.0866373,-10.475183,-10.80361,-9.857099,-14.995303,-5.0062213,-4.3577785,-6.183481,-3.5786524,-1.8976933
C:\Users\Sidath Mendis\Desktop\Reasearch\System-implementation\MaCoDeR\datasets\raw\RAVDESS\Audio_Speech_Actors_01-24\Actor_04\03-01-08-02-02-02-04.wav,surprised,275.04898,0.009845911,-390.4594,24.697905,-14.503859,-5.963708,-13.367879,-11.233028,-11.204812,-20.215559,-6.724523,-7.657445,-9.250828,-7.1406946,-4.010658
C:\Users\Sidath Mendis\Desktop\Reasearch\System-implementation\MaCoDeR\datasets\raw\RAVDESS\Audio_Speech_Actors_01-24\Actor_05\03-01-01-01-01-01-05.wav,neutral,268.58102,0.0051677763,-391.55032,68.36094,7.9891715,15.139792,11.715776,0.4309835,1.002559,-2.7731187,-0.12734634,1.8932493,2.404442,1.5577693,-0.20470916
C:\Users\Sidath Mendis\Desktop\Reasearch\System-implementation\MaCoDeR\datasets\raw\RAVDESS\Audio_Speech_Actors_01-24\Actor_05\03-01-01-01-01-02-05.wav,neutral,268.65167,0.0034324443,-409.38403,71.229095,4.7060738,19.485659,11.931987,3.1546226,3.061024,-3.3929615,1.6570357,4.184659,4.104266,2.881953,0.25060752
C:\Users\Sidath Mendis\Desktop\Reasearch\System-implementation\MaCoDeR\datasets\raw\RAVDESS\Audio_Speech_Actors_01-24\Actor_05\03-01-01-01-02-01-05.wav,neutral,274.63144,0.008472487,-371.3939,65.14186,3.054288,17.502033,8.701955,-0.26920968,2.5011368,-5.7337933,-6.40291,3.139677,1.9973488,1.6530602,-0.49405488
C:\Users\Sidath Mendis\Desktop\Reasearch\System-implementation\MaCoDeR\datasets\raw\RAVDESS\Audio_Speech_Actors_01-24\Actor_05\03-01-01-01-02-02-05.wav,neutral,270.12155,0.009777504,-373.38443,69.372475,9.14582,17.470062,9.558502,1.2618629,3.4300098,-6.9391947,-2.3572764,3.455014,1.8219101,4.073016,0.64530075
C:\Users\Sidath Mendis\Desktop\Reasearch\System-implementation\MaCoDeR\datasets\raw\RAVDESS\Audio_Speech_Actors_01-24\Actor_05\03-01-02-01-01-01-05.wav,calm,274.41235,0.004894079,-375.55557,74.417595,9.957227,20.32336,5.894671,1.8330771,-0.5805243,-0.18544364,1.4413656,3.139661,3.402831,3.802841,-1.428909
C:\Users\Sidath Mendis\Desktop\Reasearch\System-implementation\MaCoDeR\datasets\raw\RAVDESS\Audio_Speech_Actors_01-24\Actor_05\03-01-02-01-01-02-05.wav,calm,274.83875,0.006537764,-356.63284,69.54775,14.766401,25.346928,6.1080494,4.687026,2.77475,0.20582005,4.714936,3.7340157,3.453125,6.1687093,-2.1829302
C:\Users\Sidath Mendis\Desktop\Reasearch\System-implementation\MaCoDeR\datasets\raw\RAVDESS\Audio_Speech_Actors_01-24\Actor_05\03-01-02-01-02-01-05.wav,calm,274.7566,0.007669483,-359.42444,71.51419,13.281766,20.926575,4.225774,5.020921,0.2773631,-2.9737003,-0.48456404,6.272965,3.8595622,3.5259342,-0.46601194
C:\Users\Sidath Mendis\Desktop\Reasearch\System-implementation\MaCoDeR\datasets\raw\RAVDESS\Audio_Speech_Actors_01-24\Actor_05\03-01-02-01-02-02-05.wav,calm,274.8862,0.010140493,-363.72488,66.41769,13.519736,15.2070675,1.55435,4.6306133,-2.0806727,-2.9759607,-1.149054,4.765396,4.1030827,1.2741803,-0.8513596
C:\Users\Sidath Mendis\Desktop\Reasearch\System-implementation\MaCoDeR\datasets\raw\RAVDESS\Audio_Speech_Actors_01-24\Actor_05\03-01-02-02-01-01-05.wav,calm,268.5788,0.012203696,-310.4706,68.302605,8.868507,21.326395,6.6842155,3.9150271,-0.17241092,1.2478185,2.4974973,4.4833527,5.462349,4.299603,-1.694404
C:\Users\Sidath Mendis\Desktop\Reasearch\System-implementation\MaCoDeR\datasets\raw\RAVDESS\Audio_Speech_Actors_01-24\Actor_05\03-01-02-02-01-02-05.wav,calm,268.60028,0.005519059,-367.79117,61.05521,16.276302,22.374853,8.566931,5.714802,0.9183313,-0.13286166,4.5178733,7.5325694,6.360081,4.519873,0.143761
C:\Users\Sidath Mendis\Desktop\Reasearch\System-implementation\MaCoDeR\datasets\raw\RAVDESS\Audio_Speech_Actors_01-24\Actor_05\03-01-02-02-02-01-05.wav,calm,275.3645,0.009799529,-345.40988,64.264,17.97597,23.658867,3.8145378,1.9258772,1.1887455,-1.0535557,1.8170179,8.370338,2.8774743,4.7186985,-2.853634
C:\Users\Sidath Mendis\Desktop\Reasearch\System-implementation\MaCoDeR\datasets\raw\RAVDESS\Audio_Speech_Actors_01-24\Actor_05\03-01-02-02-02-02-05.wav,calm,269.0587,0.0055794152,-372.8296,62.9809,20.787813,25.956495,8.524117,4.7633624,1.6989222,-3.278179,3.2695615,9.374278,3.624204,5.2965193,-1.6630043
C:\Users\Sidath Mendis\Desktop\Reasearch\System-implementation\MaCoDeR\datasets\raw\RAVDESS\Audio_Speech_Actors_01-24\Actor_05\03-01-03-01-01-01-05.wav,happy,269.51413,0.0044585266,-397.60098,65.55761,4.39775,15.490563,9.0713825,1.6905048,-0.5467856,-1.078731,-10.267439,-3.2622569,6.100595,-2.436399,-1.7463968
C:\Users\Sidath Mendis\Desktop\Reasearch\System-implementation\MaCoDeR\datasets\raw\RAVDESS\Audio_Speech_Actors_01-24\Actor_05\03-01-03-01-01-02-05.wav,happy,274.7717,0.0059144828,-393.88138,62.273285,-0.5966101,14.28058,10.207513,0.40063083,-0.36432377,0.46730128,-5.1735463,0.35380855,4.0530567,-1.1980866,-1.6482729
C:\Users\Sidath Mendis\Desktop\Reasearch\System-implementation\MaCoDeR\datasets\raw\RAVDESS\Audio_Speech_Actors_01-24\Actor_05\03-01-03-01-02-01-05.wav,happy,268.23373,0.009687918,-367.35297,53.67715,7.8891654,15.003612,7.496662,0.60752594,0.40647605,-3.7849054,-3.1647792,0.14728552,2.2793972,-1.1397792,-1.4636347
C:\Users\Sidath Mendis\Desktop\Reasearch\System-implementation\MaCoDeR\datasets\raw\RAVDESS\Audio_Speech_Actors_01-24\Actor_05\03-01-03-01-02-02-05.wav,happy,274.0422,0.0087703755,-364.45355,68.37136,0.24628837,11.8897085,2.9513836,-2.5870557,-3.4354706,-5.571573,-8.305637,-0.8914386,2.6468205,-3.3499775,-1.1202807
C:\Users\Sidath Mendis\Desktop\Reasearch\System-implementation\MaCoDeR\datasets\raw\RAVDESS\Audio_Speech_Actors_01-24\Actor_05\03-01-03-02-01-01-05.wav,happy,269.79837,0.011828714,-328.98563,52.441956,3.3628879,7.6039577,-2.6698925,-1.6701897,-5.894978,-4.3877897,-9.923695,-7.1960244,2.2555811,-5.330919,-4.4536304
C:\Users\Sidath Mendis\Desktop\Reasearch\System-implementation\MaCoDeR\datasets\raw\RAVDESS\Audio_Speech_Actors_01-24\Actor_05\03-01-03-02-01-02-05.wav,happy,273.736,0.0114013525,-351.22168,58.01514,-11.591911,2.8711553,2.0050545,-3.010683,-9.0034075,-2.9245546,-11.9044485,-6.3139687,5.1597815,-6.071684,-2.4158807
C:\Users\Sidath Mendis\Desktop\Reasearch\System-implementation\MaCoDeR\datasets\raw\RAVDESS\Audio_Speech_Actors_01-24\Actor_05\03-01-03-02-02-01-05.wav,happy,269.7324,0.007553544,-378.82178,59.837933,-2.8376873,8.135035,4.0089793,-2.2829888,-7.623981,-7.147433,-16.505234,-4.884724,3.1197538,-6.729406,-4.807906
C:\Users\Sidath Mendis\Desktop\Reasearch\System-implementation\MaCoDeR\datasets\raw\RAVDESS\Audio_Speech_Actors_01-24\Actor_05\03-01-03-02-02-02-05.wav,happy,274.69855,0.005210776,-396.85367,43.991817,-0.28653172,5.565064,0.9160995,-0.7706405,-5.6607456,-4.331174,-9.818234,-8.509373,2.0153704,-5.190903,-4.9647474
C:\Users\Sidath Mendis\Desktop\Reasearch\System-implementation\MaCoDeR\datasets\raw\RAVDESS\Audio_Speech_Actors_01-24\Actor_05\03-01-04-01-01-01-05.wav,sad,274.455,0.008487509,-350.3536,74.773994,16.916862,21.831789,12.460757,4.511531,3.780298,-4.479943,2.1247933,4.47221,1.2850411,5.9768443,-0.36585897
C:\Users\Sidath Mendis\Desktop\Reasearch\System-implementation\MaCoDeR\datasets\raw\RAVDESS\Audio_Speech_Actors_01-24\Actor_05\03-01-04-01-01-02-05.wav,sad,274.7941,0.0059448583,-347.22546,75.41075,8.608349,22.109093,10.721553,2.3472939,1.0529569,-4.0762005,-0.35493225,6.6348844,1.8237797,2.5988564,-2.6520987
C:\Users\Sidath Mendis\Desktop\Reasearch\System-implementation\MaCoDeR\datasets\raw\RAVDESS\Audio_Speech_Actors_01-24\Actor_05\03-01-04-01-02-01-05.wav,sad,273.9286,0.014329639,-331.8084,65.79871,14.874018,18.302795,12.032691,5.5936284,2.066555,-4.6448636,-2.8962889,6.4729247,3.134517,1.0254155,-2.3782694
C:\Users\Sidath Mendis\Desktop\Reasearch\System-implementation\MaCoDeR\datasets\raw\RAVDESS\Audio_Speech_Actors_01-24\Actor_05\03-01-04-01-02-02-05.wav,sad,274.3057,0.008084282,-335.23022,75.938835,17.748379,21.577127,10.450659,2.7912765,3.1924114,-5.059121,-0.30111638,7.256987,3.6705422,2.9588935,-1.576918
C:\Users\Sidath Mendis\Desktop\Reasearch\System-implementation\MaCoDeR\datasets\raw\RAVDESS\Audio_Speech_Actors_01-24\Actor_05\03-01-04-02-01-01-05.wav,sad,269.1088,0.0066517433,-379.9735,71.92843,13.545238,21.100002,9.0789995,2.0774856,-0.5501985,-1.5731431,-0.37177143,0.9468126,1.2274373,0.7844956,-2.2259657
C:\Users\Sidath Mendis\Desktop\Reasearch\System-implementation\MaCoDeR\datasets\raw\RAVDESS\Audio_Speech_Actors_01-24\Actor_05\03-01-04-02-01-02-05.wav,sad,274.71915,0.009954302,-354.3762,72.20432,5.9516835,24.846876,13.796191,4.6416683,-4.295748,-1.4608276,-0.6657707,1.188372,2.165728,0.29180717,-1.6728888
C:\Users\Sidath Mendis\Desktop\Reasearch\System-implementation\MaCoDeR\datasets\raw\RAVDESS\Audio_Speech_Actors_01-24\Actor_05\03-01-04-02-02-01-05.wav,sad,269.77927,0.004567072,-400.13605,57.30208,7.2306085,20.159079,6.04226,0.99578303,-1.6510485,-3.7017446,-0.46868545,0.6529429,2.240543,-0.44549474,-2.547025
C:\Users\Sidath Mendis\Desktop\Reasearch\System-implementation\MaCoDeR\datasets\raw\RAVDESS\Audio_Speech_Actors_01-24\Actor_05\03-01-04-02-02-02-05.wav,sad,274.07925,0.005703269,-406.22583,67.098816,4.5237203,17.891768,11.065869,2.8260741,-0.60551053,-2.1759782,-3.9314823,1.5262469,4.3472834,0.73753136,-2.622082
C:\Users\Sidath Mendis\Desktop\Reasearch\System-implementation\MaCoDeR\datasets\raw\RAVDESS\Audio_Speech_Actors_01-24\Actor_05\03-01-05-01-01-01-05.wav,angry,269.38626,0.0043662777,-402.15677,57.402336,-12.861926,6.9745736,5.5575023,-13.368005,-4.748325,-3.1927059,-7.3058176,-4.7721963,1.4820015,-3.0127788,-2.5086632
C:\Users\Sidath Mendis\Desktop\Reasearch\System-implementation\MaCoDeR\datasets\raw\RAVDESS\Audio_Speech_Actors_01-24\Actor_05\03-01-05-01-01-02-05.wav,angry,274.31235,0.00426536,-411.6552,53.61569,-3.3639615,14.486694,7.047398,-9.573702,-3.5817797,0.48442143,-3.1737955,-2.1677034,2.0280647,-0.65570164,-0.9145612
C:\Users\Sidath Mendis\Desktop\Reasearch\System-implementation\MaCoDeR\datasets\raw\RAVDESS\Audio_Speech_Actors_01-24\Actor_05\03-01-05-01-02-01-05.wav,angry,274.7079,0.011939873,-319.60724,75.535324,6.918883,9.33725,8.847603,-7.298743,-0.06887805,-6.846484,-6.0127745,1.3507578,2.3913128,0.72717935,3.0961456
C:\Users\Sidath Mendis\Desktop\Reasearch\System-implementation\MaCoDeR\datasets\raw\RAVDESS\Audio_Speech_Actors_01-24\Actor_05\03-01-05-01-02-02-05.wav,angry,274.32812,0.016437124,-316.27222,68.2817,-0.23444356,13.09045,4.1463223,-9.643879,0.544405,-6.699572,-5.5980425,-1.4942663,0.6873677,1.5369953,-3.6222155
C:\Users\Sidath Mendis\Desktop\Reasearch\System-implementation\MaCoDeR\datasets\raw\RAVDESS\Audio_Speech_Actors_01-24\Actor_05\03-01-05-02-01-01-05.wav,angry,268.55728,0.015446822,-326.56064,34.256428,-17.813843,1.6445553,-1.4034634,-10.599476,-11.906976,-2.3656273,-9.861035,-5.022519,0.305863,-3.8414156,-3.687164
C:\Users\Sidath Mendis\Desktop\Reasearch\System-implementation\MaCoDeR\datasets\raw\RAVDESS\Audio_Speech_Actors_01-24\Actor_05\03-01-05-02-01-02-05.wav,angry,273.64218,0.008161522,-377.234,38.486977,-9.673045,5.3552246,-0.7874867,-9.335597,-9.317086,-3.5473106,-6.957916,-5.2747674,0.82474184,-3.5363488,-2.7486584
C:\Users\Sidath Mendis\Desktop\Reasearch\System-implementation\MaCoDeR\datasets\raw\RAVDESS\Audio_Speech_Actors_01-24\Actor_05\03-01-05-02-02-01-05.wav,angry,276.12598,0.011989315,-349.36728,30.031206,-10.444896,-3.1150222,0.19722423,-9.963837,-14.11378,-2.31856,-10.919786,-7.2998095,4.090269,-1.4101475,-4.507715
C:\Users\Sidath Mendis\Desktop\Reasearch\System-implementation\MaCoDeR\datasets\raw\RAVDESS\Audio_Speech_Actors_01-24\Actor_05\03-01-05-02-02-02-05.wav,angry,274.37045,0.01198049,-343.81714,30.301907,-15.451941,-4.369332,-2.1417975,-9.978173,-12.471821,-0.4193008,-13.282942,-9.884019,4.1306815,-2.813177,-3.861857
C:\Users\Sidath Mendis\Desktop\Reasearch\System-implementation\MaCoDeR\datasets\raw\RAVDESS\Audio_Speech_Actors_01-24\Actor_05\03-01-06-01-01-01-05.wav,fearful,274.69556,0.0051972023,-411.4622,54.092087,3.1520498,10.840099,3.361408,-5.168107,-4.502858,-1.4114493,-0.65726596,-1.023144,-0.87738144,0.64696044,-3.6756268
C:\Users\Sidath Mendis\Desktop\Reasearch\System-implementation\MaCoDeR\datasets\raw\RAVDESS\Audio_Speech_Actors_01-24\Actor_05\03-01-06-01-01-02-05.wav,fearful,274.8265,0.004799235,-398.88177,50.462704,3.6729524,12.293158,6.0008135,-4.009099,-2.9878192,-3.309136,-2.533713,-0.77483565,-0.77053934,0.40152568,-3.8038287
C:\Users\Sidath Mendis\Desktop\Reasearch\System-implementation\MaCoDeR\datasets\raw\RAVDESS\Audio_Speech_Actors_01-24\Actor_05\03-01-06-01-02-01-05.wav,fearful,274.46335,0.009200576,-394.54813,61.634018,7.8993826,16.909286,7.991396,0.050991733,-0.347365,-2.1838048,-1.247833,2.9752407,2.3594925,2.0443878,-1.6755623
C:\Users\Sidath Mendis\Desktop\Reasearch\System-implementation\MaCoDeR\datasets\raw\RAVDESS\Audio_Speech_Actors_01-24\Actor_05\03-01-06-01-02-02-05.wav,fearful,275.5055,0.004458514,-417.86392,53.23849,0.57082605,10.068679,2.8886933,-6.5185227,-4.004351,-4.1637015,-4.6413164,-2.85421,-0.81788564,-0.9072121,-2.8177445
C:\Users\Sidath Mendis\Desktop\Reasearch\System-implementation\MaCoDeR\datasets\raw\RAVDESS\Audio_Speech_Actors_01-24\Actor_05\03-01-06-02-01-01-05.wav,fearful,280.45566,0.013095183,-351.86758,33.861633,-15.337205,-1.8570204,-3.0362053,-7.434628,-12.857091,-8.509115,-7.4595146,-7.4227166,-0.781786,-2.888884,-5.648055
C:\Users\Sidath Mendis\Desktop\Reasearch\System-implementation\MaCoDeR\datasets\raw\RAVDESS\Audio_Speech_Actors_01-24\Actor_05\03-01-06-02-01-02-05.wav,fearful,275.37204,0.01215156,-324.68185,44.73647,-20.347181,2.2637036,-4.6356764,-7.9462786,-16.357344,-13.356622,-10.222764,-8.800164,1.3598037,-5.6383224,-6.4320164
C:\Users\Sidath Mendis\Desktop\Reasearch\System-implementation\MaCoDeR\datasets\raw\RAVDESS\Audio_Speech_Actors_01-24\Actor_05\03-01-06-02-02-01-05.wav,fearful,275.58847,0.0066982755,-404.42014,32.81452,-9.543589,4.327935,-0.4066989,-8.066126,-9.619814,-4.9463735,-12.629442,-8.612478,-0.33967593,-4.6356463,-6.7591786
C:\Users\Sidath Mendis\Desktop\Reasearch\System-implementation\MaCoDeR\datasets\raw\RAVDESS\Audio_Speech_Actors_01-24\Actor_05\03-01-06-02-02-02-05.wav,fearful,269.7785,0.014124342,-341.84656,43.444614,-14.952087,2.0362544,-3.5672255,-6.5545955,-14.047052,-12.088762,-9.804027,-12.164197,-0.72189975,-6.4855695,-8.327797
C:\Users\Sidath Mendis\Desktop\Reasearch\System-implementation\MaCoDeR\datasets\raw\RAVDESS\Audio_Speech_Actors_01-24\Actor_05\03-01-07-01-01-01-05.wav,disgust,269.0285,0.00526889,-366.51956,55.841908,11.068946,19.20832,5.818289,0.39815876,1.9675094,-0.49851617,1.7572703,3.9008648,7.268509,3.445917,0.5199958
C:\Users\Sidath Mendis\Desktop\Reasearch\System-implementation\MaCoDeR\datasets\raw\RAVDESS\Audio_Speech_Actors_01-24\Actor_05\03-01-07-01-01-02-05.wav,disgust,274.69235,0.0036213975,-377.18506,45.268482,7.3941183,14.994179,2.149397,-3.5114408,-0.22264922,1.7752473,1.4187175,3.2805321,6.5792866,3.5661976,0.23060279
C:\Users\Sidath Mendis\Desktop\Reasearch\System-implementation\MaCoDeR\datasets\raw\RAVDESS\Audio_Speech_Actors_01-24\Actor_05\03-01-07-01-02-01-05.wav,disgust,274.58847,0.008967602,-353.76297,55.858917,13.1045475,12.977493,5.183434,0.58477765,4.644188,-4.648084,-1.5815703,2.3232172,8.444808,3.477555,0.28386006
C:\Users\Sidath Mendis\Desktop\Reasearch\System-implementation\MaCoDeR\datasets\raw\RAVDESS\Audio_Speech_Actors_01-24\Actor_05\03-01-07-01-02-02-05.wav,disgust,268.94418,0.0052973386,-399.4804,48.831722,11.084879,11.569359,2.1431713,-0.3711474,1.7620173,-5.2868752,-2.5022633,0.7257916,3.8854427,0.7380534,-0.52172863
C:\Users\Sidath Mendis\Desktop\Reasearch\System-implementation\MaCoDeR\datasets\raw\RAVDESS\Audio_Speech_Actors_01-24\Actor_05\03-01-07-02-01-01-05.wav,disgust,268.52164,0.008337566,-340.30692,60.231503,7.3857737,17.796082,-0.85974056,-6.0159163,-1.2759824,-3.8191328,-0.030298263,-3.0212915,1.6554766,3.501111,-3.6027312
C:\Users\Sidath Mendis\Desktop\Reasearch\System-implementation\MaCoDeR\datasets\raw\RAVDESS\Audio_Speech_Actors_01-24\Actor_05\03-01-07-02-01-02-05.wav,disgust,268.51285,0.009831325,-330.3082,48.639202,2.4192517,12.627031,-2.2152596,-9.256489,-4.349899,-3.937452,-3.5015357,-4.7774544,-2.9900172,1.3187534,-4.4078293
C:\Users\Sidath Mendis\Desktop\Reasearch\System-implementation\MaCoDeR\datasets\raw\RAVDESS\Audio_Speech_Actors_01-24\Actor_05\03-01-07-02-02-01-05.wav,disgust,273.51453,0.0134925665,-323.28693,53.184452,5.3181205,5.544196,-1.4292166,-6.6437025,-9.05115,-10.883603,-5.799885,-4.745709,-3.136243,-0.93226236,-1.25528
C:\Users\Sidath Mendis\Desktop\Reasearch\System-implementation\MaCoDeR\datasets\raw\RAVDESS\Audio_Speech_Actors_01-24\Actor_05\03-01-07-02-02-02-05.wav,disgust,268.87167,0.009717896,-311.23114,82.283226,11.684595,12.787408,-6.26336,-7.881867,-3.7111044,-3.8093514,-2.2270157,-3.22584,-3.5973988,4.5633364,-0.3980989
C:\Users\Sidath Mendis\Desktop\Reasearch\System-implementation\MaCoDeR\datasets\raw\RAVDESS\Audio_Speech_Actors_01-24\Actor_05\03-01-08-01-01-01-05.wav,surprised,268.81833,0.00654946,-384.89786,56.02687,4.419185,11.626025,4.162894,-3.817115,-3.4184031,-2.3580182,-3.2773895,-2.5335507,0.5281956,-1.8654724,-2.051578
C:\Users\Sidath Mendis\Desktop\Reasearch\System-implementation\MaCoDeR\datasets\raw\RAVDESS\Audio_Speech_Actors_01-24\Actor_05\03-01-08-01-01-02-05.wav,surprised,268.74048,0.013048255,-355.51175,58.95194,-2.9919178,9.029223,2.232203,-10.378321,-3.9435236,-3.6417727,-6.472559,-4.548944,-1.0918698,-3.4018905,-1.9715315
C:\Users\Sidath Mendis\Desktop\Reasearch\System-implementation\MaCoDeR\datasets\raw\RAVDESS\Audio_Speech_Actors_01-24\Actor_05\03-01-08-01-02-01-05.wav,surprised,274.93796,0.008129721,-394.17682,56.072918,-6.1506867,8.537071,4.2211366,-9.381889,-0.51811576,-6.27929,-8.261438,-1.8149692,-1.7847812,-1.5915313,-0.21724862
C:\Users\Sidath Mendis\Desktop\Reasearch\System-implementation\MaCoDeR\datasets\raw\RAVDESS\Audio_Speech_Actors_01-24\Actor_05\03-01-08-01-02-02-05.wav,surprised,267.46057,0.010311459,-375.32474,59.530006,5.0313544,12.225225,4.502301,-2.9535563,-3.787318,-8.036037,-6.497083,-3.3329701,-1.4819343,-4.372841,-4.5242844
C:\Users\Sidath Mendis\Desktop\Reasearch\System-implementation\MaCoDeR\datasets\raw\RAVDESS\Audio_Speech_Actors_01-24\Actor_05\03-01-08-02-01-01-05.wav,surprised,274.4725,0.018892469,-306.44867,39.900246,8.936424,10.640965,-1.5934685,-2.5847871,-2.7399285,-6.2672787,-3.7925026,-4.484879,1.6268306,-2.495314,-5.8495984
C:\Users\Sidath Mendis\Desktop\Reasearch\System-implementation\MaCoDeR\datasets\raw\RAVDESS\Audio_Speech_Actors_01-24\Actor_05\03-01-08-02-01-02-05.wav,surprised,274.82004,0.01609173,-322.31583,51.11542,3.4197154,5.7354913,-4.760316,-5.5818825,-4.2945776,-3.3319337,-7.037661,-5.874961,2.8924448,-4.1093345,-4.9527683
C:\Users\Sidath Mendis\Desktop\Reasearch\System-implementation\MaCoDeR\datasets\raw\RAVDESS\Audio_Speech_Actors_01-24\Actor_05\03-01-08-02-02-01-05.wav,surprised,274.7985,0.0053214063,-401.40588,44.215664,-2.3618047,4.2671437,-2.508568,-5.8653417,-6.6196465,-7.5177255,-8.779404,-5.3003006,2.4373057,-4.062593,-3.9627755
C:\Users\Sidath Mendis\Desktop\Reasearch\System-implementation\MaCoDeR\datasets\raw\RAVDESS\Audio_Speech_Actors_01-24\Actor_05\03-01-08-02-02-02-05.wav,surprised,269.04138,0.013693634,-371.254,54.368362,4.117723,6.218391,-0.19508731,-5.6859207,-3.2197602,-7.2334337,-9.052013,-7.152269,-0.21763058,-5.570175,-6.3661923
C:\Users\Sidath Mendis\Desktop\Reasearch\System-implementation\MaCoDeR\datasets\raw\RAVDESS\Audio_Speech_Actors_01-24\Actor_06\03-01-01-01-01-01-06.wav,neutral,273.8651,0.0098281205,-384.00012,50.891705,-18.46466,8.632231,0.63063085,-10.233562,-8.63306,-9.968548,-7.245039,0.2692187,-6.277717,-3.439278,-7.325449
C:\Users\Sidath Mendis\Desktop\Reasearch\System-implementation\MaCoDeR\datasets\raw\RAVDESS\Audio_Speech_Actors_01-24\Actor_06\03-01-01-01-01-02-06.wav,neutral,274.03275,0.01205394,-352.3154,52.721966,-18.394602,13.298957,-0.07996532,-12.791263,-9.58262,-9.804233,-3.5838497,1.7724866,-5.0536475,-0.6990579,-6.310237
C:\Users\Sidath Mendis\Desktop\Reasearch\System-implementation\MaCoDeR\datasets\raw\RAVDESS\Audio_Speech_Actors_01-24\Actor_06\03-01-01-01-02-01-06.wav,neutral,276.12772,0.008083159,-392.40768,50.68633,-11.049751,9.263933,0.47050434,-8.964566,-10.850555,-9.529207,-5.836635,1.5158614,-6.5852027,-1.3031591,-3.9353356
C:\Users\Sidath Mendis\Desktop\Reasearch\System-implementation\MaCoDeR\datasets\raw\RAVDESS\Audio_Speech_Actors_01-24\Actor_06\03-01-01-01-02-02-06.wav,neutral,274.64023,0.007487241,-395.945,53.05127,-14.801417,8.403964,-0.16601367,-10.802906,-11.535567,-10.901443,-6.120131,0.14787789,-8.374228,-2.5629933,-5.5234537
C:\Users\Sidath Mendis\Desktop\Reasearch\System-implementation\MaCoDeR\datasets\raw\RAVDESS\Audio_Speech_Actors_01-24\Actor_06\03-01-02-01-01-01-06.wav,calm,274.88055,0.009255759,-315.25153,46.93764,-3.4761486,9.773693,4.9171686,-9.099193,-16.531698,-8.444363,-2.7294126,-0.73227483,-6.269356,-5.909163,-6.685888
C:\Users\Sidath Mendis\Desktop\Reasearch\System-implementation\MaCoDeR\datasets\raw\RAVDESS\Audio_Speech_Actors_01-24\Actor_06\03-01-02-01-01-02-06.wav,calm,274.6309,0.015668401,-281.5416,54.29466,-5.969025,9.02107,6.297482,-8.623026,-17.869726,-12.482069,-1.6699977,1.1028695,-6.4406047,-6.8317018,-5.6841655
C:\Users\Sidath Mendis\Desktop\Reasearch\System-implementation\MaCoDeR\datasets\raw\RAVDESS\Audio_Speech_Actors_01-24\Actor_06\03-01-02-01-02-01-06.wav,calm,269.6862,0.022060566,-276.50235,64.44927,-4.012506,5.0702205,4.2827516,-6.839473,-19.00791,-12.2518425,-3.1222434,4.519031,-6.2535954,-5.2687874,-5.204109
C:\Users\Sidath Mendis\Desktop\Reasearch\System-implementation\MaCoDeR\datasets\raw\RAVDESS\Audio_Speech_Actors_01-24\Actor_06\03-01-02-01-02-02-06.wav,calm,274.49692,0.013213169,-328.69983,62.071774,-8.461224,2.5809348,4.202795,-11.273902,-22.043978,-11.232704,-0.37836942,1.8081415,-10.190519,-3.7769558,-3.3125088
C:\Users\Sidath Mendis\Desktop\Reasearch\System-implementation\MaCoDeR\datasets\raw\RAVDESS\Audio_Speech_Actors_01-24\Actor_06\03-01-02-02-01-01-06.wav,calm,269.9086,0.005130829,-339.1016,52.51681,-9.740992,11.873465,4.272354,-11.44193,-14.926324,-9.880668,-0.094152704,-1.641711,-5.0887413,-3.0375338,-6.408349
C:\Users\Sidath Mendis\Desktop\Reasearch\System-implementation\MaCoDeR\datasets\raw\RAVDESS\Audio_Speech_Actors_01-24\Actor_06\03-01-02-02-01-02-06.wav,calm,274.60233,0.014380703,-287.12445,52.639076,-5.3044457,9.08978,1.9176804,-9.41009,-13.678143,-9.7122135,-0.07851372,-1.227702,-5.2075043,-6.1485906,-5.5092716
C:\Users\Sidath Mendis\Desktop\Reasearch\System-implementation\MaCoDeR\datasets\raw\RAVDESS\Audio_Speech_Actors_01-24\Actor_06\03-01-02-02-02-01-06.wav,calm,269.73502,0.01368878,-330.85226,55.945625,1.2488135,0.69856083,0.64053637,-9.203819,-18.465294,-15.622073,-4.464423,-1.1341052,-9.30066,-7.2909713,-8.039702
C:\Users\Sidath Mendis\Desktop\Reasearch\System-implementation\MaCoDeR\datasets\raw\RAVDESS\Audio_Speech_Actors_01-24\Actor_06\03-01-02-02-02-02-06.wav,calm,276.72684,0.012882941,-313.2857,62.31869,0.21002167,2.42549,0.9128323,-6.571174,-13.285455,-10.275111,-5.3390985,0.94665396,-3.034445,-6.375654,-8.305276
C:\Users\Sidath Mendis\Desktop\Reasearch\System-implementation\MaCoDeR\datasets\raw\RAVDESS\Audio_Speech_Actors_01-24\Actor_06\03-01-03-01-01-01-06.wav,happy,275.14008,0.00922776,-345.03363,61.173637,-40.498077,15.64834,1.493544,-23.826866,-16.221947,-13.577771,-4.095546,0.41511586,-13.927419,-3.7257185,-2.6977549
C:\Users\Sidath Mendis\Desktop\Reasearch\System-implementation\MaCoDeR\datasets\raw\RAVDESS\Audio_Speech_Actors_01-24\Actor_06\03-01-03-01-01-02-06.wav,happy,274.50546,0.011747231,-326.56525,41.64295,-50.23238,7.408246,-2.84758,-24.291723,-15.4873905,-16.604847,-10.643719,5.5172343,-17.061314,-3.2783082,-5.373378
C:\Users\Sidath Mendis\Desktop\Reasearch\System-implementation\MaCoDeR\datasets\raw\RAVDESS\Audio_Speech_Actors_01-24\Actor_06\03-01-03-01-02-01-06.wav,happy,275.31857,0.011185928,-366.44577,44.627396,-31.921171,7.44985,-4.359052,-18.03013,-13.933757,-16.59844,-6.4042525,0.6523882,-14.55373,-2.6133537,-5.1299863
C:\Users\Sidath Mendis\Desktop\Reasearch\System-implementation\MaCoDeR\datasets\raw\RAVDESS\Audio_Speech_Actors_01-24\Actor_06\03-01-03-01-02-02-06.wav,happy,275.08417,0.0060225753,-396.2824,41.683403,-29.96724,7.4777093,0.20265801,-19.117033,-10.926556,-15.603345,-6.83715,3.4588442,-11.017519,-3.9077258,-2.4843004
C:\Users\Sidath Mendis\Desktop\Reasearch\System-implementation\MaCoDeR\datasets\raw\RAVDESS\Audio_Speech_Actors_01-24\Actor_06\03-01-03-02-01-01-06.wav,happy,274.6246,0.014652321,-331.71848,15.81041,-52.225025,-4.707892,-3.9109015,-18.926865,-24.123533,-9.719072,-15.20092,11.464634,0.27211878,14.480454,18.660755
C:\Users\Sidath Mendis\Desktop\Reasearch\System-implementation\MaCoDeR\datasets\raw\RAVDESS\Audio_Speech_Actors_01-24\Actor_06\03-01-03-02-01-02-06.wav,happy,273.4994,0.016322078,-347.4742,13.444442,-49.441086,-5.7993727,-7.7323895,-18.312616,-18.151407,-11.156026,-17.534197,2.9471264,-10.917784,4.185159,15.275692
C:\Users\Sidath Mendis\Desktop\Reasearch\System-implementation\MaCoDeR\datasets\raw\RAVDESS\Audio_Speech_Actors_01-24\Actor_06\03-01-03-02-02-01-06.wav,happy,278.13516,0.013377309,-353.79694,9.776975,-50.191086,-5.8436046,-7.6837363,-23.714895,-17.726625,-14.577718,-12.850081,3.2743855,-10.852061,6.953041,15.088046
C:\Users\Sidath Mendis\Desktop\Reasearch\System-implementation\MaCoDeR\datasets\raw\RAVDESS\Audio_Speech_Actors_01-24\Actor_06\03-01-03-02-02-02-06.wav,happy,274.80515,0.019159151,-338.93637,20.755121,-47.17067,-3.9952796,-4.296935,-25.527172,-18.921124,-12.2335205,-10.756469,3.7313976,-11.2838745,4.7141366,13.839013
C:\Users\Sidath Mendis\Desktop\Reasearch\System-implementation\MaCoDeR\datasets\raw\RAVDESS\Audio_Speech_Actors_01-24\Actor_06\03-01-04-01-01-01-06.wav,sad,270.27914,0.020095048,-308.28592,52.65192,-1.3787153,11.587991,3.9418025,-4.429445,-11.34843,-8.3197565,-3.800776,0.70201087,-2.9753423,-3.0051808,-3.7229762
C:\Users\Sidath Mendis\Desktop\Reasearch\System-implementation\MaCoDeR\datasets\raw\RAVDESS\Audio_Speech_Actors_01-24\Actor_06\03-01-04-01-01-02-06.wav,sad,274.80014,0.016154725,-302.77835,55.815666,-10.31625,15.540364,4.3620553,-10.232833,-12.8861265,-10.294194,-2.2895553,0.434289,-7.1445446,-4.9117246,-2.1864586
C:\Users\Sidath Mendis\Desktop\Reasearch\System-implementation\MaCoDeR\datasets\raw\RAVDESS\Audio_Speech_Actors_01-24\Actor_06\03-01-04-01-02-01-06.wav,sad,269.72235,0.008102454,-391.3252,49.508083,-4.2954373,1.1246504,-1.2677298,-10.522166,-12.54099,-13.639496,-6.9160547,-2.0840185,-7.024112,-3.2841475,-5.4988875
C:\Users\Sidath Mendis\Desktop\Reasearch\System-implementation\MaCoDeR\datasets\raw\RAVDESS\Audio_Speech_Actors_01-24\Actor_06\03-01-04-01-02-02-06.wav,sad,275.8881,0.012950914,-366.94186,53.72402,-2.6473975,2.6727571,1.9372083,-8.898521,-13.272688,-11.373472,-5.675185,-0.2474438,-6.451387,-3.0061588,-4.756922
C:\Users\Sidath Mendis\Desktop\Reasearch\System-implementation\MaCoDeR\datasets\raw\RAVDESS\Audio_Speech_Actors_01-24\Actor_06\03-01-04-02-01-01-06.wav,sad,274.1764,0.011050053,-331.4259,14.442532,-37.946045,4.3505516,-2.1588027,-20.19325,-3.3520048,-12.817089,-8.309452,6.7694063,-11.516564,2.681131,5.7689323
C:\Users\Sidath Mendis\Desktop\Reasearch\System-implementation\MaCoDeR\datasets\raw\RAVDESS\Audio_Speech_Actors_01-24\Actor_06\03-01-04-02-01-02-06.wav,sad,268.91537,0.009808456,-313.15405,35.222622,-15.295753,4.2527204,-4.7829647,-15.927984,-9.556318,-14.188618,-5.714737,5.333011,-6.5009995,-0.23208608,0.92420787
C:\Users\Sidath Mendis\Desktop\Reasearch\System-implementation\MaCoDeR\datasets\raw\RAVDESS\Audio_Speech_Actors_01-24\Actor_06\03-01-04-02-02-01-06.wav,sad,273.82397,0.0046011494,-367.94284,27.297884,-20.663517,-2.7806132,-8.103602,-16.992456,-7.1249886,-13.565977,-7.092172,0.29886493,-13.811729,-5.5656724,2.6031384
C:\Users\Sidath Mendis\Desktop\Reasearch\System-implementation\MaCoDeR\datasets\raw\RAVDESS\Audio_Speech_Actors_01-24\Actor_06\03-01-04-02-02-02-06.wav,sad,269.26013,0.016418718,-281.0814,26.109644,-33.181774,2.9051642,-6.3301897,-26.764631,-15.503422,-19.772926,-11.748393,8.572303,-16.754896,-2.2517078,-0.8022768
C:\Users\Sidath Mendis\Desktop\Reasearch\System-implementation\MaCoDeR\datasets\raw\RAVDESS\Audio_Speech_Actors_01-24\Actor_06\03-01-05-01-01-01-06.wav,angry,274.11554,0.0069480366,-363.51413,40.45414,-18.601866,7.925743,-3.8432543,-11.310841,-9.179121,-10.090404,-5.70887,-0.4043786,-7.405224,-3.953159,-3.351888
C:\Users\Sidath Mendis\Desktop\Reasearch\System-implementation\MaCoDeR\datasets\raw\RAVDESS\Audio_Speech_Actors_01-24\Actor_06\03-01-05-01-01-02-06.wav,angry,275.0383,0.0085601015,-355.0833,53.818962,-9.018339,14.973304,-1.4467224,-9.699908,-7.2909064,-9.399538,-5.9128346,2.2141194,-3.7553651,-1.4445122,-4.1356792
C:\Users\Sidath Mendis\Desktop\Reasearch\System-implementation\MaCoDeR\datasets\raw\RAVDESS\Audio_Speech_Actors_01-24\Actor_06\03-01-05-01-02-01-06.wav,angry,276.10217,0.014991485,-331.00034,40.61901,-20.754139,3.0516405,-8.271965,-19.116571,-9.644246,-15.119929,-8.276416,0.9033615,-7.93471,-3.8601081,-6.7311945
C:\Users\Sidath Mendis\Desktop\Reasearch\System-implementation\MaCoDeR\datasets\raw\RAVDESS\Audio_Speech_Actors_01-24\Actor_06\03-01-05-01-02-02-06.wav,angry,274.47928,0.010454524,-341.5671,32.225895,-14.752877,2.2268865,-6.732497,-14.901285,-8.139104,-9.95165,-9.554412,0.89807636,-6.5194354,-3.8885071,-4.9986386
C:\Users\Sidath Mendis\Desktop\Reasearch\System-implementation\MaCoDeR\datasets\raw\RAVDESS\Audio_Speech_Actors_01-24\Actor_06\03-01-05-02-01-01-06.wav,angry,275.4408,0.018378545,-336.62097,23.28229,-43.678757,-9.904856,-13.16667,-19.746656,-8.774983,-12.824528,-8.449241,4.6925006,-1.1871103,10.387512,10.245673
C:\Users\Sidath Mendis\Desktop\Reasearch\System-implementation\MaCoDeR\datasets\raw\RAVDESS\Audio_Speech_Actors_01-24\Actor_06\03-01-05-02-01-02-06.wav,angry,275.34848,0.0110809,-364.11404,21.625107,-41.659554,-7.072666,-12.074265,-18.580112,-9.20385,-10.314624,-8.039837,1.834636,-1.5252867,9.233311,9.738051
C:\Users\Sidath Mendis\Desktop\Reasearch\System-implementation\MaCoDeR\datasets\raw\RAVDESS\Audio_Speech_Actors_01-24\Actor_06\03-01-05-02-02-01-06.wav,angry,274.26584,0.019896595,-327.07623,20.48599,-34.419662,-11.536446,-12.797208,-21.496017,-6.0878186,-12.961509,-10.379994,1.7029616,-9.984506,-1.2272638,1.6437961
C:\Users\Sidath Mendis\Desktop\Reasearch\System-implementation\MaCoDeR\datasets\raw\RAVDESS\Audio_Speech_Actors_01-24\Actor_06\03-01-05-02-02-02-06.wav,angry,274.84622,0.011717769,-359.24316,19.31459,-36.0883,-6.2428174,-11.753879,-18.160234,-3.8496954,-13.729935,-11.142834,0.019436851,-10.446549,-0.6033976,7.2613387
C:\Users\Sidath Mendis\Desktop\Reasearch\System-implementation\MaCoDeR\datasets\raw\RAVDESS\Audio_Speech_Actors_01-24\Actor_06\03-01-06-01-01-01-06.wav,fearful,274.5432,0.0110270055,-347.19345,46.535477,-11.327107,3.4127245,3.1690507,-9.58525,-8.924841,-9.855503,-3.4450178,0.9050071,-7.7689333,-4.175273,-5.2429214
C:\Users\Sidath Mendis\Desktop\Reasearch\System-implementation\MaCoDeR\datasets\raw\RAVDESS\Audio_Speech_Actors_01-24\Actor_06\03-01-06-01-01-02-06.wav,fearful,270.2893,0.01556284,-308.0771,49.771885,-22.734545,10.348047,3.9551592,-12.011139,-9.543407,-14.920105,-3.1872115,4.6055546,-9.837167,-6.96556,-0.28589728
C:\Users\Sidath Mendis\Desktop\Reasearch\System-implementation\MaCoDeR\datasets\raw\RAVDESS\Audio_Speech_Actors_01-24\Actor_06\03-01-06-01-02-01-06.wav,fearful,275.26108,0.016182596,-330.21524,47.710827,-17.030172,0.007803384,-1.6296833,-18.35951,-14.062272,-17.951763,-7.7520547,0.24635184,-12.008512,-5.6096416,-7.399341
C:\Users\Sidath Mendis\Desktop\Reasearch\System-implementation\MaCoDeR\datasets\raw\RAVDESS\Audio_Speech_Actors_01-24\Actor_06\03-01-06-01-02-02-06.wav,fearful,269.86496,0.01476153,-337.20856,43.752323,-9.844875,4.8593664,4.134323,-12.524912,-12.188826,-11.209746,-4.3714695,0.49920008,-8.905047,-5.6650763,-6.448164
C:\Users\Sidath Mendis\Desktop\Reasearch\System-implementation\MaCoDeR\datasets\raw\RAVDESS\Audio_Speech_Actors_01-24\Actor_06\03-01-06-02-01-01-06.wav,fearful,268.8721,0.016022457,-349.8057,10.333245,-55.78422,-11.231372,-15.705115,-18.73719,-25.92921,-9.953247,-6.81157,17.336304,6.9774737,12.280223,15.012845
C:\Users\Sidath Mendis\Desktop\Reasearch\System-implementation\MaCoDeR\datasets\raw\RAVDESS\Audio_Speech_Actors_01-24\Actor_06\03-01-06-02-01-02-06.wav,fearful,269.5815,0.012827612,-351.51447,5.6681523,-49.888973,-12.137798,-16.2629,-22.261307,-18.829643,-3.7612348,-4.001688,20.48812,11.183811,6.0422535,1.8064845
C:\Users\Sidath Mendis\Desktop\Reasearch\System-implementation\MaCoDeR\datasets\raw\RAVDESS\Audio_Speech_Actors_01-24\Actor_06\03-01-06-02-02-01-06.wav,fearful,275.31253,0.013423782,-331.3003,8.820119,-45.1075,-12.447443,-13.336457,-24.763163,-22.584335,-11.099389,-10.843486,13.573782,0.32866445,6.8428206,13.275075
C:\Users\Sidath Mendis\Desktop\Reasearch\System-implementation\MaCoDeR\datasets\raw\RAVDESS\Audio_Speech_Actors_01-24\Actor_06\03-01-06-02-02-02-06.wav,fearful,268.68628,0.024878327,-308.83835,10.201432,-48.192646,-20.43002,-12.76998,-20.476168,-17.766422,-0.37109208,-0.29349607,24.083012,6.11078,-2.6768677,5.9622636
C:\Users\Sidath Mendis\Desktop\Reasearch\System-implementation\MaCoDeR\datasets\raw\RAVDESS\Audio_Speech_Actors_01-24\Actor_06\03-01-07-01-01-01-06.wav,disgust,274.58618,0.016600858,-249.68036,57.1953,-6.289339,4.351694,-4.7204523,-8.998034,-15.196865,-11.978426,-6.732116,-2.7802489,-5.8042164,-4.6868186,-9.094306
C:\Users\Sidath Mendis\Desktop\Reasearch\System-implementation\MaCoDeR\datasets\raw\RAVDESS\Audio_Speech_Actors_01-24\Actor_06\03-01-07-01-01-02-06.wav,disgust,275.3458,0.014464756,-266.70126,45.342445,-3.3032207,11.051667,-2.1978214,-3.373646,-10.406924,-8.678525,-2.620981,2.399341,-6.4439855,-1.8327463,-3.3744745
C:\Users\Sidath Mendis\Desktop\Reasearch\System-implementation\MaCoDeR\datasets\raw\RAVDESS\Audio_Speech_Actors_01-24\Actor_06\03-01-07-01-02-01-06.wav,disgust,269.2949,0.027897008,-318.36728,43.23903,7.3998494,-2.1509016,-2.9714212,-2.146884,-16.688158,-7.573629,-4.61966,-1.7917429,-6.448236,-1.510368,-5.9092245
C:\Users\Sidath Mendis\Desktop\Reasearch\System-implementation\MaCoDeR\datasets\raw\RAVDESS\Audio_Speech_Actors_01-24\Actor_06\03-01-07-01-02-02-06.wav,disgust,268.7898,0.012401476,-322.15335,42.344654,0.5067975,-1.9785972,-0.2029744,-7.216157,-17.553534,-10.01415,-2.8476117,-4.103618,-10.0384245,-0.9944589,-5.8834476
C:\Users\Sidath Mendis\Desktop\Reasearch\System-implementation\MaCoDeR\datasets\raw\RAVDESS\Audio_Speech_Actors_01-24\Actor_06\03-01-07-02-01-01-06.wav,disgust,274.3021,0.012918373,-334.57993,28.739578,-19.281618,2.6991897,-11.6604185,-18.24449,-11.898899,-8.231114,-8.804025,-1.2721542,-7.936022,-6.796749,-8.188656
C:\Users\Sidath Mendis\Desktop\Reasearch\System-implementation\MaCoDeR\datasets\raw\RAVDESS\Audio_Speech_Actors_01-24\Actor_06\03-01-07-02-01-02-06.wav,disgust,275.139,0.011073165,-365.7893,41.39602,-22.571152,0.5874084,-11.324267,-15.276663,-12.021709,-9.284982,-6.6191134,-1.6740938,-7.480577,-1.4004425,-9.11685
C:\Users\Sidath Mendis\Desktop\Reasearch\System-implementation\MaCoDeR\datasets\raw\RAVDESS\Audio_Speech_Actors_01-24\Actor_06\03-01-07-02-02-01-06.wav,disgust,270.25528,0.010232212,-359.99982,49.375492,-14.71998,1.4098054,-2.9827175,-14.225356,-15.782128,-6.4917436,-5.213949,-2.1775248,-10.718266,-0.4551229,-6.77262
C:\Users\Sidath Mendis\Desktop\Reasearch\System-implementation\MaCoDeR\datasets\raw\RAVDESS\Audio_Speech_Actors_01-24\Actor_06\03-01-07-02-02-02-06.wav,disgust,273.8306,0.020899761,-330.83038,49.394287,2.153194,3.3594515,-1.6527975,-6.200443,-7.6915708,-0.96458685,-1.6215799,3.0812685,0.24373555,4.600295,0.16949026
C:\Users\Sidath Mendis\Desktop\Reasearch\System-implementation\MaCoDeR\datasets\raw\RAVDESS\Audio_Speech_Actors_01-24\Actor_06\03-01-08-01-01-01-06.wav,surprised,274.37228,0.0127040995,-377.08154,54.986603,-10.176512,3.244397,-1.1978986,-8.032019,-9.451846,-9.33516,-3.9941406,-0.37779123,-6.695759,-2.951296,-5.9812946
C:\Users\Sidath Mendis\Desktop\Reasearch\System-implementation\MaCoDeR\datasets\raw\RAVDESS\Audio_Speech_Actors_01-24\Actor_06\03-01-08-01-01-02-06.wav,surprised,269.8901,0.008414684,-400.71887,48.765984,-13.521223,0.97879887,-3.038787,-11.408021,-9.7691,-13.9277115,-5.2040696,-1.651786,-9.948384,-2.8925724,-6.789675
C:\Users\Sidath Mendis\Desktop\Reasearch\System-implementation\MaCoDeR\datasets\raw\RAVDESS\Audio_Speech_Actors_01-24\Actor_06\03-01-08-01-02-01-06.wav,surprised,274.8504,0.0069662733,-397.23456,45.7263,-9.697616,-2.5628433,-3.474417,-12.541761,-12.430642,-12.734322,-4.1051908,-0.9599754,-9.583192,-3.0270205,-7.542216
C:\Users\Sidath Mendis\Desktop\Reasearch\System-implementation\MaCoDeR\datasets\raw\RAVDESS\Audio_Speech_Actors_01-24\Actor_06\03-01-08-01-02-02-06.wav,surprised,274.37088,0.012604454,-351.8781,56.32868,-4.692312,5.250986,2.0243826,-13.309532,-14.036066,-11.633525,-0.3940405,1.5602874,-7.808322,-3.0974858,-2.3545556
C:\Users\Sidath Mendis\Desktop\Reasearch\System-implementation\MaCoDeR\datasets\raw\RAVDESS\Audio_Speech_Actors_01-24\Actor_06\03-01-08-02-01-01-06.wav,surprised,274.76077,0.007780839,-370.21707,58.81702,-14.848517,9.240657,-0.7601458,-15.956421,-12.699198,-11.794307,0.7118597,-1.8172214,-9.429703,-4.685001,-6.3985534
C:\Users\Sidath Mendis\Desktop\Reasearch\System-implementation\MaCoDeR\datasets\raw\RAVDESS\Audio_Speech_Actors_01-24\Actor_06\03-01-08-02-01-02-06.wav,surprised,275.65616,0.016734922,-345.57605,34.114697,-29.312386,-5.372443,-10.295929,-16.176697,-10.862704,-14.728642,-7.9254837,0.18577063,-8.294898,-3.6197743,-3.5448482
C:\Users\Sidath Mendis\Desktop\Reasearch\System-implementation\MaCoDeR\datasets\raw\RAVDESS\Audio_Speech_Actors_01-24\Actor_06\03-01-08-02-02-01-06.wav,surprised,275.16275,0.006836782,-402.95193,32.502544,-23.604517,-1.3301797,-4.1097374,-17.185587,-13.511534,-17.001335,-5.2235217,0.021318555,-11.6576185,-2.3003805,-3.9318633
C:\Users\Sidath Mendis\Desktop\Reasearch\System-implementation\MaCoDeR\datasets\raw\RAVDESS\Audio_Speech_Actors_01-24\Actor_06\03-01-08-02-02-02-06.wav,surprised,274.95227,0.011218611,-372.07303,34.27308,-22.334122,-8.805018,-4.363683,-17.305048,-11.619074,-18.27788,-6.7500763,1.9375827,-11.027573,-7.6978335,-3.6392715
C:\Users\Sidath Mendis\Desktop\Reasearch\System-implementation\MaCoDeR\datasets\raw\RAVDESS\Audio_Speech_Actors_01-24\Actor_07\03-01-01-01-01-01-07.wav,neutral,274.53345,0.007052495,-357.80542,71.56552,6.628462,17.708052,10.26493,-2.472069,-5.9334826,-7.738141,2.2934809,-4.2967253,-3.3096173,-1.1172868,2.4990184
C:\Users\Sidath Mendis\Desktop\Reasearch\System-implementation\MaCoDeR\datasets\raw\RAVDESS\Audio_Speech_Actors_01-24\Actor_07\03-01-01-01-01-02-07.wav,neutral,274.42996,0.008639573,-350.7529,74.718925,7.604442,18.762121,10.770362,-2.1660204,-5.998835,-8.206124,3.7424405,-3.1040275,-2.516557,1.2952242,4.528596
C:\Users\Sidath Mendis\Desktop\Reasearch\System-implementation\MaCoDeR\datasets\raw\RAVDESS\Audio_Speech_Actors_01-24\Actor_07\03-01-01-01-02-01-07.wav,neutral,269.07645,0.011820723,-346.42865,64.655304,7.708081,12.35713,10.693769,-2.3673685,-8.87873,-11.402903,-1.4164187,-5.556125,-5.274902,-2.9594555,0.704022
C:\Users\Sidath Mendis\Desktop\Reasearch\System-implementation\MaCoDeR\datasets\raw\RAVDESS\Audio_Speech_Actors_01-24\Actor_07\03-01-01-01-02-02-07.wav,neutral,275.54358,0.008503691,-338.3816,72.78343,12.891841,16.450842,8.96496,-0.8752374,-6.944927,-7.296275,4.6732984,-5.8999705,-1.507709,1.1568077,2.0812647
C:\Users\Sidath Mendis\Desktop\Reasearch\System-implementation\MaCoDeR\datasets\raw\RAVDESS\Audio_Speech_Actors_01-24\Actor_07\03-01-02-01-01-01-07.wav,calm,275.21494,0.0070081977,-366.80887,77.656525,7.499141,12.848808,14.525524,-2.3226478,-4.5042853,-6.7670045,3.3824651,-2.1162531,-2.8210182,2.5469759,2.9055283
C:\Users\Sidath Mendis\Desktop\Reasearch\System-implementation\MaCoDeR\datasets\raw\RAVDESS\Audio_Speech_Actors_01-24\Actor_07\03-01-02-01-01-02-07.wav,calm,273.9368,0.0057943906,-368.7467,81.39135,2.5189905,11.255156,12.166302,-2.3540664,-4.872402,-7.655569,3.176235,-2.2764611,-2.903984,0.9235286,3.4796264
C:\Users\Sidath Mendis\Desktop\Reasearch\System-implementation\MaCoDeR\datasets\raw\RAVDESS\Audio_Speech_Actors_01-24\Actor_07\03-01-02-01-02-01-07.wav,calm,274.9594,0.011558359,-327.91495,83.23516,14.276167,18.36835,17.425264,8.392051,-0.63163054,-4.602574,3.889127,1.9737531,0.6816957,2.8391807,6.6644573
C:\Users\Sidath Mendis\Desktop\Reasearch\System-implementation\MaCoDeR\datasets\raw\RAVDESS\Audio_Speech_Actors_01-24\Actor_07\03-01-02-01-02-02-07.wav,calm,273.78152,0.010296783,-341.3471,79.22825,2.368401,13.047003,12.349646,1.4710795,-4.0628667,-10.716001,0.18872778,-1.5904213,-4.932255,0.006930504,3.6491444
C:\Users\Sidath Mendis\Desktop\Reasearch\System-implementation\MaCoDeR\datasets\raw\RAVDESS\Audio_Speech_Actors_01-24\Actor_07\03-01-02-02-01-01-07.wav,calm,275.07956,0.015355783,-245.39812,65.62896,2.194732,22.399147,17.403778,-4.0059237,-13.416574,-7.9359407,7.1460385,-4.2180753,1.5943269,0.62709785,2.6225643
C:\Users\Sidath Mendis\Desktop\Reasearch\System-implementation\MaCoDeR\datasets\raw\RAVDESS\Audio_Speech_Actors_01-24\Actor_07\03-01-02-02-01-02-07.wav,calm,274.14136,0.008009408,-314.25595,65.71329,1.6688058,20.023048,8.239936,-1.499604,-7.5002813,-16.107794,-0.74690294,-3.2699888,-4.395131,-1.153897,1.9217887
C:\Users\Sidath Mendis\Desktop\Reasearch\System-implementation\MaCoDeR\datasets\raw\RAVDESS\Audio_Speech_Actors_01-24\Actor_07\03-01-02-02-02-01-07.wav,calm,274.54773,0.013944177,-296.02823,69.73913,9.074792,18.022196,12.298825,-0.952378,-8.341359,-10.686603,-1.723139,-4.1836724,-2.9586046,-2.393256,0.925269
C:\Users\Sidath Mendis\Desktop\Reasearch\System-implementation\MaCoDeR\datasets\raw\RAVDESS\Audio_Speech_Actors_01-24\Actor_07\03-01-02-02-02-02-07.wav,calm,275.28287,0.019423546,-277.06833,89.0828,6.3139653,16.856203,12.340229,-3.6007307,-8.971121,-12.714769,4.2979045,-0.8495335,0.85119456,-0.6251603,6.2979646
C:\Users\Sidath Mendis\Desktop\Reasearch\System-implementation\MaCoDeR\datasets\raw\RAVDESS\Audio_Speech_Actors_01-24\Actor_07\03-01-03-01-01-01-07.wav,happy,275.17197,0.006432699,-334.91873,73.87559,-4.2752285,21.81032,12.825294,1.9610181,-2.853672,-7.2183022,2.1406207,4.1174436,-0.9834153,3.0579412,5.5896344
C:\Users\Sidath Mendis\Desktop\Reasearch\System-implementation\MaCoDeR\datasets\raw\RAVDESS\Audio_Speech_Actors_01-24\Actor_07\03-01-03-01-01-02-07.wav,happy,269.20837,0.015027215,-333.8916,77.046036,-5.493261,14.967543,8.586666,-6.111676,-7.806066,-8.928539,1.5642288,-1.0575194,-5.099205,1.8876485,2.319913
C:\Users\Sidath Mendis\Desktop\Reasearch\System-implementation\MaCoDeR\datasets\raw\RAVDESS\Audio_Speech_Actors_01-24\Actor_07\03-01-03-01-02-01-07.wav,happy,269.90628,0.019700559,-315.3887,72.07157,-8.338319,14.75273,7.8853393,-2.3400486,-10.324597,-10.825144,-0.21125346,0.86042464,-6.836993,1.284106,4.6142154
C:\Users\Sidath Mendis\Desktop\Reasearch\System-implementation\MaCoDeR\datasets\raw\RAVDESS\Audio_Speech_Actors_01-24\Actor_07\03-01-03-01-02-02-07.wav,happy,269.90628,0.019700559,-315.3887,72.07157,-8.338319,14.75273,7.8853393,-2.3400486,-10.324597,-10.825144,-0.21125346,0.86042464,-6.836993,1.284106,4.6142154
C:\Users\Sidath Mendis\Desktop\Reasearch\System-implementation\MaCoDeR\datasets\raw\RAVDESS\Audio_Speech_Actors_01-24\Actor_07\03-01-03-02-01-01-07.wav,happy,275.40445,0.017864978,-309.98642,64.912476,-11.3671465,7.572599,7.909039,-13.907801,-13.02934,-8.926921,-9.962192,1.367882,-4.454305,0.08726907,5.7695665
C:\Users\Sidath Mendis\Desktop\Reasearch\System-implementation\MaCoDeR\datasets\raw\RAVDESS\Audio_Speech_Actors_01-24\Actor_07\03-01-03-02-01-02-07.wav,happy,269.60532,0.016445851,-286.33105,48.289833,-12.470585,13.043017,3.930115,-12.64649,-14.257563,-6.722171,-7.491051,-0.9383267,-5.87043,-2.0011513,0.96576315
C:\Users\Sidath Mendis\Desktop\Reasearch\System-implementation\MaCoDeR\datasets\raw\RAVDESS\Audio_Speech_Actors_01-24\Actor_07\03-01-03-02-02-01-07.wav,happy,275.0503,0.011073215,-326.51736,64.012665,-18.394394,9.18315,7.069769,-17.78734,-10.436975,-11.667599,-11.177217,2.5710351,-9.503173,-1.5959685,0.82479584
C:\Users\Sidath Mendis\Desktop\Reasearch\System-implementation\MaCoDeR\datasets\raw\RAVDESS\Audio_Speech_Actors_01-24\Actor_07\03-01-03-02-02-02-07.wav,happy,273.5223,0.017384656,-320.86383,48.62305,-11.483982,5.861838,8.803366,-10.313655,-16.785723,-3.5848482,-7.820214,0.05502016,-4.183503,-3.2636602,2.8687081
C:\Users\Sidath Mendis\Desktop\Reasearch\System-implementation\MaCoDeR\datasets\raw\RAVDESS\Audio_Speech_Actors_01-24\Actor_07\03-01-04-01-01-01-07.wav,sad,273.82132,0.007017339,-380.9076,71.64146,2.2744608,10.949549,7.7313495,-2.3157432,-4.3271613,-10.995677,-5.9559093,-2.232605,-5.077753,-5.922453,-0.8381279
C:\Users\Sidath Mendis\Desktop\Reasearch\System-implementation\MaCoDeR\datasets\raw\RAVDESS\Audio_Speech_Actors_01-24\Actor_07\03-01-04-01-01-02-07.wav,sad,273.827,0.0053208345,-378.5722,80.92776,7.7761917,17.321962,14.979085,-1.1099132,0.5591312,-9.924978,-3.5302253,0.95005995,-3.3024004,-0.14873336,4.2297378
C:\Users\Sidath Mendis\Desktop\Reasearch\System-implementation\MaCoDeR\datasets\raw\RAVDESS\Audio_Speech_Actors_01-24\Actor_07\03-01-04-01-02-01-07.wav,sad,275.15872,0.011355058,-350.95087,75.68725,10.462436,9.995413,7.7961807,-0.81414306,-3.8673687,-12.025189,-5.3983865,-1.6866535,-5.7736297,-4.6060467,1.3564932
C:\Users\Sidath Mendis\Desktop\Reasearch\System-implementation\MaCoDeR\datasets\raw\RAVDESS\Audio_Speech_Actors_01-24\Actor_07\03-01-04-01-02-02-07.wav,sad,270.01782,0.014823148,-327.77478,74.17573,-2.198365,14.116749,7.7194505,-9.593446,-5.9547315,-13.528625,-9.130251,-1.4461367,-7.5461545,-0.277179,0.69225967
C:\Users\Sidath Mendis\Desktop\Reasearch\System-implementation\MaCoDeR\datasets\raw\RAVDESS\Audio_Speech_Actors_01-24\Actor_07\03-01-04-02-01-01-07.wav,sad,268.37396,0.009218931,-323.78006,73.63094,-8.953109,14.37116,13.750573,-11.537727,-16.592737,-8.30707,-17.779596,-9.041086,-12.127895,-7.3498206,-2.7757707
C:\Users\Sidath Mendis\Desktop\Reasearch\System-implementation\MaCoDeR\datasets\raw\RAVDESS\Audio_Speech_Actors_01-24\Actor_07\03-01-04-02-01-02-07.wav,sad,269.83243,0.004698056,-371.50583,60.50648,1.667944,12.631039,10.283224,-10.620159,-9.325543,-4.6715336,-10.275342,-1.9739678,-6.629715,-6.846422,-0.128024
C:\Users\Sidath Mendis\Desktop\Reasearch\System-implementation\MaCoDeR\datasets\raw\RAVDESS\Audio_Speech_Actors_01-24\Actor_07\03-01-04-02-02-01-07.wav,sad,268.81958,0.025794664,-303.41736,55.19984,2.6939862,10.326441,8.52831,-2.5360355,-14.198379,-8.47,-10.112608,-6.4758105,-8.498518,-6.3108025,1.286513
C:\Users\Sidath Mendis\Desktop\Reasearch\System-implementation\MaCoDeR\datasets\raw\RAVDESS\Audio_Speech_Actors_01-24\Actor_07\03-01-04-02-02-02-07.wav,sad,274.34415,0.006521198,-377.6314,55.796394,1.6499792,11.262543,11.893612,-9.540278,-14.219032,-6.450938,-16.124762,-5.0785604,-7.2870684,-7.937906,-2.1286302
C:\Users\Sidath Mendis\Desktop\Reasearch\System-implementation\MaCoDeR\datasets\raw\RAVDESS\Audio_Speech_Actors_01-24\Actor_07\03-01-05-01-01-01-07.wav,angry,274.91113,0.0074936673,-374.80762,49.5024,-8.296545,14.323765,6.6898756,-7.830781,0.6107287,-10.374091,-4.742705,4.1672997,-1.0342566,-3.3966596,7.795166
C:\Users\Sidath Mendis\Desktop\Reasearch\System-implementation\MaCoDeR\datasets\raw\RAVDESS\Audio_Speech_Actors_01-24\Actor_07\03-01-05-01-01-02-07.wav,angry,275.03427,0.010366687,-354.3616,39.477787,-10.19383,10.718496,4.5054984,-13.663072,-1.5924315,-6.1257024,-4.6416187,1.7590126,-2.4308288,-2.5606952,3.2542708
C:\Users\Sidath Mendis\Desktop\Reasearch\System-implementation\MaCoDeR\datasets\raw\RAVDESS\Audio_Speech_Actors_01-24\Actor_07\03-01-05-01-02-01-07.wav,angry,268.80353,0.008104377,-344.48477,56.84023,5.9468555,16.410358,7.3068676,-4.181267,-1.9918602,-9.588319,-5.6453714,0.27694964,-4.4116163,-2.3489387,5.057839
C:\Users\Sidath Mendis\Desktop\Reasearch\System-implementation\MaCoDeR\datasets\raw\RAVDESS\Audio_Speech_Actors_01-24\Actor_07\03-01-05-01-02-02-07.wav,angry,275.36664,0.013880932,-323.43704,48.361454,-1.2202384,13.228262,0.6911688,-10.207877,-4.5368576,-10.628401,-4.0334916,-0.9029384,-4.7465672,-0.32724673,0.73722565
C:\Users\Sidath Mendis\Desktop\Reasearch\System-implementation\MaCoDeR\datasets\raw\RAVDESS\Audio_Speech_Actors_01-24\Actor_07\03-01-05-02-01-01-07.wav,angry,274.62595,0.0028694377,-403.35675,43.36704,-4.660625,14.156895,9.494503,-10.049195,-4.9433503,-1.1130353,-5.437209,4.2757273,-0.4779206,1.7620083,5.7402782
C:\Users\Sidath Mendis\Desktop\Reasearch\System-implementation\MaCoDeR\datasets\raw\RAVDESS\Audio_Speech_Actors_01-24\Actor_07\03-01-05-02-01-02-07.wav,angry,268.0894,0.0069218786,-361.6022,33.200634,-12.125655,11.891398,5.642279,-14.986983,-4.220945,0.35562503,-6.5518007,2.9054365,-2.405846,-1.088655,2.6650193
C:\Users\Sidath Mendis\Desktop\Reasearch\System-implementation\MaCoDeR\datasets\raw\RAVDESS\Audio_Speech_Actors_01-24\Actor_07\03-01-05-02-02-01-07.wav,angry,279.11597,0.0141740395,-352.48865,21.150246,-21.423985,2.4456074,-0.37487105,-17.182236,-5.720127,-9.985718,-13.259282,2.1933951,-5.6408215,-4.104843,-0.094995774
C:\Users\Sidath Mendis\Desktop\Reasearch\System-implementation\MaCoDeR\datasets\raw\RAVDESS\Audio_Speech_Actors_01-24\Actor_07\03-01-05-02-02-02-07.wav,angry,275.36038,0.009895148,-363.07437,27.860258,-17.687834,7.0120325,3.7941735,-14.186117,-4.950356,-7.084775,-13.993525,3.9273558,-3.4952898,-5.883085,0.36907297
C:\Users\Sidath Mendis\Desktop\Reasearch\System-implementation\MaCoDeR\datasets\raw\RAVDESS\Audio_Speech_Actors_01-24\Actor_07\03-01-06-01-01-01-07.wav,fearful,275.8617,0.014753512,-347.65677,57.47994,-1.1098139,13.015427,7.874677,-5.371751,-7.4604073,-13.254997,-7.9411974,0.5151811,-3.304996,-3.3743122,4.265487
C:\Users\Sidath Mendis\Desktop\Reasearch\System-implementation\MaCoDeR\datasets\raw\RAVDESS\Audio_Speech_Actors_01-24\Actor_07\03-01-06-01-01-02-07.wav,fearful,275.09897,0.016479222,-349.9643,54.31383,-7.098261,7.887508,5.3967795,-10.248752,-13.1200905,-12.84389,-10.576143,-1.1163845,-6.085365,-5.7372336,0.87053686
C:\Users\Sidath Mendis\Desktop\Reasearch\System-implementation\MaCoDeR\datasets\raw\RAVDESS\Audio_Speech_Actors_01-24\Actor_07\03-01-06-01-02-01-07.wav,fearful,273.96628,0.01809417,-356.60376,48.950523,0.45158222,10.640433,6.3399005,-7.3021855,-11.986554,-9.244442,-8.156207,-4.651697,-2.9337885,-2.2302918,0.36481848
C:\Users\Sidath Mendis\Desktop\Reasearch\System-implementation\MaCoDeR\datasets\raw\RAVDESS\Audio_Speech_Actors_01-24\Actor_07\03-01-06-01-02-02-07.wav,fearful,270.325,0.012320046,-362.02975,43.289642,1.7896097,5.837887,2.0314205,-9.491837,-13.072909,-14.39013,-8.416284,-7.0812445,-8.63722,-3.1306155,-3.383004
C:\Users\Sidath Mendis\Desktop\Reasearch\System-implementation\MaCoDeR\datasets\raw\RAVDESS\Audio_Speech_Actors_01-24\Actor_07\03-01-06-02-01-01-07.wav,fearful,270.19275,0.015138609,-337.63495,33.173695,-17.385702,-0.0752441,-1.2830892,-17.61497,-13.460589,-13.664287,-11.909424,-8.961267,-9.073079,-4.1419325,-2.4544678
C:\Users\Sidath Mendis\Desktop\Reasearch\System-implementation\MaCoDeR\datasets\raw\RAVDESS\Audio_Speech_Actors_01-24\Actor_07\03-01-06-02-01-02-07.wav,fearful,269.91428,0.011494467,-367.63937,31.623724,-11.594005,2.5805988,-3.0210829,-18.587263,-10.290366,-5.427503,-10.4243145,-7.8268914,-4.334053,-8.302429,-3.965487
C:\Users\Sidath Mendis\Desktop\Reasearch\System-implementation\MaCoDeR\datasets\raw\RAVDESS\Audio_Speech_Actors_01-24\Actor_07\03-01-06-02-02-01-07.wav,fearful,275.21973,0.009490466,-361.63797,22.32923,-16.36783,0.11344422,-0.5499102,-19.678627,-15.121635,-15.0372305,-11.515545,-7.316682,-9.331518,-3.8137953,-5.549604
C:\Users\Sidath Mendis\Desktop\Reasearch\System-implementation\MaCoDeR\datasets\raw\RAVDESS\Audio_Speech_Actors_01-24\Actor_07\03-01-06-02-02-02-07.wav,fearful,275.3718,0.010138206,-382.33005,23.709328,-15.452321,-2.5374978,-4.805419,-17.741163,-11.553602,-14.983117,-9.891551,-5.248576,-7.269604,-1.6898124,-3.807062
C:\Users\Sidath Mendis\Desktop\Reasearch\System-implementation\MaCoDeR\datasets\raw\RAVDESS\Audio_Speech_Actors_01-24\Actor_07\03-01-07-01-01-01-07.wav,disgust,275.0551,0.007226322,-373.58487,50.247288,7.853197,13.398187,4.2547913,-8.367795,-6.4519415,-3.5102143,-1.3203641,-3.6914263,-1.4087644,-1.7648063,-1.9086463
C:\Users\Sidath Mendis\Desktop\Reasearch\System-implementation\MaCoDeR\datasets\raw\RAVDESS\Audio_Speech_Actors_01-24\Actor_07\03-01-07-01-01-02-07.wav,disgust,274.61548,0.0070971767,-363.56094,60.49723,3.5567725,14.105927,4.2866726,-10.349011,-7.996712,-4.031176,-0.700985,-3.690331,-1.2260436,-2.1571648,0.49282432
C:\Users\Sidath Mendis\Desktop\Reasearch\System-implementation\MaCoDeR\datasets\raw\RAVDESS\Audio_Speech_Actors_01-24\Actor_07\03-01-07-01-02-01-07.wav,disgust,268.54556,0.019488547,-330.50452,65.27997,15.967641,13.939166,11.110053,1.0393779,-6.039924,-2.4770873,2.92679,0.2051579,0.105980046,1.0961298,2.7100232
C:\Users\Sidath Mendis\Desktop\Reasearch\System-implementation\MaCoDeR\datasets\raw\RAVDESS\Audio_Speech_Actors_01-24\Actor_07\03-01-07-01-02-02-07.wav,disgust,275.15872,0.010233912,-363.14752,52.501156,11.012454,14.246876,6.315001,-10.52374,-5.15506,-2.6216712,-3.309079,-6.410282,-1.1778046,-3.4948723,-1.541638
C:\Users\Sidath Mendis\Desktop\Reasearch\System-implementation\MaCoDeR\datasets\raw\RAVDESS\Audio_Speech_Actors_01-24\Actor_07\03-01-07-02-01-01-07.wav,disgust,275.2196,0.006363483,-364.57065,47.671432,4.280867,17.18747,0.055172883,-15.273571,-1.0487903,-0.2427763,-8.968086,-4.2871637,-0.83812195,-3.9166615,-1.7932798
C:\Users\Sidath Mendis\Desktop\Reasearch\System-implementation\MaCoDeR\datasets\raw\RAVDESS\Audio_Speech_Actors_01-24\Actor_07\03-01-07-02-01-02-07.wav,disgust,274.40854,0.0028504147,-397.33377,54.063778,11.296183,20.705832,6.0483294,-9.6454,-3.9227538,2.270164,-4.4210753,-3.2811112,3.9691951,-1.8321784,-0.142518
C:\Users\Sidath Mendis\Desktop\Reasearch\System-implementation\MaCoDeR\datasets\raw\RAVDESS\Audio_Speech_Actors_01-24\Actor_07\03-01-07-02-02-01-07.wav,disgust,270.28122,0.003794945,-394.0408,59.009537,17.096272,21.253439,6.5160213,-8.890974,-4.8992686,0.29523844,-3.9110148,-6.7271667,2.1571693,-1.4920243,-2.653544
C:\Users\Sidath Mendis\Desktop\Reasearch\System-implementation\MaCoDeR\datasets\raw\RAVDESS\Audio_Speech_Actors_01-24\Actor_07\03-01-07-02-02-02-07.wav,disgust,269.6848,0.009916646,-352.69046,51.023216,18.779339,15.634166,4.2063565,-11.045533,-4.6557508,-0.6076947,-8.10995,-7.612222,-1.0459361,-4.99,-3.2861447
C:\Users\Sidath Mendis\Desktop\Reasearch\System-implementation\MaCoDeR\datasets\raw\RAVDESS\Audio_Speech_Actors_01-24\Actor_07\03-01-08-01-01-01-07.wav,surprised,268.54166,0.0076721567,-382.3397,65.80612,6.5092382,12.249871,6.876527,-8.013875,-4.943943,-9.711286,-1.3166369,-2.7536218,-6.232674,-1.425681,-2.5779772
C:\Users\Sidath Mendis\Desktop\Reasearch\System-implementation\MaCoDeR\datasets\raw\RAVDESS\Audio_Speech_Actors_01-24\Actor_07\03-01-08-01-01-02-07.wav,surprised,275.26846,0.015816227,-342.15854,59.40789,9.861067,13.462201,4.949957,-9.663008,-5.5047693,-5.14089,-1.4057176,-4.361668,-4.422939,-1.7794768,-2.6858377
C:\Users\Sidath Mendis\Desktop\Reasearch\System-implementation\MaCoDeR\datasets\raw\RAVDESS\Audio_Speech_Actors_01-24\Actor_07\03-01-08-01-02-01-07.wav,surprised,269.37708,0.015782967,-346.86688,66.64101,13.403843,13.374285,7.127601,-7.1679983,-3.9518256,-6.6198473,0.15224482,-3.2242157,-4.4053884,1.2972047,0.10014541
C:\Users\Sidath Mendis\Desktop\Reasearch\System-implementation\MaCoDeR\datasets\raw\RAVDESS\Audio_Speech_Actors_01-24\Actor_07\03-01-08-01-02-02-07.wav,surprised,275.38687,0.010884788,-364.73386,63.976334,10.04571,15.080756,8.768374,-8.7618265,-2.3443525,-8.56723,-1.1982448,-3.7929294,-5.966588,0.35763222,-0.35676712
C:\Users\Sidath Mendis\Desktop\Reasearch\System-implementation\MaCoDeR\datasets\raw\RAVDESS\Audio_Speech_Actors_01-24\Actor_07\03-01-08-02-01-01-07.wav,surprised,268.33527,0.008652562,-346.41757,50.934666,1.8069046,9.666546,0.13705097,-9.197773,-10.612983,-8.787087,-7.738443,-3.6977973,-5.3117404,-2.7246826,-2.3354175
C:\Users\Sidath Mendis\Desktop\Reasearch\System-implementation\MaCoDeR\datasets\raw\RAVDESS\Audio_Speech_Actors_01-24\Actor_07\03-01-08-02-01-02-07.wav,surprised,274.13492,0.0069358437,-377.8335,48.644344,8.312826,13.077208,6.1178927,-10.250266,-6.869985,-6.628063,-4.479072,-5.0785956,-6.2876406,-3.0450401,-3.6921017
C:\Users\Sidath Mendis\Desktop\Reasearch\System-implementation\MaCoDeR\datasets\raw\RAVDESS\Audio_Speech_Actors_01-24\Actor_07\03-01-08-02-02-01-07.wav,surprised,268.75644,0.011796762,-356.7863,44.213985,1.1774434,8.841893,2.0408652,-10.518717,-11.621033,-11.430614,-5.877294,-5.119502,-8.303647,-1.752788,-3.748998
C:\Users\Sidath Mendis\Desktop\Reasearch\System-implementation\MaCoDeR\datasets\raw\RAVDESS\Audio_Speech_Actors_01-24\Actor_07\03-01-08-02-02-02-07.wav,surprised,270.4466,0.0113755455,-376.148,47.31958,6.808732,11.002594,3.0304842,-9.848826,-7.4324455,-7.2785563,-3.9382515,-4.008504,-7.676204,-1.019717,-2.7527046
C:\Users\Sidath Mendis\Desktop\Reasearch\System-implementation\MaCoDeR\datasets\raw\RAVDESS\Audio_Speech_Actors_01-24\Actor_08\03-01-01-01-01-01-08.wav,neutral,274.86227,0.011184972,-369.67847,63.248642,8.932156,21.843256,7.3047523,2.1434174,5.8973794,-9.047281,2.7432446,-1.7892543,2.284297,-3.970737,0.7397757
C:\Users\Sidath Mendis\Desktop\Reasearch\System-implementation\MaCoDeR\datasets\raw\RAVDESS\Audio_Speech_Actors_01-24\Actor_08\03-01-01-01-01-02-08.wav,neutral,274.45096,0.015779559,-345.99802,67.64851,7.725307,21.931631,6.9586296,0.80194247,5.9756575,-7.586681,1.375818,-1.8393395,1.2272744,-2.2131732,0.0073242188
C:\Users\Sidath Mendis\Desktop\Reasearch\System-implementation\MaCoDeR\datasets\raw\RAVDESS\Audio_Speech_Actors_01-24\Actor_08\03-01-01-01-02-01-08.wav,neutral,269.43646,0.01733818,-356.59378,63.510315,11.813025,20.22077,6.914348,2.2967224,3.112144,-9.1209545,-0.9868942,-2.985995,0.16973439,-3.3464363,0.83521736
C:\Users\Sidath Mendis\Desktop\Reasearch\System-implementation\MaCoDeR\datasets\raw\RAVDESS\Audio_Speech_Actors_01-24\Actor_08\03-01-01-01-02-02-08.wav,neutral,275.78885,0.016373213,-347.41144,64.75182,9.010927,20.54443,5.876039,3.880832,3.6793108,-7.319492,-1.1293484,-0.3363313,2.1020336,-2.0881355,1.9995233
C:\Users\Sidath Mendis\Desktop\Reasearch\System-implementation\MaCoDeR\datasets\raw\RAVDESS\Audio_Speech_Actors_01-24\Actor_08\03-01-02-01-01-01-08.wav,calm,274.42264,0.020298563,-318.8124,71.82813,13.182996,21.664398,9.262007,3.4476922,5.8417716,-7.0406017,-0.33274508,-1.6865035,1.5555145,-5.310212,0.22430566
C:\Users\Sidath Mendis\Desktop\Reasearch\System-implementation\MaCoDeR\datasets\raw\RAVDESS\Audio_Speech_Actors_01-24\Actor_08\03-01-02-01-01-02-08.wav,calm,274.8373,0.012182904,-352.19348,67.62824,14.390372,22.395422,7.597236,6.7253027,3.4290195,-5.2171593,-0.7878183,-0.6223545,0.48414904,-6.62017,0.8439728
C:\Users\Sidath Mendis\Desktop\Reasearch\System-implementation\MaCoDeR\datasets\raw\RAVDESS\Audio_Speech_Actors_01-24\Actor_08\03-01-02-01-02-01-08.wav,calm,275.1591,0.014670271,-352.23587,66.587616,21.861507,21.603153,9.848387,7.626517,5.362721,-7.0741673,0.47613668,0.0046829223,0.5479116,-4.3964753,2.1706545
C:\Users\Sidath Mendis\Desktop\Reasearch\System-implementation\MaCoDeR\datasets\raw\RAVDESS\Audio_Speech_Actors_01-24\Actor_08\03-01-02-01-02-02-08.wav,calm,274.74045,0.029114483,-316.3363,68.87424,14.269193,23.237642,11.449409,5.668572,5.635005,-7.588266,-0.51073444,-1.6178938,1.1399071,-5.52632,1.7526242
C:\Users\Sidath Mendis\Desktop\Reasearch\System-implementation\MaCoDeR\datasets\raw\RAVDESS\Audio_Speech_Actors_01-24\Actor_08\03-01-02-02-01-01-08.wav,calm,276.33676,0.020589026,-302.39325,67.52659,12.455446,23.878843,8.070919,4.472209,7.3044667,-3.9895637,-1.4063429,-1.4670546,1.6986401,-6.839279,0.87853694
C:\Users\Sidath Mendis\Desktop\Reasearch\System-implementation\MaCoDeR\datasets\raw\RAVDESS\Audio_Speech_Actors_01-24\Actor_08\03-01-02-02-01-02-08.wav,calm,269.78363,0.015878143,-319.96948,67.14337,13.928328,20.664627,7.3676953,5.577975,7.963109,-4.82714,0.0012982055,-1.5889238,0.011001682,-7.440937,-0.7872515
C:\Users\Sidath Mendis\Desktop\Reasearch\System-implementation\MaCoDeR\datasets\raw\RAVDESS\Audio_Speech_Actors_01-24\Actor_08\03-01-02-02-02-01-08.wav,calm,274.7096,0.0152879255,-328.40164,64.01109,17.862206,20.1854,8.561495,8.227396,6.643294,-4.1777983,-2.0274825,-1.2583528,-0.14881149,-6.197765,-0.8226929
C:\Users\Sidath Mendis\Desktop\Reasearch\System-implementation\MaCoDeR\datasets\raw\RAVDESS\Audio_Speech_Actors_01-24\Actor_08\03-01-02-02-02-02-08.wav,calm,275.519,0.023088409,-313.48703,65.5684,14.442064,21.61549,7.0078235,6.212831,3.963479,-6.260842,1.380401,-1.920162,-0.45357347,-7.9428687,-0.9518457
C:\Users\Sidath Mendis\Desktop\Reasearch\System-implementation\MaCoDeR\datasets\raw\RAVDESS\Audio_Speech_Actors_01-24\Actor_08\03-01-03-01-01-01-08.wav,happy,275.11966,0.008760194,-378.1701,62.15176,-6.9382277,18.696146,7.275501,0.7033087,1.5012643,-7.2489767,2.0318408,-2.1586401,0.32893544,-3.0824451,-0.5450755
C:\Users\Sidath Mendis\Desktop\Reasearch\System-implementation\MaCoDeR\datasets\raw\RAVDESS\Audio_Speech_Actors_01-24\Actor_08\03-01-03-01-01-02-08.wav,happy,274.72525,0.005560239,-395.6366,55.000427,-7.7077856,21.592335,6.0045304,-2.4040425,1.7003607,-5.881274,0.6941276,-0.62634134,0.054404445,-3.249483,-0.27127063
C:\Users\Sidath Mendis\Desktop\Reasearch\System-implementation\MaCoDeR\datasets\raw\RAVDESS\Audio_Speech_Actors_01-24\Actor_08\03-01-03-01-02-01-08.wav,happy,274.88733,0.01118311,-383.9226,58.617462,0.9372675,18.93901,9.581892,-1.2384704,1.5025841,-7.4525104,0.88716525,-1.8683708,-1.3919578,-2.4920309,-2.0525734
C:\Users\Sidath Mendis\Desktop\Reasearch\System-implementation\MaCoDeR\datasets\raw\RAVDESS\Audio_Speech_Actors_01-24\Actor_08\03-01-03-01-02-02-08.wav,happy,269.51132,0.0065873065,-404.97128,51.617058,-7.3570433,14.238406,8.79481,-3.952214,-2.7286265,-9.708152,-0.56529987,-2.948131,-1.814662,-1.7840912,-1.6240783
C:\Users\Sidath Mendis\Desktop\Reasearch\System-implementation\MaCoDeR\datasets\raw\RAVDESS\Audio_Speech_Actors_01-24\Actor_08\03-01-03-02-01-01-08.wav,happy,269.37427,0.007818005,-382.26523,49.61706,-21.386724,8.59884,2.7186368,-9.611737,-0.21214505,-11.348081,-1.3408445,-2.9270651,-6.714441,-4.4597898,-1.9994792
C:\Users\Sidath Mendis\Desktop\Reasearch\System-implementation\MaCoDeR\datasets\raw\RAVDESS\Audio_Speech_Actors_01-24\Actor_08\03-01-03-02-01-02-08.wav,happy,275.5555,0.011614171,-368.6416,46.974686,-20.78857,15.634532,2.7821026,-6.653435,2.9284093,-5.4709077,-0.13389362,-2.17916,-4.6479354,-2.5290017,-1.9027338
C:\Users\Sidath Mendis\Desktop\Reasearch\System-implementation\MaCoDeR\datasets\raw\RAVDESS\Audio_Speech_Actors_01-24\Actor_08\03-01-03-02-02-01-08.wav,happy,274.47333,0.006250158,-380.2665,42.83814,-21.192091,10.795838,3.5025377,-10.808698,-3.0215647,-12.516262,-3.5439296,-4.8501854,-9.035114,-3.6025755,-4.5786552
C:\Users\Sidath Mendis\Desktop\Reasearch\System-implementation\MaCoDeR\datasets\raw\RAVDESS\Audio_Speech_Actors_01-24\Actor_08\03-01-03-02-02-02-08.wav,happy,274.9606,0.015377177,-334.33057,49.68073,-22.96277,9.118453,1.5387176,-11.664797,-3.7595603,-13.144971,-4.376733,-2.8395307,-9.663785,-5.5426106,-5.6598406
C:\Users\Sidath Mendis\Desktop\Reasearch\System-implementation\MaCoDeR\datasets\raw\RAVDESS\Audio_Speech_Actors_01-24\Actor_08\03-01-04-01-01-01-08.wav,sad,273.6468,0.020965291,-330.54272,61.61575,16.32777,18.997257,14.188376,6.534617,3.9555962,-4.259204,-0.13890067,-1.0910399,0.8750991,-7.1221695,2.6659067
C:\Users\Sidath Mendis\Desktop\Reasearch\System-implementation\MaCoDeR\datasets\raw\RAVDESS\Audio_Speech_Actors_01-24\Actor_08\03-01-04-01-01-02-08.wav,sad,274.89047,0.015968997,-341.78995,70.690636,12.370751,23.337008,8.536957,4.2145505,5.381937,-4.3373575,1.6690915,-2.723185,0.8138351,-2.6697462,1.8576578
C:\Users\Sidath Mendis\Desktop\Reasearch\System-implementation\MaCoDeR\datasets\raw\RAVDESS\Audio_Speech_Actors_01-24\Actor_08\03-01-04-01-02-01-08.wav,sad,268.5153,0.025005342,-317.8231,60.276264,16.257631,18.891878,11.993578,6.8478956,4.2477217,-8.179352,-1.8014879,1.1305114,0.41244715,-2.2331882,-0.1489754
C:\Users\Sidath Mendis\Desktop\Reasearch\System-implementation\MaCoDeR\datasets\raw\RAVDESS\Audio_Speech_Actors_01-24\Actor_08\03-01-04-01-02-02-08.wav,sad,274.41296,0.013336745,-343.57114,71.1644,14.980063,19.136406,12.125369,7.0475607,0.29581362,-8.83623,-2.566167,1.8502316,3.125437,-7.390642,1.9144355
C:\Users\Sidath Mendis\Desktop\Reasearch\System-implementation\MaCoDeR\datasets\raw\RAVDESS\Audio_Speech_Actors_01-24\Actor_08\03-01-04-02-01-01-08.wav,sad,269.75674,0.025792956,-304.73337,61.11934,-8.018819,16.063856,10.380353,-4.260996,-4.96482,-17.89735,-1.9438623,3.069191,-7.4302087,-4.757814,-0.31620526
C:\Users\Sidath Mendis\Desktop\Reasearch\System-implementation\MaCoDeR\datasets\raw\RAVDESS\Audio_Speech_Actors_01-24\Actor_08\03-01-04-02-01-02-08.wav,sad,273.88235,0.014600373,-333.45474,57.508972,-4.290871,16.42926,8.86519,-2.9710848,-2.0718465,-16.997395,-5.970225,2.6494174,-4.569936,-3.331047,0.7925082
C:\Users\Sidath Mendis\Desktop\Reasearch\System-implementation\MaCoDeR\datasets\raw\RAVDESS\Audio_Speech_Actors_01-24\Actor_08\03-01-04-02-02-01-08.wav,sad,274.88815,0.022374483,-336.38297,59.323864,-1.1742532,15.879745,9.956025,-0.6131159,1.1434776,-11.942703,-3.5732453,5.290234,-7.269204,-1.5600091,-0.020122131
C:\Users\Sidath Mendis\Desktop\Reasearch\System-implementation\MaCoDeR\datasets\raw\RAVDESS\Audio_Speech_Actors_01-24\Actor_08\03-01-04-02-02-02-08.wav,sad,273.7363,0.022806311,-333.10394,67.647675,-2.2503831,16.505367,9.835844,0.6854547,-3.0895746,-21.957302,-6.570021,7.766301,-7.6364913,-4.9931016,0.35191458
C:\Users\Sidath Mendis\Desktop\Reasearch\System-implementation\MaCoDeR\datasets\raw\RAVDESS\Audio_Speech_Actors_01-24\Actor_08\03-01-05-01-01-01-08.wav,angry,274.46945,0.009544116,-385.2142,52.48362,-5.83536,11.021635,-0.6602354,-2.3122363,5.9587913,-7.853401,-1.6240345,-2.58104,-2.2430706,-3.875007,-1.9347723
C:\Users\Sidath Mendis\Desktop\Reasearch\System-implementation\MaCoDeR\datasets\raw\RAVDESS\Audio_Speech_Actors_01-24\Actor_08\03-01-05-01-01-02-08.wav,angry,273.88977,0.007992557,-372.73657,46.299046,-0.255205,12.37251,-6.6713943,-3.348407,7.26141,-4.718107,-3.349743,-4.3196115,-0.9478494,-2.2409618,-0.9229983
C:\Users\Sidath Mendis\Desktop\Reasearch\System-implementation\MaCoDeR\datasets\raw\RAVDESS\Audio_Speech_Actors_01-24\Actor_08\03-01-05-01-02-01-08.wav,angry,274.55844,0.009043986,-399.4856,46.620052,8.670779,11.184936,-0.25506452,-0.07119003,7.7700768,-6.2322464,-3.7074103,-3.2773309,-1.4970165,-1.7484103,-0.7225966
C:\Users\Sidath Mendis\Desktop\Reasearch\System-implementation\MaCoDeR\datasets\raw\RAVDESS\Audio_Speech_Actors_01-24\Actor_08\03-01-05-01-02-02-08.wav,angry,274.2051,0.016760185,-371.1685,45.588444,8.846893,11.511247,-0.8513951,-2.6782148,6.7477274,-6.3693204,-5.0921016,-3.703085,-3.2149105,-3.5340838,-2.2852802
C:\Users\Sidath Mendis\Desktop\Reasearch\System-implementation\MaCoDeR\datasets\raw\RAVDESS\Audio_Speech_Actors_01-24\Actor_08\03-01-05-02-01-01-08.wav,angry,275.08548,0.011532504,-368.0521,46.070408,-14.330334,3.5532634,-12.781026,-7.592484,7.563658,-9.318292,-6.320538,-2.7234614,-1.6259352,-1.6526994,-2.6557074
C:\Users\Sidath Mendis\Desktop\Reasearch\System-implementation\MaCoDeR\datasets\raw\RAVDESS\Audio_Speech_Actors_01-24\Actor_08\03-01-05-02-01-02-08.wav,angry,278.6434,0.009328622,-377.73993,28.565544,-19.603758,5.293264,-11.753315,-9.839315,5.232433,-6.434095,-5.067862,-3.4087477,-3.957411,-3.4845786,-5.2584515
C:\Users\Sidath Mendis\Desktop\Reasearch\System-implementation\MaCoDeR\datasets\raw\RAVDESS\Audio_Speech_Actors_01-24\Actor_08\03-01-05-02-02-01-08.wav,angry,274.02023,0.00825499,-406.23093,30.020067,-4.591958,2.3784628,-8.495287,-6.713245,5.8948913,-11.744559,-4.0407395,-5.0566235,-2.9487903,-2.4691966,-2.8058116
C:\Users\Sidath Mendis\Desktop\Reasearch\System-implementation\MaCoDeR\datasets\raw\RAVDESS\Audio_Speech_Actors_01-24\Actor_08\03-01-05-02-02-02-08.wav,angry,278.30026,0.0061672535,-412.29614,34.59176,-7.4438243,6.143703,-8.397313,-8.857314,6.8482075,-11.99603,-5.2887726,-5.9530125,-4.036294,-3.0560203,-2.6933255
C:\Users\Sidath Mendis\Desktop\Reasearch\System-implementation\MaCoDeR\datasets\raw\RAVDESS\Audio_Speech_Actors_01-24\Actor_08\03-01-06-01-01-01-08.wav,fearful,274.20963,0.015810573,-324.8952,45.157574,-22.207264,6.5483046,1.3575122,-8.294934,-1.9152789,-17.84595,-3.9103386,-4.162808,-7.9907823,-7.333287,-3.0371659
C:\Users\Sidath Mendis\Desktop\Reasearch\System-implementation\MaCoDeR\datasets\raw\RAVDESS\Audio_Speech_Actors_01-24\Actor_08\03-01-06-01-01-02-08.wav,fearful,275.14584,0.018640487,-327.49835,58.353615,-14.3326435,11.300485,4.599409,-1.3779117,5.3409967,-12.42835,-2.3947155,1.960622,-3.214015,-5.848265,1.151638
C:\Users\Sidath Mendis\Desktop\Reasearch\System-implementation\MaCoDeR\datasets\raw\RAVDESS\Audio_Speech_Actors_01-24\Actor_08\03-01-06-01-02-01-08.wav,fearful,280.40524,0.016608907,-331.58188,54.106487,-17.317263,0.11464406,3.1434214,-5.4924135,-4.3548417,-21.533915,-3.6902716,1.0265111,-7.792311,-6.504577,-3.1346521
C:\Users\Sidath Mendis\Desktop\Reasearch\System-implementation\MaCoDeR\datasets\raw\RAVDESS\Audio_Speech_Actors_01-24\Actor_08\03-01-06-01-02-02-08.wav,fearful,269.6879,0.013806024,-360.29947,45.579872,-7.847674,5.7146673,4.964579,-4.498845,3.5303605,-15.041969,-3.7200437,-0.029788563,-8.739077,-2.8710346,-3.355351
C:\Users\Sidath Mendis\Desktop\Reasearch\System-implementation\MaCoDeR\datasets\raw\RAVDESS\Audio_Speech_Actors_01-24\Actor_08\03-01-06-02-01-01-08.wav,fearful,270.88733,0.0057268185,-384.4949,21.274633,-19.265516,7.2966857,-4.8807983,-7.4644704,0.24345748,-10.680867,-3.7917843,-0.5169976,-3.096009,-1.9080234,-2.0956619
C:\Users\Sidath Mendis\Desktop\Reasearch\System-implementation\MaCoDeR\datasets\raw\RAVDESS\Audio_Speech_Actors_01-24\Actor_08\03-01-06-02-01-02-08.wav,fearful,275.65436,0.010183749,-381.27798,22.48714,-22.800457,6.9664907,-5.8459377,-10.839302,0.9920994,-14.236735,-2.1949444,1.8442589,-4.294573,-2.9436207,-2.2168522
C:\Users\Sidath Mendis\Desktop\Reasearch\System-implementation\MaCoDeR\datasets\raw\RAVDESS\Audio_Speech_Actors_01-24\Actor_08\03-01-06-02-02-01-08.wav,fearful,294.3208,0.012650571,-374.64474,24.876694,-16.959995,-2.0052407,-7.1564035,-7.661453,-0.82983875,-13.563598,-8.598361,-1.9535639,-4.937592,-1.8185552,-0.4514616
C:\Users\Sidath Mendis\Desktop\Reasearch\System-implementation\MaCoDeR\datasets\raw\RAVDESS\Audio_Speech_Actors_01-24\Actor_08\03-01-06-02-02-02-08.wav,fearful,272.92468,0.021651844,-347.38467,22.528927,-16.186638,2.8675303,-4.9624233,-8.193515,3.6673238,-14.851761,-4.654656,1.078737,-4.296604,-0.8581825,-2.158826
C:\Users\Sidath Mendis\Desktop\Reasearch\System-implementation\MaCoDeR\datasets\raw\RAVDESS\Audio_Speech_Actors_01-24\Actor_08\03-01-07-01-01-01-08.wav,disgust,275.11014,0.007123974,-381.83575,63.43524,12.022701,16.185839,6.9171805,4.902784,4.074811,-5.598109,-0.9252305,2.6199725,1.2893736,-2.528782,0.49185136
C:\Users\Sidath Mendis\Desktop\Reasearch\System-implementation\MaCoDeR\datasets\raw\RAVDESS\Audio_Speech_Actors_01-24\Actor_08\03-01-07-01-01-02-08.wav,disgust,274.61703,0.015305824,-334.87576,75.62344,8.773573,16.017714,3.8868635,4.0736566,-0.6236137,-7.8812294,-3.1705382,1.5828333,-1.94068,-2.2362416,-1.0605386
C:\Users\Sidath Mendis\Desktop\Reasearch\System-implementation\MaCoDeR\datasets\raw\RAVDESS\Audio_Speech_Actors_01-24\Actor_08\03-01-07-01-02-01-08.wav,disgust,274.9522,0.017092284,-348.0893,61.211525,17.01648,13.151336,7.300239,2.7492733,-1.6517874,-9.591501,-3.2634006,2.8366354,-4.0601006,-0.44769916,-2.5667334
C:\Users\Sidath Mendis\Desktop\Reasearch\System-implementation\MaCoDeR\datasets\raw\RAVDESS\Audio_Speech_Actors_01-24\Actor_08\03-01-07-01-02-02-08.wav,disgust,273.86462,0.015032941,-372.18997,55.18444,16.206076,13.996447,9.766481,1.7994388,2.868851,-6.567539,-3.0976896,2.4578815,-0.48434135,2.2785368,-1.4785744
C:\Users\Sidath Mendis\Desktop\Reasearch\System-implementation\MaCoDeR\datasets\raw\RAVDESS\Audio_Speech_Actors_01-24\Actor_08\03-01-07-02-01-01-08.wav,disgust,275.65128,0.02148833,-312.40085,51.231033,4.720355,12.248284,2.8497095,-0.3528268,-2.1470976,-14.4209175,-2.5357313,1.6793126,-0.76194406,3.042431,1.1434356
C:\Users\Sidath Mendis\Desktop\Reasearch\System-implementation\MaCoDeR\datasets\raw\RAVDESS\Audio_Speech_Actors_01-24\Actor_08\03-01-07-02-01-02-08.wav,disgust,274.94604,0.0150311,-333.3559,73.4607,4.792178,15.5126295,4.20093,-5.265331,-6.212434,-6.4566703,-1.343034,-2.174676,-2.479818,1.0448546,-2.9184475
C:\Users\Sidath Mendis\Desktop\Reasearch\System-implementation\MaCoDeR\datasets\raw\RAVDESS\Audio_Speech_Actors_01-24\Actor_08\03-01-07-02-02-01-08.wav,disgust,269.5543,0.015522355,-356.0467,54.82424,13.394763,14.272485,6.532801,-1.7580158,-2.6833088,-8.367075,-2.693293,-3.3946946,-5.4851656,3.768748,-3.7640793
C:\Users\Sidath Mendis\Desktop\Reasearch\System-implementation\MaCoDeR\datasets\raw\RAVDESS\Audio_Speech_Actors_01-24\Actor_08\03-01-07-02-02-02-08.wav,disgust,274.79785,0.024801845,-337.0288,47.702225,11.173059,12.239253,4.3383536,-4.294918,-4.679066,-6.9313307,-1.5081745,-0.56475246,-4.1501436,4.71432,-3.804058
C:\Users\Sidath Mendis\Desktop\Reasearch\System-implementation\MaCoDeR\datasets\raw\RAVDESS\Audio_Speech_Actors_01-24\Actor_08\03-01-08-01-01-01-08.wav,surprised,274.42786,0.016136363,-322.1088,49.789856,1.6896675,10.976288,5.492177,3.1345334,1.5656763,-12.791474,0.927357,2.046452,-1.0531117,-4.54634,1.5782508
C:\Users\Sidath Mendis\Desktop\Reasearch\System-implementation\MaCoDeR\datasets\raw\RAVDESS\Audio_Speech_Actors_01-24\Actor_08\03-01-08-01-01-02-08.wav,surprised,269.84503,0.015518114,-337.47977,50.717537,-0.4094758,9.130424,1.3443335,0.96475846,2.2163405,-12.78249,0.14626712,-1.8606309,-2.7878482,-6.2075953,-0.6543387
C:\Users\Sidath Mendis\Desktop\Reasearch\System-implementation\MaCoDeR\datasets\raw\RAVDESS\Audio_Speech_Actors_01-24\Actor_08\03-01-08-01-02-01-08.wav,surprised,269.96866,0.015498215,-353.35568,44.827526,2.0740054,7.129318,4.032634,0.6488941,0.96753865,-12.488896,-0.3520782,-0.96135634,-3.3735085,-4.9400454,-3.1461675
C:\Users\Sidath Mendis\Desktop\Reasearch\System-implementation\MaCoDeR\datasets\raw\RAVDESS\Audio_Speech_Actors_01-24\Actor_08\03-01-08-01-02-02-08.wav,surprised,274.88754,0.018105634,-353.94415,51.850998,8.459838,11.891865,3.4923723,-0.49105346,3.909806,-10.505784,-1.954373,-1.7941723,-2.0190678,-5.9957333,-2.7320368
C:\Users\Sidath Mendis\Desktop\Reasearch\System-implementation\MaCoDeR\datasets\raw\RAVDESS\Audio_Speech_Actors_01-24\Actor_08\03-01-08-02-01-01-08.wav,surprised,274.52103,0.01917137,-307.2855,47.79044,-8.243609,7.8722076,-0.2494695,-0.6615602,-0.024637382,-15.0958,-2.6353347,1.3237268,-4.086614,-6.0971856,-0.59512097
C:\Users\Sidath Mendis\Desktop\Reasearch\System-implementation\MaCoDeR\datasets\raw\RAVDESS\Audio_Speech_Actors_01-24\Actor_08\03-01-08-02-01-02-08.wav,surprised,274.46912,0.0144118965,-339.22443,49.291687,-4.5664253,6.259777,-1.4917257,-1.6722686,1.8266445,-15.208136,-2.1378636,-0.36699963,-3.851939,-5.7178316,-1.8953488
C:\Users\Sidath Mendis\Desktop\Reasearch\System-implementation\MaCoDeR\datasets\raw\RAVDESS\Audio_Speech_Actors_01-24\Actor_08\03-01-08-02-02-01-08.wav,surprised,275.4648,0.011458041,-392.56897,44.27155,-2.4598033,1.9899766,-3.5078213,-2.1248856,4.1538043,-12.103495,-3.7432537,-2.8954718,-0.5186646,-4.9242563,-2.7819536
C:\Users\Sidath Mendis\Desktop\Reasearch\System-implementation\MaCoDeR\datasets\raw\RAVDESS\Audio_Speech_Actors_01-24\Actor_08\03-01-08-02-02-02-08.wav,surprised,275.28885,0.02692687,-337.4505,41.74179,1.2321113,3.9880743,-0.35428295,-0.20929559,1.5510641,-15.275852,-4.7219987,-3.631249,-3.0696673,-7.322046,-3.9997485
C:\Users\Sidath Mendis\Desktop\Reasearch\System-implementation\MaCoDeR\datasets\raw\RAVDESS\Audio_Speech_Actors_01-24\Actor_09\03-01-01-01-01-01-09.wav,neutral,270.2412,0.008396537,-353.7664,92.02211,21.974056,31.902094,22.148632,9.448864,5.301553,5.607602,6.9287577,6.6251783,-0.13331713,8.49071,6.154466
C:\Users\Sidath Mendis\Desktop\Reasearch\System-implementation\MaCoDeR\datasets\raw\RAVDESS\Audio_Speech_Actors_01-24\Actor_09\03-01-01-01-01-02-09.wav,neutral,268.79825,0.008806247,-369.19897,77.86841,14.380867,21.008358,13.392018,4.7332554,1.3457332,-1.6802926,5.3075004,2.486268,-5.6910257,6.4515615,2.3873458
C:\Users\Sidath Mendis\Desktop\Reasearch\System-implementation\MaCoDeR\datasets\raw\RAVDESS\Audio_Speech_Actors_01-24\Actor_09\03-01-01-01-02-01-09.wav,neutral,274.7618,0.01307478,-348.00668,66.20733,16.178616,20.421858,13.010475,6.712302,0.087843895,-4.429326,-0.32242858,1.713863,-5.4619284,2.2052736,0.1314578
C:\Users\Sidath Mendis\Desktop\Reasearch\System-implementation\MaCoDeR\datasets\raw\RAVDESS\Audio_Speech_Actors_01-24\Actor_09\03-01-01-01-02-02-09.wav,neutral,274.41568,0.0115431985,-359.9305,71.225,13.172237,21.122849,11.821007,4.0136747,1.3334675,-3.6378183,0.11413084,1.8248469,-4.953583,3.3389976,0.38134137
C:\Users\Sidath Mendis\Desktop\Reasearch\System-implementation\MaCoDeR\datasets\raw\RAVDESS\Audio_Speech_Actors_01-24\Actor_09\03-01-02-01-01-01-09.wav,calm,269.97794,0.008570596,-362.35266,70.84682,14.509408,19.895674,16.550035,6.376459,-3.3023174,-2.0840948,3.5492308,2.064969,-3.8670185,4.173436,-0.5810501
C:\Users\Sidath Mendis\Desktop\Reasearch\System-implementation\MaCoDeR\datasets\raw\RAVDESS\Audio_Speech_Actors_01-24\Actor_09\03-01-02-01-01-02-09.wav,calm,268.86127,0.008024687,-332.8922,64.448746,1.3877721,29.2869,15.122465,0.7200199,-7.4595633,-4.7686954,5.138054,4.04351,-7.1305923,5.2754307,-0.08575021
C:\Users\Sidath Mendis\Desktop\Reasearch\System-implementation\MaCoDeR\datasets\raw\RAVDESS\Audio_Speech_Actors_01-24\Actor_09\03-01-02-01-02-01-09.wav,calm,275.00162,0.011602056,-323.4425,65.24609,8.900713,21.83042,8.193551,-2.1621358,-3.3512762,-2.533796,-0.09903992,2.4159484,-5.1049128,6.0223637,-1.7098129
C:\Users\Sidath Mendis\Desktop\Reasearch\System-implementation\MaCoDeR\datasets\raw\RAVDESS\Audio_Speech_Actors_01-24\Actor_09\03-01-02-01-02-02-09.wav,calm,275.81244,0.008581651,-358.4729,70.07149,17.612688,23.1381,15.820025,10.269398,-0.18146436,-2.902349,1.5764819,6.6675076,-3.0956674,5.386707,1.2208667
C:\Users\Sidath Mendis\Desktop\Reasearch\System-implementation\MaCoDeR\datasets\raw\RAVDESS\Audio_Speech_Actors_01-24\Actor_09\03-01-02-02-01-01-09.wav,calm,275.43753,0.0064441883,-351.94116,63.451565,21.316479,22.811468,15.832623,10.119568,-1.6117532,-3.0529966,7.5037866,5.7644863,-0.68091214,8.796834,1.6959834
C:\Users\Sidath Mendis\Desktop\Reasearch\System-implementation\MaCoDeR\datasets\raw\RAVDESS\Audio_Speech_Actors_01-24\Actor_09\03-01-02-02-01-02-09.wav,calm,274.03665,0.019624408,-291.21753,79.11584,25.65453,33.561005,21.067644,13.567872,-1.3866158,-1.5140518,5.8736806,2.830634,-2.2075925,9.07149,-0.7878893
C:\Users\Sidath Mendis\Desktop\Reasearch\System-implementation\MaCoDeR\datasets\raw\RAVDESS\Audio_Speech_Actors_01-24\Actor_09\03-01-02-02-02-01-09.wav,calm,268.96112,0.008455112,-336.51376,82.08719,15.824505,30.367754,17.616703,5.1228848,-2.780742,-4.311423,2.893007,5.287319,-3.2375314,6.9594965,-1.6369045
C:\Users\Sidath Mendis\Desktop\Reasearch\System-implementation\MaCoDeR\datasets\raw\RAVDESS\Audio_Speech_Actors_01-24\Actor_09\03-01-02-02-02-02-09.wav,calm,275.36197,0.011676681,-361.04095,72.9066,16.223255,20.750113,12.443536,9.436656,-2.2646048,-3.6084335,-0.19588786,2.7514033,-7.464744,4.627348,0.5280458
C:\Users\Sidath Mendis\Desktop\Reasearch\System-implementation\MaCoDeR\datasets\raw\RAVDESS\Audio_Speech_Actors_01-24\Actor_09\03-01-03-01-01-01-09.wav,happy,274.90378,0.012834395,-331.9748,96.59705,11.395732,18.545225,20.758558,4.8262625,-4.267111,-5.3960466,-10.633759,-1.4014151,-2.1504571,-0.18321535,1.5968099
C:\Users\Sidath Mendis\Desktop\Reasearch\System-implementation\MaCoDeR\datasets\raw\RAVDESS\Audio_Speech_Actors_01-24\Actor_09\03-01-03-01-01-02-09.wav,happy,269.41818,0.009072331,-366.94055,76.90651,1.4158578,15.875766,19.00173,0.3634806,-4.146672,-4.0842724,-2.4926193,3.297564,-2.0252252,-1.6971809,-1.0314858
C:\Users\Sidath Mendis\Desktop\Reasearch\System-implementation\MaCoDeR\datasets\raw\RAVDESS\Audio_Speech_Actors_01-24\Actor_09\03-01-03-01-02-01-09.wav,happy,274.20358,0.010045793,-370.79132,68.20473,5.6514683,14.952039,16.743828,4.5724545,-4.6448784,-4.6024795,-3.452193,3.1945796,-6.347078,0.50394636,-0.49199414
C:\Users\Sidath Mendis\Desktop\Reasearch\System-implementation\MaCoDeR\datasets\raw\RAVDESS\Audio_Speech_Actors_01-24\Actor_09\03-01-03-01-02-02-09.wav,happy,274.91324,0.009204943,-369.51624,66.44661,-4.617539,14.589339,13.411491,0.8910387,-4.8582177,-11.165369,-7.9815845,3.4555347,-4.8051276,-5.0227046,1.385424
C:\Users\Sidath Mendis\Desktop\Reasearch\System-implementation\MaCoDeR\datasets\raw\RAVDESS\Audio_Speech_Actors_01-24\Actor_09\03-01-03-02-01-01-09.wav,happy,268.6822,0.021383323,-333.8013,56.8582,-17.446121,2.6336079,7.5450373,-12.68466,-15.042939,-7.816285,-14.532588,-1.8004771,-1.3633714,-4.4582915,-5.008394
C:\Users\Sidath Mendis\Desktop\Reasearch\System-implementation\MaCoDeR\datasets\raw\RAVDESS\Audio_Speech_Actors_01-24\Actor_09\03-01-03-02-01-02-09.wav,happy,273.80093,0.016336687,-318.48077,79.28908,-18.318943,4.3866224,9.305142,-16.612247,-17.43065,-7.1063967,-18.555967,-4.850781,-2.1078365,-6.917913,-5.030638
C:\Users\Sidath Mendis\Desktop\Reasearch\System-implementation\MaCoDeR\datasets\raw\RAVDESS\Audio_Speech_Actors_01-24\Actor_09\03-01-03-02-02-01-09.wav,happy,274.44788,0.016769163,-340.1958,38.816086,-14.363768,5.4215083,7.988402,-6.8339763,-10.916377,-5.7828417,-14.6264105,-0.109437376,-6.3774953,-3.1681561,-2.2379427
C:\Users\Sidath Mendis\Desktop\Reasearch\System-implementation\MaCoDeR\datasets\raw\RAVDESS\Audio_Speech_Actors_01-24\Actor_09\03-01-03-02-02-02-09.wav,happy,269.1459,0.0116418665,-366.70862,60.682137,-8.945005,6.156165,10.142998,-4.160777,-9.935585,-10.763997,-15.684212,-1.4575971,-4.25217,-3.8683245,-0.55770457
C:\Users\Sidath Mendis\Desktop\Reasearch\System-implementation\MaCoDeR\datasets\raw\RAVDESS\Audio_Speech_Actors_01-24\Actor_09\03-01-04-01-01-01-09.wav,sad,269.96588,0.006378583,-331.49228,74.03578,12.956501,24.366169,19.558752,11.488704,1.065105,-7.8167233,-1.1958164,4.078361,0.58348525,1.8997864,3.5258665
C:\Users\Sidath Mendis\Desktop\Reasearch\System-implementation\MaCoDeR\datasets\raw\RAVDESS\Audio_Speech_Actors_01-24\Actor_09\03-01-04-01-01-02-09.wav,sad,274.02982,0.0038977761,-392.76294,56.3403,10.158319,18.471369,12.467962,8.534565,-3.7739656,-6.487776,0.06232437,0.67127794,0.012683587,1.1599808,1.9688338
C:\Users\Sidath Mendis\Desktop\Reasearch\System-implementation\MaCoDeR\datasets\raw\RAVDESS\Audio_Speech_Actors_01-24\Actor_09\03-01-04-01-02-01-09.wav,sad,269.53915,0.006926212,-371.79535,54.19791,13.412099,18.525732,11.431909,12.058414,0.7700101,-7.2473445,-2.3268056,1.8382983,-1.2233766,-1.3986669,3.054113
C:\Users\Sidath Mendis\Desktop\Reasearch\System-implementation\MaCoDeR\datasets\raw\RAVDESS\Audio_Speech_Actors_01-24\Actor_09\03-01-04-01-02-02-09.wav,sad,274.76755,0.01219165,-316.3371,65.69397,22.811377,25.594542,16.574816,14.811615,3.6288116,-5.507267,0.5155335,7.207807,0.21091524,2.8677797,4.398377
C:\Users\Sidath Mendis\Desktop\Reasearch\System-implementation\MaCoDeR\datasets\raw\RAVDESS\Audio_Speech_Actors_01-24\Actor_09\03-01-04-02-01-01-09.wav,sad,274.00162,0.0016809024,-388.8264,84.343025,6.3724136,23.965912,18.191729,5.1674547,-8.311118,-8.154004,-8.851384,-2.0212893,-0.2885641,-8.614777,0.12835227
C:\Users\Sidath Mendis\Desktop\Reasearch\System-implementation\MaCoDeR\datasets\raw\RAVDESS\Audio_Speech_Actors_01-24\Actor_09\03-01-04-02-01-02-09.wav,sad,268.38004,0.00807587,-300.77893,72.82427,1.5823873,23.957737,20.149065,3.805927,-10.925497,-5.8496537,-5.6661825,-1.864018,-3.0506628,-8.811733,-2.926363
C:\Users\Sidath Mendis\Desktop\Reasearch\System-implementation\MaCoDeR\datasets\raw\RAVDESS\Audio_Speech_Actors_01-24\Actor_09\03-01-04-02-02-01-09.wav,sad,275.24628,0.013723166,-313.29742,71.50529,4.005207,22.027151,16.016226,5.842575,-9.575227,-8.601707,-8.306003,-0.13405944,-3.7059078,-10.606948,-3.6644127
C:\Users\Sidath Mendis\Desktop\Reasearch\System-implementation\MaCoDeR\datasets\raw\RAVDESS\Audio_Speech_Actors_01-24\Actor_09\03-01-04-02-02-02-09.wav,sad,269.63937,0.0068696323,-341.69556,82.07693,9.283638,28.763704,18.899244,7.049787,-5.4760575,-9.066194,-8.49226,1.0609133,-3.307742,-11.571926,-1.1155962
C:\Users\Sidath Mendis\Desktop\Reasearch\System-implementation\MaCoDeR\datasets\raw\RAVDESS\Audio_Speech_Actors_01-24\Actor_09\03-01-05-01-01-01-09.wav,angry,275.2356,0.006744476,-358.6494,71.85684,1.3965442,20.188616,20.661776,2.702623,-2.9616923,-3.5783122,-5.2202096,2.186484,1.0061126,-3.075961,2.549351
C:\Users\Sidath Mendis\Desktop\Reasearch\System-implementation\MaCoDeR\datasets\raw\RAVDESS\Audio_Speech_Actors_01-24\Actor_09\03-01-05-01-01-02-09.wav,angry,268.86813,0.004437837,-384.6249,68.09888,0.9802599,18.68076,20.181648,5.337695,-2.039062,-4.205721,-2.818906,3.002151,-0.215183,-1.3703898,3.6611507
C:\Users\Sidath Mendis\Desktop\Reasearch\System-implementation\MaCoDeR\datasets\raw\RAVDESS\Audio_Speech_Actors_01-24\Actor_09\03-01-05-01-02-01-09.wav,angry,269.82056,0.014344227,-335.15228,58.271313,-8.782106,12.954037,17.98696,-1.5246325,-1.343495,-6.402169,-11.695986,0.62670493,0.7813703,-4.749985,1.6323028
C:\Users\Sidath Mendis\Desktop\Reasearch\System-implementation\MaCoDeR\datasets\raw\RAVDESS\Audio_Speech_Actors_01-24\Actor_09\03-01-05-01-02-02-09.wav,angry,274.32904,0.010581813,-364.08722,64.3349,-2.1492956,16.705063,20.11579,0.52668643,-1.4200554,-5.720773,-7.832226,1.9592955,-1.3867818,-5.6571817,2.5884092
C:\Users\Sidath Mendis\Desktop\Reasearch\System-implementation\MaCoDeR\datasets\raw\RAVDESS\Audio_Speech_Actors_01-24\Actor_09\03-01-05-02-01-01-09.wav,angry,279.1765,0.009328953,-361.3413,48.58411,-17.521996,4.2073812,3.4910014,-9.708621,-7.4286156,-3.2914815,-5.628344,-0.28187853,0.7157562,-0.46756208,0.17258342
C:\Users\Sidath Mendis\Desktop\Reasearch\System-implementation\MaCoDeR\datasets\raw\RAVDESS\Audio_Speech_Actors_01-24\Actor_09\03-01-05-02-01-02-09.wav,angry,274.78772,0.011700295,-336.65317,50.743774,-19.757572,3.054045,2.2442718,-10.231513,-6.5682096,-6.5028667,-6.770995,-1.6253159,0.38355815,-0.20298365,-2.046829
C:\Users\Sidath Mendis\Desktop\Reasearch\System-implementation\MaCoDeR\datasets\raw\RAVDESS\Audio_Speech_Actors_01-24\Actor_09\03-01-05-02-02-01-09.wav,angry,269.73203,0.015106421,-330.4142,44.645103,-16.036463,1.0627898,-0.5132756,-11.053702,-10.632243,-5.5894265,-3.8838983,-4.8841004,0.8322535,0.19775367,-0.3167299
C:\Users\Sidath Mendis\Desktop\Reasearch\System-implementation\MaCoDeR\datasets\raw\RAVDESS\Audio_Speech_Actors_01-24\Actor_09\03-01-05-02-02-02-09.wav,angry,275.70547,0.016448198,-319.7063,42.818676,-17.762693,-1.4405053,-2.0704546,-8.561678,-5.4271255,-7.3312984,-1.5551325,-3.2604342,1.9374986,0.18694988,-1.5727237
C:\Users\Sidath Mendis\Desktop\Reasearch\System-implementation\MaCoDeR\datasets\raw\RAVDESS\Audio_Speech_Actors_01-24\Actor_09\03-01-06-01-01-01-09.wav,fearful,269.2376,0.003817699,-380.93985,57.53709,9.824238,19.6487,14.7189245,6.333725,0.471462,-1.4684997,3.8797731,2.0546672,-1.6835194,3.999093,1.4093126
C:\Users\Sidath Mendis\Desktop\Reasearch\System-implementation\MaCoDeR\datasets\raw\RAVDESS\Audio_Speech_Actors_01-24\Actor_09\03-01-06-01-01-02-09.wav,fearful,268.29483,0.0097223725,-333.14682,56.67221,10.499777,22.087452,14.728846,5.879609,-0.6909068,-4.5223327,2.943215,3.3547952,0.013736725,2.4980552,0.34799808
C:\Users\Sidath Mendis\Desktop\Reasearch\System-implementation\MaCoDeR\datasets\raw\RAVDESS\Audio_Speech_Actors_01-24\Actor_09\03-01-06-01-02-01-09.wav,fearful,275.8212,0.00959698,-336.85037,60.82281,18.165966,22.787415,16.37056,11.338635,3.1976016,-2.237161,4.5240297,6.0883527,0.20464818,6.4635596,3.1884868
C:\Users\Sidath Mendis\Desktop\Reasearch\System-implementation\MaCoDeR\datasets\raw\RAVDESS\Audio_Speech_Actors_01-24\Actor_09\03-01-06-01-02-02-09.wav,fearful,274.8436,0.015350027,-336.4441,53.278637,15.852629,23.180864,11.181984,6.4737988,1.3126199,-5.5416336,-0.4597514,2.558483,-0.017505927,3.1163814,-0.36195835
C:\Users\Sidath Mendis\Desktop\Reasearch\System-implementation\MaCoDeR\datasets\raw\RAVDESS\Audio_Speech_Actors_01-24\Actor_09\03-01-06-02-01-01-09.wav,fearful,268.79196,0.007748394,-330.7627,75.15608,-3.162014,22.801453,19.725555,-4.970697,-9.8460865,1.6935692,-6.049454,-4.705544,-1.4050753,-4.8846,-5.661423
C:\Users\Sidath Mendis\Desktop\Reasearch\System-implementation\MaCoDeR\datasets\raw\RAVDESS\Audio_Speech_Actors_01-24\Actor_09\03-01-06-02-01-02-09.wav,fearful,274.2007,0.0104026925,-333.926,55.743496,3.9667814,23.68012,17.474354,2.2950807,-3.2815027,1.6077714,-0.51137924,-1.2884471,-1.0169929,-2.5813472,-6.8308153
C:\Users\Sidath Mendis\Desktop\Reasearch\System-implementation\MaCoDeR\datasets\raw\RAVDESS\Audio_Speech_Actors_01-24\Actor_09\03-01-06-02-02-01-09.wav,fearful,273.8936,0.009931066,-370.33838,49.330105,0.005937413,12.543461,9.293218,-4.829168,-7.9153285,0.43498898,-9.587213,-5.1263905,-3.1654727,-8.303905,-4.587471
C:\Users\Sidath Mendis\Desktop\Reasearch\System-implementation\MaCoDeR\datasets\raw\RAVDESS\Audio_Speech_Actors_01-24\Actor_09\03-01-06-02-02-02-09.wav,fearful,274.20248,0.006346618,-385.03198,57.259068,-1.1005871,11.988394,11.598547,-4.4400015,-8.071712,-1.6003795,-10.911637,-3.3892932,-1.2096564,-11.502579,-5.0504537
C:\Users\Sidath Mendis\Desktop\Reasearch\System-implementation\MaCoDeR\datasets\raw\RAVDESS\Audio_Speech_Actors_01-24\Actor_09\03-01-07-01-01-01-09.wav,disgust,273.97208,0.0045140805,-351.32684,83.10357,-4.8652177,18.083227,12.602725,-0.47872114,-7.168428,-7.325751,1.1405993,-1.429974,-2.9543173,-1.3579041,-0.72476304
C:\Users\Sidath Mendis\Desktop\Reasearch\System-implementation\MaCoDeR\datasets\raw\RAVDESS\Audio_Speech_Actors_01-24\Actor_09\03-01-07-01-01-02-09.wav,disgust,274.57706,0.004824893,-357.9065,77.21654,-6.2090635,19.956034,13.543463,-3.902761,-7.1913786,-7.107752,-0.10106343,0.19190402,-2.6600528,-1.7468219,-0.743344
C:\Users\Sidath Mendis\Desktop\Reasearch\System-implementation\MaCoDeR\datasets\raw\RAVDESS\Audio_Speech_Actors_01-24\Actor_09\03-01-07-01-02-01-09.wav,disgust,269.50577,0.011580978,-343.72235,68.53182,7.1226325,23.896944,11.982924,3.060479,-0.51228213,-3.1806133,-2.433059,-2.6426294,0.29594278,-3.0723019,1.9998482
C:\Users\Sidath Mendis\Desktop\Reasearch\System-implementation\MaCoDeR\datasets\raw\RAVDESS\Audio_Speech_Actors_01-24\Actor_09\03-01-07-01-02-02-09.wav,disgust,269.3132,0.004827645,-352.73282,71.56426,-1.2502495,27.961924,12.567529,1.3154098,-7.7639585,-13.081203,3.4559329,-1.030826,-2.7426107,-0.21598479,0.73585075
C:\Users\Sidath Mendis\Desktop\Reasearch\System-implementation\MaCoDeR\datasets\raw\RAVDESS\Audio_Speech_Actors_01-24\Actor_09\03-01-07-02-01-01-09.wav,disgust,274.40738,0.007545964,-352.29962,73.7612,1.559893,17.243435,10.371038,-4.9570765,-0.9161884,-2.3250697,-1.4894964,-6.0957212,-4.9854155,-3.9980457,1.611007
C:\Users\Sidath Mendis\Desktop\Reasearch\System-implementation\MaCoDeR\datasets\raw\RAVDESS\Audio_Speech_Actors_01-24\Actor_09\03-01-07-02-01-02-09.wav,disgust,275.48386,0.00494167,-356.34915,74.53181,-0.118715376,21.378948,11.625082,-4.646707,-2.1156256,0.5137581,-3.935819,-3.9737213,-3.5109324,-3.901183,1.2604814
C:\Users\Sidath Mendis\Desktop\Reasearch\System-implementation\MaCoDeR\datasets\raw\RAVDESS\Audio_Speech_Actors_01-24\Actor_09\03-01-07-02-02-01-09.wav,disgust,275.40128,0.0041831303,-403.93134,74.02553,-3.9471674,21.78348,11.605718,-2.069856,0.36317167,-4.340039,-3.9287467,-3.5583305,-2.8631341,-4.7973957,-1.219016
C:\Users\Sidath Mendis\Desktop\Reasearch\System-implementation\MaCoDeR\datasets\raw\RAVDESS\Audio_Speech_Actors_01-24\Actor_09\03-01-07-02-02-02-09.wav,disgust,274.2269,0.006160289,-370.39594,86.2139,-7.4242086,16.4271,13.26761,-5.6655383,-1.351731,-2.970312,-6.1562977,-1.1269785,-0.8836636,-6.684291,-1.6034125
C:\Users\Sidath Mendis\Desktop\Reasearch\System-implementation\MaCoDeR\datasets\raw\RAVDESS\Audio_Speech_Actors_01-24\Actor_09\03-01-08-01-01-01-09.wav,surprised,274.43256,0.005160686,-386.2461,78.36314,16.64151,22.06753,18.315632,8.710409,2.8984888,1.9532108,4.4592047,3.771004,-0.8179154,5.7424235,2.434964
C:\Users\Sidath Mendis\Desktop\Reasearch\System-implementation\MaCoDeR\datasets\raw\RAVDESS\Audio_Speech_Actors_01-24\Actor_09\03-01-08-01-01-02-09.wav,surprised,274.28946,0.008732717,-367.38123,71.74367,7.8898077,18.871784,14.91997,-0.75332534,-1.0064638,-2.8688889,3.0005884,-1.1394192,-3.7743971,1.182944,-1.0596194
C:\Users\Sidath Mendis\Desktop\Reasearch\System-implementation\MaCoDeR\datasets\raw\RAVDESS\Audio_Speech_Actors_01-24\Actor_09\03-01-08-01-02-01-09.wav,surprised,269.39127,0.011314738,-351.20984,79.30536,14.43284,25.582111,17.956478,5.968207,3.2523565,-0.6795887,4.2220535,2.1640928,-3.0966003,4.2637897,1.4383891
C:\Users\Sidath Mendis\Desktop\Reasearch\System-implementation\MaCoDeR\datasets\raw\RAVDESS\Audio_Speech_Actors_01-24\Actor_09\03-01-08-01-02-02-09.wav,surprised,269.04874,0.0071957656,-392.1566,72.61771,7.1059456,17.944342,12.53586,0.31413198,-2.231416,-5.2972574,-3.543955,-1.1460671,-5.076293,-0.6358561,-0.8705943
C:\Users\Sidath Mendis\Desktop\Reasearch\System-implementation\MaCoDeR\datasets\raw\RAVDESS\Audio_Speech_Actors_01-24\Actor_09\03-01-08-02-01-01-09.wav,surprised,268.8493,0.00301283,-408.33658,52.684208,3.6204898,13.895633,8.084745,-4.204374,-2.8321428,-2.9080842,-1.7699363,-3.2795885,-4.7134624,-1.4730986,-2.8916593
C:\Users\Sidath Mendis\Desktop\Reasearch\System-implementation\MaCoDeR\datasets\raw\RAVDESS\Audio_Speech_Actors_01-24\Actor_09\03-01-08-02-01-02-09.wav,surprised,268.85223,0.004245958,-409.0738,76.88888,14.526176,24.579586,18.013535,1.1452069,-0.61717594,-0.80215776,4.786394,0.019175645,-0.43269944,3.4558105,0.5393392
C:\Users\Sidath Mendis\Desktop\Reasearch\System-implementation\MaCoDeR\datasets\raw\RAVDESS\Audio_Speech_Actors_01-24\Actor_09\03-01-08-02-02-01-09.wav,surprised,274.80118,0.0044577043,-423.8881,66.059135,13.472495,19.291088,11.279463,4.0854154,-1.5344083,-1.9304062,-1.181592,-4.6174846,-3.9721255,-0.9256799,-3.2159455
C:\Users\Sidath Mendis\Desktop\Reasearch\System-implementation\MaCoDeR\datasets\raw\RAVDESS\Audio_Speech_Actors_01-24\Actor_09\03-01-08-02-02-02-09.wav,surprised,269.5047,0.010155929,-377.74304,66.18531,8.013326,21.495272,12.310166,0.010786235,-0.8437909,-2.1564755,-1.5477682,-1.9567353,-5.0205193,-0.6208005,-2.8991365
C:\Users\Sidath Mendis\Desktop\Reasearch\System-implementation\MaCoDeR\datasets\raw\RAVDESS\Audio_Speech_Actors_01-24\Actor_10\03-01-01-01-01-01-10.wav,neutral,275.6865,0.017877622,-360.51685,51.561947,0.618665,4.7337584,5.0447717,-3.5404563,-6.744277,-7.7236657,-3.93775,-1.3471252,-6.1218033,-3.3092377,-0.04567488
C:\Users\Sidath Mendis\Desktop\Reasearch\System-implementation\MaCoDeR\datasets\raw\RAVDESS\Audio_Speech_Actors_01-24\Actor_10\03-01-01-01-01-02-10.wav,neutral,275.41757,0.011707347,-338.4393,56.109127,2.0351727,9.34057,-0.39742914,-8.1374655,-9.939143,-12.575839,-4.9851933,-0.5168185,-4.838781,-3.720804,0.9802636
C:\Users\Sidath Mendis\Desktop\Reasearch\System-implementation\MaCoDeR\datasets\raw\RAVDESS\Audio_Speech_Actors_01-24\Actor_10\03-01-01-01-02-01-10.wav,neutral,274.99728,0.02560907,-328.6291,51.38431,-1.9913626,3.9068885,4.130061,-7.7187157,-11.512617,-16.831387,-5.4902344,0.85395426,-6.8502645,-4.9116497,-0.7619246
C:\Users\Sidath Mendis\Desktop\Reasearch\System-implementation\MaCoDeR\datasets\raw\RAVDESS\Audio_Speech_Actors_01-24\Actor_10\03-01-01-01-02-02-10.wav,neutral,275.67978,0.019584332,-364.05426,51.607494,10.78066,13.437082,5.4782753,0.05005406,-4.452173,-8.553011,-3.2690945,0.2612311,-4.6167455,-3.6933422,0.2023273
C:\Users\Sidath Mendis\Desktop\Reasearch\System-implementation\MaCoDeR\datasets\raw\RAVDESS\Audio_Speech_Actors_01-24\Actor_10\03-01-02-01-01-01-10.wav,calm,273.915,0.02367546,-284.682,56.910786,-8.85254,16.15716,-2.4261434,-10.458888,-7.049407,-18.909319,-8.690506,-5.553043,5.682972,-6.2082148,-2.1878777
C:\Users\Sidath Mendis\Desktop\Reasearch\System-implementation\MaCoDeR\datasets\raw\RAVDESS\Audio_Speech_Actors_01-24\Actor_10\03-01-02-01-01-02-10.wav,calm,270.60617,0.015936185,-342.05304,56.44578,-3.2744422,10.994715,3.7471025,-3.8728802,-5.056265,-10.736638,-0.27609605,-1.4811954,-4.339346,-3.496836,0.3943511
C:\Users\Sidath Mendis\Desktop\Reasearch\System-implementation\MaCoDeR\datasets\raw\RAVDESS\Audio_Speech_Actors_01-24\Actor_10\03-01-02-01-02-01-10.wav,calm,269.3436,0.024314713,-312.39642,44.80096,-3.9235637,12.023149,-2.0299804,-9.381452,-3.6486373,-20.147907,-6.215315,-3.0127401,-4.4758763,-6.548595,-1.073041
C:\Users\Sidath Mendis\Desktop\Reasearch\System-implementation\MaCoDeR\datasets\raw\RAVDESS\Audio_Speech_Actors_01-24\Actor_10\03-01-02-01-02-02-10.wav,calm,274.6884,0.021257436,-332.17203,51.24067,-0.45942932,9.355514,0.6460606,-13.385454,-6.1053705,-16.446203,-4.888071,-1.4344695,-6.1798053,-5.489253,-0.66868305
C:\Users\Sidath Mendis\Desktop\Reasearch\System-implementation\MaCoDeR\datasets\raw\RAVDESS\Audio_Speech_Actors_01-24\Actor_10\03-01-02-02-01-01-10.wav,calm,268.7949,0.023707148,-312.11273,56.801594,-7.137436,6.3579526,6.6385746,-7.579776,-12.635562,-19.507149,-4.557364,0.08441939,-2.423144,-3.8119059,1.4489956
C:\Users\Sidath Mendis\Desktop\Reasearch\System-implementation\MaCoDeR\datasets\raw\RAVDESS\Audio_Speech_Actors_01-24\Actor_10\03-01-02-02-01-02-10.wav,calm,274.28018,0.024100065,-338.74045,58.500435,-3.0272672,1.1773472,3.2105727,-5.000233,-10.85074,-18.220448,-7.035011,0.7429861,0.45142332,-2.971859,-3.1252408
C:\Users\Sidath Mendis\Desktop\Reasearch\System-implementation\MaCoDeR\datasets\raw\RAVDESS\Audio_Speech_Actors_01-24\Actor_10\03-01-02-02-02-01-10.wav,calm,275.39175,0.024335474,-335.7224,55.894604,-1.0943719,10.994964,3.1297867,-7.535832,-4.542889,-15.795641,-4.4973483,-2.0027025,-4.680026,-6.214732,-1.8966694
C:\Users\Sidath Mendis\Desktop\Reasearch\System-implementation\MaCoDeR\datasets\raw\RAVDESS\Audio_Speech_Actors_01-24\Actor_10\03-01-02-02-02-02-10.wav,calm,275.0398,0.028880347,-325.73984,61.21565,6.6242943,10.804808,6.6087446,0.3800525,-2.9307177,-8.918729,-2.276284,-1.6324352,-3.579358,-5.6018476,-3.4323046
C:\Users\Sidath Mendis\Desktop\Reasearch\System-implementation\MaCoDeR\datasets\raw\RAVDESS\Audio_Speech_Actors_01-24\Actor_10\03-01-03-01-01-01-10.wav,happy,274.2786,0.0100982785,-373.65695,46.859726,-13.03364,3.9919806,3.5750587,-8.070893,-4.563449,-14.073465,-6.542048,-1.6981949,-5.5625825,-4.4768977,-2.784255
C:\Users\Sidath Mendis\Desktop\Reasearch\System-implementation\MaCoDeR\datasets\raw\RAVDESS\Audio_Speech_Actors_01-24\Actor_10\03-01-03-01-01-02-10.wav,happy,274.55215,0.016193325,-356.08484,46.04002,-10.466603,4.0297956,2.1355748,-9.660835,-8.201736,-15.407224,-8.206768,-0.03969584,-8.581497,-6.846234,-1.5078925
C:\Users\Sidath Mendis\Desktop\Reasearch\System-implementation\MaCoDeR\datasets\raw\RAVDESS\Audio_Speech_Actors_01-24\Actor_10\03-01-03-01-02-01-10.wav,happy,274.95847,0.022053745,-340.18033,41.09106,-21.134472,5.5625834,-0.4568983,-10.349301,-13.76745,-19.092196,-4.6329026,-0.760244,-11.571668,-5.304501,-0.37871024
C:\Users\Sidath Mendis\Desktop\Reasearch\System-implementation\MaCoDeR\datasets\raw\RAVDESS\Audio_Speech_Actors_01-24\Actor_10\03-01-03-01-02-02-10.wav,happy,274.75046,0.017511034,-362.6831,52.358646,-11.021527,5.8815165,-3.4479132,-13.537929,-9.505345,-19.779882,-8.268833,0.59834725,-11.007748,-4.7907696,-0.93704224
C:\Users\Sidath Mendis\Desktop\Reasearch\System-implementation\MaCoDeR\datasets\raw\RAVDESS\Audio_Speech_Actors_01-24\Actor_10\03-01-03-02-01-01-10.wav,happy,274.92465,0.023247287,-324.0893,35.37936,-30.616266,-1.842819,-4.069357,-22.080818,-10.706037,-20.744637,-16.658775,0.9068185,-14.629668,-10.207644,-1.8648674
C:\Users\Sidath Mendis\Desktop\Reasearch\System-implementation\MaCoDeR\datasets\raw\RAVDESS\Audio_Speech_Actors_01-24\Actor_10\03-01-03-02-01-02-10.wav,happy,275.30325,0.01859541,-350.67093,32.408558,-26.381166,-1.0842651,0.1454328,-17.25832,-12.371322,-18.894283,-14.545598,0.38168982,-12.051965,-11.026863,0.36496496
C:\Users\Sidath Mendis\Desktop\Reasearch\System-implementation\MaCoDeR\datasets\raw\RAVDESS\Audio_Speech_Actors_01-24\Actor_10\03-01-03-02-02-01-10.wav,happy,274.72504,0.015162495,-350.33646,22.168152,-24.089973,-1.5148798,-6.060869,-16.068365,-11.2520895,-16.567404,-16.302822,-2.4123833,-12.346529,-11.863239,0.91207385
C:\Users\Sidath Mendis\Desktop\Reasearch\System-implementation\MaCoDeR\datasets\raw\RAVDESS\Audio_Speech_Actors_01-24\Actor_10\03-01-03-02-02-02-10.wav,happy,269.71082,0.012182884,-353.26498,27.176298,-31.601574,-0.72220665,-2.0889227,-18.586979,-10.272689,-18.13579,-17.388931,0.7742666,-14.395025,-8.621026,-1.1814077
C:\Users\Sidath Mendis\Desktop\Reasearch\System-implementation\MaCoDeR\datasets\raw\RAVDESS\Audio_Speech_Actors_01-24\Actor_10\03-01-04-01-01-01-10.wav,sad,275.1821,0.0158489,-357.72067,57.13231,3.1001515,14.05481,7.324998,-3.7842395,-0.025896993,-12.557369,-2.1418529,-0.84867525,-4.030423,-4.939935,1.7669941
C:\Users\Sidath Mendis\Desktop\Reasearch\System-implementation\MaCoDeR\datasets\raw\RAVDESS\Audio_Speech_Actors_01-24\Actor_10\03-01-04-01-01-02-10.wav,sad,273.88232,0.016467767,-312.7515,63.423653,2.7849185,8.738337,5.11806,-3.0657496,-4.7748647,-17.148151,-3.2631037,3.2804232,-2.2247152,-5.148883,0.9728791
C:\Users\Sidath Mendis\Desktop\Reasearch\System-implementation\MaCoDeR\datasets\raw\RAVDESS\Audio_Speech_Actors_01-24\Actor_10\03-01-04-01-02-01-10.wav,sad,269.6609,0.021102628,-341.98172,65.31736,11.483773,14.287219,7.1125607,-3.726845,-4.642433,-16.081049,-3.4544184,-0.8328543,-7.22965,-2.337463,2.492524
C:\Users\Sidath Mendis\Desktop\Reasearch\System-implementation\MaCoDeR\datasets\raw\RAVDESS\Audio_Speech_Actors_01-24\Actor_10\03-01-04-01-02-02-10.wav,sad,274.82156,0.020420972,-325.491,68.70589,13.196307,7.487181,3.8583446,-0.45614922,-5.692604,-13.71404,-0.23038259,0.05297284,-7.0742517,-2.8741696,1.6059848
C:\Users\Sidath Mendis\Desktop\Reasearch\System-implementation\MaCoDeR\datasets\raw\RAVDESS\Audio_Speech_Actors_01-24\Actor_10\03-01-04-02-01-01-10.wav,sad,274.93143,0.010079961,-360.59485,55.977753,-8.318171,13.66586,8.768181,-11.594916,-5.4184213,-18.491133,-5.2772017,-1.5609436,-8.365986,-3.2964752,1.5786606
C:\Users\Sidath Mendis\Desktop\Reasearch\System-implementation\MaCoDeR\datasets\raw\RAVDESS\Audio_Speech_Actors_01-24\Actor_10\03-01-04-02-01-02-10.wav,sad,269.94528,0.020468414,-298.6198,62.27716,-11.830583,14.239294,9.86028,-10.694509,-12.243241,-25.7019,-4.605695,2.7516615,-5.753948,-2.851225,2.5861719
C:\Users\Sidath Mendis\Desktop\Reasearch\System-implementation\MaCoDeR\datasets\raw\RAVDESS\Audio_Speech_Actors_01-24\Actor_10\03-01-04-02-02-01-10.wav,sad,274.93057,0.010572231,-357.5252,54.922146,13.857038,15.087153,6.475436,-1.8379027,-7.1805925,-15.216527,-0.94292754,-0.908594,-7.0019093,-1.641847,2.1787446
C:\Users\Sidath Mendis\Desktop\Reasearch\System-implementation\MaCoDeR\datasets\raw\RAVDESS\Audio_Speech_Actors_01-24\Actor_10\03-01-04-02-02-02-10.wav,sad,274.13934,0.016200537,-346.97742,52.00445,6.553226,16.235046,5.5693393,-1.1075395,-4.0124736,-17.15014,-2.9669793,-4.0927367,-9.049511,-2.2563996,-1.6603001
C:\Users\Sidath Mendis\Desktop\Reasearch\System-implementation\MaCoDeR\datasets\raw\RAVDESS\Audio_Speech_Actors_01-24\Actor_10\03-01-05-01-01-01-10.wav,angry,274.87424,0.020696174,-296.69974,67.981125,-9.445529,10.80284,-2.08252,-9.911334,-10.250271,-20.984697,-7.006433,-2.3927765,-3.7619314,-4.3951077,3.5991929
C:\Users\Sidath Mendis\Desktop\Reasearch\System-implementation\MaCoDeR\datasets\raw\RAVDESS\Audio_Speech_Actors_01-24\Actor_10\03-01-05-01-01-02-10.wav,angry,275.57114,0.01980058,-311.04123,59.23375,-19.681051,6.647698,-5.0567074,-9.605193,-6.273335,-16.646643,-6.904354,-2.114809,-3.882655,-6.262872,-1.4412874
C:\Users\Sidath Mendis\Desktop\Reasearch\System-implementation\MaCoDeR\datasets\raw\RAVDESS\Audio_Speech_Actors_01-24\Actor_10\03-01-05-01-02-01-10.wav,angry,274.65445,0.022133565,-314.7329,60.413498,-8.943059,3.070425,-1.3424336,-4.6550336,-10.38445,-16.751627,-5.9252996,-1.0315297,-7.2745175,-0.12950876,0.12321179
C:\Users\Sidath Mendis\Desktop\Reasearch\System-implementation\MaCoDeR\datasets\raw\RAVDESS\Audio_Speech_Actors_01-24\Actor_10\03-01-05-01-02-02-10.wav,angry,275.73795,0.016075764,-339.37338,64.34391,-13.255365,9.259449,-3.5119984,-5.256468,-9.266662,-20.238008,-0.6286114,-3.1473968,-5.6927505,-0.8209032,-2.1784995
C:\Users\Sidath Mendis\Desktop\Reasearch\System-implementation\MaCoDeR\datasets\raw\RAVDESS\Audio_Speech_Actors_01-24\Actor_10\03-01-05-02-01-01-10.wav,angry,269.13425,0.00876811,-348.16687,39.83148,-20.934713,4.3984838,-9.215746,-12.859122,-7.3000393,-14.33729,-7.213743,-4.137095,-8.112433,-5.7007184,-3.7743747
C:\Users\Sidath Mendis\Desktop\Reasearch\System-implementation\MaCoDeR\datasets\raw\RAVDESS\Audio_Speech_Actors_01-24\Actor_10\03-01-05-02-01-02-10.wav,angry,269.69208,0.015421588,-343.64258,43.29596,-24.856642,-3.5554838,-12.6703415,-12.135927,-7.685782,-11.729778,-14.028133,-5.0646853,-7.534478,-8.662997,-7.6264777
C:\Users\Sidath Mendis\Desktop\Reasearch\System-implementation\MaCoDeR\datasets\raw\RAVDESS\Audio_Speech_Actors_01-24\Actor_10\03-01-05-02-02-01-10.wav,angry,275.43417,0.012291288,-378.3269,37.427643,-14.803538,-2.003927,-10.825533,-11.668423,-8.092075,-12.38859,-13.540404,-5.169628,-7.449745,-7.137653,-6.389458
C:\Users\Sidath Mendis\Desktop\Reasearch\System-implementation\MaCoDeR\datasets\raw\RAVDESS\Audio_Speech_Actors_01-24\Actor_10\03-01-05-02-02-02-10.wav,angry,269.2548,0.017965764,-351.26337,33.640766,-20.053806,-0.53915745,-14.654189,-11.592291,-9.56725,-12.972133,-12.2513485,-5.4565916,-8.447279,-6.151445,-6.848073
C:\Users\Sidath Mendis\Desktop\Reasearch\System-implementation\MaCoDeR\datasets\raw\RAVDESS\Audio_Speech_Actors_01-24\Actor_10\03-01-06-01-01-01-10.wav,fearful,274.0852,0.022654131,-325.54114,53.829716,-9.728312,5.4983883,5.5866556,-6.0453887,-13.718677,-21.878216,-5.188022,5.834102,-5.0467653,-3.3751757,3.502424
C:\Users\Sidath Mendis\Desktop\Reasearch\System-implementation\MaCoDeR\datasets\raw\RAVDESS\Audio_Speech_Actors_01-24\Actor_10\03-01-06-01-01-02-10.wav,fearful,274.54312,0.01820238,-341.34045,55.73641,3.106509,8.106892,3.4878755,2.0326872,-5.4258604,-12.726156,1.086333,4.8144736,-3.2712352,0.0314871,0.66502815
C:\Users\Sidath Mendis\Desktop\Reasearch\System-implementation\MaCoDeR\datasets\raw\RAVDESS\Audio_Speech_Actors_01-24\Actor_10\03-01-06-01-02-01-10.wav,fearful,274.95908,0.023166412,-344.5644,51.387817,4.4047914,5.5488195,4.5104628,-3.2006555,-8.905848,-17.970787,-5.3685837,3.6348734,-4.275242,-4.186919,-0.25882757
C:\Users\Sidath Mendis\Desktop\Reasearch\System-implementation\MaCoDeR\datasets\raw\RAVDESS\Audio_Speech_Actors_01-24\Actor_10\03-01-06-01-02-02-10.wav,fearful,274.76968,0.01942833,-351.31464,50.802753,6.3687196,8.737354,5.0621047,-0.37397102,-4.3913383,-12.517469,0.7910415,2.8077211,-5.699457,-4.130198,0.90154904
C:\Users\Sidath Mendis\Desktop\Reasearch\System-implementation\MaCoDeR\datasets\raw\RAVDESS\Audio_Speech_Actors_01-24\Actor_10\03-01-06-02-01-01-10.wav,fearful,274.67624,0.019034436,-313.31903,38.091972,-19.585054,1.8117778,-3.875553,-15.210368,-12.503111,-16.848982,-9.975203,-0.08920359,-10.321105,-8.276354,0.23310696
C:\Users\Sidath Mendis\Desktop\Reasearch\System-implementation\MaCoDeR\datasets\raw\RAVDESS\Audio_Speech_Actors_01-24\Actor_10\03-01-06-02-01-02-10.wav,fearful,275.5106,0.009511398,-371.86578,38.70023,-22.003653,2.9810452,-1.4398865,-14.88663,-9.309186,-17.981142,-9.32103,1.3245256,-7.5549,-9.311862,1.2783244
C:\Users\Sidath Mendis\Desktop\Reasearch\System-implementation\MaCoDeR\datasets\raw\RAVDESS\Audio_Speech_Actors_01-24\Actor_10\03-01-06-02-02-01-10.wav,fearful,274.8738,0.013440115,-357.33322,38.14281,-15.037809,2.6810944,-3.238583,-13.290631,-10.809224,-18.476034,-11.810645,-0.6325917,-9.237891,-10.612815,0.89021915
C:\Users\Sidath Mendis\Desktop\Reasearch\System-implementation\MaCoDeR\datasets\raw\RAVDESS\Audio_Speech_Actors_01-24\Actor_10\03-01-06-02-02-02-10.wav,fearful,275.14474,0.01590424,-358.22736,48.854954,-8.730752,6.322407,-2.7332954,-10.209533,-7.3188834,-17.62216,-6.549259,-2.5092049,-8.734784,-5.002838,0.7443529
C:\Users\Sidath Mendis\Desktop\Reasearch\System-implementation\MaCoDeR\datasets\raw\RAVDESS\Audio_Speech_Actors_01-24\Actor_10\03-01-07-01-01-01-10.wav,disgust,274.9888,0.016680881,-348.28906,67.10299,-3.8499138,12.443232,2.6809368,-2.366466,-2.2520556,-15.194247,-1.9916306,1.1678177,-5.6597624,-1.0534098,2.7392383
C:\Users\Sidath Mendis\Desktop\Reasearch\System-implementation\MaCoDeR\datasets\raw\RAVDESS\Audio_Speech_Actors_01-24\Actor_10\03-01-07-01-01-02-10.wav,disgust,275.38315,0.018393736,-338.31458,76.60501,-7.75772,8.75384,5.7367816,-1.7331471,-9.704853,-18.730284,3.2013113,3.7379975,-9.482098,0.17489196,2.1437528
C:\Users\Sidath Mendis\Desktop\Reasearch\System-implementation\MaCoDeR\datasets\raw\RAVDESS\Audio_Speech_Actors_01-24\Actor_10\03-01-07-01-02-01-10.wav,disgust,274.4302,0.012432669,-337.7635,65.95308,3.9161828,5.0807066,4.935908,-2.4230037,-5.0631175,-14.627678,-0.8978858,4.7323575,-4.434613,0.15753914,0.06341114
C:\Users\Sidath Mendis\Desktop\Reasearch\System-implementation\MaCoDeR\datasets\raw\RAVDESS\Audio_Speech_Actors_01-24\Actor_10\03-01-07-01-02-02-10.wav,disgust,275.55045,0.0123355035,-325.37628,52.44285,-12.099639,3.5126057,2.3489692,-5.547336,-7.432996,-17.458382,6.457945,2.542486,-11.923865,2.6302822,-2.6173291
C:\Users\Sidath Mendis\Desktop\Reasearch\System-implementation\MaCoDeR\datasets\raw\RAVDESS\Audio_Speech_Actors_01-24\Actor_10\03-01-07-02-01-01-10.wav,disgust,274.40396,0.0117497565,-334.46915,54.345673,-21.362356,3.002973,-2.5676868,-10.29894,-12.558615,-20.105513,-5.133086,-2.5564394,-12.484487,-5.089608,-4.7570987
C:\Users\Sidath Mendis\Desktop\Reasearch\System-implementation\MaCoDeR\datasets\raw\RAVDESS\Audio_Speech_Actors_01-24\Actor_10\03-01-07-02-01-02-10.wav,disgust,269.83194,0.014379912,-323.04144,53.19668,-25.834059,4.659356,-3.7714725,-12.942801,-13.296347,-20.799854,-5.305215,-1.855594,-13.67542,-3.43916,-1.974156
C:\Users\Sidath Mendis\Desktop\Reasearch\System-implementation\MaCoDeR\datasets\raw\RAVDESS\Audio_Speech_Actors_01-24\Actor_10\03-01-07-02-02-01-10.wav,disgust,274.543,0.02169798,-334.22443,53.997875,-20.182741,1.0136782,-2.2566922,-9.16301,-11.204888,-23.213806,-1.5148648,-1.7471112,-13.483652,-0.6162021,-5.7765417
C:\Users\Sidath Mendis\Desktop\Reasearch\System-implementation\MaCoDeR\datasets\raw\RAVDESS\Audio_Speech_Actors_01-24\Actor_10\03-01-07-02-02-02-10.wav,disgust,269.1566,0.021901349,-321.43344,51.338825,-20.775833,-6.873811,-5.9626255,-13.552367,-11.108769,-20.657515,-10.321867,1.7176563,-13.163829,-6.851687,-3.0504951
C:\Users\Sidath Mendis\Desktop\Reasearch\System-implementation\MaCoDeR\datasets\raw\RAVDESS\Audio_Speech_Actors_01-24\Actor_10\03-01-08-01-01-01-10.wav,surprised,274.52884,0.015781226,-349.23553,42.95494,-0.2558585,8.247221,2.4213812,-5.9821568,-6.4496336,-8.582763,0.0017392294,-0.9071785,-7.7501335,-2.3016417,-3.287959
C:\Users\Sidath Mendis\Desktop\Reasearch\System-implementation\MaCoDeR\datasets\raw\RAVDESS\Audio_Speech_Actors_01-24\Actor_10\03-01-08-01-01-02-10.wav,surprised,269.79514,0.014250651,-359.2328,56.164726,3.4010212,8.411776,1.9494766,-2.3823395,-6.501202,-9.792821,-4.353765,2.2893605,-4.0997496,-2.9154825,0.9570981
C:\Users\Sidath Mendis\Desktop\Reasearch\System-implementation\MaCoDeR\datasets\raw\RAVDESS\Audio_Speech_Actors_01-24\Actor_10\03-01-08-01-02-01-10.wav,surprised,275.21472,0.021310888,-344.90366,45.14953,-4.0253487,2.2186325,-3.3098836,-5.7130694,-7.9491854,-9.225386,-6.007238,-0.44610807,-10.9582205,-6.483558,-2.491688
C:\Users\Sidath Mendis\Desktop\Reasearch\System-implementation\MaCoDeR\datasets\raw\RAVDESS\Audio_Speech_Actors_01-24\Actor_10\03-01-08-01-02-02-10.wav,surprised,270.05084,0.019068522,-362.73184,58.250523,7.1874104,7.540137,1.712662,-6.212817,-7.5283537,-7.4258943,-2.2630782,-0.7079993,-8.541883,-3.3034587,0.015132497
C:\Users\Sidath Mendis\Desktop\Reasearch\System-implementation\MaCoDeR\datasets\raw\RAVDESS\Audio_Speech_Actors_01-24\Actor_10\03-01-08-02-01-01-10.wav,surprised,275.60712,0.017976852,-348.66635,45.401077,-10.20473,1.4581826,-1.101155,-7.6377034,-6.307356,-12.698923,-10.170322,-1.4320078,-6.3177857,-6.7680016,-0.85706407
C:\Users\Sidath Mendis\Desktop\Reasearch\System-implementation\MaCoDeR\datasets\raw\RAVDESS\Audio_Speech_Actors_01-24\Actor_10\03-01-08-02-01-02-10.wav,surprised,274.01514,0.021016628,-358.224,39.29208,-15.090651,3.652592,-7.020548,-9.719821,-11.001763,-10.882002,-6.676031,-3.8303022,-9.965902,-6.705989,-1.8895795
C:\Users\Sidath Mendis\Desktop\Reasearch\System-implementation\MaCoDeR\datasets\raw\RAVDESS\Audio_Speech_Actors_01-24\Actor_10\03-01-08-02-02-01-10.wav,surprised,270.6219,0.028041527,-338.7469,34.59674,-6.22568,-5.858586,-1.6350026,-9.584786,-6.8553095,-8.922426,-10.052692,-1.9948896,-10.465378,-9.200804,-5.119712
C:\Users\Sidath Mendis\Desktop\Reasearch\System-implementation\MaCoDeR\datasets\raw\RAVDESS\Audio_Speech_Actors_01-24\Actor_10\03-01-08-02-02-02-10.wav,surprised,275.03415,0.01978494,-320.19604,40.78348,-6.922619,-2.155332,-3.651917,-8.737791,-8.689833,-11.481401,-9.146136,-0.13742131,-8.54583,-8.276807,-3.3285742
C:\Users\Sidath Mendis\Desktop\Reasearch\System-implementation\MaCoDeR\datasets\raw\RAVDESS\Audio_Speech_Actors_01-24\Actor_11\03-01-01-01-01-01-11.wav,neutral,274.68314,0.011211586,-382.0271,62.22487,24.513342,20.070845,12.545768,6.105883,7.2661138,2.1586168,0.57302934,1.0894151,4.2365623,3.2639344,0.0846649
C:\Users\Sidath Mendis\Desktop\Reasearch\System-implementation\MaCoDeR\datasets\raw\RAVDESS\Audio_Speech_Actors_01-24\Actor_11\03-01-01-01-01-02-11.wav,neutral,274.04556,0.0189495,-353.80124,62.102234,21.480148,16.53148,11.172518,6.343371,7.182734,1.2599967,-1.7513126,0.82465976,3.797888,1.2289519,-1.0981216
C:\Users\Sidath Mendis\Desktop\Reasearch\System-implementation\MaCoDeR\datasets\raw\RAVDESS\Audio_Speech_Actors_01-24\Actor_11\03-01-01-01-02-01-11.wav,neutral,275.17355,0.017266273,-346.96347,57.129967,22.601545,20.58691,10.934578,5.6991353,5.1323686,0.8127338,-1.7865846,1.4359763,2.8407202,-0.6249864,-0.5650404
C:\Users\Sidath Mendis\Desktop\Reasearch\System-implementation\MaCoDeR\datasets\raw\RAVDESS\Audio_Speech_Actors_01-24\Actor_11\03-01-01-01-02-02-11.wav,neutral,273.96436,0.018565372,-343.3021,66.63224,28.183119,24.517418,14.91987,8.103116,5.8325186,1.9335864,-0.7792013,3.3662436,6.050952,0.73332256,-0.36392105
C:\Users\Sidath Mendis\Desktop\Reasearch\System-implementation\MaCoDeR\datasets\raw\RAVDESS\Audio_Speech_Actors_01-24\Actor_11\03-01-02-01-01-01-11.wav,calm,274.14688,0.013112856,-325.01276,63.037773,24.43781,23.061947,16.490107,12.701994,9.566387,4.9885306,0.5765081,5.7878046,6.686672,2.4989138,-1.519013
C:\Users\Sidath Mendis\Desktop\Reasearch\System-implementation\MaCoDeR\datasets\raw\RAVDESS\Audio_Speech_Actors_01-24\Actor_11\03-01-02-01-01-02-11.wav,calm,268.70456,0.01880277,-305.25574,73.983086,24.775673,25.98836,18.660963,13.578579,7.066895,3.0317345,-0.30822352,3.8610492,5.261758,1.5440164,-1.3613745
C:\Users\Sidath Mendis\Desktop\Reasearch\System-implementation\MaCoDeR\datasets\raw\RAVDESS\Audio_Speech_Actors_01-24\Actor_11\03-01-02-01-02-01-11.wav,calm,275.0901,0.010012339,-374.28003,63.99623,24.905293,22.064156,10.548841,10.253174,3.9426007,-1.3010592,-0.021960206,3.0548456,5.7980475,1.1122923,-1.007977
C:\Users\Sidath Mendis\Desktop\Reasearch\System-implementation\MaCoDeR\datasets\raw\RAVDESS\Audio_Speech_Actors_01-24\Actor_11\03-01-02-01-02-02-11.wav,calm,274.8834,0.013691565,-322.20926,62.397846,26.075106,22.847424,15.226341,14.4210615,4.254157,5.8056216,-1.7251259,3.915699,8.305035,3.5974352,-1.8883475
C:\Users\Sidath Mendis\Desktop\Reasearch\System-implementation\MaCoDeR\datasets\raw\RAVDESS\Audio_Speech_Actors_01-24\Actor_11\03-01-02-02-01-01-11.wav,calm,274.43582,0.008789704,-326.0488,68.78833,22.340038,20.284193,17.886723,10.179354,5.7727427,4.737048,-0.41483212,4.4391394,8.22121,3.6399364,-2.2498863
C:\Users\Sidath Mendis\Desktop\Reasearch\System-implementation\MaCoDeR\datasets\raw\RAVDESS\Audio_Speech_Actors_01-24\Actor_11\03-01-02-02-01-02-11.wav,calm,274.4294,0.010509243,-326.88187,54.00845,19.016747,23.997906,15.3807,12.103405,6.0856185,6.5094266,0.7606133,1.9193788,7.0170517,0.9588691,-1.4923272
C:\Users\Sidath Mendis\Desktop\Reasearch\System-implementation\MaCoDeR\datasets\raw\RAVDESS\Audio_Speech_Actors_01-24\Actor_11\03-01-02-02-02-01-11.wav,calm,269.7151,0.012842099,-319.27744,61.02586,25.226608,22.543196,16.86244,10.877298,6.4256163,5.34823,-0.0933777,4.3724594,7.852013,3.107879,-0.48144186
C:\Users\Sidath Mendis\Desktop\Reasearch\System-implementation\MaCoDeR\datasets\raw\RAVDESS\Audio_Speech_Actors_01-24\Actor_11\03-01-02-02-02-02-11.wav,calm,274.4688,0.016192978,-322.56348,64.2868,22.369202,21.98796,14.870974,10.207191,5.9183154,3.374385,0.06803519,3.2395353,10.096144,3.5505106,0.3644436
C:\Users\Sidath Mendis\Desktop\Reasearch\System-implementation\MaCoDeR\datasets\raw\RAVDESS\Audio_Speech_Actors_01-24\Actor_11\03-01-03-01-01-01-11.wav,happy,274.21298,0.019722987,-362.89243,58.46776,12.806989,13.267466,9.862153,5.2945466,1.0133113,-3.1176863,-1.842078,-2.7163246,3.9369771,1.4677902,-1.7729567
C:\Users\Sidath Mendis\Desktop\Reasearch\System-implementation\MaCoDeR\datasets\raw\RAVDESS\Audio_Speech_Actors_01-24\Actor_11\03-01-03-01-01-02-11.wav,happy,274.87613,0.019593645,-356.8812,61.362637,16.287018,11.9945,10.763568,6.989389,1.1845119,1.0446215,-2.3440351,0.49650297,4.651091,0.38956413,-0.17692403
C:\Users\Sidath Mendis\Desktop\Reasearch\System-implementation\MaCoDeR\datasets\raw\RAVDESS\Audio_Speech_Actors_01-24\Actor_11\03-01-03-01-02-01-11.wav,happy,272.0417,0.019211475,-357.92432,53.021248,16.841034,11.955745,10.210271,7.2153535,-0.8082538,-0.16143292,-3.784372,-0.13106799,3.7155201,0.60688746,1.7692593
C:\Users\Sidath Mendis\Desktop\Reasearch\System-implementation\MaCoDeR\datasets\raw\RAVDESS\Audio_Speech_Actors_01-24\Actor_11\03-01-03-01-02-02-11.wav,happy,274.91602,0.012693427,-384.00354,52.74059,17.851469,13.533673,9.304794,3.6277053,2.1977959,-0.6491143,-1.7615528,-3.236957,3.2580714,-0.36332268,-1.8497005
C:\Users\Sidath Mendis\Desktop\Reasearch\System-implementation\MaCoDeR\datasets\raw\RAVDESS\Audio_Speech_Actors_01-24\Actor_11\03-01-03-02-01-01-11.wav,happy,275.66904,0.009113638,-364.8216,50.914917,5.5621724,6.088568,1.0633914,1.3382572,-0.37724778,-1.0818413,-7.938244,-5.4641333,2.5004463,-1.2941056,-0.5745535
C:\Users\Sidath Mendis\Desktop\Reasearch\System-implementation\MaCoDeR\datasets\raw\RAVDESS\Audio_Speech_Actors_01-24\Actor_11\03-01-03-02-01-02-11.wav,happy,274.60236,0.007957035,-375.3542,43.868042,2.3398416,7.74689,2.9911032,-0.8015288,0.25824615,0.23527658,-4.733631,-2.2682924,2.2516868,0.03910927,-0.55180216
C:\Users\Sidath Mendis\Desktop\Reasearch\System-implementation\MaCoDeR\datasets\raw\RAVDESS\Audio_Speech_Actors_01-24\Actor_11\03-01-03-02-02-01-11.wav,happy,274.9901,0.016692983,-352.77228,46.75522,-1.6399512,3.1503174,-2.4230657,-2.228488,-2.5006516,-4.373957,-10.267551,-7.361984,-1.7911103,-3.6364384,-2.1840472
C:\Users\Sidath Mendis\Desktop\Reasearch\System-implementation\MaCoDeR\datasets\raw\RAVDESS\Audio_Speech_Actors_01-24\Actor_11\03-01-03-02-02-02-11.wav,happy,274.4945,0.010495461,-377.1037,43.191605,5.772205,4.2436013,-0.7620979,-0.5430478,-4.0187645,-3.2585113,-5.7625575,-7.570065,-0.5281387,-1.9546639,-2.9782267
C:\Users\Sidath Mendis\Desktop\Reasearch\System-implementation\MaCoDeR\datasets\raw\RAVDESS\Audio_Speech_Actors_01-24\Actor_11\03-01-04-01-01-01-11.wav,sad,269.3906,0.01365473,-338.40186,54.816208,17.14029,20.143835,13.997995,7.940735,4.777094,4.8828473,-2.0959122,2.53965,5.7294593,0.3890134,-0.031817608
C:\Users\Sidath Mendis\Desktop\Reasearch\System-implementation\MaCoDeR\datasets\raw\RAVDESS\Audio_Speech_Actors_01-24\Actor_11\03-01-04-01-01-02-11.wav,sad,274.55704,0.011965414,-342.7901,63.882217,25.09937,25.17158,14.942026,8.699793,6.9665294,4.283602,-1.6265861,-0.22504543,6.6909437,2.749168,0.7814004
C:\Users\Sidath Mendis\Desktop\Reasearch\System-implementation\MaCoDeR\datasets\raw\RAVDESS\Audio_Speech_Actors_01-24\Actor_11\03-01-04-01-02-01-11.wav,sad,269.23495,0.012143074,-354.7395,56.393448,23.653025,20.232847,7.4839177,7.3250647,3.8584528,2.293927,-1.4581567,-2.122036,4.1239343,-1.1337628,-2.2656074
C:\Users\Sidath Mendis\Desktop\Reasearch\System-implementation\MaCoDeR\datasets\raw\RAVDESS\Audio_Speech_Actors_01-24\Actor_11\03-01-04-01-02-02-11.wav,sad,274.84125,0.014931466,-366.74918,57.68949,23.885977,19.443905,10.078029,8.518083,5.960867,3.0552762,-2.089197,0.8647036,4.238539,-0.42557704,-0.6097215
C:\Users\Sidath Mendis\Desktop\Reasearch\System-implementation\MaCoDeR\datasets\raw\RAVDESS\Audio_Speech_Actors_01-24\Actor_11\03-01-04-02-01-01-11.wav,sad,274.5745,0.008467126,-386.9816,49.077026,8.125839,8.178539,2.220132,3.380285,-1.6655965,-1.7842658,-4.6804485,-5.148762,-0.039671157,-0.96785396,-1.6866426
C:\Users\Sidath Mendis\Desktop\Reasearch\System-implementation\MaCoDeR\datasets\raw\RAVDESS\Audio_Speech_Actors_01-24\Actor_11\03-01-04-02-01-02-11.wav,sad,268.732,0.010419571,-355.5164,60.658154,6.3815756,11.688167,5.0711303,1.0410148,-4.234133,-3.106443,-7.5835276,-5.2199316,-0.6587365,-2.1683235,-1.9350394
C:\Users\Sidath Mendis\Desktop\Reasearch\System-implementation\MaCoDeR\datasets\raw\RAVDESS\Audio_Speech_Actors_01-24\Actor_11\03-01-04-02-02-01-11.wav,sad,275.85367,0.0119696045,-380.28442,45.641876,8.173524,8.683459,0.2675056,-1.5989779,-0.08003572,-7.061022,-8.408968,-7.136773,-2.7685475,-0.4726296,-4.4314895
C:\Users\Sidath Mendis\Desktop\Reasearch\System-implementation\MaCoDeR\datasets\raw\RAVDESS\Audio_Speech_Actors_01-24\Actor_11\03-01-04-02-02-02-11.wav,sad,274.14355,0.00840323,-360.0111,41.886795,9.188056,10.774409,0.10264969,1.5861741,-1.6376907,-6.4293795,-7.8679166,-8.468253,-1.068196,-2.188321,-4.9652114
C:\Users\Sidath Mendis\Desktop\Reasearch\System-implementation\MaCoDeR\datasets\raw\RAVDESS\Audio_Speech_Actors_01-24\Actor_11\03-01-05-01-01-01-11.wav,angry,273.7568,0.011494508,-345.42142,47.82123,6.8700266,9.118284,2.1138089,0.23116313,1.8366659,-0.33835348,-4.3980007,-2.0369005,2.4392564,-1.5054548,-1.4443575
C:\Users\Sidath Mendis\Desktop\Reasearch\System-implementation\MaCoDeR\datasets\raw\RAVDESS\Audio_Speech_Actors_01-24\Actor_11\03-01-05-01-01-02-11.wav,angry,269.85147,0.008978135,-351.86804,49.956093,13.536646,12.080678,2.6121907,4.302408,0.72928363,1.040065,-5.2816787,-1.764188,3.1373458,-2.3368149,0.7844773
C:\Users\Sidath Mendis\Desktop\Reasearch\System-implementation\MaCoDeR\datasets\raw\RAVDESS\Audio_Speech_Actors_01-24\Actor_11\03-01-05-01-02-01-11.wav,angry,269.10672,0.012494884,-367.10507,45.184963,4.6736226,6.7924595,-1.9777035,1.6891809,-0.2046791,-2.566668,-6.064374,-5.5807056,2.321019,-3.5924008,-0.99064964
C:\Users\Sidath Mendis\Desktop\Reasearch\System-implementation\MaCoDeR\datasets\raw\RAVDESS\Audio_Speech_Actors_01-24\Actor_11\03-01-05-01-02-02-11.wav,angry,274.1248,0.00890664,-369.65634,48.79762,8.267566,8.323699,-1.3857591,2.971285,-1.869069,-3.3485112,-5.7288365,-6.556404,2.756032,-4.8845778,-1.1085875
C:\Users\Sidath Mendis\Desktop\Reasearch\System-implementation\MaCoDeR\datasets\raw\RAVDESS\Audio_Speech_Actors_01-24\Actor_11\03-01-05-02-01-01-11.wav,angry,272.08585,0.00651371,-374.4828,35.30396,1.0541134,6.7001867,-3.6099048,-3.4582758,-1.4398683,0.45672992,-5.117934,-6.048283,0.6658486,-1.3473197,-2.430564
C:\Users\Sidath Mendis\Desktop\Reasearch\System-implementation\MaCoDeR\datasets\raw\RAVDESS\Audio_Speech_Actors_01-24\Actor_11\03-01-05-02-01-02-11.wav,angry,269.18915,0.015098109,-338.72266,31.039225,-6.478683,4.1203413,-10.912635,-4.2740192,-4.6186028,-1.1232457,-7.9961357,-7.838122,-0.018623142,-2.7666082,-2.8105524
C:\Users\Sidath Mendis\Desktop\Reasearch\System-implementation\MaCoDeR\datasets\raw\RAVDESS\Audio_Speech_Actors_01-24\Actor_11\03-01-05-02-02-01-11.wav,angry,269.7536,0.011787472,-336.06412,39.10109,-0.64014375,7.781474,-7.014298,-7.768323,0.34218776,0.02218362,-6.2027164,-7.1647735,0.9769763,-2.9619377,-1.8946792
C:\Users\Sidath Mendis\Desktop\Reasearch\System-implementation\MaCoDeR\datasets\raw\RAVDESS\Audio_Speech_Actors_01-24\Actor_11\03-01-05-02-02-02-11.wav,angry,274.77594,0.012315008,-344.2879,23.226847,-8.023251,1.1329155,-12.867613,-5.1629195,-2.1183057,-2.6516714,-7.3487115,-9.420836,0.5734091,-3.9123025,-4.813022
C:\Users\Sidath Mendis\Desktop\Reasearch\System-implementation\MaCoDeR\datasets\raw\RAVDESS\Audio_Speech_Actors_01-24\Actor_11\03-01-06-01-01-01-11.wav,fearful,269.51114,0.014065907,-339.73547,56.47074,16.642214,14.731084,7.0025897,6.844279,4.397758,2.4983153,-2.6539547,0.1795216,6.025129,0.8449069,1.0628985
C:\Users\Sidath Mendis\Desktop\Reasearch\System-implementation\MaCoDeR\datasets\raw\RAVDESS\Audio_Speech_Actors_01-24\Actor_11\03-01-06-01-01-02-11.wav,fearful,269.07733,0.010857708,-359.82812,55.408585,16.67837,11.436361,4.660233,4.480246,4.621805,2.2430234,-3.9799635,-2.8535573,2.7319353,0.597489,-0.5036255
C:\Users\Sidath Mendis\Desktop\Reasearch\System-implementation\MaCoDeR\datasets\raw\RAVDESS\Audio_Speech_Actors_01-24\Actor_11\03-01-06-01-02-01-11.wav,fearful,274.71848,0.014740779,-368.5354,54.34866,11.056788,11.724714,6.0630355,5.0977864,0.8639278,-7.8313637,-6.7996116,-2.6643918,0.69159514,-1.61518,-1.7516267
C:\Users\Sidath Mendis\Desktop\Reasearch\System-implementation\MaCoDeR\datasets\raw\RAVDESS\Audio_Speech_Actors_01-24\Actor_11\03-01-06-01-02-02-11.wav,fearful,269.13147,0.012493406,-374.01227,54.17725,11.467768,10.1552515,5.570651,4.2068105,1.5985206,-4.6971536,-4.2097464,-2.2552252,1.0785527,-1.0753114,-2.7425432
C:\Users\Sidath Mendis\Desktop\Reasearch\System-implementation\MaCoDeR\datasets\raw\RAVDESS\Audio_Speech_Actors_01-24\Actor_11\03-01-06-02-01-01-11.wav,fearful,269.5252,0.014637249,-359.6303,41.670685,-4.6884885,5.7795076,-0.3752792,-3.1053941,-1.8093556,-4.490262,-10.862848,-5.374279,0.4446001,-0.24919388,-2.8615515
C:\Users\Sidath Mendis\Desktop\Reasearch\System-implementation\MaCoDeR\datasets\raw\RAVDESS\Audio_Speech_Actors_01-24\Actor_11\03-01-06-02-01-02-11.wav,fearful,274.6871,0.014345664,-347.059,35.301666,-3.6717627,5.223676,1.1759164,-1.8429159,-1.3183398,-2.2012126,-7.6475334,-2.2952163,0.089599885,-2.6971912,-5.398387
C:\Users\Sidath Mendis\Desktop\Reasearch\System-implementation\MaCoDeR\datasets\raw\RAVDESS\Audio_Speech_Actors_01-24\Actor_11\03-01-06-02-02-01-11.wav,fearful,274.2142,0.00891118,-376.92587,31.478582,-7.5880413,2.353726,-2.119217,-4.8010654,-2.3849103,-7.6947203,-11.187696,-5.2602053,-0.7218231,-1.7527385,-5.474951
C:\Users\Sidath Mendis\Desktop\Reasearch\System-implementation\MaCoDeR\datasets\raw\RAVDESS\Audio_Speech_Actors_01-24\Actor_11\03-01-06-02-02-02-11.wav,fearful,270.511,0.011948008,-356.93677,31.756775,-4.9313717,-0.86612123,-4.0893993,-0.24249402,-2.5201569,-6.1909423,-9.634575,-5.65698,0.45603234,-1.574274,-4.032073
C:\Users\Sidath Mendis\Desktop\Reasearch\System-implementation\MaCoDeR\datasets\raw\RAVDESS\Audio_Speech_Actors_01-24\Actor_11\03-01-07-01-01-01-11.wav,disgust,274.25882,0.010901194,-358.48715,52.828518,14.370105,16.647522,3.8157835,4.119871,3.5805857,-0.85951245,-4.742334,-2.787364,5.352346,-1.665013,-2.1375499
C:\Users\Sidath Mendis\Desktop\Reasearch\System-implementation\MaCoDeR\datasets\raw\RAVDESS\Audio_Speech_Actors_01-24\Actor_11\03-01-07-01-01-02-11.wav,disgust,274.98215,0.011029694,-366.31192,51.75752,11.075059,15.878047,5.0532155,1.3402548,4.6929116,-2.3848999,-4.2360535,-2.3817341,3.3319702,-2.287831,-0.8553282
C:\Users\Sidath Mendis\Desktop\Reasearch\System-implementation\MaCoDeR\datasets\raw\RAVDESS\Audio_Speech_Actors_01-24\Actor_11\03-01-07-01-02-01-11.wav,disgust,272.72342,0.00974109,-378.30548,55.628437,15.93584,10.332684,1.3092579,5.2811265,1.406003,-0.35625508,-1.5769454,-3.1490808,4.9200687,-3.1883798,-1.272591
C:\Users\Sidath Mendis\Desktop\Reasearch\System-implementation\MaCoDeR\datasets\raw\RAVDESS\Audio_Speech_Actors_01-24\Actor_11\03-01-07-01-02-02-11.wav,disgust,274.58676,0.009864593,-372.4104,61.076824,18.882254,11.058008,-1.6752414,1.3795123,1.2445524,-1.0642301,-5.352647,-5.2592387,3.159504,-4.616012,-2.7024167
C:\Users\Sidath Mendis\Desktop\Reasearch\System-implementation\MaCoDeR\datasets\raw\RAVDESS\Audio_Speech_Actors_01-24\Actor_11\03-01-07-02-01-01-11.wav,disgust,269.4153,0.010038529,-345.13538,49.60736,10.166953,15.956981,3.0444772,3.2880864,2.7401357,-1.3155879,-6.19855,-1.548468,6.139305,-1.3974383,-0.77952605
C:\Users\Sidath Mendis\Desktop\Reasearch\System-implementation\MaCoDeR\datasets\raw\RAVDESS\Audio_Speech_Actors_01-24\Actor_11\03-01-07-02-01-02-11.wav,disgust,275.83923,0.026928395,-290.06277,55.350933,13.202208,17.651703,6.305883,3.193265,3.9683936,-0.13843592,-5.542519,0.92313814,5.1930957,-3.2098277,-1.3773649
C:\Users\Sidath Mendis\Desktop\Reasearch\System-implementation\MaCoDeR\datasets\raw\RAVDESS\Audio_Speech_Actors_01-24\Actor_11\03-01-07-02-02-01-11.wav,disgust,273.84238,0.015770895,-343.85083,62.752815,17.615187,9.204912,-0.96713257,2.6843429,2.5461097,-3.2495959,-7.7115426,-5.6608324,4.252162,-2.4146402,-2.6051123
C:\Users\Sidath Mendis\Desktop\Reasearch\System-implementation\MaCoDeR\datasets\raw\RAVDESS\Audio_Speech_Actors_01-24\Actor_11\03-01-07-02-02-02-11.wav,disgust,269.5566,0.0144166825,-323.04556,51.25068,11.687241,8.470528,-2.3598151,0.5684823,0.1402685,-3.0615394,-4.995445,-2.0549877,2.4112146,-3.3363037,-4.51213
C:\Users\Sidath Mendis\Desktop\Reasearch\System-implementation\MaCoDeR\datasets\raw\RAVDESS\Audio_Speech_Actors_01-24\Actor_11\03-01-08-01-01-01-11.wav,surprised,268.90646,0.011251953,-388.85956,43.07513,12.611034,8.960177,5.1054883,5.1068177,1.9135548,-0.6272848,-2.748739,-0.7780615,4.6396546,0.65679115,-1.082824
C:\Users\Sidath Mendis\Desktop\Reasearch\System-implementation\MaCoDeR\datasets\raw\RAVDESS\Audio_Speech_Actors_01-24\Actor_11\03-01-08-01-01-02-11.wav,surprised,274.11703,0.007882962,-404.3498,42.773216,9.410659,3.0475028,1.4498415,1.6202265,-1.7737056,-2.0598307,-3.7061095,-3.9624925,0.8342061,-1.8422594,-3.690876
C:\Users\Sidath Mendis\Desktop\Reasearch\System-implementation\MaCoDeR\datasets\raw\RAVDESS\Audio_Speech_Actors_01-24\Actor_11\03-01-08-01-02-01-11.wav,surprised,273.86682,0.010979611,-392.1385,43.749878,9.785762,8.725042,2.7080224,2.3722427,2.5390613,-0.1515264,-6.8316517,-2.8004375,2.5962698,-1.6054271,-1.9694343
C:\Users\Sidath Mendis\Desktop\Reasearch\System-implementation\MaCoDeR\datasets\raw\RAVDESS\Audio_Speech_Actors_01-24\Actor_11\03-01-08-01-02-02-11.wav,surprised,269.00757,0.013484594,-356.60284,46.382706,1.8393474,3.810083,1.7404102,3.4103603,-1.6092477,-8.255815,-12.144377,-2.9855838,2.3333688,-2.5028398,-2.1914854
C:\Users\Sidath Mendis\Desktop\Reasearch\System-implementation\MaCoDeR\datasets\raw\RAVDESS\Audio_Speech_Actors_01-24\Actor_11\03-01-08-02-01-01-11.wav,surprised,264.21606,0.013270459,-367.65878,37.16315,4.403455,7.05369,2.111955,1.399757,-0.84230405,-2.766018,-4.665204,-2.7405658,1.6694633,-0.86141384,-3.3490412
C:\Users\Sidath Mendis\Desktop\Reasearch\System-implementation\MaCoDeR\datasets\raw\RAVDESS\Audio_Speech_Actors_01-24\Actor_11\03-01-08-02-01-02-11.wav,surprised,269.36765,0.011122044,-344.8351,33.842857,3.0997994,4.4678683,-2.282909,0.29113838,-2.0836647,-0.28457105,-7.227493,-3.0466285,1.9970719,-3.0945854,-4.910266
C:\Users\Sidath Mendis\Desktop\Reasearch\System-implementation\MaCoDeR\datasets\raw\RAVDESS\Audio_Speech_Actors_01-24\Actor_11\03-01-08-02-02-01-11.wav,surprised,277.95212,0.016664207,-361.32635,34.955647,4.060511,4.341141,-0.1840908,1.7706296,-2.9272273,-1.7547141,-8.007616,-3.6965456,1.5667385,-2.2632563,-3.8583875
C:\Users\Sidath Mendis\Desktop\Reasearch\System-implementation\MaCoDeR\datasets\raw\RAVDESS\Audio_Speech_Actors_01-24\Actor_11\03-01-08-02-02-02-11.wav,surprised,275.11896,0.009019963,-373.12482,27.213703,5.7287273,5.2820635,-1.4132715,-0.011244351,-3.2591555,-0.8388941,-8.512892,-2.1972985,0.30634543,-4.1034255,-4.739423
C:\Users\Sidath Mendis\Desktop\Reasearch\System-implementation\MaCoDeR\datasets\raw\RAVDESS\Audio_Speech_Actors_01-24\Actor_12\03-01-01-01-01-01-12.wav,neutral,275.08194,0.012558446,-361.44263,59.444565,-0.8251679,10.537366,1.576842,-4.614727,-1.5890802,-9.401205,-10.498348,-4.101,-7.026869,-3.2290945,-8.4293785
C:\Users\Sidath Mendis\Desktop\Reasearch\System-implementation\MaCoDeR\datasets\raw\RAVDESS\Audio_Speech_Actors_01-24\Actor_12\03-01-01-01-01-02-12.wav,neutral,274.7571,0.014574264,-354.70663,56.88593,-1.6032193,11.154811,2.8242805,-3.5391395,-1.640911,-8.267391,-8.80399,-0.1756528,-6.4229403,-4.2073383,-6.4530506
C:\Users\Sidath Mendis\Desktop\Reasearch\System-implementation\MaCoDeR\datasets\raw\RAVDESS\Audio_Speech_Actors_01-24\Actor_12\03-01-01-01-02-01-12.wav,neutral,274.23776,0.017331444,-351.00482,56.908916,0.26627517,7.9691405,6.392704,-4.19134,-6.1261697,-12.711344,-9.554717,0.09056898,-7.365536,-2.7581677,-8.353391
C:\Users\Sidath Mendis\Desktop\Reasearch\System-implementation\MaCoDeR\datasets\raw\RAVDESS\Audio_Speech_Actors_01-24\Actor_12\03-01-01-01-02-02-12.wav,neutral,269.52023,0.016503189,-351.57364,52.397697,5.182033,6.0620675,4.501571,-2.6766372,-2.304492,-11.054176,-4.132285,-0.53851146,-7.702119,-2.739261,-6.7094336
C:\Users\Sidath Mendis\Desktop\Reasearch\System-implementation\MaCoDeR\datasets\raw\RAVDESS\Audio_Speech_Actors_01-24\Actor_12\03-01-02-01-01-01-12.wav,calm,275.66666,0.014443482,-339.44223,57.204895,-0.10956267,7.5657616,2.5300531,-3.9681423,-0.51448405,-7.7355466,-7.097105,-3.993504,-6.7419024,-1.3991694,-8.144148
C:\Users\Sidath Mendis\Desktop\Reasearch\System-implementation\MaCoDeR\datasets\raw\RAVDESS\Audio_Speech_Actors_01-24\Actor_12\03-01-02-01-01-02-12.wav,calm,269.2814,0.011622251,-336.8762,67.22133,-0.6652297,10.251053,3.8163223,-0.8403906,-1.0815355,-10.091792,-5.8991566,-5.5198793,-4.5401816,-0.74547154,-10.560313
C:\Users\Sidath Mendis\Desktop\Reasearch\System-implementation\MaCoDeR\datasets\raw\RAVDESS\Audio_Speech_Actors_01-24\Actor_12\03-01-02-01-02-01-12.wav,calm,269.9212,0.029572131,-324.2753,50.523388,-1.9440018,5.9482145,3.6350853,-5.097415,-5.8727264,-11.157332,-9.334852,-4.9375772,-8.197026,-3.9106116,-10.5041
C:\Users\Sidath Mendis\Desktop\Reasearch\System-implementation\MaCoDeR\datasets\raw\RAVDESS\Audio_Speech_Actors_01-24\Actor_12\03-01-02-01-02-02-12.wav,calm,274.9563,0.014582274,-352.09433,49.916214,-0.53752935,8.571286,3.836176,-4.292376,-5.4182053,-12.033968,-8.105129,-4.4484887,-7.770664,-3.2960186,-11.023536
C:\Users\Sidath Mendis\Desktop\Reasearch\System-implementation\MaCoDeR\datasets\raw\RAVDESS\Audio_Speech_Actors_01-24\Actor_12\03-01-02-02-01-01-12.wav,calm,275.5439,0.017687276,-331.0302,53.166622,-2.8010848,9.117219,1.8398738,-3.5915773,-2.6284096,-7.1930256,-8.545289,-6.655678,-7.156494,-2.3164492,-10.08974
C:\Users\Sidath Mendis\Desktop\Reasearch\System-implementation\MaCoDeR\datasets\raw\RAVDESS\Audio_Speech_Actors_01-24\Actor_12\03-01-02-02-01-02-12.wav,calm,275.6265,0.014181714,-347.04456,62.5142,4.453498,13.417761,6.416046,-2.2323918,0.47557685,-6.4731827,-7.867717,-2.9342415,-5.421879,-1.9575855,-8.412751
C:\Users\Sidath Mendis\Desktop\Reasearch\System-implementation\MaCoDeR\datasets\raw\RAVDESS\Audio_Speech_Actors_01-24\Actor_12\03-01-02-02-02-01-12.wav,calm,274.6146,0.013907176,-360.26846,51.09042,4.091927,4.3267183,2.4415061,-4.402963,-4.2058663,-11.771553,-6.032135,-7.951186,-5.7883353,-1.1209582,-11.894045
C:\Users\Sidath Mendis\Desktop\Reasearch\System-implementation\MaCoDeR\datasets\raw\RAVDESS\Audio_Speech_Actors_01-24\Actor_12\03-01-02-02-02-02-12.wav,calm,269.00165,0.023280146,-329.19446,51.199993,3.1206121,5.3383284,-0.3123461,-4.067892,-4.7268796,-11.051495,-7.5382333,-7.0951138,-9.238577,-1.6992632,-11.5063
C:\Users\Sidath Mendis\Desktop\Reasearch\System-implementation\MaCoDeR\datasets\raw\RAVDESS\Audio_Speech_Actors_01-24\Actor_12\03-01-03-01-01-01-12.wav,happy,269.64566,0.008775316,-383.1979,55.994873,-20.019125,8.427832,-0.63107264,-8.570351,-2.8703656,-12.961958,-6.9538283,-0.16611934,-6.083625,-0.7251291,-9.669363
C:\Users\Sidath Mendis\Desktop\Reasearch\System-implementation\MaCoDeR\datasets\raw\RAVDESS\Audio_Speech_Actors_01-24\Actor_12\03-01-03-01-01-02-12.wav,happy,275.08408,0.016332498,-354.75226,60.42351,-13.750033,7.8421745,2.7630074,-7.9299407,-1.3145996,-10.243343,-7.6359835,1.0910115,-4.6063557,1.696973,-7.441523
C:\Users\Sidath Mendis\Desktop\Reasearch\System-implementation\MaCoDeR\datasets\raw\RAVDESS\Audio_Speech_Actors_01-24\Actor_12\03-01-03-01-02-01-12.wav,happy,269.11786,0.01424629,-342.9598,43.79759,-12.722207,5.9913096,-1.1365411,-10.649233,-7.511236,-17.914772,-9.981129,-5.324189,-9.051733,-1.3714684,-14.072687
C:\Users\Sidath Mendis\Desktop\Reasearch\System-implementation\MaCoDeR\datasets\raw\RAVDESS\Audio_Speech_Actors_01-24\Actor_12\03-01-03-01-02-02-12.wav,happy,274.5795,0.014382526,-359.75317,51.595753,-15.158974,6.4923773,1.2782515,-12.916121,-7.077921,-17.38728,-9.623816,-2.3196084,-9.303375,-0.42417225,-11.099978
C:\Users\Sidath Mendis\Desktop\Reasearch\System-implementation\MaCoDeR\datasets\raw\RAVDESS\Audio_Speech_Actors_01-24\Actor_12\03-01-03-02-01-01-12.wav,happy,269.67545,0.0073294537,-399.12363,36.757656,-21.166637,2.7753022,-1.0857029,-11.61751,-1.3894688,-5.0196247,-5.9132195,3.4223754,-3.7417026,2.3261852,-4.70275
C:\Users\Sidath Mendis\Desktop\Reasearch\System-implementation\MaCoDeR\datasets\raw\RAVDESS\Audio_Speech_Actors_01-24\Actor_12\03-01-03-02-01-02-12.wav,happy,269.80798,0.0078663975,-391.83676,36.790016,-18.734747,4.602373,1.1856496,-10.667963,-1.325265,-4.0673485,-6.2528553,3.817379,-4.2787232,3.1312256,-4.3182607
C:\Users\Sidath Mendis\Desktop\Reasearch\System-implementation\MaCoDeR\datasets\raw\RAVDESS\Audio_Speech_Actors_01-24\Actor_12\03-01-03-02-02-01-12.wav,happy,269.69952,0.007106287,-403.18228,40.883186,-18.864498,3.3142931,-1.2485756,-11.074563,-6.116152,-12.7592125,-9.952272,1.0036759,-10.069662,-2.3698452,-8.548222
C:\Users\Sidath Mendis\Desktop\Reasearch\System-implementation\MaCoDeR\datasets\raw\RAVDESS\Audio_Speech_Actors_01-24\Actor_12\03-01-03-02-02-02-12.wav,happy,274.64648,0.009410833,-384.60138,29.992506,-30.15968,-6.8682866,-4.911931,-18.733946,-8.147643,-12.083958,-12.618268,0.47690982,-10.523126,-1.4886173,-5.7513328
C:\Users\Sidath Mendis\Desktop\Reasearch\System-implementation\MaCoDeR\datasets\raw\RAVDESS\Audio_Speech_Actors_01-24\Actor_12\03-01-04-01-01-01-12.wav,sad,273.78378,0.0088933585,-386.27924,56.969315,-10.088537,5.268782,1.0130801,-7.0290112,-5.5931063,-11.84484,-10.423995,-2.4507244,-6.3430343,-1.9124818,-6.9459267
C:\Users\Sidath Mendis\Desktop\Reasearch\System-implementation\MaCoDeR\datasets\raw\RAVDESS\Audio_Speech_Actors_01-24\Actor_12\03-01-04-01-01-02-12.wav,sad,275.13074,0.009192543,-365.15936,63.116604,-6.806927,8.738794,3.764441,-6.5474663,-5.545719,-16.580687,-10.024294,1.0530567,-7.759459,-1.1732848,-7.933704
C:\Users\Sidath Mendis\Desktop\Reasearch\System-implementation\MaCoDeR\datasets\raw\RAVDESS\Audio_Speech_Actors_01-24\Actor_12\03-01-04-01-02-01-12.wav,sad,274.85104,0.01892888,-331.8978,40.363018,1.8452824,5.839366,3.2915359,0.20034224,-0.5171049,-12.332884,-5.105213,-2.7112622,-4.2979817,1.810096,-7.6492114
C:\Users\Sidath Mendis\Desktop\Reasearch\System-implementation\MaCoDeR\datasets\raw\RAVDESS\Audio_Speech_Actors_01-24\Actor_12\03-01-04-01-02-02-12.wav,sad,274.3213,0.01911445,-337.73264,49.771904,-5.7987494,5.4171224,1.3148276,-5.4318404,-4.9282703,-17.327337,-9.391617,-4.0331626,-9.023095,-0.5970675,-9.270239
C:\Users\Sidath Mendis\Desktop\Reasearch\System-implementation\MaCoDeR\datasets\raw\RAVDESS\Audio_Speech_Actors_01-24\Actor_12\03-01-04-02-01-01-12.wav,sad,279.67743,0.011868605,-372.56308,45.47058,-17.033861,2.0153372,-4.9191885,-13.458518,-6.9823256,-10.990639,-12.988942,2.9002502,-6.611744,-0.21019521,-2.2348967
C:\Users\Sidath Mendis\Desktop\Reasearch\System-implementation\MaCoDeR\datasets\raw\RAVDESS\Audio_Speech_Actors_01-24\Actor_12\03-01-04-02-01-02-12.wav,sad,275.0883,0.013619446,-363.67517,39.538204,-27.377104,-6.784223,-8.2251,-17.434528,-10.187456,-16.875877,-12.71745,3.8464303,-10.299472,-1.7904912,-6.1946735
C:\Users\Sidath Mendis\Desktop\Reasearch\System-implementation\MaCoDeR\datasets\raw\RAVDESS\Audio_Speech_Actors_01-24\Actor_12\03-01-04-02-02-01-12.wav,sad,268.7108,0.011400177,-381.14676,33.926033,-22.23791,-5.4596853,-7.1752424,-14.074402,-11.473903,-13.804053,-15.267828,1.3208841,-9.375711,-4.053763,-4.6326385
C:\Users\Sidath Mendis\Desktop\Reasearch\System-implementation\MaCoDeR\datasets\raw\RAVDESS\Audio_Speech_Actors_01-24\Actor_12\03-01-04-02-02-02-12.wav,sad,270.01358,0.018963754,-349.30933,30.198483,-20.86598,-8.209587,-6.4064984,-17.401333,-10.431372,-11.564171,-14.525407,2.7704532,-8.553334,-1.9963431,-4.1440935
C:\Users\Sidath Mendis\Desktop\Reasearch\System-implementation\MaCoDeR\datasets\raw\RAVDESS\Audio_Speech_Actors_01-24\Actor_12\03-01-05-01-01-01-12.wav,angry,268.3671,0.008596979,-362.7233,51.937828,-2.519622,9.60283,-2.1156456,-3.0279348,1.9232851,-6.2975683,-6.271194,-1.1393784,-4.0723076,-1.4311135,-4.1808896
C:\Users\Sidath Mendis\Desktop\Reasearch\System-implementation\MaCoDeR\datasets\raw\RAVDESS\Audio_Speech_Actors_01-24\Actor_12\03-01-05-01-01-02-12.wav,angry,270.30118,0.009446676,-366.722,55.93935,-6.190392,13.128688,0.57151955,-4.69998,0.24695623,-6.9476285,-7.8363543,-1.4764041,-2.7383642,-1.3846982,-4.5775695
C:\Users\Sidath Mendis\Desktop\Reasearch\System-implementation\MaCoDeR\datasets\raw\RAVDESS\Audio_Speech_Actors_01-24\Actor_12\03-01-05-01-02-01-12.wav,angry,275.04486,0.015554626,-344.73825,48.001663,3.5852764,5.1417203,3.4843974,-4.7119536,-4.278293,-12.474042,-6.9372253,-2.7589874,-9.204908,-1.6883519,-9.161549
C:\Users\Sidath Mendis\Desktop\Reasearch\System-implementation\MaCoDeR\datasets\raw\RAVDESS\Audio_Speech_Actors_01-24\Actor_12\03-01-05-01-02-02-12.wav,angry,274.62024,0.011867047,-353.3575,42.473328,-4.18479,4.2538695,-0.23761328,-7.5374546,-4.8177333,-14.514141,-7.3478293,-2.3186724,-8.709981,-2.100843,-8.516633
C:\Users\Sidath Mendis\Desktop\Reasearch\System-implementation\MaCoDeR\datasets\raw\RAVDESS\Audio_Speech_Actors_01-24\Actor_12\03-01-05-02-01-01-12.wav,angry,274.6406,0.0060993386,-392.27225,43.33409,-8.309649,0.98319864,-2.0099156,-6.9530325,1.882913,-3.9215157,-6.6211514,0.89384896,-4.4944973,-0.07714217,-3.2789524
C:\Users\Sidath Mendis\Desktop\Reasearch\System-implementation\MaCoDeR\datasets\raw\RAVDESS\Audio_Speech_Actors_01-24\Actor_12\03-01-05-02-01-02-12.wav,angry,269.4907,0.011646005,-353.84253,33.79635,-19.069403,-7.4359,-5.4643073,-9.217491,-0.117511675,-5.029571,-7.630672,-0.61277974,-6.3920493,-2.0830688,-4.7420278
C:\Users\Sidath Mendis\Desktop\Reasearch\System-implementation\MaCoDeR\datasets\raw\RAVDESS\Audio_Speech_Actors_01-24\Actor_12\03-01-05-02-02-01-12.wav,angry,273.97302,0.005092005,-408.1451,43.29846,-7.5169735,0.23358862,-0.69044876,-7.986097,0.5779359,-8.719796,-9.133944,-0.39005083,-7.812253,0.29161155,-4.806031
C:\Users\Sidath Mendis\Desktop\Reasearch\System-implementation\MaCoDeR\datasets\raw\RAVDESS\Audio_Speech_Actors_01-24\Actor_12\03-01-05-02-02-02-12.wav,angry,268.8335,0.012236997,-362.88553,39.603806,-13.515815,-9.879001,-3.4780254,-8.527061,-1.6732545,-6.341047,-9.218747,2.7930686,-3.6186285,-3.3509617,-4.8187375
C:\Users\Sidath Mendis\Desktop\Reasearch\System-implementation\MaCoDeR\datasets\raw\RAVDESS\Audio_Speech_Actors_01-24\Actor_12\03-01-06-01-01-01-12.wav,fearful,274.7878,0.009720831,-346.58194,48.37496,-7.8310347,7.8147063,0.35336968,-5.428473,-7.5822372,-12.316803,-2.4015117,0.39100227,-5.7388377,0.063039556,-3.3066888
C:\Users\Sidath Mendis\Desktop\Reasearch\System-implementation\MaCoDeR\datasets\raw\RAVDESS\Audio_Speech_Actors_01-24\Actor_12\03-01-06-01-01-02-12.wav,fearful,275.3604,0.00845207,-354.07083,44.800014,-11.284498,8.053019,0.90439427,-5.857558,-6.237837,-12.754828,-4.792284,2.863585,-6.6326923,-2.4588597,-3.5995884
C:\Users\Sidath Mendis\Desktop\Reasearch\System-implementation\MaCoDeR\datasets\raw\RAVDESS\Audio_Speech_Actors_01-24\Actor_12\03-01-06-01-02-01-12.wav,fearful,275.44193,0.010457136,-352.4297,41.67075,-11.4878025,5.60616,-2.8461537,-8.982857,-9.237435,-19.708868,-5.1587977,-1.8328847,-9.820091,-3.2241788,-9.309408
C:\Users\Sidath Mendis\Desktop\Reasearch\System-implementation\MaCoDeR\datasets\raw\RAVDESS\Audio_Speech_Actors_01-24\Actor_12\03-01-06-01-02-02-12.wav,fearful,270.29544,0.011750511,-355.70255,40.582848,-9.763788,3.8113377,-1.9046003,-9.758202,-10.511857,-16.713999,-5.1901035,-0.7005072,-10.294978,-3.5800889,-7.4427633
C:\Users\Sidath Mendis\Desktop\Reasearch\System-implementation\MaCoDeR\datasets\raw\RAVDESS\Audio_Speech_Actors_01-24\Actor_12\03-01-06-02-01-01-12.wav,fearful,269.4466,0.0075500584,-387.3547,33.842625,-20.775934,-2.6623292,-2.2210536,-10.2988615,-5.4131966,-10.489646,-8.067304,7.723738,-6.674224,-3.4179757,-3.0558088
C:\Users\Sidath Mendis\Desktop\Reasearch\System-implementation\MaCoDeR\datasets\raw\RAVDESS\Audio_Speech_Actors_01-24\Actor_12\03-01-06-02-01-02-12.wav,fearful,275.3571,0.016519051,-337.8956,26.58631,-26.117756,-9.072756,-6.1439123,-11.126051,-6.648585,-12.683912,-11.946978,1.5870821,-5.810934,0.6379327,4.6858735
C:\Users\Sidath Mendis\Desktop\Reasearch\System-implementation\MaCoDeR\datasets\raw\RAVDESS\Audio_Speech_Actors_01-24\Actor_12\03-01-06-02-02-01-12.wav,fearful,269.19257,0.008061257,-378.01163,29.446138,-19.657452,-9.834447,-7.508038,-12.304816,-11.077903,-18.288445,-11.510533,-1.6115545,-9.514784,-1.5330502,0.6241677
C:\Users\Sidath Mendis\Desktop\Reasearch\System-implementation\MaCoDeR\datasets\raw\RAVDESS\Audio_Speech_Actors_01-24\Actor_12\03-01-06-02-02-02-12.wav,fearful,274.27963,0.0052834223,-405.54678,27.252974,-26.342134,-8.608082,-7.374762,-10.315631,-7.6952543,-14.099066,-14.594152,0.43137613,-8.628235,-0.6440297,4.5569577
C:\Users\Sidath Mendis\Desktop\Reasearch\System-implementation\MaCoDeR\datasets\raw\RAVDESS\Audio_Speech_Actors_01-24\Actor_12\03-01-07-01-01-01-12.wav,disgust,274.4912,0.0065055336,-368.42615,52.6915,-7.3642807,12.544437,1.1422224,-3.7238367,-6.489255,-13.312788,-1.1279392,1.4672344,-8.967386,0.58951116,-5.412179
C:\Users\Sidath Mendis\Desktop\Reasearch\System-implementation\MaCoDeR\datasets\raw\RAVDESS\Audio_Speech_Actors_01-24\Actor_12\03-01-07-01-01-02-12.wav,disgust,275.1306,0.008317857,-363.34595,69.743355,-11.498702,16.442074,0.3743016,-3.5117576,-4.1821675,-16.313976,-8.02979,0.7404313,-9.113893,0.44925937,-7.413367
C:\Users\Sidath Mendis\Desktop\Reasearch\System-implementation\MaCoDeR\datasets\raw\RAVDESS\Audio_Speech_Actors_01-24\Actor_12\03-01-07-01-02-01-12.wav,disgust,269.64648,0.007556968,-385.5722,53.714294,-4.865077,3.716919,0.3239256,-4.1076612,-8.438688,-16.034115,-4.724164,-1.0292611,-8.0467205,-3.297633,-8.686862
C:\Users\Sidath Mendis\Desktop\Reasearch\System-implementation\MaCoDeR\datasets\raw\RAVDESS\Audio_Speech_Actors_01-24\Actor_12\03-01-07-01-02-02-12.wav,disgust,274.77002,0.014742793,-334.20145,56.503166,0.2206252,4.618835,0.45976058,-2.8231888,-5.3426104,-13.317151,-1.6726726,0.1790391,-6.3845296,-0.23012419,-9.834822
C:\Users\Sidath Mendis\Desktop\Reasearch\System-implementation\MaCoDeR\datasets\raw\RAVDESS\Audio_Speech_Actors_01-24\Actor_12\03-01-07-02-01-01-12.wav,disgust,274.35107,0.016198048,-313.59473,51.066383,-14.780151,8.206827,-0.94260174,-7.1936007,-10.5666275,-13.141657,-3.1538615,3.0340044,-9.774207,-3.5367303,-4.831952
C:\Users\Sidath Mendis\Desktop\Reasearch\System-implementation\MaCoDeR\datasets\raw\RAVDESS\Audio_Speech_Actors_01-24\Actor_12\03-01-07-02-01-02-12.wav,disgust,269.5042,0.0170582,-320.41833,50.85848,-20.525364,-3.6083035,-9.386665,-9.762218,-8.020327,-20.655445,-9.601514,0.7885386,-12.536702,-3.4497302,-10.612611
C:\Users\Sidath Mendis\Desktop\Reasearch\System-implementation\MaCoDeR\datasets\raw\RAVDESS\Audio_Speech_Actors_01-24\Actor_12\03-01-07-02-02-01-12.wav,disgust,268.73596,0.017142126,-326.32468,39.64277,-11.139097,2.25801,-2.5050058,-12.405594,-11.31503,-17.174082,-1.608999,1.8580763,-12.954046,-1.3442729,-7.284284
C:\Users\Sidath Mendis\Desktop\Reasearch\System-implementation\MaCoDeR\datasets\raw\RAVDESS\Audio_Speech_Actors_01-24\Actor_12\03-01-07-02-02-02-12.wav,disgust,270.28064,0.008266344,-376.42752,39.217724,-10.682053,-1.96313,-2.3002646,-8.997864,-6.9477205,-15.154998,-11.542881,0.07171427,-12.584118,-0.47300312,-10.839875
C:\Users\Sidath Mendis\Desktop\Reasearch\System-implementation\MaCoDeR\datasets\raw\RAVDESS\Audio_Speech_Actors_01-24\Actor_12\03-01-08-01-01-01-12.wav,surprised,270.09528,0.008030971,-387.17612,54.10564,-9.283291,4.9694324,0.14891163,-8.591712,-5.578767,-12.964479,-6.362871,-1.5041764,-10.190437,-2.6065047,-7.735828
C:\Users\Sidath Mendis\Desktop\Reasearch\System-implementation\MaCoDeR\datasets\raw\RAVDESS\Audio_Speech_Actors_01-24\Actor_12\03-01-08-01-01-02-12.wav,surprised,274.84933,0.0121711735,-356.7755,51.636086,-4.1012564,6.482227,2.929209,-3.4959595,-3.177158,-6.944543,-6.5674706,2.3084168,-6.131372,-0.7727267,-4.85649
C:\Users\Sidath Mendis\Desktop\Reasearch\System-implementation\MaCoDeR\datasets\raw\RAVDESS\Audio_Speech_Actors_01-24\Actor_12\03-01-08-01-02-01-12.wav,surprised,275.63174,0.016709276,-365.47894,43.985233,-6.3766217,6.066838,0.4735501,-5.7250323,-5.1127634,-13.346578,-6.285256,-3.77908,-7.5825253,-1.7364691,-8.306909
C:\Users\Sidath Mendis\Desktop\Reasearch\System-implementation\MaCoDeR\datasets\raw\RAVDESS\Audio_Speech_Actors_01-24\Actor_12\03-01-08-01-02-02-12.wav,surprised,269.16696,0.012681051,-378.60834,44.447002,-4.155986,3.137089,-0.5143195,-7.9539294,-7.173357,-17.410475,-8.672374,-5.08043,-9.272481,-1.2176529,-11.7317915
C:\Users\Sidath Mendis\Desktop\Reasearch\System-implementation\MaCoDeR\datasets\raw\RAVDESS\Audio_Speech_Actors_01-24\Actor_12\03-01-08-02-01-01-12.wav,surprised,275.39005,0.012942933,-345.78323,47.83029,-10.444942,2.1707232,-0.49947372,-8.117577,-8.721621,-14.098088,-4.044028,-0.419695,-5.9862375,-1.290053,-9.497089
C:\Users\Sidath Mendis\Desktop\Reasearch\System-implementation\MaCoDeR\datasets\raw\RAVDESS\Audio_Speech_Actors_01-24\Actor_12\03-01-08-02-01-02-12.wav,surprised,275.10254,0.010067119,-357.52658,39.484547,-17.308502,2.9783754,-4.3088093,-11.85934,-9.304474,-14.269716,-4.4896455,-0.58259064,-6.6973996,-3.3029888,-10.506746
C:\Users\Sidath Mendis\Desktop\Reasearch\System-implementation\MaCoDeR\datasets\raw\RAVDESS\Audio_Speech_Actors_01-24\Actor_12\03-01-08-02-02-01-12.wav,surprised,270.09448,0.012069426,-354.52197,46.0887,-6.215228,1.7002071,-1.502486,-9.421361,-8.333728,-12.512906,-5.706287,1.4420594,-10.515777,-1.0138406,-5.599633
C:\Users\Sidath Mendis\Desktop\Reasearch\System-implementation\MaCoDeR\datasets\raw\RAVDESS\Audio_Speech_Actors_01-24\Actor_12\03-01-08-02-02-02-12.wav,surprised,269.15625,0.00949846,-377.6579,40.00111,-8.843199,-5.9850144,-3.8651452,-11.443148,-11.841589,-15.21317,-8.644646,-1.4729347,-12.173671,-3.8562136,-11.875544
C:\Users\Sidath Mendis\Desktop\Reasearch\System-implementation\MaCoDeR\datasets\raw\RAVDESS\Audio_Speech_Actors_01-24\Actor_13\03-01-01-01-01-01-13.wav,neutral,270.12674,0.006685908,-425.2581,65.164955,3.1671805,11.046908,10.187081,1.6958424,-1.045629,-1.9742696,-4.3899145,0.97171277,2.0313854,-1.2649982,4.4575434
C:\Users\Sidath Mendis\Desktop\Reasearch\System-implementation\MaCoDeR\datasets\raw\RAVDESS\Audio_Speech_Actors_01-24\Actor_13\03-01-01-01-01-02-13.wav,neutral,269.57834,0.0057979315,-425.61697,65.84021,4.7694845,10.236506,8.644427,3.1547225,-1.8746305,-3.176603,-3.784609,1.956455,1.9077774,-1.3699126,5.319068
C:\Users\Sidath Mendis\Desktop\Reasearch\System-implementation\MaCoDeR\datasets\raw\RAVDESS\Audio_Speech_Actors_01-24\Actor_13\03-01-01-01-02-01-13.wav,neutral,269.9269,0.0074887155,-408.9418,59.17181,2.5003421,8.868762,9.854474,3.8878253,-2.5067403,-5.532013,-5.017735,1.4925101,2.981419,-2.3174129,5.367282
C:\Users\Sidath Mendis\Desktop\Reasearch\System-implementation\MaCoDeR\datasets\raw\RAVDESS\Audio_Speech_Actors_01-24\Actor_13\03-01-01-01-02-02-13.wav,neutral,274.6195,0.008540379,-407.55234,55.78862,-1.4032248,11.1674595,6.957217,3.0263376,-2.9284182,-4.676277,-7.9808636,2.0840464,2.1951425,-3.872431,5.207422
C:\Users\Sidath Mendis\Desktop\Reasearch\System-implementation\MaCoDeR\datasets\raw\RAVDESS\Audio_Speech_Actors_01-24\Actor_13\03-01-02-01-01-01-13.wav,calm,274.91763,0.014520845,-354.79742,81.58204,7.9868593,16.974943,13.624764,5.2290225,-0.716229,-4.2344694,-3.9072526,1.5260094,-0.5085023,-2.5430386,8.590849
C:\Users\Sidath Mendis\Desktop\Reasearch\System-implementation\MaCoDeR\datasets\raw\RAVDESS\Audio_Speech_Actors_01-24\Actor_13\03-01-02-01-01-02-13.wav,calm,269.06702,0.0058070016,-419.4189,75.0353,4.2128053,13.393241,11.082355,4.4518332,-0.5450856,-2.0135798,-3.5024097,-0.045682948,-0.8879437,-3.3038793,8.243014
C:\Users\Sidath Mendis\Desktop\Reasearch\System-implementation\MaCoDeR\datasets\raw\RAVDESS\Audio_Speech_Actors_01-24\Actor_13\03-01-02-01-02-01-13.wav,calm,275.37836,0.008294494,-378.83755,67.2669,13.46612,13.025599,12.038566,5.505085,1.8008777,-4.256818,-4.0772347,2.8865576,0.6930318,-3.105775,6.627594
C:\Users\Sidath Mendis\Desktop\Reasearch\System-implementation\MaCoDeR\datasets\raw\RAVDESS\Audio_Speech_Actors_01-24\Actor_13\03-01-02-01-02-02-13.wav,calm,274.2621,0.006650965,-403.50516,64.629524,8.527913,13.229139,9.263223,3.5335705,0.55179584,-6.4787264,-4.6929135,2.5857425,0.6076928,-1.2363275,6.29509
C:\Users\Sidath Mendis\Desktop\Reasearch\System-implementation\MaCoDeR\datasets\raw\RAVDESS\Audio_Speech_Actors_01-24\Actor_13\03-01-02-02-01-01-13.wav,calm,274.1569,0.007682976,-401.49667,70.5658,7.4778805,13.400217,13.707758,5.4733286,-0.48850766,-4.2399583,-4.8726044,3.634666,3.4674094,-1.0398734,4.4185476
C:\Users\Sidath Mendis\Desktop\Reasearch\System-implementation\MaCoDeR\datasets\raw\RAVDESS\Audio_Speech_Actors_01-24\Actor_13\03-01-02-02-01-02-13.wav,calm,274.35147,0.007670212,-400.41287,69.226265,1.2070607,8.308731,11.955564,4.267731,-0.41052732,-3.9175282,-6.688268,0.48475862,3.310634,-2.0079782,4.3379364
C:\Users\Sidath Mendis\Desktop\Reasearch\System-implementation\MaCoDeR\datasets\raw\RAVDESS\Audio_Speech_Actors_01-24\Actor_13\03-01-02-02-02-01-13.wav,calm,275.07663,0.006593025,-408.87915,59.387493,2.3157282,12.316387,10.619161,2.965639,0.91424185,-6.602664,-6.5438166,3.1891103,3.0962794,-1.243677,5.909572
C:\Users\Sidath Mendis\Desktop\Reasearch\System-implementation\MaCoDeR\datasets\raw\RAVDESS\Audio_Speech_Actors_01-24\Actor_13\03-01-02-02-02-02-13.wav,calm,274.6361,0.008265114,-403.27707,63.575283,0.27463526,11.083467,8.590074,1.113677,1.1255254,-5.264408,-7.439934,1.9341643,0.77971303,-0.51770246,5.4130745
C:\Users\Sidath Mendis\Desktop\Reasearch\System-implementation\MaCoDeR\datasets\raw\RAVDESS\Audio_Speech_Actors_01-24\Actor_13\03-01-03-01-01-01-13.wav,happy,269.42758,0.008058131,-408.10986,60.157925,-6.026158,10.191509,8.39052,0.6197793,-3.7273555,-4.2659435,-8.108513,2.0843654,1.6950759,-3.4443839,5.503912
C:\Users\Sidath Mendis\Desktop\Reasearch\System-implementation\MaCoDeR\datasets\raw\RAVDESS\Audio_Speech_Actors_01-24\Actor_13\03-01-03-01-01-02-13.wav,happy,273.88803,0.0073185777,-406.88553,60.62053,-4.7237453,9.176288,9.570808,1.5910963,-4.388344,-3.3020182,-9.017383,1.0226806,2.449866,-4.220233,4.91171
C:\Users\Sidath Mendis\Desktop\Reasearch\System-implementation\MaCoDeR\datasets\raw\RAVDESS\Audio_Speech_Actors_01-24\Actor_13\03-01-03-01-02-01-13.wav,happy,270.38986,0.0076445173,-397.1018,53.927197,-1.453198,9.362547,4.7533455,3.6835701,-6.153078,-5.1524515,-9.170527,0.1982866,0.83473104,-3.5217657,5.0792866
C:\Users\Sidath Mendis\Desktop\Reasearch\System-implementation\MaCoDeR\datasets\raw\RAVDESS\Audio_Speech_Actors_01-24\Actor_13\03-01-03-01-02-02-13.wav,happy,269.19824,0.008527859,-396.72696,54.24137,-2.747752,9.893185,2.6804855,5.015292,-10.037734,-7.130792,-8.172942,-2.8396382,2.2852895,-6.4560637,3.9615881
C:\Users\Sidath Mendis\Desktop\Reasearch\System-implementation\MaCoDeR\datasets\raw\RAVDESS\Audio_Speech_Actors_01-24\Actor_13\03-01-03-02-01-01-13.wav,happy,274.56854,0.0061253067,-372.75174,56.512714,-9.394262,10.531567,9.08802,0.8927865,-9.640779,-3.648036,-7.7289147,0.26917687,1.260062,-7.9767756,4.283991
C:\Users\Sidath Mendis\Desktop\Reasearch\System-implementation\MaCoDeR\datasets\raw\RAVDESS\Audio_Speech_Actors_01-24\Actor_13\03-01-03-02-01-02-13.wav,happy,274.09824,0.014436189,-353.24777,54.160217,-5.750889,5.1983566,0.80875075,0.32568735,-15.96644,-5.170695,-9.692625,-5.533627,-0.8032092,-8.904783,-1.8422638
C:\Users\Sidath Mendis\Desktop\Reasearch\System-implementation\MaCoDeR\datasets\raw\RAVDESS\Audio_Speech_Actors_01-24\Actor_13\03-01-03-02-02-01-13.wav,happy,268.3499,0.014218758,-358.74838,34.86986,-6.726167,-0.6163432,-7.2309036,0.869774,-16.139786,-7.768034,-9.186016,-5.827168,-1.424263,-7.8177977,-2.1890442
C:\Users\Sidath Mendis\Desktop\Reasearch\System-implementation\MaCoDeR\datasets\raw\RAVDESS\Audio_Speech_Actors_01-24\Actor_13\03-01-03-02-02-02-13.wav,happy,273.8669,0.01458685,-375.6428,40.494217,-7.2784524,0.548972,-6.667855,0.9105971,-13.983383,-6.798317,-8.340428,-4.818709,-0.6839784,-6.6309476,-2.2119064
C:\Users\Sidath Mendis\Desktop\Reasearch\System-implementation\MaCoDeR\datasets\raw\RAVDESS\Audio_Speech_Actors_01-24\Actor_13\03-01-04-01-01-01-13.wav,sad,274.9144,0.016329298,-355.59772,73.04636,16.80987,14.810087,11.212738,4.968831,0.10961978,-2.681235,-0.9315567,1.742963,3.4557836,-0.95357853,3.3777173
C:\Users\Sidath Mendis\Desktop\Reasearch\System-implementation\MaCoDeR\datasets\raw\RAVDESS\Audio_Speech_Actors_01-24\Actor_13\03-01-04-01-01-02-13.wav,sad,274.3108,0.0176001,-346.9043,72.58739,11.854309,14.323845,11.665647,4.856666,-5.947851,-5.3229823,-1.62623,0.75818,1.5604738,-4.0757866,3.6117845
C:\Users\Sidath Mendis\Desktop\Reasearch\System-implementation\MaCoDeR\datasets\raw\RAVDESS\Audio_Speech_Actors_01-24\Actor_13\03-01-04-01-02-01-13.wav,sad,275.37418,0.009995318,-385.73947,69.18695,10.819094,12.027652,11.146478,4.2270927,-3.0377612,-3.7431948,-0.7878624,0.0063196733,1.5453391,-1.57599,3.2766194
C:\Users\Sidath Mendis\Desktop\Reasearch\System-implementation\MaCoDeR\datasets\raw\RAVDESS\Audio_Speech_Actors_01-24\Actor_13\03-01-04-01-02-02-13.wav,sad,275.3182,0.007008489,-398.74963,65.230804,9.849816,9.765327,7.4160476,1.9257987,-5.4587846,-5.6746793,-3.5124688,0.18084776,0.3756027,-3.5232983,4.9932675
C:\Users\Sidath Mendis\Desktop\Reasearch\System-implementation\MaCoDeR\datasets\raw\RAVDESS\Audio_Speech_Actors_01-24\Actor_13\03-01-04-02-01-01-13.wav,sad,275.32953,0.011253676,-383.30264,69.14567,1.4745597,14.177929,8.403369,0.8774117,-6.5977306,-5.400932,-3.916915,-1.644307,0.5758083,-3.7368762,4.9927063
C:\Users\Sidath Mendis\Desktop\Reasearch\System-implementation\MaCoDeR\datasets\raw\RAVDESS\Audio_Speech_Actors_01-24\Actor_13\03-01-04-02-01-02-13.wav,sad,275.23486,0.015040315,-343.5597,60.66542,8.309715,15.885356,8.442338,2.6327076,-6.5726466,-3.8216531,-0.53043115,-1.3375765,1.083158,-2.3469515,2.5996008
C:\Users\Sidath Mendis\Desktop\Reasearch\System-implementation\MaCoDeR\datasets\raw\RAVDESS\Audio_Speech_Actors_01-24\Actor_13\03-01-04-02-02-01-13.wav,sad,274.89542,0.010985033,-380.6717,67.11883,13.567043,8.548918,8.868987,2.984286,-1.732186,-3.306694,-3.3019912,-1.871788,2.9282994,-2.3781807,5.3641095
C:\Users\Sidath Mendis\Desktop\Reasearch\System-implementation\MaCoDeR\datasets\raw\RAVDESS\Audio_Speech_Actors_01-24\Actor_13\03-01-04-02-02-02-13.wav,sad,275.68118,0.01892398,-352.48807,62.024548,18.90057,16.560461,13.295681,5.306736,0.6415807,-1.1384156,-0.40361592,-1.1142806,2.3802695,-1.3499367,3.2912917
C:\Users\Sidath Mendis\Desktop\Reasearch\System-implementation\MaCoDeR\datasets\raw\RAVDESS\Audio_Speech_Actors_01-24\Actor_13\03-01-05-01-01-01-13.wav,angry,275.03833,0.010078268,-383.124,56.171864,-3.7148814,11.996212,4.17137,-2.185939,-2.093761,-3.7077367,-9.226068,-1.8913773,-1.6497167,-4.1082296,6.1377506
C:\Users\Sidath Mendis\Desktop\Reasearch\System-implementation\MaCoDeR\datasets\raw\RAVDESS\Audio_Speech_Actors_01-24\Actor_13\03-01-05-01-01-02-13.wav,angry,274.71838,0.013618355,-351.01016,49.461838,-5.369772,8.394791,0.8903169,-2.4914043,-3.7082624,-4.484525,-9.296204,-1.4948003,-1.5512496,-4.906698,4.089006
C:\Users\Sidath Mendis\Desktop\Reasearch\System-implementation\MaCoDeR\datasets\raw\RAVDESS\Audio_Speech_Actors_01-24\Actor_13\03-01-05-01-02-01-13.wav,angry,274.37045,0.0101031605,-364.33875,49.817017,-4.6116514,10.488314,4.1976395,-1.5593292,-4.732988,-4.149633,-14.77875,-1.4775134,-2.230083,-6.2547994,4.418375
C:\Users\Sidath Mendis\Desktop\Reasearch\System-implementation\MaCoDeR\datasets\raw\RAVDESS\Audio_Speech_Actors_01-24\Actor_13\03-01-05-01-02-02-13.wav,angry,270.13556,0.011909406,-366.66794,46.19066,-6.89341,8.22735,0.8819296,-3.1236289,-6.275368,-7.09101,-13.950559,-3.1693778,-3.0495632,-7.335206,2.4769924
C:\Users\Sidath Mendis\Desktop\Reasearch\System-implementation\MaCoDeR\datasets\raw\RAVDESS\Audio_Speech_Actors_01-24\Actor_13\03-01-05-02-01-01-13.wav,angry,274.06046,0.011593536,-355.08334,18.774881,-12.651738,-1.4403408,-9.627059,-5.0693226,-10.31212,-4.8745184,-8.812356,-3.9425035,-0.5882425,-5.4879503,-2.9651022
C:\Users\Sidath Mendis\Desktop\Reasearch\System-implementation\MaCoDeR\datasets\raw\RAVDESS\Audio_Speech_Actors_01-24\Actor_13\03-01-05-02-01-02-13.wav,angry,274.23898,0.0103000365,-350.15656,37.324593,-4.7184606,6.7709246,-0.23654129,-7.091412,-6.5153756,-0.18841358,-8.05397,-0.56656563,-0.25173852,-5.619007,0.44407672
C:\Users\Sidath Mendis\Desktop\Reasearch\System-implementation\MaCoDeR\datasets\raw\RAVDESS\Audio_Speech_Actors_01-24\Actor_13\03-01-05-02-02-01-13.wav,angry,268.97415,0.009988659,-360.17603,24.560383,-13.356355,-3.215707,-9.88788,-3.750895,-11.675327,-5.711853,-11.101495,-4.670385,0.33512327,-4.090344,-0.9615632
C:\Users\Sidath Mendis\Desktop\Reasearch\System-implementation\MaCoDeR\datasets\raw\RAVDESS\Audio_Speech_Actors_01-24\Actor_13\03-01-05-02-02-02-13.wav,angry,274.4971,0.023749085,-319.86588,10.130472,-17.117682,-8.233012,-18.11544,-4.4833694,-12.967822,-6.2485886,-9.107482,-5.8999085,-0.5940666,-5.2882624,-6.170699
C:\Users\Sidath Mendis\Desktop\Reasearch\System-implementation\MaCoDeR\datasets\raw\RAVDESS\Audio_Speech_Actors_01-24\Actor_13\03-01-06-01-01-01-13.wav,fearful,269.9072,0.006220163,-413.28165,55.4507,5.4827156,10.538507,8.028279,1.6363454,-5.952412,-0.6007131,-3.3456588,0.31007183,0.89162046,-4.4724245,2.4098852
C:\Users\Sidath Mendis\Desktop\Reasearch\System-implementation\MaCoDeR\datasets\raw\RAVDESS\Audio_Speech_Actors_01-24\Actor_13\03-01-06-01-01-02-13.wav,fearful,269.57565,0.009011629,-382.5585,53.454063,11.730711,14.214981,9.113016,5.0550976,-1.9955847,2.0601182,0.77708524,1.9202042,2.5396738,-1.4616524,2.2907414
C:\Users\Sidath Mendis\Desktop\Reasearch\System-implementation\MaCoDeR\datasets\raw\RAVDESS\Audio_Speech_Actors_01-24\Actor_13\03-01-06-01-02-01-13.wav,fearful,270.01718,0.011752927,-365.53906,49.042095,5.160633,9.610722,7.0123777,1.5414567,-4.622185,-1.0015008,-5.5897074,-0.49504068,0.5755795,-4.3700013,4.050626
C:\Users\Sidath Mendis\Desktop\Reasearch\System-implementation\MaCoDeR\datasets\raw\RAVDESS\Audio_Speech_Actors_01-24\Actor_13\03-01-06-01-02-02-13.wav,fearful,274.6785,0.013086735,-371.62354,57.80622,6.161112,11.7185755,6.6326027,3.3905761,-4.154527,-0.16553132,-5.533986,3.193552,3.5603106,-1.3778528,5.918624
C:\Users\Sidath Mendis\Desktop\Reasearch\System-implementation\MaCoDeR\datasets\raw\RAVDESS\Audio_Speech_Actors_01-24\Actor_13\03-01-06-02-01-01-13.wav,fearful,269.2912,0.008509963,-400.1676,52.180676,8.420519,10.523393,5.4619308,2.220621,-4.0279365,-0.15279771,-2.7772994,-0.32119343,1.4810352,-3.7214956,1.6302121
C:\Users\Sidath Mendis\Desktop\Reasearch\System-implementation\MaCoDeR\datasets\raw\RAVDESS\Audio_Speech_Actors_01-24\Actor_13\03-01-06-02-01-02-13.wav,fearful,274.85275,0.008582215,-386.91238,31.837704,-5.059535,2.7312815,-2.69597,-4.711656,-11.170106,-3.1746004,-4.737737,-5.7862616,-1.6615187,-5.333443,-2.8009303
C:\Users\Sidath Mendis\Desktop\Reasearch\System-implementation\MaCoDeR\datasets\raw\RAVDESS\Audio_Speech_Actors_01-24\Actor_13\03-01-06-02-02-01-13.wav,fearful,274.2535,0.011298274,-352.31824,36.72265,-2.6477773,0.7020756,-3.7182512,-5.3697295,-10.280505,-3.6403215,-9.708829,-4.5451717,-2.0689995,-7.0322995,-1.7787213
C:\Users\Sidath Mendis\Desktop\Reasearch\System-implementation\MaCoDeR\datasets\raw\RAVDESS\Audio_Speech_Actors_01-24\Actor_13\03-01-06-02-02-02-13.wav,fearful,275.3904,0.015529351,-358.88452,52.264565,5.367134,11.306005,7.738221,2.841573,-3.8589115,-0.3603897,-5.97178,-0.013518091,-0.7826369,-4.296945,2.5249686
C:\Users\Sidath Mendis\Desktop\Reasearch\System-implementation\MaCoDeR\datasets\raw\RAVDESS\Audio_Speech_Actors_01-24\Actor_13\03-01-07-01-01-01-13.wav,disgust,274.6464,0.009371815,-394.59753,69.673096,4.5183806,15.620659,10.275804,3.3221333,0.9451432,-2.5014017,-2.8087711,2.910068,0.84610784,0.31232932,6.6155653
C:\Users\Sidath Mendis\Desktop\Reasearch\System-implementation\MaCoDeR\datasets\raw\RAVDESS\Audio_Speech_Actors_01-24\Actor_13\03-01-07-01-01-02-13.wav,disgust,274.4257,0.008474852,-402.482,69.49746,5.0256104,16.98983,6.9041142,2.5694056,0.7097306,-2.7712307,-1.6705766,3.0728166,2.3515406,0.106935404,6.291175
C:\Users\Sidath Mendis\Desktop\Reasearch\System-implementation\MaCoDeR\datasets\raw\RAVDESS\Audio_Speech_Actors_01-24\Actor_13\03-01-07-01-02-01-13.wav,disgust,275.4869,0.009022935,-391.72064,68.6019,10.440034,13.266446,11.145674,4.2643666,-1.1984357,-2.1470232,-0.8766152,2.3288896,2.6569793,-0.48382282,5.2800584
C:\Users\Sidath Mendis\Desktop\Reasearch\System-implementation\MaCoDeR\datasets\raw\RAVDESS\Audio_Speech_Actors_01-24\Actor_13\03-01-07-01-02-02-13.wav,disgust,269.442,0.0077183563,-398.2105,63.11207,9.436492,11.335044,5.099397,1.7339413,-4.276947,-2.002523,-2.1755724,-0.24707797,2.4000778,-1.2575401,4.03806
C:\Users\Sidath Mendis\Desktop\Reasearch\System-implementation\MaCoDeR\datasets\raw\RAVDESS\Audio_Speech_Actors_01-24\Actor_13\03-01-07-02-01-01-13.wav,disgust,269.41162,0.0073978123,-382.87482,55.834923,7.8488793,11.5218,5.8532,-1.0855134,-4.957218,-1.300757,-2.0079925,0.4001712,0.98607194,-2.6174674,1.9506251
C:\Users\Sidath Mendis\Desktop\Reasearch\System-implementation\MaCoDeR\datasets\raw\RAVDESS\Audio_Speech_Actors_01-24\Actor_13\03-01-07-02-01-02-13.wav,disgust,274.26645,0.007456676,-384.02386,66.1539,4.2012405,12.631676,4.1384907,-0.18064156,-4.704309,-6.0977783,-3.8976207,-0.34984294,0.055573463,-2.4832282,4.447068
C:\Users\Sidath Mendis\Desktop\Reasearch\System-implementation\MaCoDeR\datasets\raw\RAVDESS\Audio_Speech_Actors_01-24\Actor_13\03-01-07-02-02-01-13.wav,disgust,275.2419,0.010035901,-382.59467,68.963066,14.3981905,10.866858,6.7635384,3.8003054,0.6801293,-2.577042,-2.4538276,0.06476805,1.121931,-0.25684702,5.6910477
C:\Users\Sidath Mendis\Desktop\Reasearch\System-implementation\MaCoDeR\datasets\raw\RAVDESS\Audio_Speech_Actors_01-24\Actor_13\03-01-07-02-02-02-13.wav,disgust,274.03955,0.011639392,-363.996,66.78461,4.945174,9.581894,3.839348,0.874145,-3.1761332,-3.2193408,-4.6174426,-1.3172114,3.0079575,-2.9198616,4.470417
C:\Users\Sidath Mendis\Desktop\Reasearch\System-implementation\MaCoDeR\datasets\raw\RAVDESS\Audio_Speech_Actors_01-24\Actor_13\03-01-08-01-01-01-13.wav,surprised,274.82602,0.016958341,-371.26367,55.139347,-2.2007551,3.3698032,-1.5124545,0.5524728,-10.55366,-7.24207,-5.696852,-2.998883,-1.1855991,-4.327684,0.34858626
C:\Users\Sidath Mendis\Desktop\Reasearch\System-implementation\MaCoDeR\datasets\raw\RAVDESS\Audio_Speech_Actors_01-24\Actor_13\03-01-08-01-01-02-13.wav,surprised,274.7495,0.017363437,-360.41837,51.406773,0.1451703,2.678106,0.7177036,2.4865184,-6.3215675,-3.4976335,-7.4714365,-2.6024773,2.6847222,-4.7758126,-0.10018843
C:\Users\Sidath Mendis\Desktop\Reasearch\System-implementation\MaCoDeR\datasets\raw\RAVDESS\Audio_Speech_Actors_01-24\Actor_13\03-01-08-01-02-01-13.wav,surprised,275.14542,0.012775121,-396.24194,57.232613,3.5423203,7.8346243,1.0523449,2.1742637,-6.0362673,-5.818381,-6.782197,-1.3809295,0.47105858,-4.5525517,1.6715689
C:\Users\Sidath Mendis\Desktop\Reasearch\System-implementation\MaCoDeR\datasets\raw\RAVDESS\Audio_Speech_Actors_01-24\Actor_13\03-01-08-01-02-02-13.wav,surprised,273.91907,0.014477926,-380.1762,46.510468,0.21180224,6.5229354,-1.068617,1.5531127,-6.250491,-5.5134907,-4.8299165,-3.1521058,0.53553706,-3.501108,0.75463134
C:\Users\Sidath Mendis\Desktop\Reasearch\System-implementation\MaCoDeR\datasets\raw\RAVDESS\Audio_Speech_Actors_01-24\Actor_13\03-01-08-02-01-01-13.wav,surprised,274.58646,0.007131392,-403.0918,47.31682,-0.7378554,6.8238344,1.5145762,-0.25141954,-8.088614,-3.132577,-5.3001723,-2.0986278,0.36171564,-6.180385,-1.217729
C:\Users\Sidath Mendis\Desktop\Reasearch\System-implementation\MaCoDeR\datasets\raw\RAVDESS\Audio_Speech_Actors_01-24\Actor_13\03-01-08-02-01-02-13.wav,surprised,269.867,0.0064506917,-397.74203,55.28448,6.358399,10.104182,8.305064,4.5785375,-5.027579,-2.1419177,-1.8109652,-0.63789785,1.0451174,-1.1157675,2.464598
C:\Users\Sidath Mendis\Desktop\Reasearch\System-implementation\MaCoDeR\datasets\raw\RAVDESS\Audio_Speech_Actors_01-24\Actor_13\03-01-08-02-02-01-13.wav,surprised,273.86343,0.018192654,-336.8739,48.375137,0.89485455,3.6051128,2.6562185,1.9218398,-8.736441,-5.9378424,-6.9496937,-2.0067568,-2.0353918,-5.73383,1.0174944
C:\Users\Sidath Mendis\Desktop\Reasearch\System-implementation\MaCoDeR\datasets\raw\RAVDESS\Audio_Speech_Actors_01-24\Actor_13\03-01-08-02-02-02-13.wav,surprised,269.29288,0.009540122,-384.5535,48.4653,1.1091129,3.8003745,1.7155467,1.2244269,-7.1990113,-5.246746,-7.204766,-2.8814688,-3.384412,-5.515379,-1.2231033
C:\Users\Sidath Mendis\Desktop\Reasearch\System-implementation\MaCoDeR\datasets\raw\RAVDESS\Audio_Speech_Actors_01-24\Actor_14\03-01-01-01-01-01-14.wav,neutral,275.63092,0.011907874,-369.28275,42.15133,6.370591,10.231775,-5.8406053,-5.97038,-3.8985503,-8.260018,-4.175018,-3.4230437,-1.70419,-5.1956306,-2.8175192
C:\Users\Sidath Mendis\Desktop\Reasearch\System-implementation\MaCoDeR\datasets\raw\RAVDESS\Audio_Speech_Actors_01-24\Actor_14\03-01-01-01-01-02-14.wav,neutral,275.1219,0.014098411,-346.75336,42.710243,5.380399,11.044181,-5.389654,-3.6523912,-5.6831017,-7.394467,-1.759214,-2.7526853,-2.5837636,-5.9279056,-2.3584774
C:\Users\Sidath Mendis\Desktop\Reasearch\System-implementation\MaCoDeR\datasets\raw\RAVDESS\Audio_Speech_Actors_01-24\Actor_14\03-01-01-01-02-01-14.wav,neutral,274.34436,0.018601192,-344.82767,39.995182,2.9514697,8.160872,-5.8677826,-2.4558208,-7.6159735,-9.189661,-3.153536,-2.8303993,-3.5428846,-5.6412816,-2.826544
C:\Users\Sidath Mendis\Desktop\Reasearch\System-implementation\MaCoDeR\datasets\raw\RAVDESS\Audio_Speech_Actors_01-24\Actor_14\03-01-01-01-02-02-14.wav,neutral,269.7277,0.015424506,-355.18744,44.290592,3.5021002,6.7390256,-9.0491,-2.5017164,-7.412575,-9.813494,-2.455977,-4.64713,-3.2110202,-5.363006,-3.0072668
C:\Users\Sidath Mendis\Desktop\Reasearch\System-implementation\MaCoDeR\datasets\raw\RAVDESS\Audio_Speech_Actors_01-24\Actor_14\03-01-02-01-01-01-14.wav,calm,275.07516,0.014849024,-349.13864,38.314495,0.62996054,6.307161,-6.859902,-9.323596,-8.668892,-8.723151,-4.921005,-6.3450828,-4.115093,-7.037527,-5.49305
C:\Users\Sidath Mendis\Desktop\Reasearch\System-implementation\MaCoDeR\datasets\raw\RAVDESS\Audio_Speech_Actors_01-24\Actor_14\03-01-02-01-01-02-14.wav,calm,269.239,0.016876904,-349.46808,39.49441,4.766913,11.048591,-4.429136,-3.61591,-6.1949778,-6.717832,-5.130752,-6.0992618,-3.0449507,-6.9100213,-4.444058
C:\Users\Sidath Mendis\Desktop\Reasearch\System-implementation\MaCoDeR\datasets\raw\RAVDESS\Audio_Speech_Actors_01-24\Actor_14\03-01-02-01-02-01-14.wav,calm,269.72437,0.018721707,-341.9221,25.100967,5.4440193,7.0739174,-7.1707687,-3.8923335,-8.740297,-8.708581,-4.9814596,-6.863103,-5.5601816,-7.7635007,-4.9897738
C:\Users\Sidath Mendis\Desktop\Reasearch\System-implementation\MaCoDeR\datasets\raw\RAVDESS\Audio_Speech_Actors_01-24\Actor_14\03-01-02-01-02-02-14.wav,calm,274.6808,0.011667886,-383.34888,31.938969,4.0185666,8.434593,-6.3244452,-5.3667088,-6.9624724,-10.936517,-4.4104066,-7.2891483,-5.0880046,-9.385753,-5.037485
C:\Users\Sidath Mendis\Desktop\Reasearch\System-implementation\MaCoDeR\datasets\raw\RAVDESS\Audio_Speech_Actors_01-24\Actor_14\03-01-02-02-01-01-14.wav,calm,269.61288,0.004393632,-382.3937,40.589348,7.282794,6.692961,-4.981519,-4.729934,-4.8600693,-7.6050696,-3.2424173,-2.285565,-2.0929437,-6.656016,-2.9612114
C:\Users\Sidath Mendis\Desktop\Reasearch\System-implementation\MaCoDeR\datasets\raw\RAVDESS\Audio_Speech_Actors_01-24\Actor_14\03-01-02-02-01-02-14.wav,calm,267.9593,0.014616003,-327.82184,31.825909,4.157128,8.541774,-3.7318032,-5.841392,-6.280077,-7.138643,-5.2214203,-5.846567,-3.6322002,-8.19392,-4.4181933
C:\Users\Sidath Mendis\Desktop\Reasearch\System-implementation\MaCoDeR\datasets\raw\RAVDESS\Audio_Speech_Actors_01-24\Actor_14\03-01-02-02-02-01-14.wav,calm,275.44342,0.008486083,-388.49792,42.159588,7.5990887,4.2269454,-5.3072963,-1.0640403,-7.406447,-8.031735,-3.7889616,-2.3464954,-2.4503968,-4.1752477,-3.7197807
C:\Users\Sidath Mendis\Desktop\Reasearch\System-implementation\MaCoDeR\datasets\raw\RAVDESS\Audio_Speech_Actors_01-24\Actor_14\03-01-02-02-02-02-14.wav,calm,274.14645,0.0174087,-349.03577,37.419346,7.1701646,6.891248,-6.592995,-4.3025084,-8.298804,-10.018536,-1.524705,-7.1648684,-3.1983142,-5.884932,-4.451324
C:\Users\Sidath Mendis\Desktop\Reasearch\System-implementation\MaCoDeR\datasets\raw\RAVDESS\Audio_Speech_Actors_01-24\Actor_14\03-01-03-01-01-01-14.wav,happy,275.25296,0.0076730936,-371.44305,27.924519,-16.828022,10.335332,-9.289375,-15.854253,-5.0316114,-14.072316,-1.9848077,-6.496324,-7.260489,1.4989462,-7.534767
C:\Users\Sidath Mendis\Desktop\Reasearch\System-implementation\MaCoDeR\datasets\raw\RAVDESS\Audio_Speech_Actors_01-24\Actor_14\03-01-03-01-01-02-14.wav,happy,270.51538,0.015731065,-349.5509,29.457449,-11.859425,0.35977778,-6.8978148,-12.53013,-5.656981,-10.535828,-1.8281672,-5.634955,-6.581183,-3.6074948,-10.018679
C:\Users\Sidath Mendis\Desktop\Reasearch\System-implementation\MaCoDeR\datasets\raw\RAVDESS\Audio_Speech_Actors_01-24\Actor_14\03-01-03-01-02-01-14.wav,happy,274.75235,0.01476446,-358.64148,27.637177,-10.279881,4.342622,-7.829431,-12.604058,-13.927256,-13.136808,-1.9214422,-9.33488,-6.180309,-3.9176042,-5.224376
C:\Users\Sidath Mendis\Desktop\Reasearch\System-implementation\MaCoDeR\datasets\raw\RAVDESS\Audio_Speech_Actors_01-24\Actor_14\03-01-03-01-02-02-14.wav,happy,275.10983,0.01620361,-364.82208,26.246809,-9.045959,1.7545077,-6.6546125,-12.252063,-9.061354,-13.175906,-5.2502823,-8.369119,-8.295392,-4.057289,-8.325932
C:\Users\Sidath Mendis\Desktop\Reasearch\System-implementation\MaCoDeR\datasets\raw\RAVDESS\Audio_Speech_Actors_01-24\Actor_14\03-01-03-02-01-01-14.wav,happy,275.43015,0.0061851046,-388.66153,19.144985,-31.78134,-1.734211,-13.752522,-21.101568,-4.019233,-14.430092,-5.8508744,-2.5770516,-11.193909,7.6374393,-1.1721015
C:\Users\Sidath Mendis\Desktop\Reasearch\System-implementation\MaCoDeR\datasets\raw\RAVDESS\Audio_Speech_Actors_01-24\Actor_14\03-01-03-02-01-02-14.wav,happy,274.65994,0.006802812,-371.37888,18.814028,-30.853998,0.8849218,-14.175329,-17.10036,-5.5775213,-16.559643,-2.3038702,-7.3935595,-8.460571,1.4354866,-8.997431
C:\Users\Sidath Mendis\Desktop\Reasearch\System-implementation\MaCoDeR\datasets\raw\RAVDESS\Audio_Speech_Actors_01-24\Actor_14\03-01-03-02-02-01-14.wav,happy,269.30234,0.009132527,-379.03,11.656695,-38.91568,-1.3164272,-12.199388,-23.307703,-7.442299,-19.176226,-2.9180744,-4.914314,-9.120229,5.3280888,-1.4890342
C:\Users\Sidath Mendis\Desktop\Reasearch\System-implementation\MaCoDeR\datasets\raw\RAVDESS\Audio_Speech_Actors_01-24\Actor_14\03-01-03-02-02-02-14.wav,happy,275.3694,0.012971139,-372.1485,12.603256,-29.54464,-0.7831906,-9.4216,-21.832767,-5.8566737,-18.652086,-6.147673,-6.880627,-8.29861,6.1333146,5.840024
C:\Users\Sidath Mendis\Desktop\Reasearch\System-implementation\MaCoDeR\datasets\raw\RAVDESS\Audio_Speech_Actors_01-24\Actor_14\03-01-04-01-01-01-14.wav,sad,275.4355,0.011136365,-343.71063,47.257954,8.621348,15.943587,-4.984916,-4.822399,-8.331793,-7.837008,-4.363516,-5.5228653,-2.2440746,-2.9885478,-2.6972332
C:\Users\Sidath Mendis\Desktop\Reasearch\System-implementation\MaCoDeR\datasets\raw\RAVDESS\Audio_Speech_Actors_01-24\Actor_14\03-01-04-01-01-02-14.wav,sad,274.57516,0.01645637,-350.48907,45.163982,4.4032035,7.278834,-6.5218997,-5.016984,-8.025428,-8.163357,-3.1800869,-7.1998386,-4.7358046,-5.5287514,-5.6660585
C:\Users\Sidath Mendis\Desktop\Reasearch\System-implementation\MaCoDeR\datasets\raw\RAVDESS\Audio_Speech_Actors_01-24\Actor_14\03-01-04-01-02-01-14.wav,sad,269.7773,0.016094329,-318.64682,35.12247,3.6223445,11.270513,-7.646808,-5.2262416,-9.091849,-11.383553,-1.3617724,-5.7406116,-3.1340113,-4.609325,-3.0394444
C:\Users\Sidath Mendis\Desktop\Reasearch\System-implementation\MaCoDeR\datasets\raw\RAVDESS\Audio_Speech_Actors_01-24\Actor_14\03-01-04-01-02-02-14.wav,sad,275.44058,0.011005864,-358.80692,41.666775,8.428702,10.83591,-5.0554414,-2.9257758,-9.881308,-10.149497,-2.4636052,-6.1467853,-3.2205462,-3.4776492,-2.676035
C:\Users\Sidath Mendis\Desktop\Reasearch\System-implementation\MaCoDeR\datasets\raw\RAVDESS\Audio_Speech_Actors_01-24\Actor_14\03-01-04-02-01-01-14.wav,sad,275.89835,0.013316855,-322.27194,32.411263,-6.0472555,5.8133993,-11.222897,-5.7954745,-11.086184,-12.899246,-3.426403,-4.613022,-2.950674,-2.6155126,-5.7947965
C:\Users\Sidath Mendis\Desktop\Reasearch\System-implementation\MaCoDeR\datasets\raw\RAVDESS\Audio_Speech_Actors_01-24\Actor_14\03-01-04-02-01-02-14.wav,sad,274.87442,0.016783617,-323.8021,42.616314,-6.071119,10.1692705,-7.2429338,-6.2655983,-9.719107,-11.477018,-4.3141246,-1.5157934,-4.784275,-1.0298954,-4.664544
C:\Users\Sidath Mendis\Desktop\Reasearch\System-implementation\MaCoDeR\datasets\raw\RAVDESS\Audio_Speech_Actors_01-24\Actor_14\03-01-04-02-02-01-14.wav,sad,274.09372,0.015260718,-340.3873,36.53146,-7.682372,4.694977,-12.375717,-8.899731,-12.28234,-14.919637,-5.164782,-6.409162,-6.5402884,-1.9851333,-6.5188155
C:\Users\Sidath Mendis\Desktop\Reasearch\System-implementation\MaCoDeR\datasets\raw\RAVDESS\Audio_Speech_Actors_01-24\Actor_14\03-01-04-02-02-02-14.wav,sad,274.20654,0.012563615,-346.9084,32.604828,-15.878628,7.446138,-13.185079,-16.031458,-10.061308,-20.712385,-4.645363,-5.8300223,-11.845088,2.0112798,-9.746998
C:\Users\Sidath Mendis\Desktop\Reasearch\System-implementation\MaCoDeR\datasets\raw\RAVDESS\Audio_Speech_Actors_01-24\Actor_14\03-01-05-01-01-01-14.wav,angry,269.88226,0.0068161804,-397.8144,30.096987,-6.866103,4.2966514,-11.944185,-6.622543,-6.091555,-9.249602,-3.29864,-7.150997,-6.407581,-5.8760314,-4.2228737
C:\Users\Sidath Mendis\Desktop\Reasearch\System-implementation\MaCoDeR\datasets\raw\RAVDESS\Audio_Speech_Actors_01-24\Actor_14\03-01-05-01-01-02-14.wav,angry,275.13,0.009968021,-370.6189,32.456917,-7.8984056,3.9712315,-11.556729,-8.767048,-3.5943825,-9.672638,-4.4538994,-3.9030106,-2.189164,-3.995121,-2.8380017
C:\Users\Sidath Mendis\Desktop\Reasearch\System-implementation\MaCoDeR\datasets\raw\RAVDESS\Audio_Speech_Actors_01-24\Actor_14\03-01-05-01-02-01-14.wav,angry,275.30005,0.010003199,-367.0474,27.281757,-10.733337,6.015857,-14.797639,-11.529422,-6.2487116,-14.938222,-6.037044,-7.1511183,-3.9630513,-5.181992,-6.2444744
C:\Users\Sidath Mendis\Desktop\Reasearch\System-implementation\MaCoDeR\datasets\raw\RAVDESS\Audio_Speech_Actors_01-24\Actor_14\03-01-05-01-02-02-14.wav,angry,269.028,0.0073317233,-377.93942,28.871756,-13.224115,-0.65015525,-15.333359,-11.926716,-7.540221,-15.300576,-7.560258,-6.2399426,-5.991907,-7.600222,-4.6225133
C:\Users\Sidath Mendis\Desktop\Reasearch\System-implementation\MaCoDeR\datasets\raw\RAVDESS\Audio_Speech_Actors_01-24\Actor_14\03-01-05-02-01-01-14.wav,angry,274.81763,0.0075501828,-379.58896,31.012058,-31.116985,-3.1658876,-21.434237,-16.220343,-4.2242436,-14.630979,-6.6407104,-4.7879915,-6.309672,2.347476,-3.490318
C:\Users\Sidath Mendis\Desktop\Reasearch\System-implementation\MaCoDeR\datasets\raw\RAVDESS\Audio_Speech_Actors_01-24\Actor_14\03-01-05-02-01-02-14.wav,angry,275.1469,0.008703051,-362.09525,25.601643,-30.876116,-4.44904,-22.530827,-17.140957,-4.3604245,-16.321808,-4.056193,-2.9975884,-4.226953,5.1340046,-2.9199326
C:\Users\Sidath Mendis\Desktop\Reasearch\System-implementation\MaCoDeR\datasets\raw\RAVDESS\Audio_Speech_Actors_01-24\Actor_14\03-01-05-02-02-01-14.wav,angry,273.64572,0.010851378,-361.76837,19.80069,-31.946592,-10.997233,-21.855652,-16.221306,-3.925159,-18.5646,-3.7900558,-2.994182,-0.9251553,4.964132,-2.404642
C:\Users\Sidath Mendis\Desktop\Reasearch\System-implementation\MaCoDeR\datasets\raw\RAVDESS\Audio_Speech_Actors_01-24\Actor_14\03-01-05-02-02-02-14.wav,angry,268.46106,0.0058340277,-402.7853,25.544857,-22.25879,-3.477359,-21.862024,-13.384574,-4.2806354,-19.718616,-5.521126,-7.535854,-6.905657,-1.4979146,-6.297994
C:\Users\Sidath Mendis\Desktop\Reasearch\System-implementation\MaCoDeR\datasets\raw\RAVDESS\Audio_Speech_Actors_01-24\Actor_14\03-01-06-01-01-01-14.wav,fearful,274.57288,0.008694709,-358.03622,40.613255,5.747089,17.39877,-3.309754,-3.6421638,-8.988464,-9.842793,-4.2211018,-6.167196,-6.061878,-5.9585853,-0.6264268
C:\Users\Sidath Mendis\Desktop\Reasearch\System-implementation\MaCoDeR\datasets\raw\RAVDESS\Audio_Speech_Actors_01-24\Actor_14\03-01-06-01-01-02-14.wav,fearful,276.3461,0.013199089,-308.64783,35.890144,-2.56747,9.82679,-6.646573,-1.9442836,-7.3534017,-9.185719,-0.80432993,-3.9742844,-4.649304,-3.9770138,-1.6165191
C:\Users\Sidath Mendis\Desktop\Reasearch\System-implementation\MaCoDeR\datasets\raw\RAVDESS\Audio_Speech_Actors_01-24\Actor_14\03-01-06-01-02-01-14.wav,fearful,269.59253,0.009532056,-369.57184,36.09944,5.3115964,7.967646,-4.3722425,-3.9385731,-11.155385,-10.206358,-2.2376852,-9.0687,-5.216748,-4.132553,-3.0442567
C:\Users\Sidath Mendis\Desktop\Reasearch\System-implementation\MaCoDeR\datasets\raw\RAVDESS\Audio_Speech_Actors_01-24\Actor_14\03-01-06-01-02-02-14.wav,fearful,274.82104,0.016465649,-337.72293,33.32345,-5.297047,9.299892,-4.36946,-7.8623924,-14.514717,-13.211407,0.035277065,-7.444784,-6.415946,-4.432941,-1.0851958
C:\Users\Sidath Mendis\Desktop\Reasearch\System-implementation\MaCoDeR\datasets\raw\RAVDESS\Audio_Speech_Actors_01-24\Actor_14\03-01-06-02-01-01-14.wav,fearful,269.3636,0.009791987,-383.29886,8.689991,-33.521076,-4.496004,-15.512367,-15.756144,-5.983171,-18.45965,-5.049857,-2.765792,-3.3556824,12.450502,7.4702473
C:\Users\Sidath Mendis\Desktop\Reasearch\System-implementation\MaCoDeR\datasets\raw\RAVDESS\Audio_Speech_Actors_01-24\Actor_14\03-01-06-02-01-02-14.wav,fearful,269.24652,0.011525897,-363.45502,9.34791,-30.989576,-1.5222712,-10.384486,-18.181458,-4.227081,-16.28966,-4.5629497,-2.080566,-6.4725614,10.990945,6.7522397
C:\Users\Sidath Mendis\Desktop\Reasearch\System-implementation\MaCoDeR\datasets\raw\RAVDESS\Audio_Speech_Actors_01-24\Actor_14\03-01-06-02-02-01-14.wav,fearful,274.45172,0.009116321,-380.3991,12.857047,-25.855654,-4.2394185,-14.9303875,-16.359148,-7.6033273,-20.304937,-4.7013826,-8.0001955,-14.535096,-1.0799049,-1.8693403
C:\Users\Sidath Mendis\Desktop\Reasearch\System-implementation\MaCoDeR\datasets\raw\RAVDESS\Audio_Speech_Actors_01-24\Actor_14\03-01-06-02-02-02-14.wav,fearful,269.0793,0.010693818,-366.0844,11.024932,-29.950655,-5.711679,-15.186298,-19.233698,-9.002967,-19.791588,-4.088981,-2.8884075,-11.525629,1.7175494,1.2959656
C:\Users\Sidath Mendis\Desktop\Reasearch\System-implementation\MaCoDeR\datasets\raw\RAVDESS\Audio_Speech_Actors_01-24\Actor_14\03-01-07-01-01-01-14.wav,disgust,274.70273,0.011727976,-314.88867,29.21143,-5.2940626,3.696064,-7.645315,-6.507093,-12.999515,-12.314412,-6.521056,-5.2542424,-3.858042,-5.8116035,-2.302672
C:\Users\Sidath Mendis\Desktop\Reasearch\System-implementation\MaCoDeR\datasets\raw\RAVDESS\Audio_Speech_Actors_01-24\Actor_14\03-01-07-01-01-02-14.wav,disgust,274.2582,0.01464546,-355.19412,41.180653,-4.1144147,-0.69480497,-8.844093,-9.899893,-10.331767,-12.164464,-4.5800624,-7.468296,-2.0776694,-2.7335427,-6.4901605
C:\Users\Sidath Mendis\Desktop\Reasearch\System-implementation\MaCoDeR\datasets\raw\RAVDESS\Audio_Speech_Actors_01-24\Actor_14\03-01-07-01-02-01-14.wav,disgust,269.9804,0.013148707,-350.7899,31.270489,5.1927814,1.2480031,-4.8552275,-3.5602026,-7.265933,-7.753598,-4.9388785,-7.237135,-3.2448833,-2.9858346,-5.250296
C:\Users\Sidath Mendis\Desktop\Reasearch\System-implementation\MaCoDeR\datasets\raw\RAVDESS\Audio_Speech_Actors_01-24\Actor_14\03-01-07-01-02-02-14.wav,disgust,275.20633,0.021982137,-321.4892,38.73088,-1.750845,1.7500876,-14.200839,-9.434875,-11.453416,-15.36566,-7.258834,-9.040614,-7.2547126,-3.049986,-5.6940536
C:\Users\Sidath Mendis\Desktop\Reasearch\System-implementation\MaCoDeR\datasets\raw\RAVDESS\Audio_Speech_Actors_01-24\Actor_14\03-01-07-02-01-01-14.wav,disgust,274.6948,0.014619004,-309.6082,28.208961,-16.024342,6.8478055,-19.093609,-13.497298,-13.28483,-19.481455,-5.969845,-1.8746401,-4.677218,0.95545024,-6.220266
C:\Users\Sidath Mendis\Desktop\Reasearch\System-implementation\MaCoDeR\datasets\raw\RAVDESS\Audio_Speech_Actors_01-24\Actor_14\03-01-07-02-01-02-14.wav,disgust,269.94626,0.006392727,-359.34854,33.115124,-8.673018,4.8658547,-13.485524,-6.058624,-14.415535,-18.758057,-3.4331434,-8.065067,-0.13854165,-4.388662,-5.127619
C:\Users\Sidath Mendis\Desktop\Reasearch\System-implementation\MaCoDeR\datasets\raw\RAVDESS\Audio_Speech_Actors_01-24\Actor_14\03-01-07-02-02-01-14.wav,disgust,274.1436,0.0073865773,-349.3525,35.19211,1.5065538,4.44416,-9.856232,-8.856387,-13.587931,-10.984362,-4.895054,-7.1387753,-5.8478513,-4.2418675,-5.2692924
C:\Users\Sidath Mendis\Desktop\Reasearch\System-implementation\MaCoDeR\datasets\raw\RAVDESS\Audio_Speech_Actors_01-24\Actor_14\03-01-07-02-02-02-14.wav,disgust,274.69144,0.020319829,-351.35184,34.300312,-8.202142,-1.019024,-13.929168,-11.020874,-13.376983,-19.725996,-4.5476546,-8.787423,-6.3747687,-2.644709,-9.0244465
C:\Users\Sidath Mendis\Desktop\Reasearch\System-implementation\MaCoDeR\datasets\raw\RAVDESS\Audio_Speech_Actors_01-24\Actor_14\03-01-08-01-01-01-14.wav,surprised,273.73984,0.017182048,-333.10425,39.08859,-5.860188,6.9239836,-10.534792,-5.880983,-6.7571507,-8.113562,-3.6856678,-5.643714,-4.7944264,-6.867075,-3.5609746
C:\Users\Sidath Mendis\Desktop\Reasearch\System-implementation\MaCoDeR\datasets\raw\RAVDESS\Audio_Speech_Actors_01-24\Actor_14\03-01-08-01-01-02-14.wav,surprised,274.34976,0.018739397,-322.73062,37.756844,-7.606412,3.5276196,-8.753527,-7.3724704,-5.9717417,-7.3763657,-3.7919796,-4.353388,-4.6992908,-5.99342,-3.1261423
C:\Users\Sidath Mendis\Desktop\Reasearch\System-implementation\MaCoDeR\datasets\raw\RAVDESS\Audio_Speech_Actors_01-24\Actor_14\03-01-08-01-02-01-14.wav,surprised,274.83536,0.011397383,-361.26852,32.183926,-3.1020114,4.1090655,-8.511316,-7.8343287,-10.507789,-10.454772,-3.3516748,-7.774172,-5.103212,-5.012346,-3.7366157
C:\Users\Sidath Mendis\Desktop\Reasearch\System-implementation\MaCoDeR\datasets\raw\RAVDESS\Audio_Speech_Actors_01-24\Actor_14\03-01-08-01-02-02-14.wav,surprised,269.3938,0.016959002,-332.079,33.87958,-6.270294,1.5885208,-9.164146,-8.127136,-10.11586,-8.4638605,-3.6293523,-6.735925,-5.7730036,-6.4945188,-4.4514546
C:\Users\Sidath Mendis\Desktop\Reasearch\System-implementation\MaCoDeR\datasets\raw\RAVDESS\Audio_Speech_Actors_01-24\Actor_14\03-01-08-02-01-01-14.wav,surprised,270.71918,0.015508983,-329.67334,43.697414,-5.529399,-0.22028829,-10.820277,-7.5303593,-1.9326934,-9.742988,-6.1788087,-3.8691444,-6.102691,-6.593362,-3.4890945
C:\Users\Sidath Mendis\Desktop\Reasearch\System-implementation\MaCoDeR\datasets\raw\RAVDESS\Audio_Speech_Actors_01-24\Actor_14\03-01-08-02-01-02-14.wav,surprised,274.74023,0.01026352,-387.4681,39.51124,-13.904974,-2.0495777,-12.633972,-10.918183,-7.7642775,-13.194433,-4.5080366,-7.0242066,-8.50474,-2.775576,-4.7983255
C:\Users\Sidath Mendis\Desktop\Reasearch\System-implementation\MaCoDeR\datasets\raw\RAVDESS\Audio_Speech_Actors_01-24\Actor_14\03-01-08-02-02-01-14.wav,surprised,275.11597,0.018000891,-320.56995,31.875103,-8.863414,-1.5280626,-11.07221,-10.690823,-9.458922,-12.621957,-4.430781,-7.610452,-6.7234564,-7.0290413,-3.129621
C:\Users\Sidath Mendis\Desktop\Reasearch\System-implementation\MaCoDeR\datasets\raw\RAVDESS\Audio_Speech_Actors_01-24\Actor_14\03-01-08-02-02-02-14.wav,surprised,274.72073,0.007921303,-371.48166,29.079481,-1.4491534,4.431108,-8.182878,-7.8610506,-9.125718,-10.273692,-3.936427,-7.435706,-7.0543704,-6.7585206,-3.6536627
C:\Users\Sidath Mendis\Desktop\Reasearch\System-implementation\MaCoDeR\datasets\raw\RAVDESS\Audio_Speech_Actors_01-24\Actor_15\03-01-01-01-01-01-15.wav,neutral,269.24448,0.005724895,-410.89136,68.812126,-2.3801975,12.385968,10.588829,-2.0869353,1.1574143,-1.7418486,-3.7176042,-1.2529278,-1.4916745,0.43260288,-0.885749
C:\Users\Sidath Mendis\Desktop\Reasearch\System-implementation\MaCoDeR\datasets\raw\RAVDESS\Audio_Speech_Actors_01-24\Actor_15\03-01-01-01-01-02-15.wav,neutral,274.42953,0.004239766,-426.39667,70.66096,0.6037392,16.608322,11.119586,-0.8750485,4.7623644,2.0357559,-1.5078379,0.10179689,0.93287677,2.5171587,0.91218877
C:\Users\Sidath Mendis\Desktop\Reasearch\System-implementation\MaCoDeR\datasets\raw\RAVDESS\Audio_Speech_Actors_01-24\Actor_15\03-01-01-01-02-01-15.wav,neutral,268.62137,0.00994838,-381.5486,74.69771,2.6197832,13.837628,12.7545805,2.0163686,3.3495033,0.9950185,-1.7410696,-0.8053787,0.5493208,3.4982333,1.383063
C:\Users\Sidath Mendis\Desktop\Reasearch\System-implementation\MaCoDeR\datasets\raw\RAVDESS\Audio_Speech_Actors_01-24\Actor_15\03-01-01-01-02-02-15.wav,neutral,275.13113,0.00659915,-401.5739,70.5921,3.0946374,14.495054,11.178092,-0.5936018,4.2678394,-1.5846441,-2.8879132,0.8098528,-0.515725,2.1973498,1.3989214
C:\Users\Sidath Mendis\Desktop\Reasearch\System-implementation\MaCoDeR\datasets\raw\RAVDESS\Audio_Speech_Actors_01-24\Actor_15\03-01-02-01-01-01-15.wav,calm,268.8422,0.004467167,-391.69745,80.17407,5.707239,14.855621,10.630724,0.72457373,1.8686098,2.8272524,0.3182627,-0.45874178,1.7193857,4.330457,-1.4730977
C:\Users\Sidath Mendis\Desktop\Reasearch\System-implementation\MaCoDeR\datasets\raw\RAVDESS\Audio_Speech_Actors_01-24\Actor_15\03-01-02-01-01-02-15.wav,calm,274.77255,0.007139305,-375.42065,71.33314,3.3403308,17.314909,9.239965,1.6423585,2.4020057,-2.289871,0.93503165,-1.4821018,-0.037170213,5.618353,-2.424345
C:\Users\Sidath Mendis\Desktop\Reasearch\System-implementation\MaCoDeR\datasets\raw\RAVDESS\Audio_Speech_Actors_01-24\Actor_15\03-01-02-01-02-01-15.wav,calm,274.1382,0.0069797775,-337.48846,76.341354,-1.8250068,18.783924,8.865779,2.3541048,1.6306602,-3.3782215,-2.4021685,-2.592132,-0.8637375,8.809079,-2.87227
C:\Users\Sidath Mendis\Desktop\Reasearch\System-implementation\MaCoDeR\datasets\raw\RAVDESS\Audio_Speech_Actors_01-24\Actor_15\03-01-02-01-02-02-15.wav,calm,275.5659,0.008248645,-369.32635,70.27079,7.4152446,14.139687,11.335897,1.4448047,2.039539,0.95951617,-2.131322,-2.3524754,-1.1016786,4.7480555,-1.5368025
C:\Users\Sidath Mendis\Desktop\Reasearch\System-implementation\MaCoDeR\datasets\raw\RAVDESS\Audio_Speech_Actors_01-24\Actor_15\03-01-02-02-01-01-15.wav,calm,273.8792,0.0054224627,-394.23923,74.07045,6.0321283,14.809561,9.17935,0.67981267,1.0146259,1.1735663,-0.11392639,-2.0872297,1.5887719,4.2803698,-2.7579606
C:\Users\Sidath Mendis\Desktop\Reasearch\System-implementation\MaCoDeR\datasets\raw\RAVDESS\Audio_Speech_Actors_01-24\Actor_15\03-01-02-02-01-02-15.wav,calm,268.90634,0.005366089,-385.45285,78.29426,7.6156116,17.364252,9.964551,1.4715455,3.1011155,1.9279845,-0.022397472,-0.8266948,1.628018,3.8097885,-1.1293314
C:\Users\Sidath Mendis\Desktop\Reasearch\System-implementation\MaCoDeR\datasets\raw\RAVDESS\Audio_Speech_Actors_01-24\Actor_15\03-01-02-02-02-01-15.wav,calm,268.1316,0.008390902,-359.98578,85.880806,10.1636,19.768852,10.603526,1.2682743,4.511436,-0.43897635,-1.3360548,-3.031448,-1.7986891,3.8554773,-1.5588741
C:\Users\Sidath Mendis\Desktop\Reasearch\System-implementation\MaCoDeR\datasets\raw\RAVDESS\Audio_Speech_Actors_01-24\Actor_15\03-01-02-02-02-02-15.wav,calm,274.91776,0.012153579,-321.2175,72.46147,7.8138294,19.501888,9.385096,5.817988,1.8771659,-1.9553864,1.1002661,0.0904095,-1.1762284,5.423849,-3.9457355
C:\Users\Sidath Mendis\Desktop\Reasearch\System-implementation\MaCoDeR\datasets\raw\RAVDESS\Audio_Speech_Actors_01-24\Actor_15\03-01-03-01-01-01-15.wav,happy,274.07254,0.004951728,-415.63083,70.56146,-9.808885,14.550426,12.024759,-4.4173193,-0.47894573,-0.16279498,-6.4767146,0.71178895,1.5421348,0.8574062,0.19528686
C:\Users\Sidath Mendis\Desktop\Reasearch\System-implementation\MaCoDeR\datasets\raw\RAVDESS\Audio_Speech_Actors_01-24\Actor_15\03-01-03-01-01-02-15.wav,happy,273.9282,0.005901645,-410.36908,69.35263,-5.7543283,14.609997,11.540498,-2.550797,2.942946,0.5335167,-4.510876,1.4123495,0.84875035,3.1543217,0.62155896
C:\Users\Sidath Mendis\Desktop\Reasearch\System-implementation\MaCoDeR\datasets\raw\RAVDESS\Audio_Speech_Actors_01-24\Actor_15\03-01-03-01-02-01-15.wav,happy,269.70953,0.0057124235,-392.0217,71.48731,-7.576395,15.28777,15.322896,0.32739577,-0.6638493,-1.1354187,-2.8339183,-0.6211909,1.3632967,2.374053,-0.14707
C:\Users\Sidath Mendis\Desktop\Reasearch\System-implementation\MaCoDeR\datasets\raw\RAVDESS\Audio_Speech_Actors_01-24\Actor_15\03-01-03-01-02-02-15.wav,happy,273.77652,0.008204521,-389.22824,68.429115,-6.654712,14.0258465,14.606694,-2.3197005,-1.6960683,0.08473186,-5.2639914,-2.028693,-0.31728736,3.2184255,0.11372373
C:\Users\Sidath Mendis\Desktop\Reasearch\System-implementation\MaCoDeR\datasets\raw\RAVDESS\Audio_Speech_Actors_01-24\Actor_15\03-01-03-02-01-01-15.wav,happy,269.52,0.010629829,-382.32462,51.433353,-2.8812003,18.861525,12.020343,1.4250746,4.6525126,5.4159737,-1.2699287,6.2953243,1.9495065,4.9937863,3.7436237
C:\Users\Sidath Mendis\Desktop\Reasearch\System-implementation\MaCoDeR\datasets\raw\RAVDESS\Audio_Speech_Actors_01-24\Actor_15\03-01-03-02-01-02-15.wav,happy,275.22995,0.0051668454,-404.58374,65.000336,-12.824126,16.332031,14.870608,-3.9687812,0.9754306,2.4573698,-6.740988,2.5193722,2.8695662,1.4983087,-0.04954534
C:\Users\Sidath Mendis\Desktop\Reasearch\System-implementation\MaCoDeR\datasets\raw\RAVDESS\Audio_Speech_Actors_01-24\Actor_15\03-01-03-02-02-01-15.wav,happy,274.70105,0.00934783,-351.8665,58.109875,-11.158823,13.737795,12.734794,-5.3674426,-1.2527697,-0.4719468,-7.640394,2.2309716,-0.31898695,1.0588114,-0.40002534
C:\Users\Sidath Mendis\Desktop\Reasearch\System-implementation\MaCoDeR\datasets\raw\RAVDESS\Audio_Speech_Actors_01-24\Actor_15\03-01-03-02-02-02-15.wav,happy,269.91415,0.0053642695,-418.49097,57.313545,-13.672284,16.512545,11.578806,-4.328179,-0.83316815,-0.58900535,-6.022859,2.0493731,2.4913058,2.3980417,-0.8450511
C:\Users\Sidath Mendis\Desktop\Reasearch\System-implementation\MaCoDeR\datasets\raw\RAVDESS\Audio_Speech_Actors_01-24\Actor_15\03-01-04-01-01-01-15.wav,sad,274.39584,0.0065359515,-399.67026,66.79811,-0.85673475,14.971656,12.648224,-3.8625667,3.3471105,-1.3077496,-2.4034886,1.1099718,-1.2804574,0.2625407,-0.6309315
C:\Users\Sidath Mendis\Desktop\Reasearch\System-implementation\MaCoDeR\datasets\raw\RAVDESS\Audio_Speech_Actors_01-24\Actor_15\03-01-04-01-01-02-15.wav,sad,270.4648,0.008020129,-399.75534,69.14726,4.779704,18.414152,17.76513,1.5513715,9.01073,0.4326746,0.081393525,5.753861,2.1520522,7.288802,3.011291
C:\Users\Sidath Mendis\Desktop\Reasearch\System-implementation\MaCoDeR\datasets\raw\RAVDESS\Audio_Speech_Actors_01-24\Actor_15\03-01-04-01-02-01-15.wav,sad,274.5803,0.00721832,-388.47253,63.218082,-0.60894156,15.361639,14.933911,1.1181751,2.5741127,0.62717134,-0.6233077,1.793618,1.4651684,4.1626062,3.2472038
C:\Users\Sidath Mendis\Desktop\Reasearch\System-implementation\MaCoDeR\datasets\raw\RAVDESS\Audio_Speech_Actors_01-24\Actor_15\03-01-04-01-02-02-15.wav,sad,274.2177,0.0076660975,-369.3485,76.78319,0.6729987,16.062235,15.721553,0.5620325,3.7154834,-2.226415,-2.4606657,2.3300161,-0.33523634,-0.72941464,-0.87674564
C:\Users\Sidath Mendis\Desktop\Reasearch\System-implementation\MaCoDeR\datasets\raw\RAVDESS\Audio_Speech_Actors_01-24\Actor_15\03-01-04-02-01-01-15.wav,sad,268.0543,0.01789177,-358.66403,57.719933,-0.5464275,14.221497,12.092503,-0.09220772,2.2139134,0.097624354,-2.2881477,1.9192818,0.036042016,4.603674,2.3115442
C:\Users\Sidath Mendis\Desktop\Reasearch\System-implementation\MaCoDeR\datasets\raw\RAVDESS\Audio_Speech_Actors_01-24\Actor_15\03-01-04-02-01-02-15.wav,sad,269.51505,0.013464499,-361.33698,55.99913,-0.30258557,11.004167,12.391296,1.7195432,1.8693416,0.56958383,-2.220969,3.108044,0.5396056,2.9278617,1.8822501
C:\Users\Sidath Mendis\Desktop\Reasearch\System-implementation\MaCoDeR\datasets\raw\RAVDESS\Audio_Speech_Actors_01-24\Actor_15\03-01-04-02-02-01-15.wav,sad,274.82797,0.004064532,-417.24878,56.642426,-9.496665,12.325308,12.940949,-3.7862158,0.71750504,-2.549255,-5.003165,3.0766623,-3.3814235,-1.5831634,0.19315593
C:\Users\Sidath Mendis\Desktop\Reasearch\System-implementation\MaCoDeR\datasets\raw\RAVDESS\Audio_Speech_Actors_01-24\Actor_15\03-01-04-02-02-02-15.wav,sad,274.4671,0.009820926,-370.45667,66.153946,-3.0210555,16.0724,17.060461,2.7978818,1.972605,0.19324929,-0.43018782,4.8135614,0.24142998,1.6234375,1.6078138
C:\Users\Sidath Mendis\Desktop\Reasearch\System-implementation\MaCoDeR\datasets\raw\RAVDESS\Audio_Speech_Actors_01-24\Actor_15\03-01-05-01-01-01-15.wav,angry,274.4399,0.004690587,-399.88806,55.691093,-5.4909344,12.152188,8.63664,-4.9796214,3.4193616,1.1733804,-5.4738317,1.5584162,-0.45669916,0.94351685,-1.1226748
C:\Users\Sidath Mendis\Desktop\Reasearch\System-implementation\MaCoDeR\datasets\raw\RAVDESS\Audio_Speech_Actors_01-24\Actor_15\03-01-05-01-01-02-15.wav,angry,274.94565,0.0074521974,-387.09094,50.60923,-8.116907,6.4831004,3.9408345,-7.8826904,2.5309875,-0.44860575,-5.355154,1.581994,-3.3965027,0.40002793,0.14515641
C:\Users\Sidath Mendis\Desktop\Reasearch\System-implementation\MaCoDeR\datasets\raw\RAVDESS\Audio_Speech_Actors_01-24\Actor_15\03-01-05-01-02-01-15.wav,angry,269.828,0.007069515,-395.75922,60.76753,-6.090866,11.497112,13.071327,-5.267503,4.27237,1.3015276,-3.5180016,0.42970484,-1.6008011,1.8382012,1.2041771
C:\Users\Sidath Mendis\Desktop\Reasearch\System-implementation\MaCoDeR\datasets\raw\RAVDESS\Audio_Speech_Actors_01-24\Actor_15\03-01-05-01-02-02-15.wav,angry,274.4939,0.0060704546,-411.9678,43.26669,-7.8063493,7.0058193,4.16304,-7.1030354,0.99905455,-0.39176232,-7.949214,3.2250948,-4.440956,0.11978708,0.5839897
C:\Users\Sidath Mendis\Desktop\Reasearch\System-implementation\MaCoDeR\datasets\raw\RAVDESS\Audio_Speech_Actors_01-24\Actor_15\03-01-05-02-01-01-15.wav,angry,268.5185,0.008209706,-390.6945,38.463108,-13.909801,5.7370615,-1.5285867,-6.342876,-0.75153846,-2.1223788,-8.101247,-0.69475085,-4.8274474,-3.1569617,-1.5725914
C:\Users\Sidath Mendis\Desktop\Reasearch\System-implementation\MaCoDeR\datasets\raw\RAVDESS\Audio_Speech_Actors_01-24\Actor_15\03-01-05-02-01-02-15.wav,angry,274.5549,0.006605559,-389.89746,44.87273,-10.503033,4.327963,0.45036748,-9.869686,1.5626016,-2.0476677,-8.703349,-0.105613,-4.688169,-0.4177634,-2.4810658
C:\Users\Sidath Mendis\Desktop\Reasearch\System-implementation\MaCoDeR\datasets\raw\RAVDESS\Audio_Speech_Actors_01-24\Actor_15\03-01-05-02-02-01-15.wav,angry,274.5463,0.0067835315,-389.7472,47.27223,-5.8585186,11.446114,10.908431,-2.8590596,-2.2491615,-0.9394039,-4.4666452,-0.008032869,0.9398739,1.9901866,1.4438854
C:\Users\Sidath Mendis\Desktop\Reasearch\System-implementation\MaCoDeR\datasets\raw\RAVDESS\Audio_Speech_Actors_01-24\Actor_15\03-01-05-02-02-02-15.wav,angry,269.59988,0.003310945,-417.4855,34.41273,-9.383769,6.255502,2.1840916,-8.792048,-0.71423334,-3.5317616,-7.701311,-2.2335548,-5.171212,-0.13299759,-2.4642217
C:\Users\Sidath Mendis\Desktop\Reasearch\System-implementation\MaCoDeR\datasets\raw\RAVDESS\Audio_Speech_Actors_01-24\Actor_15\03-01-06-01-01-01-15.wav,fearful,275.03198,0.018979475,-341.41675,57.95337,6.4402947,13.98912,17.107904,4.7332954,4.660355,-0.1363952,0.7611373,4.678545,2.2400687,5.7659545,3.271123
C:\Users\Sidath Mendis\Desktop\Reasearch\System-implementation\MaCoDeR\datasets\raw\RAVDESS\Audio_Speech_Actors_01-24\Actor_15\03-01-06-01-01-02-15.wav,fearful,273.81436,0.007470572,-377.3391,58.889725,3.3812318,12.985546,13.762988,1.620347,-2.5734692,-6.819628,1.9337722,6.7993865,0.7476762,3.4849102,4.10856
C:\Users\Sidath Mendis\Desktop\Reasearch\System-implementation\MaCoDeR\datasets\raw\RAVDESS\Audio_Speech_Actors_01-24\Actor_15\03-01-06-01-02-01-15.wav,fearful,275.27194,0.01057828,-362.41306,54.726223,9.341669,13.099392,13.833872,5.510183,0.5181281,-3.494084,1.8396176,5.872719,0.44039604,1.7601429,3.6641486
C:\Users\Sidath Mendis\Desktop\Reasearch\System-implementation\MaCoDeR\datasets\raw\RAVDESS\Audio_Speech_Actors_01-24\Actor_15\03-01-06-01-02-02-15.wav,fearful,270.0526,0.006498185,-333.5228,51.170753,-4.653999,10.494532,6.552141,-2.5715272,-9.227835,-12.637937,-7.059047,0.96703345,-4.60635,-4.559449,-3.5633173
C:\Users\Sidath Mendis\Desktop\Reasearch\System-implementation\MaCoDeR\datasets\raw\RAVDESS\Audio_Speech_Actors_01-24\Actor_15\03-01-06-02-01-01-15.wav,fearful,274.64243,0.008635848,-387.58612,48.68148,-1.8026098,14.247169,11.238348,-1.6522603,1.797654,1.3586692,-3.799035,2.9467566,-0.8479381,0.73674995,3.1558259
C:\Users\Sidath Mendis\Desktop\Reasearch\System-implementation\MaCoDeR\datasets\raw\RAVDESS\Audio_Speech_Actors_01-24\Actor_15\03-01-06-02-01-02-15.wav,fearful,275.7196,0.013023073,-350.40176,36.725822,-5.194995,13.161671,7.284009,-2.8547153,-3.3847075,-1.2118748,-5.9240804,1.754599,-2.7802591,0.33731532,-0.3108311
C:\Users\Sidath Mendis\Desktop\Reasearch\System-implementation\MaCoDeR\datasets\raw\RAVDESS\Audio_Speech_Actors_01-24\Actor_15\03-01-06-02-02-01-15.wav,fearful,269.15012,0.005900778,-384.5123,47.49164,-2.505386,14.664853,13.408643,-3.0618227,-0.39792475,-1.0414943,-3.4360778,3.4573965,-2.1078243,0.74437493,2.7692635
C:\Users\Sidath Mendis\Desktop\Reasearch\System-implementation\MaCoDeR\datasets\raw\RAVDESS\Audio_Speech_Actors_01-24\Actor_15\03-01-06-02-02-02-15.wav,fearful,274.02505,0.0102232285,-376.36084,41.871964,-9.969697,7.741269,9.069705,-5.0960045,-1.7143162,-4.9934397,-7.83128,3.1776674,-3.195292,0.433828,1.4328761
C:\Users\Sidath Mendis\Desktop\Reasearch\System-implementation\MaCoDeR\datasets\raw\RAVDESS\Audio_Speech_Actors_01-24\Actor_15\03-01-07-01-01-01-15.wav,disgust,269.09216,0.0102639245,-328.81705,70.69665,-4.6371064,10.978469,12.964104,-3.1768684,-6.0273566,-7.1763387,-6.3519406,1.0366625,-4.8979864,-3.0247383,1.2061448
C:\Users\Sidath Mendis\Desktop\Reasearch\System-implementation\MaCoDeR\datasets\raw\RAVDESS\Audio_Speech_Actors_01-24\Actor_15\03-01-07-01-01-02-15.wav,disgust,275.1812,0.0045048124,-369.26553,78.72183,-17.86005,11.297237,10.862457,-2.259654,-1.4429367,-5.760483,-3.6561668,3.7147865,1.1221364,-0.37897423,-1.5498691
C:\Users\Sidath Mendis\Desktop\Reasearch\System-implementation\MaCoDeR\datasets\raw\RAVDESS\Audio_Speech_Actors_01-24\Actor_15\03-01-07-01-02-01-15.wav,disgust,274.2463,0.0098658735,-347.1349,77.60828,-6.5460167,11.106369,15.1124935,1.3702302,-5.8575416,-12.227056,-2.4697163,6.063547,2.1000185,-1.8494838,-0.8227449
C:\Users\Sidath Mendis\Desktop\Reasearch\System-implementation\MaCoDeR\datasets\raw\RAVDESS\Audio_Speech_Actors_01-24\Actor_15\03-01-07-01-02-02-15.wav,disgust,269.1495,0.008440338,-354.13586,65.115974,-2.5156724,10.579401,13.258026,-1.2450554,-1.9456998,-4.436502,-6.648712,1.5103875,-3.106131,-1.2994647,-1.3831897
C:\Users\Sidath Mendis\Desktop\Reasearch\System-implementation\MaCoDeR\datasets\raw\RAVDESS\Audio_Speech_Actors_01-24\Actor_15\03-01-07-02-01-01-15.wav,disgust,275.283,0.009260728,-349.44992,57.50294,-9.18528,13.241406,10.439776,-1.9357058,-0.27635986,-2.7428603,-3.823606,1.8013449,-1.4720795,2.893879,-0.40994054
C:\Users\Sidath Mendis\Desktop\Reasearch\System-implementation\MaCoDeR\datasets\raw\RAVDESS\Audio_Speech_Actors_01-24\Actor_15\03-01-07-02-01-02-15.wav,disgust,274.1343,0.009181084,-336.86398,84.27423,-2.8693717,13.948639,14.324968,0.707878,0.43627772,-4.8423204,-3.8108647,4.507469,4.4687862,4.2572527,2.7612722
C:\Users\Sidath Mendis\Desktop\Reasearch\System-implementation\MaCoDeR\datasets\raw\RAVDESS\Audio_Speech_Actors_01-24\Actor_15\03-01-07-02-02-01-15.wav,disgust,275.02414,0.010526981,-354.25058,66.32019,-8.267578,8.480598,12.498979,-1.2463086,-0.31740618,-5.6616554,-1.659424,1.8693233,-0.28794315,3.427723,2.5637505
C:\Users\Sidath Mendis\Desktop\Reasearch\System-implementation\MaCoDeR\datasets\raw\RAVDESS\Audio_Speech_Actors_01-24\Actor_15\03-01-07-02-02-02-15.wav,disgust,269.80927,0.0046755928,-392.15598,57.810905,-1.7397964,9.140097,14.149573,-1.2430072,-0.90281993,-6.2183375,-1.2971461,3.2800329,-3.4683683,1.7025378,0.03337896
C:\Users\Sidath Mendis\Desktop\Reasearch\System-implementation\MaCoDeR\datasets\raw\RAVDESS\Audio_Speech_Actors_01-24\Actor_15\03-01-08-01-01-01-15.wav,surprised,269.19977,0.0059203575,-385.19498,81.56443,-9.5835285,15.471947,14.754298,-2.664017,1.4251715,-0.99911976,-3.5527842,2.266938,0.9979578,2.406766,-0.80781853
C:\Users\Sidath Mendis\Desktop\Reasearch\System-implementation\MaCoDeR\datasets\raw\RAVDESS\Audio_Speech_Actors_01-24\Actor_15\03-01-08-01-01-02-15.wav,surprised,268.89304,0.0046212613,-408.32822,62.39757,-5.0497017,12.026016,9.4812155,-0.97112423,2.993782,-1.8711671,-3.870258,2.273024,0.24004973,-0.9506794,-2.4837284
C:\Users\Sidath Mendis\Desktop\Reasearch\System-implementation\MaCoDeR\datasets\raw\RAVDESS\Audio_Speech_Actors_01-24\Actor_15\03-01-08-01-02-01-15.wav,surprised,275.16617,0.008689742,-364.72623,67.02873,-7.842407,11.513243,12.075016,-2.590485,-0.3958773,-2.2607274,-6.3579063,2.3307357,1.6245449,1.17179,-2.6113067
C:\Users\Sidath Mendis\Desktop\Reasearch\System-implementation\MaCoDeR\datasets\raw\RAVDESS\Audio_Speech_Actors_01-24\Actor_15\03-01-08-01-02-02-15.wav,surprised,274.81357,0.009020185,-390.65433,72.72974,2.5355432,14.078127,11.348113,1.0028504,0.87246066,-5.3861313,-4.9631853,2.8059893,-1.5060755,0.4257416,0.782427
C:\Users\Sidath Mendis\Desktop\Reasearch\System-implementation\MaCoDeR\datasets\raw\RAVDESS\Audio_Speech_Actors_01-24\Actor_15\03-01-08-02-01-01-15.wav,surprised,272.05478,0.0058212983,-419.7501,53.445927,-1.1561049,13.92801,11.032739,-0.44185147,2.5826066,-0.019647624,-3.4057992,3.9297357,1.4529215,0.61030304,1.9005784
C:\Users\Sidath Mendis\Desktop\Reasearch\System-implementation\MaCoDeR\datasets\raw\RAVDESS\Audio_Speech_Actors_01-24\Actor_15\03-01-08-02-01-02-15.wav,surprised,274.65518,0.0060859527,-400.022,61.977825,-4.881946,18.496075,15.71916,-2.425516,3.2536454,1.4301734,-2.7825954,5.560219,3.0913367,1.0774701,1.2328827
C:\Users\Sidath Mendis\Desktop\Reasearch\System-implementation\MaCoDeR\datasets\raw\RAVDESS\Audio_Speech_Actors_01-24\Actor_15\03-01-08-02-02-01-15.wav,surprised,275.55862,0.0063594007,-415.22552,73.39244,0.27188066,19.017933,16.638573,1.9781096,3.1995032,-1.8943825,-3.669809,2.1336613,1.2332189,2.1700103,2.2912395
C:\Users\Sidath Mendis\Desktop\Reasearch\System-implementation\MaCoDeR\datasets\raw\RAVDESS\Audio_Speech_Actors_01-24\Actor_15\03-01-08-02-02-02-15.wav,surprised,274.60712,0.007353155,-378.10367,65.542305,-3.744733,16.868868,15.535526,-2.4438338,-1.5438997,-2.9725468,-6.7472253,0.517151,-2.0813856,0.38798422,0.047486305
C:\Users\Sidath Mendis\Desktop\Reasearch\System-implementation\MaCoDeR\datasets\raw\RAVDESS\Audio_Speech_Actors_01-24\Actor_16\03-01-01-01-01-01-16.wav,neutral,269.18015,0.011508186,-355.5457,57.8662,5.734875,9.329721,-0.9674273,-7.8006964,-8.77926,-5.98538,-6.48368,-2.2852418,-8.638398,-2.7096887,-3.387888
C:\Users\Sidath Mendis\Desktop\Reasearch\System-implementation\MaCoDeR\datasets\raw\RAVDESS\Audio_Speech_Actors_01-24\Actor_16\03-01-01-01-01-02-16.wav,neutral,268.9966,0.00914536,-383.06528,57.96258,5.1220026,10.897898,-0.5423205,-8.684329,-8.73612,-5.581696,-5.0471544,-2.061936,-7.9509983,-3.0372448,-2.898949
C:\Users\Sidath Mendis\Desktop\Reasearch\System-implementation\MaCoDeR\datasets\raw\RAVDESS\Audio_Speech_Actors_01-24\Actor_16\03-01-01-01-02-01-16.wav,neutral,274.53723,0.014698137,-361.61368,51.870766,3.5300567,8.55316,0.4560003,-10.85519,-14.566895,-6.721715,-6.1690764,0.050389316,-8.522209,-2.5277305,-3.2238355
C:\Users\Sidath Mendis\Desktop\Reasearch\System-implementation\MaCoDeR\datasets\raw\RAVDESS\Audio_Speech_Actors_01-24\Actor_16\03-01-01-01-02-02-16.wav,neutral,274.06635,0.011236972,-372.91827,44.557125,5.0518694,8.732716,-0.10077082,-9.577708,-11.637054,-7.4877915,-4.772523,-4.031633,-6.136099,-1.5183892,-5.4918466
C:\Users\Sidath Mendis\Desktop\Reasearch\System-implementation\MaCoDeR\datasets\raw\RAVDESS\Audio_Speech_Actors_01-24\Actor_16\03-01-02-01-01-01-16.wav,calm,269.0984,0.014274209,-367.63794,56.11497,3.5201073,7.9420824,-0.56135195,-6.537877,-11.419772,-4.6027236,-2.7320035,-2.9082026,-8.730412,-3.495977,-2.9913971
C:\Users\Sidath Mendis\Desktop\Reasearch\System-implementation\MaCoDeR\datasets\raw\RAVDESS\Audio_Speech_Actors_01-24\Actor_16\03-01-02-01-01-02-16.wav,calm,274.3477,0.012644785,-347.53415,54.74884,6.4118347,10.872153,1.8888035,-11.219581,-9.373803,-3.8131506,-4.752809,-4.3144574,-8.844447,-2.6878443,-3.1262817
C:\Users\Sidath Mendis\Desktop\Reasearch\System-implementation\MaCoDeR\datasets\raw\RAVDESS\Audio_Speech_Actors_01-24\Actor_16\03-01-02-01-02-01-16.wav,calm,274.7894,0.010863494,-374.77036,44.037388,9.045461,9.658763,1.004217,-10.988052,-12.244318,-6.4544363,-6.637609,-3.073921,-9.954462,-2.4193661,-2.2213202
C:\Users\Sidath Mendis\Desktop\Reasearch\System-implementation\MaCoDeR\datasets\raw\RAVDESS\Audio_Speech_Actors_01-24\Actor_16\03-01-02-01-02-02-16.wav,calm,274.07266,0.0073963935,-390.61398,43.11368,6.5689797,10.414297,0.50962245,-8.569465,-11.917223,-7.6450596,-3.5829468,-2.9578435,-8.662953,-3.3473554,-3.0805087
C:\Users\Sidath Mendis\Desktop\Reasearch\System-implementation\MaCoDeR\datasets\raw\RAVDESS\Audio_Speech_Actors_01-24\Actor_16\03-01-02-02-01-01-16.wav,calm,274.5143,0.005953631,-383.06076,49.533916,1.0609246,6.8442564,-2.4073846,-7.660029,-11.154952,-5.870489,-2.746335,-3.7459867,-8.296104,-3.5009546,-3.455041
C:\Users\Sidath Mendis\Desktop\Reasearch\System-implementation\MaCoDeR\datasets\raw\RAVDESS\Audio_Speech_Actors_01-24\Actor_16\03-01-02-02-01-02-16.wav,calm,274.87915,0.012418225,-361.7789,56.18074,0.120819025,9.908937,4.6461716,-8.429941,-9.373005,-6.3882885,-3.334706,-1.2592001,-10.845058,-5.450549,-1.4697733
C:\Users\Sidath Mendis\Desktop\Reasearch\System-implementation\MaCoDeR\datasets\raw\RAVDESS\Audio_Speech_Actors_01-24\Actor_16\03-01-02-02-02-01-16.wav,calm,273.99362,0.012915439,-361.07202,47.20545,5.685897,6.5903873,-1.145274,-10.666014,-13.595358,-5.950007,-6.684455,-1.0229372,-10.631812,-4.8455358,-1.3466136
C:\Users\Sidath Mendis\Desktop\Reasearch\System-implementation\MaCoDeR\datasets\raw\RAVDESS\Audio_Speech_Actors_01-24\Actor_16\03-01-02-02-02-02-16.wav,calm,275.35056,0.013713631,-352.83536,49.419113,5.439912,4.762836,0.93730533,-10.755995,-14.896099,-5.365634,-7.375365,-1.9508665,-8.704805,-2.9572139,-1.8624346
C:\Users\Sidath Mendis\Desktop\Reasearch\System-implementation\MaCoDeR\datasets\raw\RAVDESS\Audio_Speech_Actors_01-24\Actor_16\03-01-03-01-01-01-16.wav,happy,275.4056,0.0080483155,-393.2206,41.242146,-12.0906315,7.786869,-2.8705192,-8.808646,-10.195847,-9.718951,-5.995808,-0.20398176,-10.322725,-3.7256362,-0.6003001
C:\Users\Sidath Mendis\Desktop\Reasearch\System-implementation\MaCoDeR\datasets\raw\RAVDESS\Audio_Speech_Actors_01-24\Actor_16\03-01-03-01-01-02-16.wav,happy,274.4082,0.012564163,-362.75458,40.16785,-7.3726354,10.3219595,-1.6827239,-6.3863525,-9.667098,-6.645212,-2.849654,-0.61040634,-8.759114,-2.775532,-0.281172
C:\Users\Sidath Mendis\Desktop\Reasearch\System-implementation\MaCoDeR\datasets\raw\RAVDESS\Audio_Speech_Actors_01-24\Actor_16\03-01-03-01-02-01-16.wav,happy,274.4338,0.009361552,-371.86087,41.741753,-4.757807,7.500828,0.1680152,-9.43859,-12.131509,-8.491422,-6.2122817,-1.9174926,-9.006648,-5.0211,-1.9835876
C:\Users\Sidath Mendis\Desktop\Reasearch\System-implementation\MaCoDeR\datasets\raw\RAVDESS\Audio_Speech_Actors_01-24\Actor_16\03-01-03-01-02-02-16.wav,happy,269.52264,0.00767862,-389.6291,37.81317,-8.328321,6.2251425,-1.0587986,-9.504315,-11.9310665,-10.289873,-7.953247,0.926797,-8.28619,-5.801536,-2.4152927
C:\Users\Sidath Mendis\Desktop\Reasearch\System-implementation\MaCoDeR\datasets\raw\RAVDESS\Audio_Speech_Actors_01-24\Actor_16\03-01-03-02-01-01-16.wav,happy,274.66864,0.01368209,-360.91748,38.058853,-14.106685,4.7265024,-3.861257,-8.480325,-11.076237,-11.166877,-7.087175,0.6905158,-9.9376135,-5.417131,-1.9162588
C:\Users\Sidath Mendis\Desktop\Reasearch\System-implementation\MaCoDeR\datasets\raw\RAVDESS\Audio_Speech_Actors_01-24\Actor_16\03-01-03-02-01-02-16.wav,happy,274.43784,0.008253178,-363.2328,31.443106,-16.395184,6.697245,-4.2690516,-12.48555,-8.794032,-7.380772,-6.656949,1.2342851,-9.491821,-4.165259,-0.04506416
C:\Users\Sidath Mendis\Desktop\Reasearch\System-implementation\MaCoDeR\datasets\raw\RAVDESS\Audio_Speech_Actors_01-24\Actor_16\03-01-03-02-02-01-16.wav,happy,275.31595,0.01232005,-362.89215,29.789667,-9.49582,5.7967973,-5.9744425,-14.387769,-14.708279,-10.981912,-8.302332,-1.7950728,-12.477537,-5.797523,-4.2266994
C:\Users\Sidath Mendis\Desktop\Reasearch\System-implementation\MaCoDeR\datasets\raw\RAVDESS\Audio_Speech_Actors_01-24\Actor_16\03-01-03-02-02-02-16.wav,happy,274.2713,0.008766736,-374.84085,36.177265,-9.514291,5.0538754,-3.236758,-11.967566,-10.899472,-9.773921,-6.8099036,1.9978203,-8.246627,-5.596961,-0.6143783
C:\Users\Sidath Mendis\Desktop\Reasearch\System-implementation\MaCoDeR\datasets\raw\RAVDESS\Audio_Speech_Actors_01-24\Actor_16\03-01-04-01-01-01-16.wav,sad,274.68036,0.009256415,-391.9284,44.611713,0.18129413,11.717804,-3.714227,-4.8686357,-11.4453,-8.688589,-2.2597804,-4.1329827,-8.029988,-3.3266416,-0.55916107
C:\Users\Sidath Mendis\Desktop\Reasearch\System-implementation\MaCoDeR\datasets\raw\RAVDESS\Audio_Speech_Actors_01-24\Actor_16\03-01-04-01-01-02-16.wav,sad,275.1251,0.011385381,-362.9994,59.642815,3.0316904,10.734397,-3.25864,-9.224375,-13.292101,-9.636473,-4.839901,-2.574258,-9.710682,-4.040154,0.121355504
C:\Users\Sidath Mendis\Desktop\Reasearch\System-implementation\MaCoDeR\datasets\raw\RAVDESS\Audio_Speech_Actors_01-24\Actor_16\03-01-04-01-02-01-16.wav,sad,274.9517,0.017170243,-370.54324,46.73929,3.1917162,9.208812,2.0486124,-5.5801735,-12.6431,-8.986443,-4.6839056,-0.89013225,-9.575982,-4.8910933,-1.2415998
C:\Users\Sidath Mendis\Desktop\Reasearch\System-implementation\MaCoDeR\datasets\raw\RAVDESS\Audio_Speech_Actors_01-24\Actor_16\03-01-04-01-02-02-16.wav,sad,274.55698,0.016007448,-364.86002,46.101902,5.398836,11.138908,0.9486575,-6.5416007,-14.709661,-7.681993,-5.7887893,-2.589361,-10.087153,-4.6206007,-2.875097
C:\Users\Sidath Mendis\Desktop\Reasearch\System-implementation\MaCoDeR\datasets\raw\RAVDESS\Audio_Speech_Actors_01-24\Actor_16\03-01-04-02-01-01-16.wav,sad,274.79337,0.008769837,-356.02032,55.01986,-13.821913,11.335617,-0.43844694,-11.673826,-19.71942,-17.082836,-6.0964303,-0.500868,-13.301464,-3.5479228,3.007466
C:\Users\Sidath Mendis\Desktop\Reasearch\System-implementation\MaCoDeR\datasets\raw\RAVDESS\Audio_Speech_Actors_01-24\Actor_16\03-01-04-02-01-02-16.wav,sad,275.07935,0.01123546,-349.72302,49.866978,-6.909384,8.6399555,-0.9244975,-7.4502487,-15.982488,-11.821675,-6.3137913,2.508079,-12.2134695,-6.009837,3.3427715
C:\Users\Sidath Mendis\Desktop\Reasearch\System-implementation\MaCoDeR\datasets\raw\RAVDESS\Audio_Speech_Actors_01-24\Actor_16\03-01-04-02-02-01-16.wav,sad,269.07452,0.007231112,-400.39017,49.779064,-0.06429122,7.7967396,-1.5724231,-13.899131,-17.891651,-13.158684,-10.357682,-2.231079,-12.010121,-6.93072,-0.56456923
C:\Users\Sidath Mendis\Desktop\Reasearch\System-implementation\MaCoDeR\datasets\raw\RAVDESS\Audio_Speech_Actors_01-24\Actor_16\03-01-04-02-02-02-16.wav,sad,268.8496,0.015597463,-340.371,51.960415,-8.388942,7.897839,-0.44239628,-13.809476,-22.989067,-11.996374,-3.949682,-1.8608874,-13.484979,-5.7325706,2.2063339
C:\Users\Sidath Mendis\Desktop\Reasearch\System-implementation\MaCoDeR\datasets\raw\RAVDESS\Audio_Speech_Actors_01-24\Actor_16\03-01-05-01-01-01-16.wav,angry,268.99426,0.011891542,-353.43613,39.63817,-3.9544837,8.232257,-6.10125,-7.1788516,-5.8920608,-9.803115,-7.196022,2.0154603,-7.043432,-2.503003,-0.74394435
C:\Users\Sidath Mendis\Desktop\Reasearch\System-implementation\MaCoDeR\datasets\raw\RAVDESS\Audio_Speech_Actors_01-24\Actor_16\03-01-05-01-01-02-16.wav,angry,274.67258,0.00790522,-367.8192,37.301254,-4.6303473,4.902926,-6.0441484,-8.455348,-4.1947746,-8.831252,-11.480978,1.75933,-7.805763,-5.069661,0.15935522
C:\Users\Sidath Mendis\Desktop\Reasearch\System-implementation\MaCoDeR\datasets\raw\RAVDESS\Audio_Speech_Actors_01-24\Actor_16\03-01-05-01-02-01-16.wav,angry,274.71075,0.004811853,-420.68427,33.782993,-3.803622,3.0919862,-9.681706,-6.0237374,-8.644806,-11.424565,-11.615021,-1.28925,-7.245757,-5.946874,-3.1478202
C:\Users\Sidath Mendis\Desktop\Reasearch\System-implementation\MaCoDeR\datasets\raw\RAVDESS\Audio_Speech_Actors_01-24\Actor_16\03-01-05-01-02-02-16.wav,angry,275.88727,0.007846529,-391.0344,35.110733,-4.0375004,8.741478,-5.4947987,-8.112448,-7.9099684,-11.858703,-10.675445,0.51439583,-8.358421,-5.986036,-0.44622952
C:\Users\Sidath Mendis\Desktop\Reasearch\System-implementation\MaCoDeR\datasets\raw\RAVDESS\Audio_Speech_Actors_01-24\Actor_16\03-01-05-02-01-01-16.wav,angry,273.98953,0.009171669,-367.8148,33.383163,-8.692478,4.5283694,-10.455301,-11.298502,-4.2320585,-10.755426,-9.554723,1.8070228,-9.219636,-3.2875636,-0.8836386
C:\Users\Sidath Mendis\Desktop\Reasearch\System-implementation\MaCoDeR\datasets\raw\RAVDESS\Audio_Speech_Actors_01-24\Actor_16\03-01-05-02-01-02-16.wav,angry,274.84607,0.005630777,-425.10452,28.141972,-18.408752,2.3424203,-10.613114,-12.770655,-4.541979,-13.798555,-12.1343565,3.6467104,-8.831522,-4.770384,-1.5623288
C:\Users\Sidath Mendis\Desktop\Reasearch\System-implementation\MaCoDeR\datasets\raw\RAVDESS\Audio_Speech_Actors_01-24\Actor_16\03-01-05-02-02-01-16.wav,angry,274.34103,0.006901204,-417.59842,22.032663,-14.91726,2.2537577,-8.417856,-13.33416,-1.1918676,-15.193333,-12.142307,4.188898,-10.586128,-4.800987,-4.3694415
C:\Users\Sidath Mendis\Desktop\Reasearch\System-implementation\MaCoDeR\datasets\raw\RAVDESS\Audio_Speech_Actors_01-24\Actor_16\03-01-05-02-02-02-16.wav,angry,274.1295,0.0091295745,-384.92285,25.886147,-11.649362,2.1753504,-8.994988,-12.142755,-2.6324356,-12.373638,-11.14048,4.907448,-9.6001005,-2.9852679,-1.2572454
C:\Users\Sidath Mendis\Desktop\Reasearch\System-implementation\MaCoDeR\datasets\raw\RAVDESS\Audio_Speech_Actors_01-24\Actor_16\03-01-06-01-01-01-16.wav,fearful,274.7582,0.008066982,-394.3703,44.544693,-9.090086,7.4588456,-3.0508513,-9.040844,-10.195011,-12.724416,-8.738255,0.804376,-11.7098055,-9.104034,4.2537336
C:\Users\Sidath Mendis\Desktop\Reasearch\System-implementation\MaCoDeR\datasets\raw\RAVDESS\Audio_Speech_Actors_01-24\Actor_16\03-01-06-01-01-02-16.wav,fearful,275.7329,0.0077950037,-397.70938,40.908195,-2.3405588,9.386068,-2.1950836,-3.4086938,-8.7898855,-11.312394,-6.024706,0.5709297,-8.627118,-7.1661525,2.5891092
C:\Users\Sidath Mendis\Desktop\Reasearch\System-implementation\MaCoDeR\datasets\raw\RAVDESS\Audio_Speech_Actors_01-24\Actor_16\03-01-06-01-02-01-16.wav,fearful,273.89124,0.006017408,-393.20358,38.39966,-1.5146129,9.677088,-0.6118454,-8.201898,-13.624723,-10.661943,-4.016349,0.1413581,-9.998659,-4.0719843,1.8361646
C:\Users\Sidath Mendis\Desktop\Reasearch\System-implementation\MaCoDeR\datasets\raw\RAVDESS\Audio_Speech_Actors_01-24\Actor_16\03-01-06-01-02-02-16.wav,fearful,273.58984,0.015773285,-342.87222,37.23245,-5.9668612,4.732355,-2.0085783,-9.404681,-14.451254,-14.265599,-8.414461,0.75879985,-12.590663,-7.83936,1.532471
C:\Users\Sidath Mendis\Desktop\Reasearch\System-implementation\MaCoDeR\datasets\raw\RAVDESS\Audio_Speech_Actors_01-24\Actor_16\03-01-06-02-01-01-16.wav,fearful,269.4252,0.0077096974,-356.80527,25.980309,-26.40676,1.7620194,-10.926497,-14.45491,-14.665294,-15.438831,-10.513912,-0.9156025,-15.93666,-8.764137,6.4649
C:\Users\Sidath Mendis\Desktop\Reasearch\System-implementation\MaCoDeR\datasets\raw\RAVDESS\Audio_Speech_Actors_01-24\Actor_16\03-01-06-02-01-02-16.wav,fearful,275.39713,0.014462269,-345.43823,18.890253,-27.031872,0.8723719,-9.4669075,-16.579594,-13.888437,-13.248324,-9.088617,-0.59835047,-14.07407,-2.609268,9.437299
C:\Users\Sidath Mendis\Desktop\Reasearch\System-implementation\MaCoDeR\datasets\raw\RAVDESS\Audio_Speech_Actors_01-24\Actor_16\03-01-06-02-02-01-16.wav,fearful,274.3563,0.013861774,-340.92984,18.201899,-28.710587,-0.29559052,-9.608508,-18.010765,-12.938778,-17.653664,-13.400569,2.0590339,-16.326479,-6.7968135,6.9219866
C:\Users\Sidath Mendis\Desktop\Reasearch\System-implementation\MaCoDeR\datasets\raw\RAVDESS\Audio_Speech_Actors_01-24\Actor_16\03-01-06-02-02-02-16.wav,fearful,274.05972,0.009152058,-369.9423,23.687204,-25.90845,-1.5821142,-8.451981,-16.968536,-13.645366,-16.698744,-10.5707445,2.219617,-13.93841,-5.652062,7.5476565
C:\Users\Sidath Mendis\Desktop\Reasearch\System-implementation\MaCoDeR\datasets\raw\RAVDESS\Audio_Speech_Actors_01-24\Actor_16\03-01-07-01-01-01-16.wav,disgust,274.58127,0.012486846,-354.98087,50.351124,-0.103464395,9.324964,-5.052659,-1.2022096,-9.441998,-10.114929,-6.7675557,0.78772414,-6.393938,-5.310206,1.6811861
C:\Users\Sidath Mendis\Desktop\Reasearch\System-implementation\MaCoDeR\datasets\raw\RAVDESS\Audio_Speech_Actors_01-24\Actor_16\03-01-07-01-01-02-16.wav,disgust,273.925,0.008130366,-371.18826,54.71701,-1.7419746,6.1326056,-6.523241,-1.7850982,-10.140294,-12.728808,-5.0351696,0.8588692,-8.006942,-5.7480354,-0.087847315
C:\Users\Sidath Mendis\Desktop\Reasearch\System-implementation\MaCoDeR\datasets\raw\RAVDESS\Audio_Speech_Actors_01-24\Actor_16\03-01-07-01-02-01-16.wav,disgust,270.33536,0.011012053,-375.5171,44.11979,0.4485568,9.450166,-4.9769306,-10.867088,-12.835263,-6.066405,-6.245358,-6.1379476,-5.955895,-4.545087,-4.43845
C:\Users\Sidath Mendis\Desktop\Reasearch\System-implementation\MaCoDeR\datasets\raw\RAVDESS\Audio_Speech_Actors_01-24\Actor_16\03-01-07-01-02-02-16.wav,disgust,273.96802,0.011993753,-364.02213,48.059227,1.9473697,7.9273944,-0.3281496,-6.6997848,-10.76759,-7.6190877,-5.699138,-1.0516714,-7.4607186,-3.2299473,-1.8900539
C:\Users\Sidath Mendis\Desktop\Reasearch\System-implementation\MaCoDeR\datasets\raw\RAVDESS\Audio_Speech_Actors_01-24\Actor_16\03-01-07-02-01-01-16.wav,disgust,274.3381,0.011635047,-331.37802,51.13715,2.057461,8.324607,-4.867676,-7.3198786,-12.829046,-13.708765,-6.166743,2.439929,-9.691351,-6.8579392,-1.0409594
C:\Users\Sidath Mendis\Desktop\Reasearch\System-implementation\MaCoDeR\datasets\raw\RAVDESS\Audio_Speech_Actors_01-24\Actor_16\03-01-07-02-01-02-16.wav,disgust,275.55576,0.0055307816,-370.66858,48.268368,-0.8731788,9.672165,-6.2310143,-6.1570506,-8.001659,-12.456643,-7.3148494,3.7370646,-7.345494,-6.1213784,1.0840101
C:\Users\Sidath Mendis\Desktop\Reasearch\System-implementation\MaCoDeR\datasets\raw\RAVDESS\Audio_Speech_Actors_01-24\Actor_16\03-01-07-02-02-01-16.wav,disgust,268.82773,0.015215051,-355.05234,47.702213,8.315763,9.39464,-1.6831179,-8.626709,-12.220373,-11.266495,-10.968114,2.8155622,-12.174966,-5.560739,-1.4223807
C:\Users\Sidath Mendis\Desktop\Reasearch\System-implementation\MaCoDeR\datasets\raw\RAVDESS\Audio_Speech_Actors_01-24\Actor_16\03-01-07-02-02-02-16.wav,disgust,269.72125,0.012743243,-354.6779,37.61478,0.05249083,5.210281,-3.789593,-12.356822,-10.20872,-8.127318,-8.822582,-0.57419497,-9.370645,-4.453286,-2.073653
C:\Users\Sidath Mendis\Desktop\Reasearch\System-implementation\MaCoDeR\datasets\raw\RAVDESS\Audio_Speech_Actors_01-24\Actor_16\03-01-08-01-01-01-16.wav,surprised,275.4059,0.012386277,-374.62485,45.777775,-8.518453,4.7896547,-5.644507,-10.512263,-12.236603,-8.404195,-3.294969,-3.0053694,-10.023214,-1.8259976,-5.563402
C:\Users\Sidath Mendis\Desktop\Reasearch\System-implementation\MaCoDeR\datasets\raw\RAVDESS\Audio_Speech_Actors_01-24\Actor_16\03-01-08-01-01-02-16.wav,surprised,268.663,0.012777798,-369.66376,41.12686,-6.468554,2.2192507,-10.326286,-12.41428,-13.351357,-6.131392,-6.956504,-6.4207544,-5.919492,-5.436769,-7.507436
C:\Users\Sidath Mendis\Desktop\Reasearch\System-implementation\MaCoDeR\datasets\raw\RAVDESS\Audio_Speech_Actors_01-24\Actor_16\03-01-08-01-02-01-16.wav,surprised,275.10623,0.010922363,-399.15344,40.385456,-6.5142984,3.8695405,-6.550284,-10.057132,-12.808717,-11.570229,-5.1276903,-3.6055384,-10.346638,-2.3639705,-5.61611
C:\Users\Sidath Mendis\Desktop\Reasearch\System-implementation\MaCoDeR\datasets\raw\RAVDESS\Audio_Speech_Actors_01-24\Actor_16\03-01-08-01-02-02-16.wav,surprised,275.21826,0.023037517,-356.06558,34.28267,-6.8140388,2.452865,-9.102087,-14.345845,-14.975832,-4.9842978,-8.458524,-7.266215,-8.106401,-6.1714664,-7.114113
C:\Users\Sidath Mendis\Desktop\Reasearch\System-implementation\MaCoDeR\datasets\raw\RAVDESS\Audio_Speech_Actors_01-24\Actor_16\03-01-08-02-01-01-16.wav,surprised,274.52786,0.0108068455,-371.44403,43.886997,-12.69484,2.9311478,-7.671615,-9.162408,-13.949363,-11.902748,-2.6966999,-3.6659942,-9.781438,-4.2136836,-4.8090906
C:\Users\Sidath Mendis\Desktop\Reasearch\System-implementation\MaCoDeR\datasets\raw\RAVDESS\Audio_Speech_Actors_01-24\Actor_16\03-01-08-02-01-02-16.wav,surprised,275.97678,0.015906308,-361.25177,43.637947,-10.010734,2.2540627,-11.117169,-12.480883,-10.740067,-7.4319286,-7.7844205,-5.4128766,-9.358666,-5.4684534,-5.256515
C:\Users\Sidath Mendis\Desktop\Reasearch\System-implementation\MaCoDeR\datasets\raw\RAVDESS\Audio_Speech_Actors_01-24\Actor_16\03-01-08-02-02-01-16.wav,surprised,274.30017,0.011684317,-379.9439,39.926937,-10.429712,-0.115811236,-5.9465795,-15.16559,-14.7066,-10.991037,-9.10117,-3.914571,-11.386824,-2.664335,-2.8705876
C:\Users\Sidath Mendis\Desktop\Reasearch\System-implementation\MaCoDeR\datasets\raw\RAVDESS\Audio_Speech_Actors_01-24\Actor_16\03-01-08-02-02-02-16.wav,surprised,275.04166,0.016315743,-366.35553,36.95023,-9.292239,-0.22001965,-6.690408,-15.099825,-14.859607,-9.450257,-8.276844,-6.01551,-10.883524,-4.192055,-6.3360295
C:\Users\Sidath Mendis\Desktop\Reasearch\System-implementation\MaCoDeR\datasets\raw\RAVDESS\Audio_Speech_Actors_01-24\Actor_17\03-01-01-01-01-01-17.wav,neutral,274.65878,0.0061736098,-401.25894,74.270744,10.128965,19.26633,17.357733,7.3468776,10.001106,-5.4697933,-4.1877537,6.554222,-0.97182995,0.68910444,5.408354
C:\Users\Sidath Mendis\Desktop\Reasearch\System-implementation\MaCoDeR\datasets\raw\RAVDESS\Audio_Speech_Actors_01-24\Actor_17\03-01-01-01-01-02-17.wav,neutral,275.02417,0.0058589024,-409.2308,68.1061,6.514981,18.00364,14.267373,4.858088,10.486649,-0.8842272,-3.3458776,4.516688,1.6733103,0.22561155,5.8876357
C:\Users\Sidath Mendis\Desktop\Reasearch\System-implementation\MaCoDeR\datasets\raw\RAVDESS\Audio_Speech_Actors_01-24\Actor_17\03-01-01-01-02-01-17.wav,neutral,269.2492,0.0072781695,-402.9393,70.68799,8.320676,17.101685,13.083544,5.285191,10.842827,-4.535258,-6.748481,4.712247,-1.4344003,-0.6627826,6.0088058
C:\Users\Sidath Mendis\Desktop\Reasearch\System-implementation\MaCoDeR\datasets\raw\RAVDESS\Audio_Speech_Actors_01-24\Actor_17\03-01-01-01-02-02-17.wav,neutral,269.4926,0.009670748,-379.64203,68.77038,6.1231203,16.59997,12.5383,6.2087417,12.122708,-5.671224,-6.681297,6.146516,0.07691243,0.64340466,5.7245355
C:\Users\Sidath Mendis\Desktop\Reasearch\System-implementation\MaCoDeR\datasets\raw\RAVDESS\Audio_Speech_Actors_01-24\Actor_17\03-01-02-01-01-01-17.wav,calm,269.1004,0.0056268903,-406.3483,63.513783,6.040068,15.049637,12.956361,8.22026,6.2446733,-2.6909752,-2.2044015,4.0563183,0.67914534,-0.0062352363,5.638704
C:\Users\Sidath Mendis\Desktop\Reasearch\System-implementation\MaCoDeR\datasets\raw\RAVDESS\Audio_Speech_Actors_01-24\Actor_17\03-01-02-01-01-02-17.wav,calm,269.29315,0.007799983,-406.97314,65.04307,14.1193495,19.110561,15.406821,8.217193,7.7473106,-0.95566773,-3.080929,5.434942,0.0982309,0.043318007,6.1806045
C:\Users\Sidath Mendis\Desktop\Reasearch\System-implementation\MaCoDeR\datasets\raw\RAVDESS\Audio_Speech_Actors_01-24\Actor_17\03-01-02-01-02-01-17.wav,calm,274.08112,0.0155971795,-365.78177,67.599525,16.379452,20.830206,12.988646,9.699612,9.876498,-2.1707075,-1.7743504,5.5753813,-2.877419,1.7500913,3.597511
C:\Users\Sidath Mendis\Desktop\Reasearch\System-implementation\MaCoDeR\datasets\raw\RAVDESS\Audio_Speech_Actors_01-24\Actor_17\03-01-02-01-02-02-17.wav,calm,273.9028,0.015736166,-359.3956,68.62683,13.304627,16.321667,12.313068,7.2541466,8.636881,-6.404461,-4.800524,7.025463,-2.5792768,-0.9963809,4.479125
C:\Users\Sidath Mendis\Desktop\Reasearch\System-implementation\MaCoDeR\datasets\raw\RAVDESS\Audio_Speech_Actors_01-24\Actor_17\03-01-02-02-01-01-17.wav,calm,269.6466,0.010630548,-360.324,68.05811,10.323644,23.259855,19.192453,10.536607,10.374524,-5.9565,-0.87828857,7.085208,-0.21479224,-1.2171488,3.6790228
C:\Users\Sidath Mendis\Desktop\Reasearch\System-implementation\MaCoDeR\datasets\raw\RAVDESS\Audio_Speech_Actors_01-24\Actor_17\03-01-02-02-01-02-17.wav,calm,274.08832,0.006839547,-395.97363,72.60318,15.167761,23.859003,14.977871,7.909714,12.061757,0.5713324,1.4427136,3.8794203,0.30871177,1.3725485,5.3262
C:\Users\Sidath Mendis\Desktop\Reasearch\System-implementation\MaCoDeR\datasets\raw\RAVDESS\Audio_Speech_Actors_01-24\Actor_17\03-01-02-02-02-01-17.wav,calm,268.91278,0.014160785,-359.99564,63.893944,15.266431,24.416683,16.114742,9.383164,5.3948917,-4.720843,-1.5480442,6.703867,-3.202071,-1.1742729,6.55486
C:\Users\Sidath Mendis\Desktop\Reasearch\System-implementation\MaCoDeR\datasets\raw\RAVDESS\Audio_Speech_Actors_01-24\Actor_17\03-01-02-02-02-02-17.wav,calm,274.49106,0.016211959,-371.02026,79.00205,17.37911,21.396477,13.306619,13.511757,13.0870495,-1.7722538,-3.5146573,7.4084272,-0.14039652,1.6077634,6.9407234
C:\Users\Sidath Mendis\Desktop\Reasearch\System-implementation\MaCoDeR\datasets\raw\RAVDESS\Audio_Speech_Actors_01-24\Actor_17\03-01-03-01-01-01-17.wav,happy,269.07935,0.008435745,-392.0852,61.733074,5.9575276,14.201258,11.472874,7.9942775,3.7723672,-5.596586,-3.7501574,2.5366018,-0.45057562,-1.1969374,3.9493055
C:\Users\Sidath Mendis\Desktop\Reasearch\System-implementation\MaCoDeR\datasets\raw\RAVDESS\Audio_Speech_Actors_01-24\Actor_17\03-01-03-01-01-02-17.wav,happy,275.4078,0.005865492,-405.28107,56.864445,-1.7325176,14.813868,11.037874,6.2699757,2.230476,-7.3029976,-5.0162168,6.1538906,0.46992254,-4.9591856,4.706697
C:\Users\Sidath Mendis\Desktop\Reasearch\System-implementation\MaCoDeR\datasets\raw\RAVDESS\Audio_Speech_Actors_01-24\Actor_17\03-01-03-01-02-01-17.wav,happy,276.0179,0.008546658,-410.70673,53.992443,-0.94690204,13.104203,9.9279,1.52967,4.818401,-7.3314114,-7.351755,2.758775,-1.0207419,-3.073496,5.6586614
C:\Users\Sidath Mendis\Desktop\Reasearch\System-implementation\MaCoDeR\datasets\raw\RAVDESS\Audio_Speech_Actors_01-24\Actor_17\03-01-03-01-02-02-17.wav,happy,269.92374,0.012076616,-349.52155,63.863407,-4.448418,13.594883,4.851375,6.507198,1.866565,-15.731581,-7.744045,2.7967024,-0.7166391,-4.851376,5.0106664
C:\Users\Sidath Mendis\Desktop\Reasearch\System-implementation\MaCoDeR\datasets\raw\RAVDESS\Audio_Speech_Actors_01-24\Actor_17\03-01-03-02-01-01-17.wav,happy,268.61838,0.009445658,-396.09064,41.350513,0.9967068,5.9216285,-1.0114537,-0.22103304,-3.111348,-3.8604653,-5.5533695,-0.2031633,0.64005756,-3.026538,-0.52952033
C:\Users\Sidath Mendis\Desktop\Reasearch\System-implementation\MaCoDeR\datasets\raw\RAVDESS\Audio_Speech_Actors_01-24\Actor_17\03-01-03-02-01-02-17.wav,happy,275.08475,0.011360691,-353.14487,33.88232,-4.277144,3.5818036,0.16259938,1.3603499,-2.0349865,-5.992089,-6.419452,-1.2584407,-1.7545136,-4.1379375,-1.4698557
C:\Users\Sidath Mendis\Desktop\Reasearch\System-implementation\MaCoDeR\datasets\raw\RAVDESS\Audio_Speech_Actors_01-24\Actor_17\03-01-03-02-02-01-17.wav,happy,274.83398,0.020181565,-330.26318,38.73135,-5.7136245,4.8874793,-0.54716086,5.1731634,-4.6637883,-9.026835,-7.244776,-0.027366402,-0.90455776,-6.4002786,1.0298622
C:\Users\Sidath Mendis\Desktop\Reasearch\System-implementation\MaCoDeR\datasets\raw\RAVDESS\Audio_Speech_Actors_01-24\Actor_17\03-01-03-02-02-02-17.wav,happy,269.0207,0.012599055,-364.41003,36.774815,-2.4481905,2.3409145,-0.34594736,3.6381962,-3.7313423,-7.8429103,-7.3500376,-1.322657,-3.6178231,-5.669363,-0.6605523
C:\Users\Sidath Mendis\Desktop\Reasearch\System-implementation\MaCoDeR\datasets\raw\RAVDESS\Audio_Speech_Actors_01-24\Actor_17\03-01-04-01-01-01-17.wav,sad,274.95956,0.00924715,-383.12302,67.913414,-2.6763563,12.063809,11.49799,4.737272,9.130806,-6.466651,-7.8018975,5.048292,4.3622117,0.8087416,5.812513
C:\Users\Sidath Mendis\Desktop\Reasearch\System-implementation\MaCoDeR\datasets\raw\RAVDESS\Audio_Speech_Actors_01-24\Actor_17\03-01-04-01-01-02-17.wav,sad,274.2424,0.0037666622,-430.1624,67.6659,0.5864586,11.003988,11.481177,4.8641343,8.608371,-4.438407,-5.465046,4.616316,2.459528,0.68361086,6.8486004
C:\Users\Sidath Mendis\Desktop\Reasearch\System-implementation\MaCoDeR\datasets\raw\RAVDESS\Audio_Speech_Actors_01-24\Actor_17\03-01-04-01-02-01-17.wav,sad,274.69193,0.006997011,-400.16943,72.0855,3.603744,19.793007,11.057418,5.7668023,12.411337,-4.770554,-6.415952,4.799714,-3.0498447,-1.1222647,6.8557034
C:\Users\Sidath Mendis\Desktop\Reasearch\System-implementation\MaCoDeR\datasets\raw\RAVDESS\Audio_Speech_Actors_01-24\Actor_17\03-01-04-01-02-02-17.wav,sad,269.42007,0.006761596,-396.45508,64.28955,-2.4364865,14.269321,7.10204,4.480054,7.944392,-4.0307717,-7.172329,4.212894,0.7366557,-1.4158325,6.247197
C:\Users\Sidath Mendis\Desktop\Reasearch\System-implementation\MaCoDeR\datasets\raw\RAVDESS\Audio_Speech_Actors_01-24\Actor_17\03-01-04-02-01-01-17.wav,sad,269.31827,0.0052562957,-412.40695,58.271225,-9.036556,8.323257,11.543164,6.102734,2.2123802,-9.480305,-7.110378,9.199943,4.1514883,-0.71348286,6.4728413
C:\Users\Sidath Mendis\Desktop\Reasearch\System-implementation\MaCoDeR\datasets\raw\RAVDESS\Audio_Speech_Actors_01-24\Actor_17\03-01-04-02-01-02-17.wav,sad,274.74445,0.004014153,-429.3207,55.787945,-8.52272,12.11101,9.804059,1.1556832,3.0540054,-6.903961,-8.128245,5.953218,1.1419595,-1.4098375,5.4075284
C:\Users\Sidath Mendis\Desktop\Reasearch\System-implementation\MaCoDeR\datasets\raw\RAVDESS\Audio_Speech_Actors_01-24\Actor_17\03-01-04-02-02-01-17.wav,sad,275.1685,0.007227373,-370.56592,57.797264,-14.447856,13.213604,7.3293247,4.155715,1.2125379,-12.979531,-10.216129,5.6420403,3.327039,-3.5230157,7.156606
C:\Users\Sidath Mendis\Desktop\Reasearch\System-implementation\MaCoDeR\datasets\raw\RAVDESS\Audio_Speech_Actors_01-24\Actor_17\03-01-04-02-02-02-17.wav,sad,274.5773,0.0058919494,-388.83182,53.853725,-13.574288,10.628253,7.7405505,2.7703204,-1.2468541,-13.059281,-10.986108,6.833076,0.7793331,-5.329584,6.852956
C:\Users\Sidath Mendis\Desktop\Reasearch\System-implementation\MaCoDeR\datasets\raw\RAVDESS\Audio_Speech_Actors_01-24\Actor_17\03-01-05-01-01-01-17.wav,angry,269.28372,0.0031591458,-414.46335,54.49306,7.0726757,15.5961275,14.794381,6.824033,6.8121657,1.334063,1.8020953,4.6208544,1.4182925,2.933359,6.208747
C:\Users\Sidath Mendis\Desktop\Reasearch\System-implementation\MaCoDeR\datasets\raw\RAVDESS\Audio_Speech_Actors_01-24\Actor_17\03-01-05-01-01-02-17.wav,angry,275.20007,0.0033780101,-410.13348,65.46621,4.326873,15.879796,11.388667,5.0765066,7.690474,-1.9026377,0.5521921,7.1590605,-1.3409601,1.4464388,5.2304544
C:\Users\Sidath Mendis\Desktop\Reasearch\System-implementation\MaCoDeR\datasets\raw\RAVDESS\Audio_Speech_Actors_01-24\Actor_17\03-01-05-01-02-01-17.wav,angry,274.652,0.006338225,-408.2226,56.275955,-2.8641255,16.210632,10.341206,-0.20120415,9.284495,-5.1839886,-5.939372,5.027119,-2.7768342,-0.06047635,7.169597
C:\Users\Sidath Mendis\Desktop\Reasearch\System-implementation\MaCoDeR\datasets\raw\RAVDESS\Audio_Speech_Actors_01-24\Actor_17\03-01-05-01-02-02-17.wav,angry,269.11337,0.0052566906,-409.46008,57.966923,5.3546352,18.125036,13.297171,5.63714,8.387172,-6.5582724,-2.4071739,5.8679113,-3.252361,-0.062252667,7.169672
C:\Users\Sidath Mendis\Desktop\Reasearch\System-implementation\MaCoDeR\datasets\raw\RAVDESS\Audio_Speech_Actors_01-24\Actor_17\03-01-05-02-01-01-17.wav,angry,269.07968,0.0055719456,-404.58194,44.119835,-12.628797,11.272433,6.6586227,-2.3296182,2.8683324,-1.3336434,-7.8111663,2.744347,-4.450609,-3.452564,3.922783
C:\Users\Sidath Mendis\Desktop\Reasearch\System-implementation\MaCoDeR\datasets\raw\RAVDESS\Audio_Speech_Actors_01-24\Actor_17\03-01-05-02-01-02-17.wav,angry,275.52557,0.0074132816,-383.42487,40.81118,-15.649464,9.209648,3.660056,-7.2018914,1.4131633,-4.5512524,-10.416011,4.4034424,-3.6672914,-3.9561965,4.324659
C:\Users\Sidath Mendis\Desktop\Reasearch\System-implementation\MaCoDeR\datasets\raw\RAVDESS\Audio_Speech_Actors_01-24\Actor_17\03-01-05-02-02-01-17.wav,angry,275.45813,0.006508785,-428.22443,47.087505,-9.329472,8.37716,6.122851,-3.6829891,2.4693832,-0.44208726,-11.773795,2.128904,-3.5406957,-3.9529035,4.077892
C:\Users\Sidath Mendis\Desktop\Reasearch\System-implementation\MaCoDeR\datasets\raw\RAVDESS\Audio_Speech_Actors_01-24\Actor_17\03-01-05-02-02-02-17.wav,angry,275.67603,0.0063624526,-400.8526,42.740883,-18.446583,13.064198,5.844322,-2.8793325,1.253091,-6.118626,-12.818413,3.195633,-4.2804775,-5.834003,4.8926744
C:\Users\Sidath Mendis\Desktop\Reasearch\System-implementation\MaCoDeR\datasets\raw\RAVDESS\Audio_Speech_Actors_01-24\Actor_17\03-01-06-01-01-01-17.wav,fearful,270.02255,0.0047516404,-424.3347,56.37991,-2.3770752,9.2499485,14.1540985,11.603291,4.296412,-8.402616,-7.5673814,5.585205,3.995218,-2.2150664,3.9914567
C:\Users\Sidath Mendis\Desktop\Reasearch\System-implementation\MaCoDeR\datasets\raw\RAVDESS\Audio_Speech_Actors_01-24\Actor_17\03-01-06-01-01-02-17.wav,fearful,267.88083,0.0072048204,-398.82803,58.09335,-2.498707,9.931731,9.660175,6.149543,3.5511708,-5.9949408,-7.525608,5.764008,3.7954252,-2.1339943,6.033366
C:\Users\Sidath Mendis\Desktop\Reasearch\System-implementation\MaCoDeR\datasets\raw\RAVDESS\Audio_Speech_Actors_01-24\Actor_17\03-01-06-01-02-01-17.wav,fearful,274.54517,0.004220252,-409.6513,61.376415,-8.839114,10.134282,11.146513,6.242721,2.2011504,-10.7745,-11.233102,7.8054743,2.9656305,-2.422546,8.100012
C:\Users\Sidath Mendis\Desktop\Reasearch\System-implementation\MaCoDeR\datasets\raw\RAVDESS\Audio_Speech_Actors_01-24\Actor_17\03-01-06-01-02-02-17.wav,fearful,270.14917,0.0052676457,-417.78473,31.59274,-4.991961,7.8054233,2.4692147,3.4343226,1.3787808,-1.6571418,-5.6211796,3.5171003,0.32468644,-2.7346523,3.2106926
C:\Users\Sidath Mendis\Desktop\Reasearch\System-implementation\MaCoDeR\datasets\raw\RAVDESS\Audio_Speech_Actors_01-24\Actor_17\03-01-06-02-01-01-17.wav,fearful,285.5597,0.009620391,-384.1522,30.023468,-4.8793254,7.091315,3.7345695,3.4802964,0.8237066,-2.6026342,-3.2756734,1.453997,1.1734152,-2.4282227,-0.14666995
C:\Users\Sidath Mendis\Desktop\Reasearch\System-implementation\MaCoDeR\datasets\raw\RAVDESS\Audio_Speech_Actors_01-24\Actor_17\03-01-06-02-01-02-17.wav,fearful,274.47214,0.0094175,-388.99213,31.649323,-7.578806,6.1626124,3.954987,1.061071,-1.4179001,-1.2168577,-4.0048466,1.5954578,1.4388145,-2.8479774,2.4386716
C:\Users\Sidath Mendis\Desktop\Reasearch\System-implementation\MaCoDeR\datasets\raw\RAVDESS\Audio_Speech_Actors_01-24\Actor_17\03-01-06-02-02-01-17.wav,fearful,268.89792,0.008463903,-411.69998,33.316414,-6.158022,4.65377,3.092501,3.290377,-1.6199068,-2.5744987,-6.701829,2.154418,1.6111236,-3.4074485,1.9891404
C:\Users\Sidath Mendis\Desktop\Reasearch\System-implementation\MaCoDeR\datasets\raw\RAVDESS\Audio_Speech_Actors_01-24\Actor_17\03-01-06-02-02-02-17.wav,fearful,273.86453,0.009626731,-368.9427,28.831585,-8.427588,5.7389226,3.1494358,4.5526934,-2.9508157,-2.479055,-5.4784474,-0.37851027,2.832484,-3.1025498,2.6218688
C:\Users\Sidath Mendis\Desktop\Reasearch\System-implementation\MaCoDeR\datasets\raw\RAVDESS\Audio_Speech_Actors_01-24\Actor_17\03-01-07-01-01-01-17.wav,disgust,274.2878,0.0062871673,-396.72977,52.795216,4.4886546,15.993023,7.960486,4.246426,3.874772,0.2871282,-2.4634435,4.802171,-0.24239708,0.31987637,3.4918523
C:\Users\Sidath Mendis\Desktop\Reasearch\System-implementation\MaCoDeR\datasets\raw\RAVDESS\Audio_Speech_Actors_01-24\Actor_17\03-01-07-01-01-02-17.wav,disgust,275.08987,0.008982645,-411.49814,59.884575,11.601457,17.549053,11.184235,5.7949715,5.108888,1.7587544,-2.2189984,4.16399,-0.14656,-0.032818317,4.6236978
C:\Users\Sidath Mendis\Desktop\Reasearch\System-implementation\MaCoDeR\datasets\raw\RAVDESS\Audio_Speech_Actors_01-24\Actor_17\03-01-07-01-02-01-17.wav,disgust,270.02243,0.0054315445,-416.61267,48.863865,5.6797338,13.8398485,9.732796,5.504306,4.643978,-3.5675762,-3.9662294,5.644173,-1.9080125,-1.7453907,4.3161774
C:\Users\Sidath Mendis\Desktop\Reasearch\System-implementation\MaCoDeR\datasets\raw\RAVDESS\Audio_Speech_Actors_01-24\Actor_17\03-01-07-01-02-02-17.wav,disgust,274.9509,0.006650115,-371.87173,60.870564,6.2075524,15.446457,8.91234,11.426212,10.660782,-4.2528276,-4.7481484,9.308037,-1.7442441,-0.6766977,5.9304633
C:\Users\Sidath Mendis\Desktop\Reasearch\System-implementation\MaCoDeR\datasets\raw\RAVDESS\Audio_Speech_Actors_01-24\Actor_17\03-01-07-02-01-01-17.wav,disgust,274.38602,0.008370295,-389.79816,39.171722,7.2840266,9.059318,4.5599737,4.4436255,-3.0651305,-1.1601744,-2.8612044,4.888773,-4.1968455,0.512867,2.8401182
C:\Users\Sidath Mendis\Desktop\Reasearch\System-implementation\MaCoDeR\datasets\raw\RAVDESS\Audio_Speech_Actors_01-24\Actor_17\03-01-07-02-01-02-17.wav,disgust,269.52954,0.010885915,-359.3148,44.693695,6.442477,8.703506,6.180235,4.227541,-4.3901267,-2.5145242,-4.3258653,4.4793158,-4.999745,-1.5314559,2.6212528
C:\Users\Sidath Mendis\Desktop\Reasearch\System-implementation\MaCoDeR\datasets\raw\RAVDESS\Audio_Speech_Actors_01-24\Actor_17\03-01-07-02-02-01-17.wav,disgust,274.04327,0.007820404,-346.2347,34.004772,3.5500553,9.185851,4.4407263,8.999503,-3.9507968,-5.255419,-7.50555,8.199636,-1.7384976,-1.000479,3.8361354
C:\Users\Sidath Mendis\Desktop\Reasearch\System-implementation\MaCoDeR\datasets\raw\RAVDESS\Audio_Speech_Actors_01-24\Actor_17\03-01-07-02-02-02-17.wav,disgust,270.4444,0.0141197285,-343.93823,38.76492,10.15391,9.869172,4.7292867,6.490799,-2.1681492,-5.41093,-5.709869,5.509598,-2.9892447,-2.4040492,2.8111854
C:\Users\Sidath Mendis\Desktop\Reasearch\System-implementation\MaCoDeR\datasets\raw\RAVDESS\Audio_Speech_Actors_01-24\Actor_17\03-01-08-01-01-01-17.wav,surprised,274.9556,0.008527514,-387.76297,43.535378,-1.8488537,7.7726836,5.6617317,3.2767015,1.0169635,-4.4655046,-5.148319,-0.09680487,-1.4298115,-5.03987,1.6746935
C:\Users\Sidath Mendis\Desktop\Reasearch\System-implementation\MaCoDeR\datasets\raw\RAVDESS\Audio_Speech_Actors_01-24\Actor_17\03-01-08-01-01-02-17.wav,surprised,268.66733,0.019737305,-342.4543,45.268932,6.7633157,13.04138,5.400477,7.017509,5.563844,-0.51186454,-1.8083428,3.1117313,1.1664798,-0.26283994,3.6458304
C:\Users\Sidath Mendis\Desktop\Reasearch\System-implementation\MaCoDeR\datasets\raw\RAVDESS\Audio_Speech_Actors_01-24\Actor_17\03-01-08-01-02-01-17.wav,surprised,273.53622,0.016080506,-315.43155,39.752907,5.814754,11.754297,1.908446,8.718876,1.6656203,-6.803348,-5.881535,2.2232692,-1.8675019,-5.3559813,0.03556036
C:\Users\Sidath Mendis\Desktop\Reasearch\System-implementation\MaCoDeR\datasets\raw\RAVDESS\Audio_Speech_Actors_01-24\Actor_17\03-01-08-01-02-02-17.wav,surprised,274.7443,0.008444662,-380.41486,54.49277,3.1281903,11.667905,3.979169,9.503117,5.1726265,-6.312653,-6.5232997,5.2628307,1.7869259,-1.7644801,2.2127721
C:\Users\Sidath Mendis\Desktop\Reasearch\System-implementation\MaCoDeR\datasets\raw\RAVDESS\Audio_Speech_Actors_01-24\Actor_17\03-01-08-02-01-01-17.wav,surprised,268.90427,0.015870536,-335.81076,36.266914,4.152477,12.93009,3.9361627,4.217398,3.989565,1.9202372,-0.5649818,1.4699266,1.3139524,-1.80427,-0.87548727
C:\Users\Sidath Mendis\Desktop\Reasearch\System-implementation\MaCoDeR\datasets\raw\RAVDESS\Audio_Speech_Actors_01-24\Actor_17\03-01-08-02-01-02-17.wav,surprised,268.92255,0.016414434,-315.0567,39.593258,2.3516064,10.072573,4.490017,6.7035894,2.7526236,-1.6916193,-2.520915,2.778117,2.1745903,-1.3063809,2.6740139
C:\Users\Sidath Mendis\Desktop\Reasearch\System-implementation\MaCoDeR\datasets\raw\RAVDESS\Audio_Speech_Actors_01-24\Actor_17\03-01-08-02-02-01-17.wav,surprised,269.44073,0.01009297,-348.98465,33.759045,5.180044,9.241871,-1.3843296,2.4383838,0.67528564,0.96156484,-4.223878,0.79877484,-0.40419364,-3.6614523,-1.451112
C:\Users\Sidath Mendis\Desktop\Reasearch\System-implementation\MaCoDeR\datasets\raw\RAVDESS\Audio_Speech_Actors_01-24\Actor_17\03-01-08-02-02-02-17.wav,surprised,265.92984,0.014621708,-335.42133,32.91342,5.0560803,7.3331466,-0.65767956,3.7178864,-0.58324105,1.4114879,-4.4338884,0.11838198,0.5967657,-3.2516267,-0.85536057
C:\Users\Sidath Mendis\Desktop\Reasearch\System-implementation\MaCoDeR\datasets\raw\RAVDESS\Audio_Speech_Actors_01-24\Actor_18\03-01-01-01-01-01-18.wav,neutral,274.80118,0.024793774,-356.14105,54.40896,6.180119,9.967447,0.44338167,-5.427117,-1.8321072,-13.977194,-6.9333057,-1.662574,-1.1481074,-5.5754213,-5.6391864
C:\Users\Sidath Mendis\Desktop\Reasearch\System-implementation\MaCoDeR\datasets\raw\RAVDESS\Audio_Speech_Actors_01-24\Actor_18\03-01-01-01-01-02-18.wav,neutral,273.98178,0.025593385,-359.44797,56.14055,6.200316,7.7142596,0.07230342,-4.553029,-1.6176455,-14.066451,-5.2338047,-2.7179153,-1.7795452,-5.6719627,-6.6411343
C:\Users\Sidath Mendis\Desktop\Reasearch\System-implementation\MaCoDeR\datasets\raw\RAVDESS\Audio_Speech_Actors_01-24\Actor_18\03-01-01-01-02-01-18.wav,neutral,274.36047,0.021963786,-373.68918,47.68589,12.610181,6.43516,-3.5098124,-3.2792046,1.4554219,-12.939928,-7.124497,-1.9669106,-3.0457582,-3.019438,-6.570782
C:\Users\Sidath Mendis\Desktop\Reasearch\System-implementation\MaCoDeR\datasets\raw\RAVDESS\Audio_Speech_Actors_01-24\Actor_18\03-01-01-01-02-02-18.wav,neutral,274.01132,0.024937369,-375.1283,57.792294,5.3452334,5.889795,-2.6323333,-2.4839988,-3.002961,-13.6933365,-7.9243474,-0.09443024,-2.1420586,-4.4876823,-3.1700556
C:\Users\Sidath Mendis\Desktop\Reasearch\System-implementation\MaCoDeR\datasets\raw\RAVDESS\Audio_Speech_Actors_01-24\Actor_18\03-01-02-01-01-01-18.wav,calm,274.2502,0.02125718,-343.11557,45.559467,3.4257956,8.939783,-0.3226469,-5.316424,-0.70811653,-12.766837,-6.0544133,-3.9020362,-3.5295305,-5.297581,-4.189382
C:\Users\Sidath Mendis\Desktop\Reasearch\System-implementation\MaCoDeR\datasets\raw\RAVDESS\Audio_Speech_Actors_01-24\Actor_18\03-01-02-01-01-02-18.wav,calm,274.5898,0.022933874,-338.09036,51.974495,0.10405441,11.584207,0.99331766,-4.9434648,1.3113198,-13.54741,-4.4003696,-3.1837378,-1.7566514,-5.8373704,-5.714686
C:\Users\Sidath Mendis\Desktop\Reasearch\System-implementation\MaCoDeR\datasets\raw\RAVDESS\Audio_Speech_Actors_01-24\Actor_18\03-01-02-01-02-01-18.wav,calm,274.8445,0.02380497,-353.56937,49.9204,8.799583,5.3500624,2.2361329,-1.4212376,-1.598159,-12.267881,-5.1309137,-5.539937,-4.3236217,-4.888618,-6.2508616
C:\Users\Sidath Mendis\Desktop\Reasearch\System-implementation\MaCoDeR\datasets\raw\RAVDESS\Audio_Speech_Actors_01-24\Actor_18\03-01-02-01-02-02-18.wav,calm,269.53824,0.024485704,-344.56125,47.631664,10.464093,4.4105134,3.6012075,-2.959418,-0.366228,-12.8086815,-6.074032,-4.4781876,-4.8290296,-4.2819095,-5.9194846
C:\Users\Sidath Mendis\Desktop\Reasearch\System-implementation\MaCoDeR\datasets\raw\RAVDESS\Audio_Speech_Actors_01-24\Actor_18\03-01-02-02-01-01-18.wav,calm,269.5738,0.022994338,-346.02756,43.079964,2.926417,10.53328,-0.5246228,-5.28157,0.83151203,-13.466609,-6.3695016,-4.4797807,-4.900442,-5.0796776,-6.6575475
C:\Users\Sidath Mendis\Desktop\Reasearch\System-implementation\MaCoDeR\datasets\raw\RAVDESS\Audio_Speech_Actors_01-24\Actor_18\03-01-02-02-01-02-18.wav,calm,274.85727,0.020582268,-339.16364,48.956806,7.0592675,12.370886,1.8128805,-5.189245,0.5026913,-11.318309,-6.326186,-3.1304002,-3.7488387,-4.583766,-5.424834
C:\Users\Sidath Mendis\Desktop\Reasearch\System-implementation\MaCoDeR\datasets\raw\RAVDESS\Audio_Speech_Actors_01-24\Actor_18\03-01-02-02-02-01-18.wav,calm,274.56497,0.025479943,-341.44794,45.004993,8.180783,6.275293,2.8701549,-2.8287761,-0.68661207,-12.803246,-4.7605586,-3.7577128,-3.2111437,-4.613778,-7.2150817
C:\Users\Sidath Mendis\Desktop\Reasearch\System-implementation\MaCoDeR\datasets\raw\RAVDESS\Audio_Speech_Actors_01-24\Actor_18\03-01-02-02-02-02-18.wav,calm,274.8608,0.024849629,-351.99918,43.77162,6.547404,2.9006426,2.3747418,-3.884631,-0.08012791,-13.268996,-4.679235,-5.099986,-5.150365,-4.957903,-6.7101583
C:\Users\Sidath Mendis\Desktop\Reasearch\System-implementation\MaCoDeR\datasets\raw\RAVDESS\Audio_Speech_Actors_01-24\Actor_18\03-01-03-01-01-01-18.wav,happy,273.98505,0.0053130225,-429.96716,45.052055,-10.687617,2.0723875,-0.7182478,-6.48855,-3.144198,-14.835702,-7.5317373,-5.959596,-5.725164,-5.2864823,-6.5087194
C:\Users\Sidath Mendis\Desktop\Reasearch\System-implementation\MaCoDeR\datasets\raw\RAVDESS\Audio_Speech_Actors_01-24\Actor_18\03-01-03-01-01-02-18.wav,happy,275.72995,0.019606598,-349.1754,42.05372,-13.939923,4.7902513,-0.5372391,-9.554271,-7.566367,-17.344685,-6.1383514,-1.2843635,-5.079163,-7.486702,-6.1776633
C:\Users\Sidath Mendis\Desktop\Reasearch\System-implementation\MaCoDeR\datasets\raw\RAVDESS\Audio_Speech_Actors_01-24\Actor_18\03-01-03-01-02-01-18.wav,happy,274.5941,0.02844366,-340.2644,49.291515,-7.0733585,5.427686,0.3930672,-5.0206904,-4.6512814,-15.912791,-7.278916,-5.001693,-5.579999,-5.3112206,-7.0010166
C:\Users\Sidath Mendis\Desktop\Reasearch\System-implementation\MaCoDeR\datasets\raw\RAVDESS\Audio_Speech_Actors_01-24\Actor_18\03-01-03-01-02-02-18.wav,happy,274.8021,0.026406495,-337.1599,42.55036,-4.2096467,4.504076,-1.528857,-10.668394,-5.927993,-14.912213,-7.4563117,-4.677879,-6.590782,-7.3887396,-7.57845
C:\Users\Sidath Mendis\Desktop\Reasearch\System-implementation\MaCoDeR\datasets\raw\RAVDESS\Audio_Speech_Actors_01-24\Actor_18\03-01-03-02-01-01-18.wav,happy,270.6132,0.012837104,-368.5324,11.108299,-23.210484,-7.419191,-7.288784,-8.882563,-6.330207,-7.0788374,-12.507563,-1.6781363,-7.5759883,-4.123611,1.7700894
C:\Users\Sidath Mendis\Desktop\Reasearch\System-implementation\MaCoDeR\datasets\raw\RAVDESS\Audio_Speech_Actors_01-24\Actor_18\03-01-03-02-01-02-18.wav,happy,268.47018,0.01743317,-336.98666,20.209475,-21.637276,-3.8636565,-5.8410287,-7.099427,-6.8162374,-7.544781,-11.529515,-0.9230609,-8.350879,-5.5498915,1.6876409
C:\Users\Sidath Mendis\Desktop\Reasearch\System-implementation\MaCoDeR\datasets\raw\RAVDESS\Audio_Speech_Actors_01-24\Actor_18\03-01-03-02-02-01-18.wav,happy,274.87888,0.009394787,-382.19794,16.185984,-33.521526,-3.715781,-6.232137,-13.501504,-12.440285,-11.28624,-13.31723,1.739347,-7.1793895,-8.27861,1.8580617
C:\Users\Sidath Mendis\Desktop\Reasearch\System-implementation\MaCoDeR\datasets\raw\RAVDESS\Audio_Speech_Actors_01-24\Actor_18\03-01-03-02-02-02-18.wav,happy,269.62866,0.018771145,-347.09247,8.036109,-25.479769,-8.056432,-7.822404,-10.435478,-8.744299,-9.364063,-10.210476,0.31889147,-8.535006,-4.4551415,0.28795066
C:\Users\Sidath Mendis\Desktop\Reasearch\System-implementation\MaCoDeR\datasets\raw\RAVDESS\Audio_Speech_Actors_01-24\Actor_18\03-01-04-01-01-01-18.wav,sad,274.74777,0.01728833,-370.59067,52.292377,-8.568373,1.3603172,-0.09050255,-11.668196,0.53210247,-12.015314,-12.347379,-3.0314884,-3.124237,-6.8643665,-3.4843593
C:\Users\Sidath Mendis\Desktop\Reasearch\System-implementation\MaCoDeR\datasets\raw\RAVDESS\Audio_Speech_Actors_01-24\Actor_18\03-01-04-01-01-02-18.wav,sad,274.8184,0.01883145,-369.85266,49.88233,-5.37261,-1.077657,-4.9397326,-8.052366,0.21583897,-11.379194,-12.613915,-1.9441048,-3.9464104,-8.26724,-3.577556
C:\Users\Sidath Mendis\Desktop\Reasearch\System-implementation\MaCoDeR\datasets\raw\RAVDESS\Audio_Speech_Actors_01-24\Actor_18\03-01-04-01-02-01-18.wav,sad,274.3482,0.022168662,-359.24832,45.88652,8.123737,1.5161972,-2.7556193,-4.774906,1.1333792,-13.753619,-7.801698,-3.587055,-5.6046987,-5.1180086,-6.6826544
C:\Users\Sidath Mendis\Desktop\Reasearch\System-implementation\MaCoDeR\datasets\raw\RAVDESS\Audio_Speech_Actors_01-24\Actor_18\03-01-04-01-02-02-18.wav,sad,275.07446,0.023811704,-363.02304,48.99813,4.3975077,-0.02448676,-2.2583203,-4.9699135,-0.08893959,-14.177773,-10.821666,-2.4043038,-6.1082015,-4.3381233,-5.6863227
C:\Users\Sidath Mendis\Desktop\Reasearch\System-implementation\MaCoDeR\datasets\raw\RAVDESS\Audio_Speech_Actors_01-24\Actor_18\03-01-04-02-01-01-18.wav,sad,274.3063,0.015691716,-361.55994,28.122475,-29.698599,-7.485642,-13.078841,-13.520774,-11.188858,-14.84608,-18.338945,-5.7614512,-0.5413201,-10.456257,4.48885
C:\Users\Sidath Mendis\Desktop\Reasearch\System-implementation\MaCoDeR\datasets\raw\RAVDESS\Audio_Speech_Actors_01-24\Actor_18\03-01-04-02-01-02-18.wav,sad,273.81503,0.012920441,-346.0864,28.262577,-25.967796,-2.8581867,-10.42298,-15.474447,-13.354701,-16.746727,-18.464365,-5.06685,-2.2098536,-12.4569235,1.0883763
C:\Users\Sidath Mendis\Desktop\Reasearch\System-implementation\MaCoDeR\datasets\raw\RAVDESS\Audio_Speech_Actors_01-24\Actor_18\03-01-04-02-02-01-18.wav,sad,275.09024,0.007101802,-386.28723,35.62529,-25.012392,-8.106059,-4.79951,-18.411127,-12.561721,-18.189451,-19.997227,-1.899831,-1.7084066,-14.202248,-1.7139876
C:\Users\Sidath Mendis\Desktop\Reasearch\System-implementation\MaCoDeR\datasets\raw\RAVDESS\Audio_Speech_Actors_01-24\Actor_18\03-01-04-02-02-02-18.wav,sad,274.95203,0.017853785,-330.9164,29.307453,-25.765537,-7.103436,-6.657316,-18.079805,-12.879893,-14.035048,-21.3754,-1.2141582,-2.7369044,-14.600492,1.5495799
C:\Users\Sidath Mendis\Desktop\Reasearch\System-implementation\MaCoDeR\datasets\raw\RAVDESS\Audio_Speech_Actors_01-24\Actor_18\03-01-05-01-01-01-18.wav,angry,269.6133,0.009036612,-362.95825,46.69985,-21.977333,-0.2457591,-9.125067,-10.916754,-4.484226,-14.391761,-14.669271,-0.4382154,-4.4182177,-6.0258737,-3.9524763
C:\Users\Sidath Mendis\Desktop\Reasearch\System-implementation\MaCoDeR\datasets\raw\RAVDESS\Audio_Speech_Actors_01-24\Actor_18\03-01-05-01-01-02-18.wav,angry,274.74307,0.013794032,-329.27032,50.410427,-15.666468,1.975256,-10.307767,-5.298704,1.4623743,-15.555854,-14.331326,-1.7544267,-3.9142518,-4.6338077,-5.1181073
C:\Users\Sidath Mendis\Desktop\Reasearch\System-implementation\MaCoDeR\datasets\raw\RAVDESS\Audio_Speech_Actors_01-24\Actor_18\03-01-05-01-02-01-18.wav,angry,274.3293,0.01832959,-353.8252,38.238033,-10.403605,-1.4367183,-7.756021,-9.004867,-4.1203437,-13.219693,-14.917849,-3.8922107,-5.2500887,-5.3726945,-5.9114547
C:\Users\Sidath Mendis\Desktop\Reasearch\System-implementation\MaCoDeR\datasets\raw\RAVDESS\Audio_Speech_Actors_01-24\Actor_18\03-01-05-01-02-02-18.wav,angry,275.05835,0.013037968,-370.26407,44.863274,-14.522156,-3.2797246,-8.638647,-10.151652,-3.3986485,-12.768837,-14.379846,-5.014271,-4.272388,-6.676658,-6.0734553
C:\Users\Sidath Mendis\Desktop\Reasearch\System-implementation\MaCoDeR\datasets\raw\RAVDESS\Audio_Speech_Actors_01-24\Actor_18\03-01-05-02-01-01-18.wav,angry,273.83255,0.011039089,-390.87027,3.0036664,-31.253637,-4.582311,-15.281143,-9.647146,-6.338894,-4.7024894,-11.499353,-5.4355955,-5.78452,-7.145488,1.7370872
C:\Users\Sidath Mendis\Desktop\Reasearch\System-implementation\MaCoDeR\datasets\raw\RAVDESS\Audio_Speech_Actors_01-24\Actor_18\03-01-05-02-01-02-18.wav,angry,274.35095,0.017617323,-371.25208,-5.350825,-32.4778,-7.0146093,-16.746399,-4.0824475,-6.712602,-4.652858,-9.49242,-6.490082,-5.7313952,-0.86557823,9.70959
C:\Users\Sidath Mendis\Desktop\Reasearch\System-implementation\MaCoDeR\datasets\raw\RAVDESS\Audio_Speech_Actors_01-24\Actor_18\03-01-05-02-02-01-18.wav,angry,269.2854,0.012170152,-383.96936,-4.024562,-31.859598,-9.60742,-16.537582,-7.0856147,-8.216529,-5.916812,-10.211082,-3.7062922,-8.615573,-8.022973,4.1203547
C:\Users\Sidath Mendis\Desktop\Reasearch\System-implementation\MaCoDeR\datasets\raw\RAVDESS\Audio_Speech_Actors_01-24\Actor_18\03-01-05-02-02-02-18.wav,angry,269.83853,0.02054979,-351.5839,-1.4989971,-32.311806,-11.241549,-17.770935,-4.4925685,-5.769095,-5.8290024,-8.921156,-4.4179626,-7.934254,-5.8736243,2.9019058
C:\Users\Sidath Mendis\Desktop\Reasearch\System-implementation\MaCoDeR\datasets\raw\RAVDESS\Audio_Speech_Actors_01-24\Actor_18\03-01-06-01-01-01-18.wav,fearful,274.8675,0.017760513,-353.63477,43.667473,-12.338445,-7.673625,-4.3396792,-9.263049,-3.1234787,-14.41197,-10.86219,-0.6543231,-3.1244304,-8.585005,-1.5858526
C:\Users\Sidath Mendis\Desktop\Reasearch\System-implementation\MaCoDeR\datasets\raw\RAVDESS\Audio_Speech_Actors_01-24\Actor_18\03-01-06-01-01-02-18.wav,fearful,274.35297,0.020816201,-354.14893,39.09047,-12.069918,-3.1091497,-1.5502188,-7.918522,-3.700081,-10.717209,-10.710888,-5.190018,-0.73828304,-9.107149,-0.21155657
C:\Users\Sidath Mendis\Desktop\Reasearch\System-implementation\MaCoDeR\datasets\raw\RAVDESS\Audio_Speech_Actors_01-24\Actor_18\03-01-06-01-02-01-18.wav,fearful,274.25876,0.019493425,-337.42853,38.442047,-1.2363192,-1.9101343,-0.69033986,-4.9946957,0.19013713,-12.197558,-10.014218,-1.1018485,-3.6630745,-6.4946556,-0.66077894
C:\Users\Sidath Mendis\Desktop\Reasearch\System-implementation\MaCoDeR\datasets\raw\RAVDESS\Audio_Speech_Actors_01-24\Actor_18\03-01-06-01-02-02-18.wav,fearful,269.15518,0.01815026,-330.272,50.808247,-10.013378,-4.2318435,-0.4271256,-7.518024,0.30993733,-16.550362,-11.061665,0.37120798,-3.801219,-7.360249,0.09733103
C:\Users\Sidath Mendis\Desktop\Reasearch\System-implementation\MaCoDeR\datasets\raw\RAVDESS\Audio_Speech_Actors_01-24\Actor_18\03-01-06-02-01-01-18.wav,fearful,268.91916,0.009469217,-367.0837,24.485775,-25.481995,-8.686618,-6.6589828,-10.575424,-7.8830037,-10.503309,-17.91308,1.9403766,-1.5778266,-11.384305,-0.44062093
C:\Users\Sidath Mendis\Desktop\Reasearch\System-implementation\MaCoDeR\datasets\raw\RAVDESS\Audio_Speech_Actors_01-24\Actor_18\03-01-06-02-01-02-18.wav,fearful,274.09366,0.010506231,-387.74487,25.09558,-22.377949,-6.330382,-6.452788,-8.746283,-6.286772,-8.858515,-14.157978,0.649458,0.1693306,-7.858604,-1.2480791
C:\Users\Sidath Mendis\Desktop\Reasearch\System-implementation\MaCoDeR\datasets\raw\RAVDESS\Audio_Speech_Actors_01-24\Actor_18\03-01-06-02-02-01-18.wav,fearful,275.16327,0.009873324,-367.7328,25.149551,-14.049212,-5.842684,-4.172735,-7.9557347,-8.387473,-12.563679,-13.135883,1.3176861,-3.2112405,-9.041939,-1.6380502
C:\Users\Sidath Mendis\Desktop\Reasearch\System-implementation\MaCoDeR\datasets\raw\RAVDESS\Audio_Speech_Actors_01-24\Actor_18\03-01-06-02-02-02-18.wav,fearful,274.6227,0.010515196,-367.758,20.939781,-23.740177,-9.125882,-6.276874,-12.921997,-8.479091,-10.62549,-17.74053,-0.74234337,-3.1416938,-9.406858,-1.4740187
C:\Users\Sidath Mendis\Desktop\Reasearch\System-implementation\MaCoDeR\datasets\raw\RAVDESS\Audio_Speech_Actors_01-24\Actor_18\03-01-07-01-01-01-18.wav,disgust,274.43472,0.009517669,-382.34076,53.514874,-3.507337,3.0967526,-8.308413,-2.7469976,-1.8033719,-11.341995,-10.871562,-3.422085,0.61022604,-6.8497763,-2.2161639
C:\Users\Sidath Mendis\Desktop\Reasearch\System-implementation\MaCoDeR\datasets\raw\RAVDESS\Audio_Speech_Actors_01-24\Actor_18\03-01-07-01-01-02-18.wav,disgust,275.07376,0.0063784877,-376.86444,46.51033,-10.334306,-0.4305257,-8.804012,-5.470301,-2.40163,-12.604173,-12.828039,-0.26787853,-2.8855696,-9.62034,-1.2469989
C:\Users\Sidath Mendis\Desktop\Reasearch\System-implementation\MaCoDeR\datasets\raw\RAVDESS\Audio_Speech_Actors_01-24\Actor_18\03-01-07-01-02-01-18.wav,disgust,274.22418,0.019889798,-339.3716,46.91504,-7.8198833,-6.633574,-5.647395,-3.0719812,-7.822302,-13.846683,-12.100023,-2.196444,-2.152396,-7.382166,-2.8689952
C:\Users\Sidath Mendis\Desktop\Reasearch\System-implementation\MaCoDeR\datasets\raw\RAVDESS\Audio_Speech_Actors_01-24\Actor_18\03-01-07-01-02-02-18.wav,disgust,274.60117,0.016359588,-351.31052,45.626686,-5.4659843,-5.8921337,-3.3321817,-5.8552756,-6.9533653,-14.176323,-11.275322,-2.6756675,-2.410405,-7.424735,-1.8062603
C:\Users\Sidath Mendis\Desktop\Reasearch\System-implementation\MaCoDeR\datasets\raw\RAVDESS\Audio_Speech_Actors_01-24\Actor_18\03-01-07-02-01-01-18.wav,disgust,269.64594,0.005797013,-406.0581,20.359835,-26.066319,-0.79730403,-13.466188,-7.5701046,-4.634368,-14.129157,-15.127379,-0.8155876,-5.815522,-7.802327,-4.765342
C:\Users\Sidath Mendis\Desktop\Reasearch\System-implementation\MaCoDeR\datasets\raw\RAVDESS\Audio_Speech_Actors_01-24\Actor_18\03-01-07-02-01-02-18.wav,disgust,274.0512,0.010892829,-374.41086,27.909843,-17.7696,-1.9407698,-12.789035,-7.9506054,-6.5050015,-13.2675085,-14.689535,-3.1544404,-4.0368433,-8.446738,-5.2017198
C:\Users\Sidath Mendis\Desktop\Reasearch\System-implementation\MaCoDeR\datasets\raw\RAVDESS\Audio_Speech_Actors_01-24\Actor_18\03-01-07-02-02-01-18.wav,disgust,274.40884,0.006641941,-375.20242,32.366623,-16.953447,-6.513083,-9.3761015,-9.362711,-4.3095217,-14.898704,-11.764624,-0.17533791,-4.758113,-5.5848503,-3.3121989
C:\Users\Sidath Mendis\Desktop\Reasearch\System-implementation\MaCoDeR\datasets\raw\RAVDESS\Audio_Speech_Actors_01-24\Actor_18\03-01-07-02-02-02-18.wav,disgust,275.12234,0.007929536,-373.14398,22.07409,-20.109747,-6.670169,-10.12836,-9.166006,-5.831694,-12.712946,-12.797388,-0.4225972,-5.361305,-8.618348,-3.9327478
C:\Users\Sidath Mendis\Desktop\Reasearch\System-implementation\MaCoDeR\datasets\raw\RAVDESS\Audio_Speech_Actors_01-24\Actor_18\03-01-08-01-01-01-18.wav,surprised,274.71616,0.013643546,-369.76526,46.698566,-4.462431,4.1368732,-4.0513306,-10.3209715,1.9648571,-17.973434,-10.055799,-9.002686,-8.224979,-6.047846,-7.081415
C:\Users\Sidath Mendis\Desktop\Reasearch\System-implementation\MaCoDeR\datasets\raw\RAVDESS\Audio_Speech_Actors_01-24\Actor_18\03-01-08-01-01-02-18.wav,surprised,269.36313,0.018995559,-357.16956,47.573124,8.133455,2.761762,-4.90737,-6.5715775,1.5464786,-14.36688,-9.300094,-6.433423,-5.852396,-6.2184105,-5.8076987
C:\Users\Sidath Mendis\Desktop\Reasearch\System-implementation\MaCoDeR\datasets\raw\RAVDESS\Audio_Speech_Actors_01-24\Actor_18\03-01-08-01-02-01-18.wav,surprised,274.77332,0.016803829,-359.4196,38.18152,8.700212,-4.2438526,-2.8806646,-7.8785806,2.141747,-14.158724,-9.955408,-6.7578216,-9.259554,-6.2349553,-7.929198
C:\Users\Sidath Mendis\Desktop\Reasearch\System-implementation\MaCoDeR\datasets\raw\RAVDESS\Audio_Speech_Actors_01-24\Actor_18\03-01-08-01-02-02-18.wav,surprised,274.7732,0.024344726,-336.17755,40.748,6.382223,2.1529377,-0.5819036,-3.6610787,1.949462,-10.684787,-8.748017,-6.5831695,-8.120845,-5.966727,-7.551567
C:\Users\Sidath Mendis\Desktop\Reasearch\System-implementation\MaCoDeR\datasets\raw\RAVDESS\Audio_Speech_Actors_01-24\Actor_18\03-01-08-02-01-01-18.wav,surprised,267.952,0.014644815,-336.6034,31.847952,-5.5120378,0.8029854,-2.2672703,-1.0073942,2.9137316,-7.8777137,-7.7511835,-5.7071657,-5.954426,-3.1219568,-4.1854243
C:\Users\Sidath Mendis\Desktop\Reasearch\System-implementation\MaCoDeR\datasets\raw\RAVDESS\Audio_Speech_Actors_01-24\Actor_18\03-01-08-02-01-02-18.wav,surprised,269.04904,0.022661384,-330.19745,31.65018,0.8106997,-0.5408888,-7.3405476,-3.1083295,3.7935743,-8.382632,-10.935117,-7.2547083,-7.0997186,-4.8443093,-6.3508735
C:\Users\Sidath Mendis\Desktop\Reasearch\System-implementation\MaCoDeR\datasets\raw\RAVDESS\Audio_Speech_Actors_01-24\Actor_18\03-01-08-02-02-01-18.wav,surprised,268.79788,0.030358646,-312.06207,31.083096,4.644789,-1.9774547,-5.500324,-7.172913,0.8774589,-12.652686,-13.531674,-8.403602,-10.115032,-6.150232,-6.623394
C:\Users\Sidath Mendis\Desktop\Reasearch\System-implementation\MaCoDeR\datasets\raw\RAVDESS\Audio_Speech_Actors_01-24\Actor_18\03-01-08-02-02-02-18.wav,surprised,275.11655,0.023569023,-312.18073,27.732382,0.06092679,-0.5442567,-6.682875,-1.1666738,3.1117275,-6.3976135,-8.255038,-5.853138,-6.296541,-3.9211464,-4.1809955
C:\Users\Sidath Mendis\Desktop\Reasearch\System-implementation\MaCoDeR\datasets\raw\RAVDESS\Audio_Speech_Actors_01-24\Actor_19\03-01-01-01-01-01-19.wav,neutral,268.54126,0.014136524,-379.72244,77.15668,12.188696,18.508013,7.5342417,7.921147,3.8615196,-2.4131794,-5.8950405,1.0444324,2.149443,-2.0528448,6.510773
C:\Users\Sidath Mendis\Desktop\Reasearch\System-implementation\MaCoDeR\datasets\raw\RAVDESS\Audio_Speech_Actors_01-24\Actor_19\03-01-01-01-01-02-19.wav,neutral,274.72562,0.011690525,-378.3262,78.78551,12.331403,21.444433,8.497773,9.027192,0.8834328,-6.4131846,-8.974746,1.2024002,2.174991,-1.5778726,5.333694
C:\Users\Sidath Mendis\Desktop\Reasearch\System-implementation\MaCoDeR\datasets\raw\RAVDESS\Audio_Speech_Actors_01-24\Actor_19\03-01-01-01-02-01-19.wav,neutral,274.92007,0.020378785,-350.95877,69.116356,12.223127,24.287367,10.615122,11.088133,2.7483995,-2.8110933,-8.260197,4.2461877,3.1495264,-3.034463,5.1521893
C:\Users\Sidath Mendis\Desktop\Reasearch\System-implementation\MaCoDeR\datasets\raw\RAVDESS\Audio_Speech_Actors_01-24\Actor_19\03-01-01-01-02-02-19.wav,neutral,269.9618,0.009979003,-392.15018,62.916454,11.644164,21.798395,7.52853,9.31974,-0.25668293,-6.306032,-8.013033,1.4976586,1.0483441,-3.9194772,4.884594
C:\Users\Sidath Mendis\Desktop\Reasearch\System-implementation\MaCoDeR\datasets\raw\RAVDESS\Audio_Speech_Actors_01-24\Actor_19\03-01-02-01-01-01-19.wav,calm,269.22794,0.01499033,-341.91772,67.32436,26.20381,24.98001,12.7644825,16.556383,0.661605,1.2376854,-0.29616255,2.589937,3.8221893,-0.2751007,0.443615
C:\Users\Sidath Mendis\Desktop\Reasearch\System-implementation\MaCoDeR\datasets\raw\RAVDESS\Audio_Speech_Actors_01-24\Actor_19\03-01-02-01-01-02-19.wav,calm,269.47714,0.014876315,-341.1821,72.78098,24.093513,26.378986,15.054929,13.426864,0.58829445,0.62033087,-4.100813,4.17407,3.671918,0.8955109,0.92062914
C:\Users\Sidath Mendis\Desktop\Reasearch\System-implementation\MaCoDeR\datasets\raw\RAVDESS\Audio_Speech_Actors_01-24\Actor_19\03-01-02-01-02-01-19.wav,calm,275.13828,0.012790295,-359.79938,62.29621,23.084864,28.577156,12.606312,12.887263,4.4254184,-0.48982844,-7.19717,5.2710905,1.6572164,-1.5406872,3.3644729
C:\Users\Sidath Mendis\Desktop\Reasearch\System-implementation\MaCoDeR\datasets\raw\RAVDESS\Audio_Speech_Actors_01-24\Actor_19\03-01-02-01-02-02-19.wav,calm,274.5969,0.011640121,-362.49902,63.72345,26.526838,30.90487,13.457718,16.27805,1.9826422,0.39092508,-0.38138723,6.0422955,7.107824,0.9812658,1.805174
C:\Users\Sidath Mendis\Desktop\Reasearch\System-implementation\MaCoDeR\datasets\raw\RAVDESS\Audio_Speech_Actors_01-24\Actor_19\03-01-02-02-01-01-19.wav,calm,274.712,0.026641864,-306.9499,69.135506,14.75174,19.503649,9.512897,10.719618,-3.6831684,-4.380858,-8.5403805,-3.543768,0.64850813,-8.63365,2.1157131
C:\Users\Sidath Mendis\Desktop\Reasearch\System-implementation\MaCoDeR\datasets\raw\RAVDESS\Audio_Speech_Actors_01-24\Actor_19\03-01-02-02-01-02-19.wav,calm,269.01056,0.011595347,-337.7019,64.41693,18.469643,23.47137,14.807117,12.186271,2.5859842,1.5898062,-2.1111636,2.5951688,0.33378398,-2.5179768,3.5300753
C:\Users\Sidath Mendis\Desktop\Reasearch\System-implementation\MaCoDeR\datasets\raw\RAVDESS\Audio_Speech_Actors_01-24\Actor_19\03-01-02-02-02-01-19.wav,calm,274.71957,0.013241483,-338.14197,61.621437,16.980684,23.538042,13.520003,12.606577,-0.5193693,-4.6754465,-2.5160286,6.177148,3.3582497,-2.3456883,2.3331287
C:\Users\Sidath Mendis\Desktop\Reasearch\System-implementation\MaCoDeR\datasets\raw\RAVDESS\Audio_Speech_Actors_01-24\Actor_19\03-01-02-02-02-02-19.wav,calm,269.11758,0.025948,-327.3186,66.35715,20.432518,25.90258,14.337355,12.698691,-1.7259468,-2.050441,-8.252956,1.1598809,-0.7581997,-2.1705375,3.5550606
C:\Users\Sidath Mendis\Desktop\Reasearch\System-implementation\MaCoDeR\datasets\raw\RAVDESS\Audio_Speech_Actors_01-24\Actor_19\03-01-03-01-01-01-19.wav,happy,274.08112,0.02306931,-309.18512,74.39236,8.322383,11.348933,3.7483194,8.154741,-6.001327,-5.279405,-7.9763975,-1.2269658,5.6431427,-5.6507072,-1.2746401
C:\Users\Sidath Mendis\Desktop\Reasearch\System-implementation\MaCoDeR\datasets\raw\RAVDESS\Audio_Speech_Actors_01-24\Actor_19\03-01-03-01-01-02-19.wav,happy,275.32407,0.011544059,-343.09027,65.76584,7.1538744,17.170687,3.6706777,11.238316,-1.4635777,-3.670237,-4.2807136,-3.2870598,4.2488647,-8.081537,-0.10348425
C:\Users\Sidath Mendis\Desktop\Reasearch\System-implementation\MaCoDeR\datasets\raw\RAVDESS\Audio_Speech_Actors_01-24\Actor_19\03-01-03-01-02-01-19.wav,happy,274.70425,0.012095636,-353.24936,78.132034,15.737865,19.704098,5.811307,17.669943,-2.0204675,-3.310179,-6.1272473,0.2465467,3.3371828,-3.0471013,2.8938239
C:\Users\Sidath Mendis\Desktop\Reasearch\System-implementation\MaCoDeR\datasets\raw\RAVDESS\Audio_Speech_Actors_01-24\Actor_19\03-01-03-01-02-02-19.wav,happy,275.0277,0.01127581,-363.46915,69.5262,3.1824963,18.595871,0.6725024,14.328769,0.106470495,-3.164278,-6.186623,1.9518176,4.695042,-4.903759,3.983675
C:\Users\Sidath Mendis\Desktop\Reasearch\System-implementation\MaCoDeR\datasets\raw\RAVDESS\Audio_Speech_Actors_01-24\Actor_19\03-01-03-02-01-01-19.wav,happy,269.4384,0.006337188,-381.06345,56.514385,8.00578,12.291095,-0.6592068,6.4381247,-4.2525296,-5.8045874,-7.172015,-0.144486,6.475973,-4.6306634,-0.54218346
C:\Users\Sidath Mendis\Desktop\Reasearch\System-implementation\MaCoDeR\datasets\raw\RAVDESS\Audio_Speech_Actors_01-24\Actor_19\03-01-03-02-01-02-19.wav,happy,275.14835,0.018282445,-292.79358,45.32784,-14.858356,2.5537393,-2.5825553,3.4458976,-11.730613,-15.518188,-8.652677,-3.353231,2.3326948,-8.222858,-3.5416863
C:\Users\Sidath Mendis\Desktop\Reasearch\System-implementation\MaCoDeR\datasets\raw\RAVDESS\Audio_Speech_Actors_01-24\Actor_19\03-01-03-02-02-01-19.wav,happy,268.67114,0.008285397,-347.90533,44.479267,-5.1337442,10.619377,-0.9217925,4.399442,-9.489511,-11.718454,-9.245918,-1.5012841,1.5846667,-9.393461,-0.5877884
C:\Users\Sidath Mendis\Desktop\Reasearch\System-implementation\MaCoDeR\datasets\raw\RAVDESS\Audio_Speech_Actors_01-24\Actor_19\03-01-03-02-02-02-19.wav,happy,268.14175,0.023883272,-328.66537,54.197563,13.435555,18.300005,0.98763156,6.3637443,-1.9027038,-2.3356757,-7.2239547,-2.598311,1.6532677,-7.3848715,-1.0984828
C:\Users\Sidath Mendis\Desktop\Reasearch\System-implementation\MaCoDeR\datasets\raw\RAVDESS\Audio_Speech_Actors_01-24\Actor_19\03-01-04-01-01-01-19.wav,sad,275.1725,0.009677519,-365.5268,67.22469,17.92228,18.49784,9.793799,13.589759,7.0026054,-1.6399388,-0.7169006,1.2053944,3.7638078,-0.91945523,4.500657
C:\Users\Sidath Mendis\Desktop\Reasearch\System-implementation\MaCoDeR\datasets\raw\RAVDESS\Audio_Speech_Actors_01-24\Actor_19\03-01-04-01-01-02-19.wav,sad,268.90204,0.017886369,-321.89117,69.81426,17.723703,19.790928,10.562505,15.267722,4.1274705,-4.623531,0.5109153,1.2657983,3.049766,-1.6197205,0.9664009
C:\Users\Sidath Mendis\Desktop\Reasearch\System-implementation\MaCoDeR\datasets\raw\RAVDESS\Audio_Speech_Actors_01-24\Actor_19\03-01-04-01-02-01-19.wav,sad,270.12503,0.010839641,-360.98773,73.40784,9.818447,14.052328,8.829358,14.780569,1.7163357,-9.149678,-2.9311132,6.036691,6.279175,-3.799457,5.985358
C:\Users\Sidath Mendis\Desktop\Reasearch\System-implementation\MaCoDeR\datasets\raw\RAVDESS\Audio_Speech_Actors_01-24\Actor_19\03-01-04-01-02-02-19.wav,sad,275.28455,0.014187003,-363.9484,77.67089,16.079626,22.830599,9.022008,13.979754,4.3485904,-3.4437249,-3.215894,2.078051,6.3492804,-0.53281045,6.028026
C:\Users\Sidath Mendis\Desktop\Reasearch\System-implementation\MaCoDeR\datasets\raw\RAVDESS\Audio_Speech_Actors_01-24\Actor_19\03-01-04-02-01-01-19.wav,sad,274.9594,0.012464738,-349.124,47.095093,3.1827118,14.730712,8.611145,3.370312,-9.21803,-4.8669004,-3.3626409,-6.1321683,-1.9571224,-4.739739,-2.9758427
C:\Users\Sidath Mendis\Desktop\Reasearch\System-implementation\MaCoDeR\datasets\raw\RAVDESS\Audio_Speech_Actors_01-24\Actor_19\03-01-04-02-01-02-19.wav,sad,269.5743,0.0077869683,-372.67545,67.22551,1.5718971,17.73429,8.385168,7.0160203,-5.8679285,-4.749009,-3.7605908,-5.61937,1.3675448,-1.7770036,-2.3987997
C:\Users\Sidath Mendis\Desktop\Reasearch\System-implementation\MaCoDeR\datasets\raw\RAVDESS\Audio_Speech_Actors_01-24\Actor_19\03-01-04-02-02-01-19.wav,sad,269.7836,0.013345394,-338.92633,67.89747,1.6370754,12.935056,4.4544888,7.4641137,-11.544702,-5.503591,-4.029398,-11.448175,-4.908047,-3.1096556,-0.913005
C:\Users\Sidath Mendis\Desktop\Reasearch\System-implementation\MaCoDeR\datasets\raw\RAVDESS\Audio_Speech_Actors_01-24\Actor_19\03-01-04-02-02-02-19.wav,sad,269.9456,0.013990288,-354.2278,68.88659,-1.8606321,15.500684,9.796137,8.231955,-10.699219,-2.7847128,-3.4582884,-10.586457,-0.8615798,-3.8031123,-1.1522776
C:\Users\Sidath Mendis\Desktop\Reasearch\System-implementation\MaCoDeR\datasets\raw\RAVDESS\Audio_Speech_Actors_01-24\Actor_19\03-01-05-01-01-01-19.wav,angry,268.3211,0.007437467,-368.31088,47.986298,-5.806478,12.859312,-0.09204476,-1.0074633,-2.6718624,-4.159374,-9.203556,-3.9634163,4.6946535,-5.433742,-0.08250816
C:\Users\Sidath Mendis\Desktop\Reasearch\System-implementation\MaCoDeR\datasets\raw\RAVDESS\Audio_Speech_Actors_01-24\Actor_19\03-01-05-01-01-02-19.wav,angry,268.97995,0.0036414966,-414.44116,56.743263,-3.77966,16.597496,5.283413,2.7290702,-3.629277,-2.8404536,-8.249214,-0.71704125,6.021835,-6.601495,1.6466789
C:\Users\Sidath Mendis\Desktop\Reasearch\System-implementation\MaCoDeR\datasets\raw\RAVDESS\Audio_Speech_Actors_01-24\Actor_19\03-01-05-01-02-01-19.wav,angry,275.42245,0.0035067918,-421.83176,45.45077,7.311467,14.144736,1.1154839,1.9374492,-4.525714,-6.233552,-6.037747,0.6254522,1.1844153,-6.3650956,2.7289824
C:\Users\Sidath Mendis\Desktop\Reasearch\System-implementation\MaCoDeR\datasets\raw\RAVDESS\Audio_Speech_Actors_01-24\Actor_19\03-01-05-01-02-02-19.wav,angry,275.1203,0.010432432,-357.91324,53.837452,8.056619,17.697256,1.6958222,-0.39242396,-0.8792994,-2.2433078,-10.379378,-2.065263,2.2684884,-7.3525114,0.056687094
C:\Users\Sidath Mendis\Desktop\Reasearch\System-implementation\MaCoDeR\datasets\raw\RAVDESS\Audio_Speech_Actors_01-24\Actor_19\03-01-05-02-01-01-19.wav,angry,274.629,0.0049358592,-400.39636,30.750465,-20.098661,7.260508,-7.3632345,-10.164591,-6.5748363,-2.5392826,-11.707138,-4.1256957,1.8933971,-9.832381,1.3837938
C:\Users\Sidath Mendis\Desktop\Reasearch\System-implementation\MaCoDeR\datasets\raw\RAVDESS\Audio_Speech_Actors_01-24\Actor_19\03-01-05-02-01-02-19.wav,angry,274.92365,0.014859179,-332.29294,33.44112,-35.798573,1.0275841,-17.729235,-12.269427,-7.8326936,-3.2187965,-12.785459,-4.541448,5.625282,-10.893541,-0.31969655
C:\Users\Sidath Mendis\Desktop\Reasearch\System-implementation\MaCoDeR\datasets\raw\RAVDESS\Audio_Speech_Actors_01-24\Actor_19\03-01-05-02-02-01-19.wav,angry,275.43826,0.019503454,-308.05817,28.292267,-33.721745,-2.3927765,-15.855717,-10.578613,-11.115724,-2.957041,-11.549767,-4.4357586,2.9168053,-11.1946335,0.25848135
C:\Users\Sidath Mendis\Desktop\Reasearch\System-implementation\MaCoDeR\datasets\raw\RAVDESS\Audio_Speech_Actors_01-24\Actor_19\03-01-05-02-02-02-19.wav,angry,275.31168,0.006501102,-383.54898,27.947754,-21.580801,9.363354,-7.7175374,-12.304215,-9.229842,-3.6733854,-13.242595,-4.502452,2.7416248,-9.525413,-0.68824315
C:\Users\Sidath Mendis\Desktop\Reasearch\System-implementation\MaCoDeR\datasets\raw\RAVDESS\Audio_Speech_Actors_01-24\Actor_19\03-01-06-01-01-01-19.wav,fearful,275.26254,0.012471602,-341.94995,53.697186,-2.7876976,15.713755,3.3997235,0.42947665,-6.5267167,-8.406367,-5.2088537,-2.6514437,0.9351767,-9.086232,1.4717777
C:\Users\Sidath Mendis\Desktop\Reasearch\System-implementation\MaCoDeR\datasets\raw\RAVDESS\Audio_Speech_Actors_01-24\Actor_19\03-01-06-01-01-02-19.wav,fearful,268.79034,0.012530147,-346.71866,53.971024,3.3631227,13.621786,8.870887,4.7283826,-8.052874,-8.17187,-2.1967168,0.10560615,0.55016494,-2.4648418,0.700264
C:\Users\Sidath Mendis\Desktop\Reasearch\System-implementation\MaCoDeR\datasets\raw\RAVDESS\Audio_Speech_Actors_01-24\Actor_19\03-01-06-01-02-01-19.wav,fearful,269.19305,0.010480532,-348.5303,37.739964,-1.2242054,14.249456,-0.5798748,8.0978565,-8.8985405,-13.757989,-2.7904758,-1.3085241,-2.8050454,-6.686901,0.23091385
C:\Users\Sidath Mendis\Desktop\Reasearch\System-implementation\MaCoDeR\datasets\raw\RAVDESS\Audio_Speech_Actors_01-24\Actor_19\03-01-06-01-02-02-19.wav,fearful,269.33737,0.011597712,-370.03976,56.693207,14.16307,20.68129,5.5985985,9.607708,-3.515335,-8.629576,-2.6955059,2.2635143,-0.2628231,-3.8181028,3.0980313
C:\Users\Sidath Mendis\Desktop\Reasearch\System-implementation\MaCoDeR\datasets\raw\RAVDESS\Audio_Speech_Actors_01-24\Actor_19\03-01-06-02-01-01-19.wav,fearful,274.03845,0.012477455,-330.3289,42.980167,-32.8679,4.5906277,-4.9839582,-3.6056643,-19.530746,-14.279506,-13.213704,-8.078819,3.845111,-15.884318,1.8152052
C:\Users\Sidath Mendis\Desktop\Reasearch\System-implementation\MaCoDeR\datasets\raw\RAVDESS\Audio_Speech_Actors_01-24\Actor_19\03-01-06-02-01-02-19.wav,fearful,274.02637,0.013778554,-352.94354,13.98749,-25.79474,-0.5675069,-13.151172,-9.664351,-17.374819,-16.185963,-8.834062,-4.984042,-2.60371,0.9205708,2.7866793
C:\Users\Sidath Mendis\Desktop\Reasearch\System-implementation\MaCoDeR\datasets\raw\RAVDESS\Audio_Speech_Actors_01-24\Actor_19\03-01-06-02-02-01-19.wav,fearful,278.8149,0.005568159,-393.5475,18.374693,-18.822193,-2.769065,-13.273498,-2.840079,-11.864756,-12.179541,-2.925362,-3.9706972,-2.216871,-5.1831684,6.2745137
C:\Users\Sidath Mendis\Desktop\Reasearch\System-implementation\MaCoDeR\datasets\raw\RAVDESS\Audio_Speech_Actors_01-24\Actor_19\03-01-06-02-02-02-19.wav,fearful,283.05652,0.010690368,-338.24265,23.5916,-23.464869,2.6500213,-9.310787,-2.4989939,-14.611822,-17.830303,-4.31773,-1.5379423,-0.0914717,-5.634999,5.4742837
C:\Users\Sidath Mendis\Desktop\Reasearch\System-implementation\MaCoDeR\datasets\raw\RAVDESS\Audio_Speech_Actors_01-24\Actor_19\03-01-07-01-01-01-19.wav,disgust,270.29474,0.002505657,-407.2425,70.55179,13.21813,20.108461,-3.5324516,3.0900922,-6.042664,-8.805467,-2.7453642,-7.381831,2.961526,-4.5519934,2.411616
C:\Users\Sidath Mendis\Desktop\Reasearch\System-implementation\MaCoDeR\datasets\raw\RAVDESS\Audio_Speech_Actors_01-24\Actor_19\03-01-07-01-01-02-19.wav,disgust,268.8449,0.008249785,-322.61176,73.9217,3.0044436,9.20349,-2.6038725,4.661634,-5.565025,-13.245228,-1.9621764,-3.9715781,1.5371783,-5.619384,3.5524902
C:\Users\Sidath Mendis\Desktop\Reasearch\System-implementation\MaCoDeR\datasets\raw\RAVDESS\Audio_Speech_Actors_01-24\Actor_19\03-01-07-01-02-01-19.wav,disgust,274.92245,0.0057635778,-342.98682,61.937065,10.454112,15.238346,-0.9374378,7.5869946,-7.072657,-9.415427,-3.6534314,0.92338175,0.33872667,-5.3292747,4.277948
C:\Users\Sidath Mendis\Desktop\Reasearch\System-implementation\MaCoDeR\datasets\raw\RAVDESS\Audio_Speech_Actors_01-24\Actor_19\03-01-07-01-02-02-19.wav,disgust,274.3193,0.008688451,-369.5737,47.951584,3.7413342,9.859425,-9.253013,4.412754,-8.412171,-10.120081,-4.2375984,-4.373463,1.30666,-7.2366548,0.61518395
C:\Users\Sidath Mendis\Desktop\Reasearch\System-implementation\MaCoDeR\datasets\raw\RAVDESS\Audio_Speech_Actors_01-24\Actor_19\03-01-07-02-01-01-19.wav,disgust,274.8608,0.014330638,-319.29068,38.655663,4.1223936,10.077127,-2.829539,-0.4689749,-5.9358616,-11.744132,-8.169707,-10.245455,0.24084884,-5.719638,-5.722469
C:\Users\Sidath Mendis\Desktop\Reasearch\System-implementation\MaCoDeR\datasets\raw\RAVDESS\Audio_Speech_Actors_01-24\Actor_19\03-01-07-02-01-02-19.wav,disgust,269.1131,0.00613285,-321.8509,27.427088,-11.273849,7.746213,-12.376985,-5.101375,-10.368076,-10.745537,-7.3626604,-8.93566,-1.4785202,-5.7350044,-4.1488557
C:\Users\Sidath Mendis\Desktop\Reasearch\System-implementation\MaCoDeR\datasets\raw\RAVDESS\Audio_Speech_Actors_01-24\Actor_19\03-01-07-02-02-01-19.wav,disgust,274.41553,0.010460859,-328.3125,6.4564013,-3.9966443,2.396689,-23.25739,-0.10892508,-10.391572,-15.024605,-6.507033,-4.929522,-2.9989989,-3.1663778,-2.8523488
C:\Users\Sidath Mendis\Desktop\Reasearch\System-implementation\MaCoDeR\datasets\raw\RAVDESS\Audio_Speech_Actors_01-24\Actor_19\03-01-07-02-02-02-19.wav,disgust,269.87817,0.011842148,-331.41968,42.560097,1.01752,13.702183,-0.37390172,-1.8548248,-2.5859187,-4.931312,-8.516481,-3.6068082,3.311025,-6.090023,-1.768051
C:\Users\Sidath Mendis\Desktop\Reasearch\System-implementation\MaCoDeR\datasets\raw\RAVDESS\Audio_Speech_Actors_01-24\Actor_19\03-01-08-01-01-01-19.wav,surprised,275.0348,0.008212775,-377.48026,72.99359,10.064394,17.445616,5.805036,6.9497986,-1.6157025,-8.050133,-7.6615696,-3.2846577,-0.68942434,-5.637568,1.1468227
C:\Users\Sidath Mendis\Desktop\Reasearch\System-implementation\MaCoDeR\datasets\raw\RAVDESS\Audio_Speech_Actors_01-24\Actor_19\03-01-08-01-01-02-19.wav,surprised,269.34088,0.013388888,-337.3807,78.7864,2.3922932,8.779392,-0.5261534,3.9145699,-3.8181686,-10.349933,-5.101916,-6.318324,1.3437754,-4.130209,1.8805526
C:\Users\Sidath Mendis\Desktop\Reasearch\System-implementation\MaCoDeR\datasets\raw\RAVDESS\Audio_Speech_Actors_01-24\Actor_19\03-01-08-01-02-01-19.wav,surprised,268.78958,0.011624695,-341.87964,72.99152,11.900956,24.883938,1.6417639,4.494987,1.5281141,-8.164683,-1.4110131,3.691122,0.28295115,-4.851383,2.983527
C:\Users\Sidath Mendis\Desktop\Reasearch\System-implementation\MaCoDeR\datasets\raw\RAVDESS\Audio_Speech_Actors_01-24\Actor_19\03-01-08-01-02-02-19.wav,surprised,275.26273,0.01031815,-399.77795,67.081535,18.314056,21.004875,5.2894516,7.817584,5.379812,-2.2679353,-4.1002703,2.317279,4.181061,-1.7214881,5.420078
C:\Users\Sidath Mendis\Desktop\Reasearch\System-implementation\MaCoDeR\datasets\raw\RAVDESS\Audio_Speech_Actors_01-24\Actor_19\03-01-08-02-01-01-19.wav,surprised,273.70187,0.0085520735,-357.15714,58.16398,3.454552,10.492102,0.53769773,1.2668957,-4.8831773,-12.4969845,-5.848928,-7.0708275,-2.6089396,-6.1435876,0.55865324
C:\Users\Sidath Mendis\Desktop\Reasearch\System-implementation\MaCoDeR\datasets\raw\RAVDESS\Audio_Speech_Actors_01-24\Actor_19\03-01-08-02-01-02-19.wav,surprised,274.67465,0.008528181,-356.04016,53.43414,-2.1927023,13.196092,3.6094959,1.2126046,-8.423932,-13.740657,-9.800324,-3.3352277,0.05778263,-8.794668,2.3004115
C:\Users\Sidath Mendis\Desktop\Reasearch\System-implementation\MaCoDeR\datasets\raw\RAVDESS\Audio_Speech_Actors_01-24\Actor_19\03-01-08-02-02-01-19.wav,surprised,274.6785,0.0055323495,-398.0161,68.545105,5.8287153,16.088617,2.6470904,1.6866608,-1.7424053,-6.6866264,-2.1180472,0.08753423,-0.721611,-5.5155416,3.7212572
C:\Users\Sidath Mendis\Desktop\Reasearch\System-implementation\MaCoDeR\datasets\raw\RAVDESS\Audio_Speech_Actors_01-24\Actor_19\03-01-08-02-02-02-19.wav,surprised,275.53165,0.010516116,-370.41776,59.485302,14.303701,17.203342,1.4268253,8.966416,0.80214953,-5.766179,-0.8290271,-1.3970664,2.2625089,-4.8890305,2.2767873
C:\Users\Sidath Mendis\Desktop\Reasearch\System-implementation\MaCoDeR\datasets\raw\RAVDESS\Audio_Speech_Actors_01-24\Actor_20\03-01-01-01-01-01-20.wav,neutral,274.55173,0.016610589,-333.73312,35.54762,-6.022683,7.942269,-6.150259,-6.971257,-7.0630217,-11.555156,-4.8777714,-4.6736703,-2.1677945,-6.6348276,-4.307182
C:\Users\Sidath Mendis\Desktop\Reasearch\System-implementation\MaCoDeR\datasets\raw\RAVDESS\Audio_Speech_Actors_01-24\Actor_20\03-01-01-01-01-02-20.wav,neutral,274.4255,0.011572808,-369.8276,35.002117,-7.6716857,9.358681,-6.6919675,-9.426923,-6.437806,-12.181663,-5.5207787,-4.0778794,-5.0065665,-4.896059,-5.760537
C:\Users\Sidath Mendis\Desktop\Reasearch\System-implementation\MaCoDeR\datasets\raw\RAVDESS\Audio_Speech_Actors_01-24\Actor_20\03-01-01-01-02-01-20.wav,neutral,273.80847,0.00838269,-398.76685,39.942905,-1.6782697,7.223198,-4.634714,-6.3276267,-6.674175,-11.066922,-4.1365056,-3.850264,-4.059075,-5.652624,-4.3996983
C:\Users\Sidath Mendis\Desktop\Reasearch\System-implementation\MaCoDeR\datasets\raw\RAVDESS\Audio_Speech_Actors_01-24\Actor_20\03-01-01-01-02-02-20.wav,neutral,274.76428,0.007953853,-391.92667,32.52046,-5.224922,6.45404,-5.543656,-8.129784,-7.8165627,-12.571192,-3.7953355,-4.843219,-3.8683734,-5.6576858,-4.462495
C:\Users\Sidath Mendis\Desktop\Reasearch\System-implementation\MaCoDeR\datasets\raw\RAVDESS\Audio_Speech_Actors_01-24\Actor_20\03-01-02-01-01-01-20.wav,calm,274.8982,0.016764624,-339.4409,35.024326,-6.144309,11.189781,-3.743044,-7.731188,-8.974464,-11.212101,-4.724712,-5.155792,-3.0792606,-7.415829,-3.0577977
C:\Users\Sidath Mendis\Desktop\Reasearch\System-implementation\MaCoDeR\datasets\raw\RAVDESS\Audio_Speech_Actors_01-24\Actor_20\03-01-02-01-01-02-20.wav,calm,275.25302,0.011249224,-361.21317,32.44693,-6.7139907,6.684239,-4.769312,-5.83923,-9.006455,-10.979172,-6.628823,-4.447314,-5.28142,-9.05754,-4.2363715
C:\Users\Sidath Mendis\Desktop\Reasearch\System-implementation\MaCoDeR\datasets\raw\RAVDESS\Audio_Speech_Actors_01-24\Actor_20\03-01-02-01-02-01-20.wav,calm,269.92426,0.011105055,-352.07883,35.418686,3.5164974,7.559879,-0.33657327,-1.5695112,-7.271126,-10.071697,-7.4777493,-4.1658607,-5.3041677,-5.3642874,-3.8137522
C:\Users\Sidath Mendis\Desktop\Reasearch\System-implementation\MaCoDeR\datasets\raw\RAVDESS\Audio_Speech_Actors_01-24\Actor_20\03-01-02-01-02-02-20.wav,calm,274.48602,0.01627137,-337.5677,34.851734,2.8157504,6.904305,-1.4044151,-4.3676353,-6.735886,-10.346631,-4.00165,-4.390563,-2.6138835,-6.8828335,-3.0951371
C:\Users\Sidath Mendis\Desktop\Reasearch\System-implementation\MaCoDeR\datasets\raw\RAVDESS\Audio_Speech_Actors_01-24\Actor_20\03-01-02-02-01-01-20.wav,calm,275.44864,0.017019125,-334.28497,42.34107,-2.5309715,10.536536,-1.9172186,-5.621394,-8.272224,-9.560358,-4.5549126,-5.556112,-4.464181,-3.8888733,-3.089176
C:\Users\Sidath Mendis\Desktop\Reasearch\System-implementation\MaCoDeR\datasets\raw\RAVDESS\Audio_Speech_Actors_01-24\Actor_20\03-01-02-02-01-02-20.wav,calm,274.8439,0.020023592,-307.93616,40.67369,-3.205063,15.063767,-0.2810095,-4.9361095,-5.370555,-10.663362,-5.2482457,-3.7326784,-4.979527,-6.6168227,-3.4013388
C:\Users\Sidath Mendis\Desktop\Reasearch\System-implementation\MaCoDeR\datasets\raw\RAVDESS\Audio_Speech_Actors_01-24\Actor_20\03-01-02-02-02-01-20.wav,calm,273.50723,0.016143268,-323.67896,41.26715,2.3186638,10.46621,-0.7968003,-3.9531405,-7.9993043,-11.103648,-3.5931778,-1.073694,-4.393924,-4.9376674,-3.401065
C:\Users\Sidath Mendis\Desktop\Reasearch\System-implementation\MaCoDeR\datasets\raw\RAVDESS\Audio_Speech_Actors_01-24\Actor_20\03-01-02-02-02-02-20.wav,calm,275.0593,0.023389554,-319.26642,32.293472,1.1860747,9.396781,-4.2699275,-3.7131581,-6.2824287,-10.420859,-6.607031,-2.972279,-5.8717523,-7.808585,-4.529826
C:\Users\Sidath Mendis\Desktop\Reasearch\System-implementation\MaCoDeR\datasets\raw\RAVDESS\Audio_Speech_Actors_01-24\Actor_20\03-01-03-01-01-01-20.wav,happy,273.99744,0.005950088,-410.9715,34.408527,-14.771352,3.932292,-8.077449,-12.511956,-6.8386197,-15.844431,-9.628416,-4.7358203,-10.0943365,-1.3581771,-9.728367
C:\Users\Sidath Mendis\Desktop\Reasearch\System-implementation\MaCoDeR\datasets\raw\RAVDESS\Audio_Speech_Actors_01-24\Actor_20\03-01-03-01-01-02-20.wav,happy,274.27884,0.011733005,-376.3819,33.54848,-13.271027,1.9080346,-8.341204,-11.790523,-5.8470106,-15.826535,-5.65948,-8.911412,-4.5070634,-3.0241504,-9.143473
C:\Users\Sidath Mendis\Desktop\Reasearch\System-implementation\MaCoDeR\datasets\raw\RAVDESS\Audio_Speech_Actors_01-24\Actor_20\03-01-03-01-02-01-20.wav,happy,274.9244,0.0078032915,-392.30417,37.42071,-2.451222,10.417361,-3.482464,-5.3692355,-8.344805,-14.070186,-7.192082,-7.9006257,-7.86629,-3.0695734,-7.3869085
C:\Users\Sidath Mendis\Desktop\Reasearch\System-implementation\MaCoDeR\datasets\raw\RAVDESS\Audio_Speech_Actors_01-24\Actor_20\03-01-03-01-02-02-20.wav,happy,275.61438,0.011208036,-387.11905,27.615295,-13.983659,-1.56228,-5.7161474,-10.465156,-8.6013565,-17.099241,-7.765977,-7.1159916,-5.6261086,-0.833383,-7.872592
C:\Users\Sidath Mendis\Desktop\Reasearch\System-implementation\MaCoDeR\datasets\raw\RAVDESS\Audio_Speech_Actors_01-24\Actor_20\03-01-03-02-01-01-20.wav,happy,274.7067,0.010950401,-389.2983,27.48666,-34.084827,-3.5412781,-17.587187,-18.483433,-10.359675,-17.461155,-10.396801,-2.9474394,-12.058153,-1.8556167,-9.410997
C:\Users\Sidath Mendis\Desktop\Reasearch\System-implementation\MaCoDeR\datasets\raw\RAVDESS\Audio_Speech_Actors_01-24\Actor_20\03-01-03-02-01-02-20.wav,happy,273.4902,0.010274538,-330.9156,31.332003,-36.66193,-2.5267746,-16.020794,-20.133307,-10.0673895,-21.066883,-11.018093,-6.540895,-14.631471,1.1334414,-4.1200266
C:\Users\Sidath Mendis\Desktop\Reasearch\System-implementation\MaCoDeR\datasets\raw\RAVDESS\Audio_Speech_Actors_01-24\Actor_20\03-01-03-02-02-01-20.wav,happy,274.62485,0.0075496943,-394.75305,22.779184,-27.78159,-2.4766428,-15.722082,-15.869232,-14.93059,-16.87676,-7.8204336,-3.1334012,-3.393986,-1.086894,-2.7694933
C:\Users\Sidath Mendis\Desktop\Reasearch\System-implementation\MaCoDeR\datasets\raw\RAVDESS\Audio_Speech_Actors_01-24\Actor_20\03-01-03-02-02-02-20.wav,happy,269.45303,0.011747451,-355.34872,10.282397,-31.424145,-14.007899,-16.701633,-18.26779,-12.180179,-16.12798,-7.386584,1.4613156,3.919154,12.931555,5.8200064
C:\Users\Sidath Mendis\Desktop\Reasearch\System-implementation\MaCoDeR\datasets\raw\RAVDESS\Audio_Speech_Actors_01-24\Actor_20\03-01-04-01-01-01-20.wav,sad,273.921,0.009279472,-322.74225,41.678886,-9.606701,11.924766,-6.8336353,-2.2697728,-9.544798,-17.103355,-5.689906,-4.280839,-6.6698976,-5.111858,-3.0374913
C:\Users\Sidath Mendis\Desktop\Reasearch\System-implementation\MaCoDeR\datasets\raw\RAVDESS\Audio_Speech_Actors_01-24\Actor_20\03-01-04-01-01-02-20.wav,sad,274.49545,0.01272844,-337.8753,42.25891,-2.2459486,12.443267,-2.3016818,2.7046154,-8.481027,-8.499539,-6.8461833,-3.1491206,-4.0226097,-5.0580087,0.1925289
C:\Users\Sidath Mendis\Desktop\Reasearch\System-implementation\MaCoDeR\datasets\raw\RAVDESS\Audio_Speech_Actors_01-24\Actor_20\03-01-04-01-02-01-20.wav,sad,275.69125,0.012809693,-336.50073,39.45842,0.11079407,9.741202,-2.2791443,2.1098502,-5.1756215,-12.984359,-3.8202262,-1.7401009,-3.3669636,-3.5169377,-2.1583314
C:\Users\Sidath Mendis\Desktop\Reasearch\System-implementation\MaCoDeR\datasets\raw\RAVDESS\Audio_Speech_Actors_01-24\Actor_20\03-01-04-01-02-02-20.wav,sad,275.26706,0.013011663,-324.60812,44.76906,-1.8909976,13.641996,-0.08262383,5.293716,-6.8629403,-14.351247,-8.375112,-0.114325576,-3.0374506,-5.5562415,-2.840405
C:\Users\Sidath Mendis\Desktop\Reasearch\System-implementation\MaCoDeR\datasets\raw\RAVDESS\Audio_Speech_Actors_01-24\Actor_20\03-01-04-02-01-01-20.wav,sad,274.33554,0.010885435,-368.07532,42.334236,-11.874656,8.760903,-2.513677,-14.843212,-11.375773,-17.029959,-12.100386,-3.2925987,-9.500822,-0.27100274,-5.134672
C:\Users\Sidath Mendis\Desktop\Reasearch\System-implementation\MaCoDeR\datasets\raw\RAVDESS\Audio_Speech_Actors_01-24\Actor_20\03-01-04-02-01-02-20.wav,sad,269.48923,0.010049409,-345.82794,25.881426,-31.882252,-4.438725,-10.472032,-24.525002,-11.578903,-19.889175,-22.445848,-0.75327337,-14.098102,-0.5746282,-0.10503217
C:\Users\Sidath Mendis\Desktop\Reasearch\System-implementation\MaCoDeR\datasets\raw\RAVDESS\Audio_Speech_Actors_01-24\Actor_20\03-01-04-02-02-01-20.wav,sad,274.74484,0.019323772,-351.65372,36.54797,-2.5585475,2.0887022,-4.0135183,-10.808273,-12.337747,-16.72845,-12.153149,-2.8295627,-10.164288,-0.63681126,-4.117458
C:\Users\Sidath Mendis\Desktop\Reasearch\System-implementation\MaCoDeR\datasets\raw\RAVDESS\Audio_Speech_Actors_01-24\Actor_20\03-01-04-02-02-02-20.wav,sad,274.15268,0.008091321,-384.22488,25.805256,-28.759981,-4.4782066,-13.203758,-23.170145,-15.342789,-17.67038,-23.7524,-1.3071365,-8.108771,-2.7471337,-0.40426388
C:\Users\Sidath Mendis\Desktop\Reasearch\System-implementation\MaCoDeR\datasets\raw\RAVDESS\Audio_Speech_Actors_01-24\Actor_20\03-01-05-01-01-01-20.wav,angry,274.92654,0.008752516,-388.58615,35.305687,-2.1395125,4.4882774,-4.3577514,-3.581421,-5.334899,-11.133236,-5.956143,-7.668054,-2.854256,-3.8021715,-6.8896904
C:\Users\Sidath Mendis\Desktop\Reasearch\System-implementation\MaCoDeR\datasets\raw\RAVDESS\Audio_Speech_Actors_01-24\Actor_20\03-01-05-01-01-02-20.wav,angry,274.8256,0.008462326,-380.45837,27.2024,-10.663376,-4.0691085,-9.579174,-7.151254,-5.5385604,-12.176258,-8.965185,-6.5626283,-5.3581176,-4.1356936,-8.40884
C:\Users\Sidath Mendis\Desktop\Reasearch\System-implementation\MaCoDeR\datasets\raw\RAVDESS\Audio_Speech_Actors_01-24\Actor_20\03-01-05-01-02-01-20.wav,angry,275.24536,0.010428828,-374.38724,29.067953,-14.885405,5.4605374,-9.839305,-8.342687,-11.442345,-15.2401085,-7.3173122,-4.1612234,-3.883259,-2.5466647,-6.53667
C:\Users\Sidath Mendis\Desktop\Reasearch\System-implementation\MaCoDeR\datasets\raw\RAVDESS\Audio_Speech_Actors_01-24\Actor_20\03-01-05-01-02-02-20.wav,angry,274.76987,0.0074316333,-358.54135,31.810797,-22.78809,-4.722716,-12.351964,-15.021381,-12.539618,-17.151907,-10.3085785,-6.2061777,-5.255491,-6.462373,-10.526881
C:\Users\Sidath Mendis\Desktop\Reasearch\System-implementation\MaCoDeR\datasets\raw\RAVDESS\Audio_Speech_Actors_01-24\Actor_20\03-01-05-02-01-01-20.wav,angry,274.8516,0.0050182785,-355.12476,32.06393,-11.780366,11.589545,-13.965401,-9.6151,-6.6471143,-15.024161,-6.4743214,-7.271001,-5.890027,-2.2694185,-5.98047
C:\Users\Sidath Mendis\Desktop\Reasearch\System-implementation\MaCoDeR\datasets\raw\RAVDESS\Audio_Speech_Actors_01-24\Actor_20\03-01-05-02-01-02-20.wav,angry,275.0253,0.01055459,-361.07703,20.357243,-26.542664,-8.855534,-20.563606,-18.640947,-8.611228,-13.854032,-7.0043015,-2.8904357,-3.332778,0.24253239,-7.19135
C:\Users\Sidath Mendis\Desktop\Reasearch\System-implementation\MaCoDeR\datasets\raw\RAVDESS\Audio_Speech_Actors_01-24\Actor_20\03-01-05-02-02-01-20.wav,angry,274.7477,0.014114515,-332.90372,20.409542,-24.743662,-12.518737,-15.651567,-15.802431,-6.951442,-10.635042,-7.466793,-5.0746937,-3.8230314,-4.884598,-3.8841443
C:\Users\Sidath Mendis\Desktop\Reasearch\System-implementation\MaCoDeR\datasets\raw\RAVDESS\Audio_Speech_Actors_01-24\Actor_20\03-01-05-02-02-02-20.wav,angry,275.56,0.008057616,-369.10474,21.334826,-10.114379,6.5075846,-10.935031,-5.633426,-8.835559,-14.495771,-7.687582,-8.649399,-5.2989783,-5.6796784,-7.9349885
C:\Users\Sidath Mendis\Desktop\Reasearch\System-implementation\MaCoDeR\datasets\raw\RAVDESS\Audio_Speech_Actors_01-24\Actor_20\03-01-06-01-01-01-20.wav,fearful,269.30386,0.013442176,-359.3645,26.909386,-5.6764984,4.625255,-6.4992805,-9.896238,-9.0224495,-11.170865,-3.7889397,-5.230501,-6.7182446,-1.9605715,-5.8386936
C:\Users\Sidath Mendis\Desktop\Reasearch\System-implementation\MaCoDeR\datasets\raw\RAVDESS\Audio_Speech_Actors_01-24\Actor_20\03-01-06-01-01-02-20.wav,fearful,274.26523,0.014260246,-375.60052,26.380516,-7.190038,2.6832547,-5.7247295,-12.158397,-9.297319,-13.688541,-1.8686452,-6.5472546,-7.5762744,-0.87902176,-7.062283
C:\Users\Sidath Mendis\Desktop\Reasearch\System-implementation\MaCoDeR\datasets\raw\RAVDESS\Audio_Speech_Actors_01-24\Actor_20\03-01-06-01-02-01-20.wav,fearful,274.56754,0.007961329,-401.3989,24.323196,-0.40146205,7.704156,-2.033859,-4.1513834,-12.629107,-13.451913,-0.18576875,-4.3850436,-5.9079857,-4.7544236,-3.30434
C:\Users\Sidath Mendis\Desktop\Reasearch\System-implementation\MaCoDeR\datasets\raw\RAVDESS\Audio_Speech_Actors_01-24\Actor_20\03-01-06-01-02-02-20.wav,fearful,274.51413,0.024843575,-319.5847,36.758694,-1.4255735,10.815437,-4.25378,-6.8310337,-14.415073,-17.199429,-3.3319023,-4.564997,-7.6657166,-2.136362,-4.639679
C:\Users\Sidath Mendis\Desktop\Reasearch\System-implementation\MaCoDeR\datasets\raw\RAVDESS\Audio_Speech_Actors_01-24\Actor_20\03-01-06-02-01-01-20.wav,fearful,274.8414,0.01254115,-334.94556,27.353868,-35.878235,-6.460085,-15.599998,-14.640551,-8.840479,-16.646618,-2.9034858,-0.8545433,-6.354802,2.3290884,0.46815598
C:\Users\Sidath Mendis\Desktop\Reasearch\System-implementation\MaCoDeR\datasets\raw\RAVDESS\Audio_Speech_Actors_01-24\Actor_20\03-01-06-02-01-02-20.wav,fearful,268.53024,0.013637559,-291.00806,23.297575,-39.68282,-12.729726,-22.555912,-15.028671,-10.055991,-21.065582,-5.627685,2.6493886,-8.437782,7.237745,1.6966295
C:\Users\Sidath Mendis\Desktop\Reasearch\System-implementation\MaCoDeR\datasets\raw\RAVDESS\Audio_Speech_Actors_01-24\Actor_20\03-01-06-02-02-01-20.wav,fearful,274.3792,0.015010553,-369.81506,17.98975,-34.80822,-19.066021,-15.570872,-19.657446,-11.063187,-12.256654,-3.128854,0.6911188,1.5212909,-1.1974411,-6.0054493
C:\Users\Sidath Mendis\Desktop\Reasearch\System-implementation\MaCoDeR\datasets\raw\RAVDESS\Audio_Speech_Actors_01-24\Actor_20\03-01-06-02-02-02-20.wav,fearful,274.46262,0.016097277,-337.61914,9.739462,-23.762585,-12.000756,-14.014739,-13.600858,-9.955665,-14.172215,-5.490282,5.2278333,2.734432,12.879958,5.1622696
C:\Users\Sidath Mendis\Desktop\Reasearch\System-implementation\MaCoDeR\datasets\raw\RAVDESS\Audio_Speech_Actors_01-24\Actor_20\03-01-07-01-01-01-20.wav,disgust,274.8066,0.00848707,-372.7183,39.661736,-7.9005246,1.3174214,-7.5296135,-8.056024,-8.008975,-11.600614,-7.775033,-2.613551,-6.3541822,-5.482718,-3.2563305
C:\Users\Sidath Mendis\Desktop\Reasearch\System-implementation\MaCoDeR\datasets\raw\RAVDESS\Audio_Speech_Actors_01-24\Actor_20\03-01-07-01-01-02-20.wav,disgust,269.7631,0.010031714,-326.23495,57.402634,-5.8549075,3.6853337,-3.2249453,-8.471834,-10.205029,-6.967835,-0.5742542,-2.3423226,-4.0726604,-2.8214192,-1.9535031
C:\Users\Sidath Mendis\Desktop\Reasearch\System-implementation\MaCoDeR\datasets\raw\RAVDESS\Audio_Speech_Actors_01-24\Actor_20\03-01-07-01-02-01-20.wav,disgust,275.4362,0.015924864,-353.09198,41.217934,3.1859267,1.0049275,-3.9418118,-3.2899575,-9.494142,-10.740679,-4.17024,-5.2172894,-5.839829,-5.754578,-2.3729646
C:\Users\Sidath Mendis\Desktop\Reasearch\System-implementation\MaCoDeR\datasets\raw\RAVDESS\Audio_Speech_Actors_01-24\Actor_20\03-01-07-01-02-02-20.wav,disgust,274.5439,0.013523421,-331.59534,36.407215,2.4992373,0.6931698,-3.6331728,-7.3780003,-13.95176,-11.922803,-5.4231005,-5.844708,-7.4196453,-5.250023,-4.707231
C:\Users\Sidath Mendis\Desktop\Reasearch\System-implementation\MaCoDeR\datasets\raw\RAVDESS\Audio_Speech_Actors_01-24\Actor_20\03-01-07-02-01-01-20.wav,disgust,274.96964,0.008542419,-368.41022,36.132797,-0.019421594,3.061274,-7.6875153,-7.4593773,-6.7287154,-10.855754,-11.11746,-2.3004274,-5.448659,-6.066709,-2.5772433
C:\Users\Sidath Mendis\Desktop\Reasearch\System-implementation\MaCoDeR\datasets\raw\RAVDESS\Audio_Speech_Actors_01-24\Actor_20\03-01-07-02-01-02-20.wav,disgust,275.19443,0.0058382493,-407.82672,25.344883,-7.6191435,0.16359214,-6.323228,-9.356351,-7.489069,-9.378301,-7.350108,-5.5220237,-4.904649,-2.9893372,-5.6170535
C:\Users\Sidath Mendis\Desktop\Reasearch\System-implementation\MaCoDeR\datasets\raw\RAVDESS\Audio_Speech_Actors_01-24\Actor_20\03-01-07-02-02-01-20.wav,disgust,269.33237,0.012010027,-366.31302,17.590826,-6.5091066,-11.442612,-10.626551,-11.461066,-14.088863,-13.5134945,-10.363774,-3.1208887,-8.715494,-9.468601,-4.4030867
C:\Users\Sidath Mendis\Desktop\Reasearch\System-implementation\MaCoDeR\datasets\raw\RAVDESS\Audio_Speech_Actors_01-24\Actor_20\03-01-07-02-02-02-20.wav,disgust,274.908,0.012242014,-325.32492,32.994755,-10.199847,-9.196613,-13.171097,-7.6060286,-9.206812,-15.677617,-12.207046,-3.9025764,-6.874881,-9.534216,-7.6598363
C:\Users\Sidath Mendis\Desktop\Reasearch\System-implementation\MaCoDeR\datasets\raw\RAVDESS\Audio_Speech_Actors_01-24\Actor_20\03-01-08-01-01-01-20.wav,surprised,274.57,0.012151783,-371.19254,32.601078,-16.753366,4.9764066,-6.875793,-7.7217913,-9.387773,-15.873527,-5.60183,-5.0806265,-6.667914,-3.0568776,-5.296223
C:\Users\Sidath Mendis\Desktop\Reasearch\System-implementation\MaCoDeR\datasets\raw\RAVDESS\Audio_Speech_Actors_01-24\Actor_20\03-01-08-01-01-02-20.wav,surprised,274.20786,0.007928749,-377.15094,38.62264,-13.848334,3.095492,-7.6684823,-10.693735,-7.953488,-12.658571,-7.7791924,-6.30207,-5.721815,-5.661475,-5.821154
C:\Users\Sidath Mendis\Desktop\Reasearch\System-implementation\MaCoDeR\datasets\raw\RAVDESS\Audio_Speech_Actors_01-24\Actor_20\03-01-08-01-02-01-20.wav,surprised,274.73892,0.006431185,-417.09912,34.360626,-10.023997,2.2621698,-5.1408863,-3.7022226,-10.1130085,-13.919273,-5.329112,-3.939004,-6.058764,-4.667788,-3.5296917
C:\Users\Sidath Mendis\Desktop\Reasearch\System-implementation\MaCoDeR\datasets\raw\RAVDESS\Audio_Speech_Actors_01-24\Actor_20\03-01-08-01-02-02-20.wav,surprised,274.87354,0.013200958,-384.5666,37.35937,-14.8735285,4.387552,-8.966157,-7.5625505,-9.875605,-16.452967,-2.3112226,-6.6937885,-4.897814,-4.093295,-0.9178707
C:\Users\Sidath Mendis\Desktop\Reasearch\System-implementation\MaCoDeR\datasets\raw\RAVDESS\Audio_Speech_Actors_01-24\Actor_20\03-01-08-02-01-01-20.wav,surprised,275.0032,0.011356712,-333.41214,33.53713,-22.894012,1.3118414,-14.458569,-13.20324,-9.766086,-16.279686,-8.406198,-5.2869577,-10.154553,-4.6355915,-3.9562495
C:\Users\Sidath Mendis\Desktop\Reasearch\System-implementation\MaCoDeR\datasets\raw\RAVDESS\Audio_Speech_Actors_01-24\Actor_20\03-01-08-02-01-02-20.wav,surprised,274.23737,0.008697322,-395.87344,39.609787,-16.560135,1.4690542,-11.140989,-9.155741,-9.520964,-16.308973,-8.225519,-7.275749,-7.4385314,-5.741406,-6.670028
C:\Users\Sidath Mendis\Desktop\Reasearch\System-implementation\MaCoDeR\datasets\raw\RAVDESS\Audio_Speech_Actors_01-24\Actor_20\03-01-08-02-02-01-20.wav,surprised,269.26428,0.011557665,-313.9279,32.771957,-25.746126,2.8428445,-8.916679,-9.610416,-9.263018,-22.2606,-13.259587,-3.6816766,-13.249469,-6.624545,-6.3879347
C:\Users\Sidath Mendis\Desktop\Reasearch\System-implementation\MaCoDeR\datasets\raw\RAVDESS\Audio_Speech_Actors_01-24\Actor_20\03-01-08-02-02-02-20.wav,surprised,275.16275,0.013819,-352.94717,33.127747,-17.43268,3.7646346,-6.836936,-6.8433313,-10.605316,-17.50824,-4.1711884,-3.9833272,-8.670634,-5.222464,-5.900334
C:\Users\Sidath Mendis\Desktop\Reasearch\System-implementation\MaCoDeR\datasets\raw\RAVDESS\Audio_Speech_Actors_01-24\Actor_21\03-01-01-01-01-01-21.wav,neutral,269.39764,0.00747372,-382.29324,65.67916,3.8455212,12.965606,9.039052,-6.03596,3.4791892,-4.248185,-8.886656,-0.34461352,-0.5867234,-4.0614038,-0.75965
C:\Users\Sidath Mendis\Desktop\Reasearch\System-implementation\MaCoDeR\datasets\raw\RAVDESS\Audio_Speech_Actors_01-24\Actor_21\03-01-01-01-01-02-21.wav,neutral,274.64395,0.0071482337,-386.54532,69.949936,9.131299,16.657463,8.884525,-3.0784862,4.1420803,-4.962176,-7.762238,0.78428996,0.8248662,-2.3032382,0.23463644
C:\Users\Sidath Mendis\Desktop\Reasearch\System-implementation\MaCoDeR\datasets\raw\RAVDESS\Audio_Speech_Actors_01-24\Actor_21\03-01-01-01-02-01-21.wav,neutral,274.92984,0.006873235,-409.1542,69.2496,3.928479,13.504942,8.574532,-2.6180894,2.375959,-6.7859535,-10.046228,-0.8034242,0.45965362,-3.1524968,-3.0551012
C:\Users\Sidath Mendis\Desktop\Reasearch\System-implementation\MaCoDeR\datasets\raw\RAVDESS\Audio_Speech_Actors_01-24\Actor_21\03-01-01-01-02-02-21.wav,neutral,269.52905,0.008794819,-381.2706,67.664566,3.4359097,12.832649,10.667483,-0.68198764,0.5264929,-7.356468,-8.93383,0.5287096,-0.40370753,-2.5529935,-0.7624831
C:\Users\Sidath Mendis\Desktop\Reasearch\System-implementation\MaCoDeR\datasets\raw\RAVDESS\Audio_Speech_Actors_01-24\Actor_21\03-01-02-01-01-01-21.wav,calm,274.5567,0.00753465,-378.1675,78.01568,10.508265,16.849634,12.388648,-1.1890785,2.3835764,-5.83921,-5.263279,0.7450461,2.821864,-1.38472,0.84464836
C:\Users\Sidath Mendis\Desktop\Reasearch\System-implementation\MaCoDeR\datasets\raw\RAVDESS\Audio_Speech_Actors_01-24\Actor_21\03-01-02-01-01-02-21.wav,calm,268.64624,0.009490537,-357.6576,77.64435,4.532218,14.751971,12.104193,-5.938866,1.3100814,-6.503902,-7.2347856,0.3692601,0.5305229,-2.9250112,0.92241627
C:\Users\Sidath Mendis\Desktop\Reasearch\System-implementation\MaCoDeR\datasets\raw\RAVDESS\Audio_Speech_Actors_01-24\Actor_21\03-01-02-01-02-01-21.wav,calm,274.9622,0.009533776,-387.92273,77.62539,17.360727,20.897846,15.753914,3.0861032,6.1825485,-4.675484,-2.7503679,2.0318854,2.899751,0.9410002,3.3794198
C:\Users\Sidath Mendis\Desktop\Reasearch\System-implementation\MaCoDeR\datasets\raw\RAVDESS\Audio_Speech_Actors_01-24\Actor_21\03-01-02-01-02-02-21.wav,calm,275.27072,0.0101118935,-365.64383,78.78504,11.820984,20.80819,16.61766,1.8816892,0.6173054,-5.4521565,-3.0151865,2.8396616,2.1808124,-1.683406,2.1277368
C:\Users\Sidath Mendis\Desktop\Reasearch\System-implementation\MaCoDeR\datasets\raw\RAVDESS\Audio_Speech_Actors_01-24\Actor_21\03-01-02-02-01-01-21.wav,calm,274.06766,0.013040032,-326.7294,71.52391,3.8605647,20.973898,11.693526,-0.6271672,1.1723777,-6.5906587,-3.53168,1.9243106,3.1850495,-1.7410965,1.7131972
C:\Users\Sidath Mendis\Desktop\Reasearch\System-implementation\MaCoDeR\datasets\raw\RAVDESS\Audio_Speech_Actors_01-24\Actor_21\03-01-02-02-01-02-21.wav,calm,275.132,0.009752722,-323.29593,74.188545,-1.7872584,20.155342,9.931461,-2.8597345,-0.43344116,-9.541704,-7.4750957,1.6761215,1.4608656,-4.024308,-0.17148717
C:\Users\Sidath Mendis\Desktop\Reasearch\System-implementation\MaCoDeR\datasets\raw\RAVDESS\Audio_Speech_Actors_01-24\Actor_21\03-01-02-02-02-01-21.wav,calm,275.01578,0.0058624446,-372.26956,70.0079,1.423166,17.864355,14.09206,-4.7784553,2.3579445,-8.790385,-7.7668962,1.6831541,0.46800292,-3.0416903,1.5960342
C:\Users\Sidath Mendis\Desktop\Reasearch\System-implementation\MaCoDeR\datasets\raw\RAVDESS\Audio_Speech_Actors_01-24\Actor_21\03-01-02-02-02-02-21.wav,calm,275.29715,0.015596226,-320.2668,76.910805,-1.7398635,18.734133,12.785914,-1.1995991,-1.9854296,-10.171736,-6.2175975,0.49271193,-1.0543063,-2.6125195,0.29704782
C:\Users\Sidath Mendis\Desktop\Reasearch\System-implementation\MaCoDeR\datasets\raw\RAVDESS\Audio_Speech_Actors_01-24\Actor_21\03-01-03-01-01-01-21.wav,happy,274.11536,0.011945708,-363.3577,62.684036,-3.1188447,13.210939,7.9848943,-6.376448,-1.3685362,-6.1890473,-9.481478,0.80199665,-2.602592,-4.780109,-0.0656107
C:\Users\Sidath Mendis\Desktop\Reasearch\System-implementation\MaCoDeR\datasets\raw\RAVDESS\Audio_Speech_Actors_01-24\Actor_21\03-01-03-01-01-02-21.wav,happy,274.0762,0.0051048906,-411.5811,65.347565,-6.942834,14.912701,12.832796,-6.879658,-0.42680618,-4.33945,-10.359019,2.245116,-1.1697437,-5.2371936,0.7373781
C:\Users\Sidath Mendis\Desktop\Reasearch\System-implementation\MaCoDeR\datasets\raw\RAVDESS\Audio_Speech_Actors_01-24\Actor_21\03-01-03-01-02-01-21.wav,happy,275.23526,0.0065701907,-397.52966,65.37474,-10.739663,17.209377,9.080263,-7.2956657,-3.4442742,-9.699301,-11.155634,0.7205183,-4.318597,-6.163099,0.32032925
C:\Users\Sidath Mendis\Desktop\Reasearch\System-implementation\MaCoDeR\datasets\raw\RAVDESS\Audio_Speech_Actors_01-24\Actor_21\03-01-03-01-02-02-21.wav,happy,269.74442,0.0064557255,-410.2751,65.38314,-6.9769664,12.738157,7.1540937,-3.815537,-5.134235,-9.445828,-9.314979,-0.16907048,-2.8909109,-5.2850842,-1.0272042
C:\Users\Sidath Mendis\Desktop\Reasearch\System-implementation\MaCoDeR\datasets\raw\RAVDESS\Audio_Speech_Actors_01-24\Actor_21\03-01-03-02-01-01-21.wav,happy,274.37643,0.011582452,-356.0709,55.127827,-16.727932,12.098015,4.379315,-12.06254,-4.0588937,-5.551989,-15.203384,-1.1661335,-4.1259685,-9.760888,-0.33626667
C:\Users\Sidath Mendis\Desktop\Reasearch\System-implementation\MaCoDeR\datasets\raw\RAVDESS\Audio_Speech_Actors_01-24\Actor_21\03-01-03-02-01-02-21.wav,happy,275.27158,0.01238543,-355.9934,51.40281,-16.119652,10.139318,6.9788623,-11.043946,-3.5821137,-4.3213787,-16.31895,-0.60271317,-4.2391844,-9.049331,-1.3807315
C:\Users\Sidath Mendis\Desktop\Reasearch\System-implementation\MaCoDeR\datasets\raw\RAVDESS\Audio_Speech_Actors_01-24\Actor_21\03-01-03-02-02-01-21.wav,happy,274.04507,0.014599483,-361.15973,60.54876,-11.125349,9.911538,5.7905884,-9.850236,-6.3869743,-7.4223485,-13.895754,0.7018016,-4.6989193,-7.7273784,-0.6815586
C:\Users\Sidath Mendis\Desktop\Reasearch\System-implementation\MaCoDeR\datasets\raw\RAVDESS\Audio_Speech_Actors_01-24\Actor_21\03-01-03-02-02-02-21.wav,happy,270.4678,0.016969275,-329.94504,52.536407,-15.026608,10.117497,2.260365,-11.237265,-6.0250916,-6.554767,-16.307138,-1.8982928,-4.601019,-9.430439,-0.8956687
C:\Users\Sidath Mendis\Desktop\Reasearch\System-implementation\MaCoDeR\datasets\raw\RAVDESS\Audio_Speech_Actors_01-24\Actor_21\03-01-04-01-01-01-21.wav,sad,274.39734,0.009606145,-353.66113,67.04792,6.0374045,18.783707,9.487036,-3.45213,5.101441,-7.867048,-8.149533,-2.9227662,-0.8455109,-6.2540565,-1.3542325
C:\Users\Sidath Mendis\Desktop\Reasearch\System-implementation\MaCoDeR\datasets\raw\RAVDESS\Audio_Speech_Actors_01-24\Actor_21\03-01-04-01-01-02-21.wav,sad,274.4651,0.009457705,-349.835,71.21062,6.8802013,20.510036,8.238563,-2.4147327,6.00768,-7.119926,-4.8841376,-2.5973186,-1.9711221,-4.2208853,-1.0299672
C:\Users\Sidath Mendis\Desktop\Reasearch\System-implementation\MaCoDeR\datasets\raw\RAVDESS\Audio_Speech_Actors_01-24\Actor_21\03-01-04-01-02-01-21.wav,sad,269.20453,0.004997443,-379.3206,63.874844,4.867468,18.321978,7.155052,-1.229327,4.129071,-9.456395,-7.1259413,0.64660364,0.3097521,-3.7357767,-1.212999
C:\Users\Sidath Mendis\Desktop\Reasearch\System-implementation\MaCoDeR\datasets\raw\RAVDESS\Audio_Speech_Actors_01-24\Actor_21\03-01-04-01-02-02-21.wav,sad,273.62363,0.009646452,-360.00827,65.12513,2.357157,18.707111,9.4984,-1.452271,5.0689964,-7.2732754,-8.002488,-1.2840759,-0.7835442,-5.0322094,-0.47309223
C:\Users\Sidath Mendis\Desktop\Reasearch\System-implementation\MaCoDeR\datasets\raw\RAVDESS\Audio_Speech_Actors_01-24\Actor_21\03-01-04-02-01-01-21.wav,sad,274.97827,0.008738242,-369.21588,63.328922,-16.948013,12.486663,11.19724,-9.554279,-16.116528,-2.5471241,-22.797117,-7.508477,0.38756782,-13.846368,-5.4889016
C:\Users\Sidath Mendis\Desktop\Reasearch\System-implementation\MaCoDeR\datasets\raw\RAVDESS\Audio_Speech_Actors_01-24\Actor_21\03-01-04-02-01-02-21.wav,sad,274.4956,0.007822068,-378.07944,61.025806,-13.605839,11.496637,11.710629,-9.045495,-15.827315,-5.482374,-22.642302,-5.2850394,1.9326346,-14.487975,-3.946746
C:\Users\Sidath Mendis\Desktop\Reasearch\System-implementation\MaCoDeR\datasets\raw\RAVDESS\Audio_Speech_Actors_01-24\Actor_21\03-01-04-02-02-01-21.wav,sad,274.725,0.0121874055,-343.24744,60.860165,-9.373184,14.285993,13.275306,-11.163129,-6.257502,-8.417634,-19.686413,-1.5705233,-2.807295,-10.414594,-3.3830373
C:\Users\Sidath Mendis\Desktop\Reasearch\System-implementation\MaCoDeR\datasets\raw\RAVDESS\Audio_Speech_Actors_01-24\Actor_21\03-01-04-02-02-02-21.wav,sad,268.89255,0.008145501,-380.73257,65.10565,-10.513551,14.897362,14.2406435,-7.8149757,-8.187594,-4.4697304,-18.746695,-1.6077942,-0.6565573,-10.261851,-2.4632995
C:\Users\Sidath Mendis\Desktop\Reasearch\System-implementation\MaCoDeR\datasets\raw\RAVDESS\Audio_Speech_Actors_01-24\Actor_21\03-01-05-01-01-01-21.wav,angry,274.60922,0.004465533,-407.15277,47.68768,-16.02345,13.288108,6.34553,-12.808205,-2.7384622,-7.26359,-18.636337,-0.045704078,-2.0919182,-9.347504,-2.480985
C:\Users\Sidath Mendis\Desktop\Reasearch\System-implementation\MaCoDeR\datasets\raw\RAVDESS\Audio_Speech_Actors_01-24\Actor_21\03-01-05-01-01-02-21.wav,angry,269.80157,0.007999516,-379.28333,49.19557,-14.881627,12.763189,7.8369675,-12.23169,-0.8727009,-5.4896016,-17.85224,-0.118681185,-1.9029672,-9.247883,-2.9045432
C:\Users\Sidath Mendis\Desktop\Reasearch\System-implementation\MaCoDeR\datasets\raw\RAVDESS\Audio_Speech_Actors_01-24\Actor_21\03-01-05-01-02-01-21.wav,angry,275.07462,0.008055527,-372.6211,43.382248,-10.774095,10.61818,3.895143,-11.955716,-2.4560623,-6.1900997,-17.141657,-3.0272913,-3.088627,-10.72319,-3.1470053
C:\Users\Sidath Mendis\Desktop\Reasearch\System-implementation\MaCoDeR\datasets\raw\RAVDESS\Audio_Speech_Actors_01-24\Actor_21\03-01-05-01-02-02-21.wav,angry,273.62323,0.0062022624,-409.4832,48.57398,-12.885489,13.018612,6.3873663,-12.242324,-2.105268,-7.4164186,-19.165827,-0.22982314,-2.6778972,-11.928757,-2.6589556
C:\Users\Sidath Mendis\Desktop\Reasearch\System-implementation\MaCoDeR\datasets\raw\RAVDESS\Audio_Speech_Actors_01-24\Actor_21\03-01-05-02-01-01-21.wav,angry,274.78235,0.011458712,-349.2128,43.042053,-19.99546,8.640409,5.344912,-14.755811,-6.172812,-3.3973563,-15.822441,0.2712931,-1.4513109,-8.931525,-2.5629172
C:\Users\Sidath Mendis\Desktop\Reasearch\System-implementation\MaCoDeR\datasets\raw\RAVDESS\Audio_Speech_Actors_01-24\Actor_21\03-01-05-02-01-02-21.wav,angry,275.42307,0.009082552,-372.17706,44.32733,-25.803236,8.432765,5.4841485,-10.959434,-8.376333,-6.7583528,-16.790115,0.69538414,-1.6984369,-10.535039,-1.8131855
C:\Users\Sidath Mendis\Desktop\Reasearch\System-implementation\MaCoDeR\datasets\raw\RAVDESS\Audio_Speech_Actors_01-24\Actor_21\03-01-05-02-02-01-21.wav,angry,274.6721,0.013603038,-345.45883,39.334785,-15.987203,7.0750856,3.7170417,-12.536364,-4.0482183,-8.447646,-17.484186,-1.190675,-3.7148955,-10.190803,-3.851799
C:\Users\Sidath Mendis\Desktop\Reasearch\System-implementation\MaCoDeR\datasets\raw\RAVDESS\Audio_Speech_Actors_01-24\Actor_21\03-01-05-02-02-02-21.wav,angry,274.0713,0.007959363,-375.45612,37.209133,-20.6138,7.973228,3.6305306,-14.364474,-6.5494914,-7.6373444,-17.275866,-1.9308634,-3.2985394,-9.28476,-2.5236986
C:\Users\Sidath Mendis\Desktop\Reasearch\System-implementation\MaCoDeR\datasets\raw\RAVDESS\Audio_Speech_Actors_01-24\Actor_21\03-01-06-01-01-01-21.wav,fearful,274.5455,0.0064215106,-375.95474,63.161316,-5.2637353,17.01704,7.489698,-5.761413,0.36923495,-7.2835655,-11.891166,1.0285751,-1.187219,-9.130709,-1.227569
C:\Users\Sidath Mendis\Desktop\Reasearch\System-implementation\MaCoDeR\datasets\raw\RAVDESS\Audio_Speech_Actors_01-24\Actor_21\03-01-06-01-01-02-21.wav,fearful,274.90698,0.0060482,-393.29465,61.950554,-6.7789083,14.812452,6.8485622,-7.439654,-0.45532113,-7.3158484,-11.22181,0.29453602,-1.4612743,-8.426431,-2.2445989
C:\Users\Sidath Mendis\Desktop\Reasearch\System-implementation\MaCoDeR\datasets\raw\RAVDESS\Audio_Speech_Actors_01-24\Actor_21\03-01-06-01-02-01-21.wav,fearful,269.78925,0.009749514,-367.56772,55.557117,-3.789045,12.71033,8.7895565,-2.7331,0.22715795,-6.689024,-9.261844,1.6444738,-3.5958762,-6.992,-0.8081406
C:\Users\Sidath Mendis\Desktop\Reasearch\System-implementation\MaCoDeR\datasets\raw\RAVDESS\Audio_Speech_Actors_01-24\Actor_21\03-01-06-01-02-02-21.wav,fearful,274.51416,0.00834417,-406.96335,57.996647,1.7456124,12.041741,6.3985257,-2.1931007,2.5045917,-7.398386,-8.703272,-0.54045415,-3.5356417,-6.849957,-2.581056
C:\Users\Sidath Mendis\Desktop\Reasearch\System-implementation\MaCoDeR\datasets\raw\RAVDESS\Audio_Speech_Actors_01-24\Actor_21\03-01-06-02-01-01-21.wav,fearful,274.8532,0.0060052276,-399.44363,49.643417,-15.682054,11.686404,6.7917013,-8.740609,-5.8122015,-5.7648187,-14.112289,0.9766846,-1.9393115,-8.486114,-1.0685146
C:\Users\Sidath Mendis\Desktop\Reasearch\System-implementation\MaCoDeR\datasets\raw\RAVDESS\Audio_Speech_Actors_01-24\Actor_21\03-01-06-02-01-02-21.wav,fearful,269.86923,0.0068961517,-391.43848,51.665394,-14.522228,11.340886,5.2196712,-7.979534,-7.245262,-4.851919,-15.039142,-1.7893531,-1.4425204,-9.470503,-2.244865
C:\Users\Sidath Mendis\Desktop\Reasearch\System-implementation\MaCoDeR\datasets\raw\RAVDESS\Audio_Speech_Actors_01-24\Actor_21\03-01-06-02-02-01-21.wav,fearful,275.98352,0.0043321513,-404.85297,54.714138,-11.80223,11.226247,6.9123125,-6.9188414,-5.1159554,-7.631736,-15.160628,-2.453122,-4.2740216,-9.567219,-3.2368517
C:\Users\Sidath Mendis\Desktop\Reasearch\System-implementation\MaCoDeR\datasets\raw\RAVDESS\Audio_Speech_Actors_01-24\Actor_21\03-01-06-02-02-02-21.wav,fearful,274.23703,0.010505495,-376.66782,52.41104,-7.8686857,10.411064,8.044758,-6.6281576,-4.126234,-4.991124,-12.936399,-2.1054392,-6.0680532,-9.201196,-3.079642
C:\Users\Sidath Mendis\Desktop\Reasearch\System-implementation\MaCoDeR\datasets\raw\RAVDESS\Audio_Speech_Actors_01-24\Actor_21\03-01-07-01-01-01-21.wav,disgust,273.94498,0.0060146344,-385.7936,59.54219,-3.600577,14.816942,8.165844,-9.044746,1.6738818,-5.497384,-11.809076,0.67857695,-0.1430251,-7.1595044,-5.130866
C:\Users\Sidath Mendis\Desktop\Reasearch\System-implementation\MaCoDeR\datasets\raw\RAVDESS\Audio_Speech_Actors_01-24\Actor_21\03-01-07-01-01-02-21.wav,disgust,274.75275,0.0032555829,-423.17685,59.57169,-7.271829,14.85133,10.838694,-9.923199,2.5155985,-5.083537,-9.750591,0.19865417,1.8174691,-5.2028394,-3.4751513
C:\Users\Sidath Mendis\Desktop\Reasearch\System-implementation\MaCoDeR\datasets\raw\RAVDESS\Audio_Speech_Actors_01-24\Actor_21\03-01-07-01-02-01-21.wav,disgust,274.1747,0.004549544,-405.4089,59.073185,-4.272215,13.701019,10.895256,-9.489527,-2.7280736,-6.003274,-10.385371,1.1956782,-2.93591,-7.8539042,-4.4610157
C:\Users\Sidath Mendis\Desktop\Reasearch\System-implementation\MaCoDeR\datasets\raw\RAVDESS\Audio_Speech_Actors_01-24\Actor_21\03-01-07-01-02-02-21.wav,disgust,274.63943,0.004110412,-404.70352,50.770657,-6.838806,14.231824,9.436373,-11.29481,-1.207535,-4.9483304,-11.646097,0.8331314,-1.8743327,-5.8128777,-3.639173
C:\Users\Sidath Mendis\Desktop\Reasearch\System-implementation\MaCoDeR\datasets\raw\RAVDESS\Audio_Speech_Actors_01-24\Actor_21\03-01-07-02-01-01-21.wav,disgust,274.49808,0.0034965603,-420.45343,66.436165,-5.249507,13.509133,15.578003,-6.572066,4.0082707,-5.8214803,-6.9881625,5.39318,3.5744398,-2.3056686,-0.8960982
C:\Users\Sidath Mendis\Desktop\Reasearch\System-implementation\MaCoDeR\datasets\raw\RAVDESS\Audio_Speech_Actors_01-24\Actor_21\03-01-07-02-01-02-21.wav,disgust,275.79327,0.0037329013,-419.3509,62.52918,-5.628833,14.731945,11.588448,-8.0205765,6.395502,-3.9387035,-9.463902,2.7270594,1.7183417,-2.500717,-0.3143377
C:\Users\Sidath Mendis\Desktop\Reasearch\System-implementation\MaCoDeR\datasets\raw\RAVDESS\Audio_Speech_Actors_01-24\Actor_21\03-01-07-02-02-01-21.wav,disgust,274.92612,0.0038445469,-415.25476,56.146988,-3.7745786,16.216343,10.427883,-7.1415834,1.632972,-3.568083,-8.6620455,4.039907,0.7814233,-3.552307,-0.40952614
C:\Users\Sidath Mendis\Desktop\Reasearch\System-implementation\MaCoDeR\datasets\raw\RAVDESS\Audio_Speech_Actors_01-24\Actor_21\03-01-07-02-02-02-21.wav,disgust,274.5947,0.0052796304,-402.46872,69.31355,2.3345535,19.348825,15.690972,-2.196111,3.6675813,-2.5513692,-8.099504,5.640473,5.1073985,-0.23007303,1.3320328
C:\Users\Sidath Mendis\Desktop\Reasearch\System-implementation\MaCoDeR\datasets\raw\RAVDESS\Audio_Speech_Actors_01-24\Actor_21\03-01-08-01-01-01-21.wav,surprised,268.82095,0.008421528,-387.62082,59.049656,-2.6263778,7.980143,6.025673,-9.655318,-3.9884434,-7.3995233,-13.445087,-1.0647519,-5.9106593,-9.045059,-2.1124218
C:\Users\Sidath Mendis\Desktop\Reasearch\System-implementation\MaCoDeR\datasets\raw\RAVDESS\Audio_Speech_Actors_01-24\Actor_21\03-01-08-01-01-02-21.wav,surprised,270.2564,0.0086072115,-400.10052,54.83582,-1.130836,8.562177,5.801779,-7.2459764,-1.0597873,-5.3754296,-12.215322,-1.97119,-4.943868,-8.04631,-2.7005162
C:\Users\Sidath Mendis\Desktop\Reasearch\System-implementation\MaCoDeR\datasets\raw\RAVDESS\Audio_Speech_Actors_01-24\Actor_21\03-01-08-01-02-01-21.wav,surprised,274.6812,0.009480333,-387.35217,51.24745,-6.3508005,8.381048,4.0617323,-6.6534657,-3.544679,-8.174209,-11.96116,-1.316256,-7.39478,-10.068602,-3.5299463
C:\Users\Sidath Mendis\Desktop\Reasearch\System-implementation\MaCoDeR\datasets\raw\RAVDESS\Audio_Speech_Actors_01-24\Actor_21\03-01-08-01-02-02-21.wav,surprised,274.75085,0.00875465,-375.28314,52.384365,1.1534771,7.0033426,4.3261027,-7.9503937,-2.4549348,-6.8883057,-11.183618,-1.2528428,-7.3524637,-8.739859,-5.229207
C:\Users\Sidath Mendis\Desktop\Reasearch\System-implementation\MaCoDeR\datasets\raw\RAVDESS\Audio_Speech_Actors_01-24\Actor_21\03-01-08-02-01-01-21.wav,surprised,274.21622,0.011711154,-358.79504,45.97423,-5.801963,9.864194,3.4200625,-8.056423,-6.0810566,-5.346771,-15.860884,-0.73514533,-6.277341,-10.463298,-1.3690865
C:\Users\Sidath Mendis\Desktop\Reasearch\System-implementation\MaCoDeR\datasets\raw\RAVDESS\Audio_Speech_Actors_01-24\Actor_21\03-01-08-02-01-02-21.wav,surprised,269.58356,0.00782832,-380.12143,52.126095,-9.455152,10.642726,1.9711008,-11.005113,-7.1781697,-5.2995014,-15.975144,-3.224128,-6.171987,-10.67753,-1.4466203
C:\Users\Sidath Mendis\Desktop\Reasearch\System-implementation\MaCoDeR\datasets\raw\RAVDESS\Audio_Speech_Actors_01-24\Actor_21\03-01-08-02-02-01-21.wav,surprised,274.8038,0.0072563835,-401.93787,46.737095,-5.7191267,8.558879,5.310097,-7.043123,-4.685838,-8.65051,-15.795919,2.4505408,-4.861328,-10.030363,-2.2712545
C:\Users\Sidath Mendis\Desktop\Reasearch\System-implementation\MaCoDeR\datasets\raw\RAVDESS\Audio_Speech_Actors_01-24\Actor_21\03-01-08-02-02-02-21.wav,surprised,274.6726,0.009225255,-367.76056,43.662453,-2.8950758,10.270412,3.2072575,-6.5008636,-6.1281505,-7.798244,-15.307183,0.3474506,-6.842502,-9.692477,-2.359783
C:\Users\Sidath Mendis\Desktop\Reasearch\System-implementation\MaCoDeR\datasets\raw\RAVDESS\Audio_Speech_Actors_01-24\Actor_22\03-01-01-01-01-01-22.wav,neutral,274.42404,0.014604732,-352.84912,53.937096,2.6433227,5.0497723,5.199826,-2.8617318,-3.8316195,-6.8061624,-10.532738,-3.2149158,-1.73423,-5.751268,0.7410562
C:\Users\Sidath Mendis\Desktop\Reasearch\System-implementation\MaCoDeR\datasets\raw\RAVDESS\Audio_Speech_Actors_01-24\Actor_22\03-01-01-01-01-02-22.wav,neutral,275.21384,0.0076497262,-372.0362,41.598824,-0.9999695,2.6773424,5.789726,-5.4733477,-8.640134,-7.8972006,-9.882269,-1.4981714,-2.363199,-6.644573,-2.2719705
C:\Users\Sidath Mendis\Desktop\Reasearch\System-implementation\MaCoDeR\datasets\raw\RAVDESS\Audio_Speech_Actors_01-24\Actor_22\03-01-01-01-02-01-22.wav,neutral,270.35294,0.007828454,-392.57248,52.303,1.6304995,0.8384822,4.32302,-1.8077903,-8.304306,-10.773336,-9.619626,-0.3113281,-1.8227676,-8.277743,-1.6907364
C:\Users\Sidath Mendis\Desktop\Reasearch\System-implementation\MaCoDeR\datasets\raw\RAVDESS\Audio_Speech_Actors_01-24\Actor_22\03-01-01-01-02-02-22.wav,neutral,269.76328,0.0071573504,-384.41196,47.36334,2.2116644,4.8954277,5.125852,-0.5275529,-4.607456,-12.385926,-10.945094,0.06875501,-1.3873409,-7.556114,-1.1137387
C:\Users\Sidath Mendis\Desktop\Reasearch\System-implementation\MaCoDeR\datasets\raw\RAVDESS\Audio_Speech_Actors_01-24\Actor_22\03-01-02-01-01-01-22.wav,calm,274.6173,0.013342189,-331.8593,42.694042,5.5097837,7.2042475,4.0646715,-0.66110516,-6.859797,-6.3105006,-7.245787,-1.7070695,-2.843057,-7.3908467,-0.35126635
C:\Users\Sidath Mendis\Desktop\Reasearch\System-implementation\MaCoDeR\datasets\raw\RAVDESS\Audio_Speech_Actors_01-24\Actor_22\03-01-02-01-01-02-22.wav,calm,274.6273,0.006029627,-355.49646,48.11774,-1.3433045,7.509073,5.020685,-1.8707817,-5.7264657,-7.64316,-8.765848,-1.1732962,-1.0272202,-6.8811717,0.30120113
C:\Users\Sidath Mendis\Desktop\Reasearch\System-implementation\MaCoDeR\datasets\raw\RAVDESS\Audio_Speech_Actors_01-24\Actor_22\03-01-02-01-02-01-22.wav,calm,268.76743,0.009375931,-370.87915,47.764896,1.7343909,2.7291079,3.1831853,-2.0525477,-8.888068,-9.426842,-6.5409284,-0.47393572,-2.6947324,-8.704692,-0.5224734
C:\Users\Sidath Mendis\Desktop\Reasearch\System-implementation\MaCoDeR\datasets\raw\RAVDESS\Audio_Speech_Actors_01-24\Actor_22\03-01-02-01-02-02-22.wav,calm,274.04202,0.0042767674,-392.5325,47.58507,-0.78166837,4.9262633,4.2046065,1.8573152,-6.7012334,-11.750851,-8.971132,2.3158207,-2.7135952,-8.55025,-0.47478127
C:\Users\Sidath Mendis\Desktop\Reasearch\System-implementation\MaCoDeR\datasets\raw\RAVDESS\Audio_Speech_Actors_01-24\Actor_22\03-01-02-02-01-01-22.wav,calm,274.71753,0.00908354,-330.02618,46.628357,-0.6166164,7.0245605,4.577231,-1.5846331,-4.5624285,-4.7432923,-5.885592,-0.43222302,-1.6418228,-7.5987754,-1.5000651
C:\Users\Sidath Mendis\Desktop\Reasearch\System-implementation\MaCoDeR\datasets\raw\RAVDESS\Audio_Speech_Actors_01-24\Actor_22\03-01-02-02-01-02-22.wav,calm,274.33792,0.007136878,-365.44824,46.098217,2.4876254,6.631658,1.7884073,-2.9258606,-6.88058,-4.6066375,-5.154256,0.2940165,-3.8664088,-6.6063776,1.1844171
C:\Users\Sidath Mendis\Desktop\Reasearch\System-implementation\MaCoDeR\datasets\raw\RAVDESS\Audio_Speech_Actors_01-24\Actor_22\03-01-02-02-02-01-22.wav,calm,275.2799,0.012929912,-320.77338,59.49444,-7.3695745,2.7693172,0.57523185,1.9736769,-5.2512784,-10.86035,-10.272998,0.8121596,-1.5742985,-9.098583,-1.985013
C:\Users\Sidath Mendis\Desktop\Reasearch\System-implementation\MaCoDeR\datasets\raw\RAVDESS\Audio_Speech_Actors_01-24\Actor_22\03-01-02-02-02-02-22.wav,calm,274.76746,0.012074855,-314.14554,53.97944,-2.4827027,7.220383,-0.02928508,-1.3109967,-6.9163723,-12.458698,-10.361003,-0.42590633,-2.72083,-8.527372,-0.43307227
C:\Users\Sidath Mendis\Desktop\Reasearch\System-implementation\MaCoDeR\datasets\raw\RAVDESS\Audio_Speech_Actors_01-24\Actor_22\03-01-03-01-01-01-22.wav,happy,269.43832,0.010159014,-355.81192,56.892548,-8.458186,1.2428781,4.347369,-4.8397074,-9.982683,-11.162387,-10.443462,-1.7770427,-5.896137,-8.825101,-2.046562
C:\Users\Sidath Mendis\Desktop\Reasearch\System-implementation\MaCoDeR\datasets\raw\RAVDESS\Audio_Speech_Actors_01-24\Actor_22\03-01-03-01-01-02-22.wav,happy,275.09256,0.010023224,-377.54803,47.640152,-15.270755,-1.2445326,4.1122017,-8.140751,-11.0693655,-11.830377,-10.709128,-0.799286,-6.3748374,-7.696671,-1.998582
C:\Users\Sidath Mendis\Desktop\Reasearch\System-implementation\MaCoDeR\datasets\raw\RAVDESS\Audio_Speech_Actors_01-24\Actor_22\03-01-03-01-02-01-22.wav,happy,274.17032,0.009927167,-371.6346,44.204132,-4.02481,-0.32442975,0.36266655,-6.112728,-10.918943,-11.571303,-11.5622835,-0.6315654,-5.3879642,-8.156668,-2.1418736
C:\Users\Sidath Mendis\Desktop\Reasearch\System-implementation\MaCoDeR\datasets\raw\RAVDESS\Audio_Speech_Actors_01-24\Actor_22\03-01-03-01-02-02-22.wav,happy,275.04633,0.0067523625,-398.59204,46.129547,-3.089585,-2.7058144,2.9349365,-2.6470747,-10.178943,-10.591899,-10.304956,-0.067079104,-5.3941054,-7.8716416,-0.30215964
C:\Users\Sidath Mendis\Desktop\Reasearch\System-implementation\MaCoDeR\datasets\raw\RAVDESS\Audio_Speech_Actors_01-24\Actor_22\03-01-03-02-01-01-22.wav,happy,274.31796,0.008034511,-372.17444,33.357094,-21.610195,-7.654925,-5.6314125,-12.533738,-14.770958,-11.356814,-16.127693,-2.483287,-6.0123677,-10.033107,-6.7213583
C:\Users\Sidath Mendis\Desktop\Reasearch\System-implementation\MaCoDeR\datasets\raw\RAVDESS\Audio_Speech_Actors_01-24\Actor_22\03-01-03-02-01-02-22.wav,happy,274.995,0.015904382,-325.93674,35.86282,-14.676251,-4.99577,-1.3775098,-10.426267,-15.622966,-12.20968,-14.318303,-3.1528516,-5.7415533,-12.223313,-4.6144576
C:\Users\Sidath Mendis\Desktop\Reasearch\System-implementation\MaCoDeR\datasets\raw\RAVDESS\Audio_Speech_Actors_01-24\Actor_22\03-01-03-02-02-01-22.wav,happy,275.77173,0.010870801,-348.59027,27.612677,-6.0202093,-7.917147,-2.5657759,-8.113094,-14.132929,-13.038235,-16.511255,-1.6814692,-9.784536,-12.259699,-4.6935596
C:\Users\Sidath Mendis\Desktop\Reasearch\System-implementation\MaCoDeR\datasets\raw\RAVDESS\Audio_Speech_Actors_01-24\Actor_22\03-01-03-02-02-02-22.wav,happy,269.92462,0.01533381,-340.715,34.55546,-15.537922,-8.6179905,-0.30223015,-11.491046,-14.852651,-14.168187,-14.408216,-0.56331617,-8.0156975,-12.11956,-4.5219727
C:\Users\Sidath Mendis\Desktop\Reasearch\System-implementation\MaCoDeR\datasets\raw\RAVDESS\Audio_Speech_Actors_01-24\Actor_22\03-01-04-01-01-01-22.wav,sad,274.6351,0.010630676,-349.93228,50.435333,-4.741444,3.8952801,5.3997765,-6.449695,-8.016534,-10.099738,-11.15177,0.24299152,-4.7264132,-5.5464525,-0.4913603
C:\Users\Sidath Mendis\Desktop\Reasearch\System-implementation\MaCoDeR\datasets\raw\RAVDESS\Audio_Speech_Actors_01-24\Actor_22\03-01-04-01-01-02-22.wav,sad,275.49063,0.01072514,-349.93732,46.773018,-8.414592,0.0010961533,2.4353583,-7.334291,-10.920239,-11.325071,-12.029461,-0.18301754,-2.9844894,-6.7665305,-1.0296009
C:\Users\Sidath Mendis\Desktop\Reasearch\System-implementation\MaCoDeR\datasets\raw\RAVDESS\Audio_Speech_Actors_01-24\Actor_22\03-01-04-01-02-01-22.wav,sad,276.22714,0.010160435,-344.37317,42.955482,-7.1829095,-1.8173882,1.4497612,-3.6434991,-9.951973,-17.449963,-12.270301,1.0358311,-2.2259912,-9.607923,-1.0974002
C:\Users\Sidath Mendis\Desktop\Reasearch\System-implementation\MaCoDeR\datasets\raw\RAVDESS\Audio_Speech_Actors_01-24\Actor_22\03-01-04-01-02-02-22.wav,sad,271.16547,0.011164249,-349.98724,45.245445,-5.3949423,-2.395545,-0.5487363,-2.9479518,-9.992216,-17.279068,-12.366995,1.5589331,-4.1875157,-10.534316,0.46663457
C:\Users\Sidath Mendis\Desktop\Reasearch\System-implementation\MaCoDeR\datasets\raw\RAVDESS\Audio_Speech_Actors_01-24\Actor_22\03-01-04-02-01-01-22.wav,sad,273.44565,0.011323378,-342.45914,47.941383,-9.495058,1.1257536,2.470952,-6.9176617,-10.231543,-9.482228,-13.857183,-1.3321456,-4.1820083,-8.551516,-1.6921126
C:\Users\Sidath Mendis\Desktop\Reasearch\System-implementation\MaCoDeR\datasets\raw\RAVDESS\Audio_Speech_Actors_01-24\Actor_22\03-01-04-02-01-02-22.wav,sad,275.07333,0.010637419,-354.35706,40.641857,-11.010612,3.731565,1.4235296,-9.569743,-12.942852,-11.450487,-12.88332,-3.013722,-5.402592,-6.8831563,0.027018748
C:\Users\Sidath Mendis\Desktop\Reasearch\System-implementation\MaCoDeR\datasets\raw\RAVDESS\Audio_Speech_Actors_01-24\Actor_22\03-01-04-02-02-01-22.wav,sad,275.12027,0.011165835,-369.8757,41.70778,-3.4277468,-0.056353457,1.9382582,-2.2695608,-11.085616,-13.622803,-15.454366,-2.4502597,-5.056867,-10.3162365,-1.8708555
C:\Users\Sidath Mendis\Desktop\Reasearch\System-implementation\MaCoDeR\datasets\raw\RAVDESS\Audio_Speech_Actors_01-24\Actor_22\03-01-04-02-02-02-22.wav,sad,275.0767,0.021696804,-329.4887,42.54294,-4.7300253,6.874715,2.7850497,-5.616716,-12.009936,-10.50411,-15.247076,-4.596629,-6.047534,-9.583365,-1.2074233
C:\Users\Sidath Mendis\Desktop\Reasearch\System-implementation\MaCoDeR\datasets\raw\RAVDESS\Audio_Speech_Actors_01-24\Actor_22\03-01-05-01-01-01-22.wav,angry,275.87717,0.008180954,-359.54956,42.217827,-3.0780516,3.3369968,-1.3162715,-7.402388,-8.949333,-8.416864,-10.623349,-2.1647463,-2.1453881,-9.656665,-0.011362362
C:\Users\Sidath Mendis\Desktop\Reasearch\System-implementation\MaCoDeR\datasets\raw\RAVDESS\Audio_Speech_Actors_01-24\Actor_22\03-01-05-01-01-02-22.wav,angry,275.1179,0.0095161665,-386.99118,46.959198,-0.92851174,3.716276,-0.275607,-7.20735,-7.8782854,-5.3477106,-10.995151,-1.4852394,-2.4142432,-7.621165,-0.43486062
C:\Users\Sidath Mendis\Desktop\Reasearch\System-implementation\MaCoDeR\datasets\raw\RAVDESS\Audio_Speech_Actors_01-24\Actor_22\03-01-05-01-02-01-22.wav,angry,274.60712,0.009532242,-370.73224,41.953968,-8.88016,0.4413004,-3.5544488,-6.8302712,-10.267395,-8.972639,-12.716438,-1.3298978,-3.140053,-9.319418,-0.23345695
C:\Users\Sidath Mendis\Desktop\Reasearch\System-implementation\MaCoDeR\datasets\raw\RAVDESS\Audio_Speech_Actors_01-24\Actor_22\03-01-05-01-02-02-22.wav,angry,270.3673,0.0059993253,-384.20978,41.533684,-7.3006577,0.50265425,-3.9888642,-8.616605,-9.156188,-10.606966,-15.65288,-3.5377712,-4.180203,-12.164621,-2.2517204
C:\Users\Sidath Mendis\Desktop\Reasearch\System-implementation\MaCoDeR\datasets\raw\RAVDESS\Audio_Speech_Actors_01-24\Actor_22\03-01-05-02-01-01-22.wav,angry,274.32016,0.01355205,-351.61795,31.65236,-15.723452,-0.057542812,-4.583506,-13.990731,-9.751677,-10.938259,-12.77445,-1.4167738,-7.131607,-8.414631,-3.2888095
C:\Users\Sidath Mendis\Desktop\Reasearch\System-implementation\MaCoDeR\datasets\raw\RAVDESS\Audio_Speech_Actors_01-24\Actor_22\03-01-05-02-01-02-22.wav,angry,274.91016,0.008993123,-384.43774,36.140594,-15.646406,-1.3195629,-4.8829417,-11.042762,-9.95633,-8.457946,-15.047288,-2.368896,-5.2760587,-10.157474,-3.4832551
C:\Users\Sidath Mendis\Desktop\Reasearch\System-implementation\MaCoDeR\datasets\raw\RAVDESS\Audio_Speech_Actors_01-24\Actor_22\03-01-05-02-02-01-22.wav,angry,275.0889,0.00912789,-379.56787,23.460344,-14.926406,-2.2148592,-6.2717786,-12.586202,-8.922879,-12.805513,-17.063446,-2.9585302,-7.0008793,-9.483854,-3.4631028
C:\Users\Sidath Mendis\Desktop\Reasearch\System-implementation\MaCoDeR\datasets\raw\RAVDESS\Audio_Speech_Actors_01-24\Actor_22\03-01-05-02-02-02-22.wav,angry,270.05402,0.012370861,-368.35724,23.559134,-19.745167,-3.439577,-7.824493,-14.598919,-9.972016,-15.084333,-16.766672,-3.025938,-5.276127,-11.689061,-2.796422
C:\Users\Sidath Mendis\Desktop\Reasearch\System-implementation\MaCoDeR\datasets\raw\RAVDESS\Audio_Speech_Actors_01-24\Actor_22\03-01-06-01-01-01-22.wav,fearful,269.88315,0.013969319,-349.4287,35.807358,-12.982128,3.4476898,0.99101526,-10.190731,-12.905245,-13.132335,-12.072701,-2.0210865,-6.7591634,-6.4322333,-0.59881556
C:\Users\Sidath Mendis\Desktop\Reasearch\System-implementation\MaCoDeR\datasets\raw\RAVDESS\Audio_Speech_Actors_01-24\Actor_22\03-01-06-01-01-02-22.wav,fearful,269.67386,0.009095847,-370.98737,37.523346,-11.291201,2.9337926,0.7447641,-8.744795,-12.030847,-9.779773,-13.109582,-2.8249874,-6.0784597,-7.7924204,-1.2011338
C:\Users\Sidath Mendis\Desktop\Reasearch\System-implementation\MaCoDeR\datasets\raw\RAVDESS\Audio_Speech_Actors_01-24\Actor_22\03-01-06-01-02-01-22.wav,fearful,270.0373,0.010712067,-349.45242,37.2813,-18.435715,2.3229964,-2.2469766,-10.02894,-12.379131,-17.795094,-11.625938,-0.9040883,-7.4619417,-7.4103837,-1.9589758
C:\Users\Sidath Mendis\Desktop\Reasearch\System-implementation\MaCoDeR\datasets\raw\RAVDESS\Audio_Speech_Actors_01-24\Actor_22\03-01-06-01-02-02-22.wav,fearful,275.0531,0.015178108,-333.104,36.31655,-12.58446,-1.9167196,-0.05608243,-9.594346,-13.766118,-14.641969,-12.781683,0.5254066,-5.595084,-8.726809,-0.7482998
C:\Users\Sidath Mendis\Desktop\Reasearch\System-implementation\MaCoDeR\datasets\raw\RAVDESS\Audio_Speech_Actors_01-24\Actor_22\03-01-06-02-01-01-22.wav,fearful,273.96255,0.00813895,-377.4155,25.345675,-21.098864,-3.807373,-9.502851,-11.990412,-17.733595,-12.529975,-14.1037,-2.6427455,-9.376293,-10.238988,-2.795485
C:\Users\Sidath Mendis\Desktop\Reasearch\System-implementation\MaCoDeR\datasets\raw\RAVDESS\Audio_Speech_Actors_01-24\Actor_22\03-01-06-02-01-02-22.wav,fearful,275.8149,0.0088871885,-349.7009,21.179514,-19.400227,-1.8241458,-6.679199,-11.703722,-15.264647,-13.602035,-12.882052,-3.561208,-11.011315,-8.14854,-2.3834624
C:\Users\Sidath Mendis\Desktop\Reasearch\System-implementation\MaCoDeR\datasets\raw\RAVDESS\Audio_Speech_Actors_01-24\Actor_22\03-01-06-02-02-01-22.wav,fearful,275.26547,0.015252995,-332.58762,17.809027,-20.450623,-2.4235432,-4.9953184,-14.370737,-19.74572,-14.7848215,-14.106581,-3.4518955,-11.875752,-9.585656,-2.8138623
C:\Users\Sidath Mendis\Desktop\Reasearch\System-implementation\MaCoDeR\datasets\raw\RAVDESS\Audio_Speech_Actors_01-24\Actor_22\03-01-06-02-02-02-22.wav,fearful,275.1864,0.0077372943,-379.82672,16.36143,-23.063131,-3.909265,-6.787017,-13.473051,-18.71589,-12.6709175,-14.898347,-2.561688,-11.823565,-9.541462,-0.97927475
C:\Users\Sidath Mendis\Desktop\Reasearch\System-implementation\MaCoDeR\datasets\raw\RAVDESS\Audio_Speech_Actors_01-24\Actor_22\03-01-07-01-01-01-22.wav,disgust,273.78763,0.005394921,-378.15607,47.09672,-14.020029,1.587587,-2.821526,-8.12673,-10.704305,-7.7678514,-11.192617,-2.2859263,-4.606191,-9.050234,0.19687633
C:\Users\Sidath Mendis\Desktop\Reasearch\System-implementation\MaCoDeR\datasets\raw\RAVDESS\Audio_Speech_Actors_01-24\Actor_22\03-01-07-01-01-02-22.wav,disgust,270.23798,0.0061678356,-382.5173,56.26908,-15.819671,-0.630976,-0.32214049,-8.329674,-11.927544,-6.245419,-12.495812,-5.046772,-0.46889916,-10.3463745,0.09283303
C:\Users\Sidath Mendis\Desktop\Reasearch\System-implementation\MaCoDeR\datasets\raw\RAVDESS\Audio_Speech_Actors_01-24\Actor_22\03-01-07-01-02-01-22.wav,disgust,269.5842,0.0072321356,-385.61734,48.34041,-9.135849,0.5064541,0.16699089,-5.4868827,-14.307975,-8.173026,-11.207965,-1.1430103,-4.8917975,-9.503979,1.620777
C:\Users\Sidath Mendis\Desktop\Reasearch\System-implementation\MaCoDeR\datasets\raw\RAVDESS\Audio_Speech_Actors_01-24\Actor_22\03-01-07-01-02-02-22.wav,disgust,275.32858,0.00597951,-389.98282,49.88217,-12.720543,1.1680831,1.0331969,-6.060744,-10.7249975,-11.246526,-12.283995,0.9958737,-3.1089327,-10.028455,1.4752488
C:\Users\Sidath Mendis\Desktop\Reasearch\System-implementation\MaCoDeR\datasets\raw\RAVDESS\Audio_Speech_Actors_01-24\Actor_22\03-01-07-02-01-01-22.wav,disgust,269.50815,0.0075241853,-343.70352,40.7147,-17.785734,1.23724,-3.153724,-9.215797,-14.716758,-10.040518,-9.627285,-1.0971104,-2.6447036,-10.383539,-0.7038325
C:\Users\Sidath Mendis\Desktop\Reasearch\System-implementation\MaCoDeR\datasets\raw\RAVDESS\Audio_Speech_Actors_01-24\Actor_22\03-01-07-02-01-02-22.wav,disgust,274.56815,0.0077912887,-379.97488,44.124126,-8.859824,0.2853793,-6.45165,-7.6343412,-13.22493,-4.2355804,-11.339433,-4.01623,-0.4549663,-12.1097,-2.3523881
C:\Users\Sidath Mendis\Desktop\Reasearch\System-implementation\MaCoDeR\datasets\raw\RAVDESS\Audio_Speech_Actors_01-24\Actor_22\03-01-07-02-02-01-22.wav,disgust,274.577,0.014942534,-348.62244,36.79055,-12.618215,2.5387938,-4.8161073,-7.81246,-16.527115,-7.2972198,-10.851667,-0.4515682,-7.165036,-9.314728,-0.38721186
C:\Users\Sidath Mendis\Desktop\Reasearch\System-implementation\MaCoDeR\datasets\raw\RAVDESS\Audio_Speech_Actors_01-24\Actor_22\03-01-07-02-02-02-22.wav,disgust,269.93048,0.014210597,-332.20923,39.377136,-12.930033,3.593192,-4.0478907,-12.508108,-16.095436,-9.816665,-12.986245,-2.9368997,-4.1679745,-12.370349,-2.4693525
C:\Users\Sidath Mendis\Desktop\Reasearch\System-implementation\MaCoDeR\datasets\raw\RAVDESS\Audio_Speech_Actors_01-24\Actor_22\03-01-08-01-01-01-22.wav,surprised,275.64032,0.013812332,-375.93643,50.84617,-10.409265,-3.9786234,-1.6403416,-8.159843,-10.925253,-7.954708,-12.038824,-1.2250016,-3.4922888,-11.106429,-2.2569711
C:\Users\Sidath Mendis\Desktop\Reasearch\System-implementation\MaCoDeR\datasets\raw\RAVDESS\Audio_Speech_Actors_01-24\Actor_22\03-01-08-01-01-02-22.wav,surprised,274.14993,0.010227043,-373.99036,45.113068,-14.169151,-3.672095,-5.5071063,-11.322742,-13.70832,-9.953053,-14.036224,-2.8562193,-6.695861,-10.68908,-2.5701416
C:\Users\Sidath Mendis\Desktop\Reasearch\System-implementation\MaCoDeR\datasets\raw\RAVDESS\Audio_Speech_Actors_01-24\Actor_22\03-01-08-01-02-01-22.wav,surprised,269.4706,0.00997449,-386.7667,47.73908,-11.12382,-3.8932443,-5.500124,-6.0867395,-13.041116,-14.12868,-14.30845,-0.39563954,-5.2979136,-12.359626,-2.2813714
C:\Users\Sidath Mendis\Desktop\Reasearch\System-implementation\MaCoDeR\datasets\raw\RAVDESS\Audio_Speech_Actors_01-24\Actor_22\03-01-08-01-02-02-22.wav,surprised,274.96622,0.0121709015,-371.1972,40.043224,-13.310613,-3.9836402,-4.212638,-6.4523616,-14.161658,-14.057115,-16.064396,0.6148528,-6.6739683,-12.350893,0.9176797
C:\Users\Sidath Mendis\Desktop\Reasearch\System-implementation\MaCoDeR\datasets\raw\RAVDESS\Audio_Speech_Actors_01-24\Actor_22\03-01-08-02-01-01-22.wav,surprised,274.99985,0.01821214,-338.65448,38.859562,-12.03035,-6.1831875,-6.171003,-9.200858,-13.0978985,-10.177108,-14.996498,0.7455558,-4.805316,-10.493058,-4.15581
C:\Users\Sidath Mendis\Desktop\Reasearch\System-implementation\MaCoDeR\datasets\raw\RAVDESS\Audio_Speech_Actors_01-24\Actor_22\03-01-08-02-01-02-22.wav,surprised,274.6883,0.009142053,-365.06433,40.04711,-17.060776,-2.6089215,-4.243237,-10.057932,-12.005062,-11.31021,-13.124198,0.94181186,-6.647353,-9.837623,-1.518357
C:\Users\Sidath Mendis\Desktop\Reasearch\System-implementation\MaCoDeR\datasets\raw\RAVDESS\Audio_Speech_Actors_01-24\Actor_22\03-01-08-02-02-01-22.wav,surprised,269.18076,0.015894303,-337.72647,26.329199,-9.78586,-9.825238,-7.756627,-8.217684,-15.998776,-11.662085,-16.746893,-2.0105634,-5.23798,-12.028119,-3.1583352
C:\Users\Sidath Mendis\Desktop\Reasearch\System-implementation\MaCoDeR\datasets\raw\RAVDESS\Audio_Speech_Actors_01-24\Actor_22\03-01-08-02-02-02-22.wav,surprised,273.91446,0.012324059,-364.67194,24.849909,-13.7808485,-5.726334,-3.5046906,-7.5949364,-13.912262,-9.721022,-13.198851,-0.7509425,-5.811398,-11.489009,-5.003316
C:\Users\Sidath Mendis\Desktop\Reasearch\System-implementation\MaCoDeR\datasets\raw\RAVDESS\Audio_Speech_Actors_01-24\Actor_23\03-01-01-01-01-01-23.wav,neutral,274.51407,0.00912987,-401.4049,61.691525,-4.2311883,8.771251,12.1218815,-6.09742,-3.8225853,-4.386631,-9.309087,-5.8884745,0.70167685,-5.022706,-1.4691707
C:\Users\Sidath Mendis\Desktop\Reasearch\System-implementation\MaCoDeR\datasets\raw\RAVDESS\Audio_Speech_Actors_01-24\Actor_23\03-01-01-01-01-02-23.wav,neutral,269.64062,0.010978942,-379.8814,60.08544,-5.9364614,9.629847,15.576267,-5.681224,0.37564695,-1.1077006,-8.532424,-3.5218263,2.7712183,-2.639181,-0.4374926
C:\Users\Sidath Mendis\Desktop\Reasearch\System-implementation\MaCoDeR\datasets\raw\RAVDESS\Audio_Speech_Actors_01-24\Actor_23\03-01-01-01-02-01-23.wav,neutral,274.74017,0.007875317,-414.95697,53.56093,-8.102327,5.556724,12.01909,-8.496997,-1.6463399,-4.407569,-10.663367,-5.355664,0.3718497,-4.1567693,-2.649082
C:\Users\Sidath Mendis\Desktop\Reasearch\System-implementation\MaCoDeR\datasets\raw\RAVDESS\Audio_Speech_Actors_01-24\Actor_23\03-01-01-01-02-02-23.wav,neutral,274.4286,0.009344675,-400.98352,60.9852,-3.7822182,6.2200723,13.613946,-7.622649,-2.3313706,-5.360916,-10.936716,-4.432464,-0.10785372,-4.510958,-2.4750175
C:\Users\Sidath Mendis\Desktop\Reasearch\System-implementation\MaCoDeR\datasets\raw\RAVDESS\Audio_Speech_Actors_01-24\Actor_23\03-01-02-01-01-01-23.wav,calm,275.58203,0.008077097,-396.1699,60.619335,5.4178867,10.200163,11.650067,-1.3135135,0.74517256,-1.5428976,-4.9940777,-2.69251,0.60174865,-3.1867588,-3.7814991
C:\Users\Sidath Mendis\Desktop\Reasearch\System-implementation\MaCoDeR\datasets\raw\RAVDESS\Audio_Speech_Actors_01-24\Actor_23\03-01-02-01-01-02-23.wav,calm,269.2485,0.015862852,-370.95554,57.646168,3.8361914,10.283235,10.145626,-0.1981406,-2.021814,-4.231836,-5.301312,-4.8030105,1.5717971,-3.968953,-2.8058405
C:\Users\Sidath Mendis\Desktop\Reasearch\System-implementation\MaCoDeR\datasets\raw\RAVDESS\Audio_Speech_Actors_01-24\Actor_23\03-01-02-01-02-01-23.wav,calm,274.28323,0.00687517,-413.23663,55.000195,-0.996723,7.8117275,7.228481,-3.1956062,-2.2122512,-4.1474557,-7.0441318,-3.7637994,1.024754,-4.780301,-3.9157484
C:\Users\Sidath Mendis\Desktop\Reasearch\System-implementation\MaCoDeR\datasets\raw\RAVDESS\Audio_Speech_Actors_01-24\Actor_23\03-01-02-01-02-02-23.wav,calm,274.9036,0.007885498,-391.7489,54.910378,0.45192325,8.768161,8.608639,-3.2388391,-2.855495,-3.4439256,-7.802437,-3.3701437,-0.17169243,-3.9952908,-4.0146317
C:\Users\Sidath Mendis\Desktop\Reasearch\System-implementation\MaCoDeR\datasets\raw\RAVDESS\Audio_Speech_Actors_01-24\Actor_23\03-01-02-02-01-01-23.wav,calm,270.23566,0.010259509,-372.89078,64.282,1.8897148,8.739362,9.302442,-0.24502088,-4.332836,-3.8282335,-6.077725,-4.5847883,2.2279418,-5.19119,-3.4642954
C:\Users\Sidath Mendis\Desktop\Reasearch\System-implementation\MaCoDeR\datasets\raw\RAVDESS\Audio_Speech_Actors_01-24\Actor_23\03-01-02-02-01-02-23.wav,calm,274.657,0.013466992,-367.97668,64.573166,3.8269796,8.614511,10.934704,1.3239836,-3.1505651,-4.8213334,-5.357705,-4.1992226,2.7529058,-4.359591,-2.7455368
C:\Users\Sidath Mendis\Desktop\Reasearch\System-implementation\MaCoDeR\datasets\raw\RAVDESS\Audio_Speech_Actors_01-24\Actor_23\03-01-02-02-02-01-23.wav,calm,274.9707,0.010940526,-381.59793,58.64333,0.7707761,9.748231,12.153469,-0.2517359,-3.1879,-6.0430527,-7.5668545,-2.436903,1.6436361,-3.646301,-3.9111211
C:\Users\Sidath Mendis\Desktop\Reasearch\System-implementation\MaCoDeR\datasets\raw\RAVDESS\Audio_Speech_Actors_01-24\Actor_23\03-01-02-02-02-02-23.wav,calm,269.13016,0.005916915,-414.72427,59.998924,0.20387515,9.32927,9.997243,-0.20183098,-2.6218352,-4.9059196,-8.254894,-3.2823787,2.5527868,-6.3208117,-4.726073
C:\Users\Sidath Mendis\Desktop\Reasearch\System-implementation\MaCoDeR\datasets\raw\RAVDESS\Audio_Speech_Actors_01-24\Actor_23\03-01-03-01-01-01-23.wav,happy,274.24,0.015912194,-385.98395,47.41588,-8.4201355,4.077251,5.123971,-5.8456135,-5.6604176,-7.539271,-11.52667,-5.4616413,-2.863679,-4.445194,-4.0401874
C:\Users\Sidath Mendis\Desktop\Reasearch\System-implementation\MaCoDeR\datasets\raw\RAVDESS\Audio_Speech_Actors_01-24\Actor_23\03-01-03-01-01-02-23.wav,happy,275.2125,0.012988892,-387.1101,43.21059,-7.0836067,2.0803914,4.319869,-5.281988,-5.243834,-6.4402184,-10.222081,-4.2672067,-3.1349647,-4.974707,-3.015966
C:\Users\Sidath Mendis\Desktop\Reasearch\System-implementation\MaCoDeR\datasets\raw\RAVDESS\Audio_Speech_Actors_01-24\Actor_23\03-01-03-01-02-01-23.wav,happy,273.75192,0.013204089,-383.58154,42.862293,-7.122563,3.5264182,4.9858174,-5.6676626,-6.3956475,-8.578726,-12.112078,-3.922924,-2.6027043,-5.522351,-2.9190989
C:\Users\Sidath Mendis\Desktop\Reasearch\System-implementation\MaCoDeR\datasets\raw\RAVDESS\Audio_Speech_Actors_01-24\Actor_23\03-01-03-01-02-02-23.wav,happy,269.98663,0.014327394,-378.71237,43.287296,-3.357865,5.1648817,5.579363,-4.941466,-5.7612977,-6.202324,-12.842966,-3.2482457,-3.0515819,-4.52751,-3.2447298
C:\Users\Sidath Mendis\Desktop\Reasearch\System-implementation\MaCoDeR\datasets\raw\RAVDESS\Audio_Speech_Actors_01-24\Actor_23\03-01-03-02-01-01-23.wav,happy,274.7596,0.013890422,-381.84192,30.203592,-12.217266,-2.0694795,-2.1832132,-6.817925,-8.86273,-6.0286937,-11.231116,-5.776505,-3.5570552,-5.8094964,-5.753914
C:\Users\Sidath Mendis\Desktop\Reasearch\System-implementation\MaCoDeR\datasets\raw\RAVDESS\Audio_Speech_Actors_01-24\Actor_23\03-01-03-02-01-02-23.wav,happy,274.07516,0.011851213,-390.4419,30.646584,-13.686866,-2.7385752,-3.3349564,-7.490461,-9.829236,-6.740911,-10.799125,-7.20403,-4.024677,-4.6614103,-6.943025
C:\Users\Sidath Mendis\Desktop\Reasearch\System-implementation\MaCoDeR\datasets\raw\RAVDESS\Audio_Speech_Actors_01-24\Actor_23\03-01-03-02-02-01-23.wav,happy,274.28806,0.015410043,-380.0415,31.994776,-10.639786,-3.7197075,-3.773358,-8.749662,-10.088323,-5.0387077,-14.403889,-4.8674116,-3.239463,-6.2106934,-4.835206
C:\Users\Sidath Mendis\Desktop\Reasearch\System-implementation\MaCoDeR\datasets\raw\RAVDESS\Audio_Speech_Actors_01-24\Actor_23\03-01-03-02-02-02-23.wav,happy,274.3237,0.010875047,-408.15375,36.535538,-9.965968,-0.021955436,-2.1545029,-8.83938,-8.041414,-5.66882,-14.599719,-5.1071963,-2.8365679,-6.866611,-4.7259607
C:\Users\Sidath Mendis\Desktop\Reasearch\System-implementation\MaCoDeR\datasets\raw\RAVDESS\Audio_Speech_Actors_01-24\Actor_23\03-01-04-01-01-01-23.wav,sad,269.41824,0.009068711,-397.3557,61.444572,-4.342655,7.648777,11.443429,-0.5436915,-3.0594068,-5.329353,-8.86564,-5.937996,-1.6874527,-4.534937,-4.8765764
C:\Users\Sidath Mendis\Desktop\Reasearch\System-implementation\MaCoDeR\datasets\raw\RAVDESS\Audio_Speech_Actors_01-24\Actor_23\03-01-04-01-01-02-23.wav,sad,268.77737,0.006830126,-407.11572,61.580208,-2.9650724,10.128103,9.7807455,-0.28007397,-1.2138932,-5.197279,-6.905564,-5.0935316,-0.92373675,-4.8952594,-5.8313885
C:\Users\Sidath Mendis\Desktop\Reasearch\System-implementation\MaCoDeR\datasets\raw\RAVDESS\Audio_Speech_Actors_01-24\Actor_23\03-01-04-01-02-01-23.wav,sad,274.6423,0.010010102,-373.68158,44.62285,0.3366732,9.417309,6.1213984,1.5243733,-1.0626676,-5.653085,-5.9565744,-5.2306833,0.04799668,-4.295174,-2.944333
C:\Users\Sidath Mendis\Desktop\Reasearch\System-implementation\MaCoDeR\datasets\raw\RAVDESS\Audio_Speech_Actors_01-24\Actor_23\03-01-04-01-02-02-23.wav,sad,274.4038,0.015729813,-364.71075,49.664608,0.015854746,11.4898815,7.758654,1.6387569,-0.42989862,-5.702273,-5.1822143,-5.329655,-0.4206829,-3.8063781,-3.3797238
C:\Users\Sidath Mendis\Desktop\Reasearch\System-implementation\MaCoDeR\datasets\raw\RAVDESS\Audio_Speech_Actors_01-24\Actor_23\03-01-04-02-01-01-23.wav,sad,274.8623,0.015981585,-323.49057,52.09275,-4.1761084,9.572336,8.085081,-0.38003924,-7.007433,-10.757746,-9.9672165,-6.375485,-2.6749308,-4.7654824,-2.0522027
C:\Users\Sidath Mendis\Desktop\Reasearch\System-implementation\MaCoDeR\datasets\raw\RAVDESS\Audio_Speech_Actors_01-24\Actor_23\03-01-04-02-01-02-23.wav,sad,274.0643,0.0059240083,-387.23474,51.078884,-9.759367,5.891848,7.677303,0.13502656,-4.7673664,-9.383156,-6.818451,-3.621819,-3.0105145,-5.426914,-2.0258834
C:\Users\Sidath Mendis\Desktop\Reasearch\System-implementation\MaCoDeR\datasets\raw\RAVDESS\Audio_Speech_Actors_01-24\Actor_23\03-01-04-02-02-01-23.wav,sad,274.57083,0.014467159,-366.3593,43.324795,4.3504333,3.9925134,5.2598867,0.8291468,-3.8905666,-7.990062,-8.916143,-5.549533,-1.3552442,-8.2081,-2.4098227
C:\Users\Sidath Mendis\Desktop\Reasearch\System-implementation\MaCoDeR\datasets\raw\RAVDESS\Audio_Speech_Actors_01-24\Actor_23\03-01-04-02-02-02-23.wav,sad,268.87848,0.015929045,-332.3148,64.386635,-4.029015,10.037919,13.355033,2.6996987,-1.8691825,-13.286883,-3.996934,-0.25585657,-0.6670666,-5.228801,0.9516237
C:\Users\Sidath Mendis\Desktop\Reasearch\System-implementation\MaCoDeR\datasets\raw\RAVDESS\Audio_Speech_Actors_01-24\Actor_23\03-01-05-01-01-01-23.wav,angry,274.61853,0.008947923,-416.89484,40.10832,-10.376296,1.7373774,-0.37266102,-5.942418,-4.667178,-4.97708,-11.824296,-5.8419127,-2.512261,-6.3770385,-3.9932127
C:\Users\Sidath Mendis\Desktop\Reasearch\System-implementation\MaCoDeR\datasets\raw\RAVDESS\Audio_Speech_Actors_01-24\Actor_23\03-01-05-01-01-02-23.wav,angry,269.3684,0.008426071,-408.2647,40.158253,-10.046415,3.3634572,-0.18323618,-6.009483,-6.3400364,-4.6299458,-11.628327,-6.248601,-1.9908895,-6.8625803,-4.241315
C:\Users\Sidath Mendis\Desktop\Reasearch\System-implementation\MaCoDeR\datasets\raw\RAVDESS\Audio_Speech_Actors_01-24\Actor_23\03-01-05-01-02-01-23.wav,angry,274.0721,0.010535957,-405.25006,40.3116,-8.256923,1.8153487,1.6538175,-6.2557726,-4.46939,-5.2624154,-9.867413,-5.6863513,-3.7085931,-6.2167735,-4.1688914
C:\Users\Sidath Mendis\Desktop\Reasearch\System-implementation\MaCoDeR\datasets\raw\RAVDESS\Audio_Speech_Actors_01-24\Actor_23\03-01-05-01-02-02-23.wav,angry,268.84692,0.014418377,-386.76624,37.61826,-9.374415,2.107903,-1.9896774,-7.1516385,-8.127361,-3.8578126,-12.298931,-7.6850915,-2.653303,-8.165835,-6.3744607
C:\Users\Sidath Mendis\Desktop\Reasearch\System-implementation\MaCoDeR\datasets\raw\RAVDESS\Audio_Speech_Actors_01-24\Actor_23\03-01-05-02-01-01-23.wav,angry,274.98917,0.019424954,-354.46094,28.812593,-15.771175,-0.75712824,-6.495395,-7.1487513,-7.453115,-4.1633315,-9.180768,-8.22483,-3.368299,-3.5463407,-5.426281
C:\Users\Sidath Mendis\Desktop\Reasearch\System-implementation\MaCoDeR\datasets\raw\RAVDESS\Audio_Speech_Actors_01-24\Actor_23\03-01-05-02-01-02-23.wav,angry,275.47726,0.007807823,-418.60428,28.982008,-17.222452,-2.23604,-5.3674183,-8.364563,-6.0420275,-5.6550612,-9.11515,-6.777094,-4.557921,-4.581359,-4.450674
C:\Users\Sidath Mendis\Desktop\Reasearch\System-implementation\MaCoDeR\datasets\raw\RAVDESS\Audio_Speech_Actors_01-24\Actor_23\03-01-05-02-02-01-23.wav,angry,275.85913,0.0090183355,-402.74026,22.193512,-17.27593,-3.4200919,-5.4343357,-5.5468307,-6.742002,-7.133417,-7.848795,-6.4352965,-4.29881,-4.22214,-3.1660428
C:\Users\Sidath Mendis\Desktop\Reasearch\System-implementation\MaCoDeR\datasets\raw\RAVDESS\Audio_Speech_Actors_01-24\Actor_23\03-01-05-02-02-02-23.wav,angry,268.98972,0.007240221,-401.4988,23.088606,-14.773434,-2.6902108,-5.1343284,-8.06966,-6.675313,-5.9954653,-9.99263,-7.6992598,-3.8892353,-6.66998,-4.7240868
C:\Users\Sidath Mendis\Desktop\Reasearch\System-implementation\MaCoDeR\datasets\raw\RAVDESS\Audio_Speech_Actors_01-24\Actor_23\03-01-06-01-01-01-23.wav,fearful,274.66125,0.010985366,-366.91992,48.598854,-3.1273353,6.7620516,7.6554675,-3.1789567,-2.6527941,-7.842542,-9.492153,-3.2426176,-1.5783064,-3.219822,-2.8534284
C:\Users\Sidath Mendis\Desktop\Reasearch\System-implementation\MaCoDeR\datasets\raw\RAVDESS\Audio_Speech_Actors_01-24\Actor_23\03-01-06-01-01-02-23.wav,fearful,275.6216,0.0061680283,-424.5623,52.66625,-2.9486327,7.7153015,7.978341,0.24422449,-0.8796098,-4.027371,-8.845339,-3.679851,2.0313473,-4.9232,-2.3987112
C:\Users\Sidath Mendis\Desktop\Reasearch\System-implementation\MaCoDeR\datasets\raw\RAVDESS\Audio_Speech_Actors_01-24\Actor_23\03-01-06-01-02-01-23.wav,fearful,269.43478,0.007881073,-393.99557,38.930782,-4.7217546,7.085903,6.5432243,-1.2654486,-3.3405166,-6.3590217,-8.494412,-4.78673,0.06274122,-5.6138153,-1.906898
C:\Users\Sidath Mendis\Desktop\Reasearch\System-implementation\MaCoDeR\datasets\raw\RAVDESS\Audio_Speech_Actors_01-24\Actor_23\03-01-06-01-02-02-23.wav,fearful,274.31442,0.009442262,-399.8366,41.784092,-4.524046,5.8789644,4.9680285,-1.6745739,-3.449772,-7.3164444,-8.658295,-5.2446737,-2.2361588,-4.8514214,-2.4674313
C:\Users\Sidath Mendis\Desktop\Reasearch\System-implementation\MaCoDeR\datasets\raw\RAVDESS\Audio_Speech_Actors_01-24\Actor_23\03-01-06-02-01-01-23.wav,fearful,274.7078,0.017415257,-350.60822,44.388012,-13.136882,5.7526455,5.870698,-9.564495,-9.378197,-10.239055,-12.457209,-4.810563,-1.9583163,-7.663414,-2.1308677
C:\Users\Sidath Mendis\Desktop\Reasearch\System-implementation\MaCoDeR\datasets\raw\RAVDESS\Audio_Speech_Actors_01-24\Actor_23\03-01-06-02-01-02-23.wav,fearful,274.3661,0.018203376,-362.1874,43.881126,-8.395791,5.55937,3.7711337,-7.8818564,-5.930674,-11.0529,-10.555785,-6.660089,-2.9365141,-6.2457113,-2.8035526
C:\Users\Sidath Mendis\Desktop\Reasearch\System-implementation\MaCoDeR\datasets\raw\RAVDESS\Audio_Speech_Actors_01-24\Actor_23\03-01-06-02-02-01-23.wav,fearful,274.74146,0.014224844,-368.8171,37.023346,-13.26285,0.7411493,2.201083,-8.854779,-9.973058,-9.374557,-11.62287,-5.787505,-1.5969373,-8.349942,-5.076618
C:\Users\Sidath Mendis\Desktop\Reasearch\System-implementation\MaCoDeR\datasets\raw\RAVDESS\Audio_Speech_Actors_01-24\Actor_23\03-01-06-02-02-02-23.wav,fearful,274.7712,0.013942643,-352.4837,51.18589,-13.865032,0.7111138,4.59232,-3.3612428,-8.834921,-14.019713,-15.501662,-5.974859,-1.226949,-7.337091,-4.631855
C:\Users\Sidath Mendis\Desktop\Reasearch\System-implementation\MaCoDeR\datasets\raw\RAVDESS\Audio_Speech_Actors_01-24\Actor_23\03-01-07-01-01-01-23.wav,disgust,269.95547,0.0057666367,-396.21017,51.422947,-0.82058,8.586369,4.4955378,3.7654898,-0.683441,-4.461448,-6.886391,-4.894415,2.309372,-2.2559261,-4.298766
C:\Users\Sidath Mendis\Desktop\Reasearch\System-implementation\MaCoDeR\datasets\raw\RAVDESS\Audio_Speech_Actors_01-24\Actor_23\03-01-07-01-01-02-23.wav,disgust,274.32202,0.008830404,-366.67065,47.32846,-1.9460982,8.916617,4.517302,-0.5675801,-2.4642234,-4.513368,-5.6982994,-3.556773,-0.20258436,-3.023033,-3.8376656
C:\Users\Sidath Mendis\Desktop\Reasearch\System-implementation\MaCoDeR\datasets\raw\RAVDESS\Audio_Speech_Actors_01-24\Actor_23\03-01-07-01-02-01-23.wav,disgust,269.2217,0.007134424,-398.7957,40.18155,0.12732433,6.5357904,3.7917798,2.228837,-2.1258423,-7.017363,-5.4816704,-2.691267,0.051373698,-3.8312845,-3.8529036
C:\Users\Sidath Mendis\Desktop\Reasearch\System-implementation\MaCoDeR\datasets\raw\RAVDESS\Audio_Speech_Actors_01-24\Actor_23\03-01-07-01-02-02-23.wav,disgust,274.90353,0.012075234,-384.515,43.601517,4.692661,6.550129,4.0091333,0.9516841,-0.82699037,-7.1819305,-5.9919376,-3.2282984,-1.2809607,-4.8782187,-3.2650356
C:\Users\Sidath Mendis\Desktop\Reasearch\System-implementation\MaCoDeR\datasets\raw\RAVDESS\Audio_Speech_Actors_01-24\Actor_23\03-01-07-02-01-01-23.wav,disgust,268.56238,0.007054972,-399.31204,42.72626,-1.6550057,5.2047725,1.4081588,0.09729819,-2.9884996,-3.1857398,-8.808948,-5.4979787,-0.5152665,-4.222269,-3.3359556
C:\Users\Sidath Mendis\Desktop\Reasearch\System-implementation\MaCoDeR\datasets\raw\RAVDESS\Audio_Speech_Actors_01-24\Actor_23\03-01-07-02-01-02-23.wav,disgust,269.92035,0.010358687,-362.08478,48.44669,-1.656688,7.9184766,0.48206562,-1.3172582,-4.4659905,-5.6613026,-10.643737,-5.6352625,-0.47816998,-5.299778,-3.770547
C:\Users\Sidath Mendis\Desktop\Reasearch\System-implementation\MaCoDeR\datasets\raw\RAVDESS\Audio_Speech_Actors_01-24\Actor_23\03-01-07-02-02-01-23.wav,disgust,269.77322,0.013152961,-365.09558,44.352665,0.5253749,5.4962773,3.1328764,0.62035245,-6.6413894,-6.387856,-10.773923,-6.5675316,-2.150151,-6.4041686,-4.9184146
C:\Users\Sidath Mendis\Desktop\Reasearch\System-implementation\MaCoDeR\datasets\raw\RAVDESS\Audio_Speech_Actors_01-24\Actor_23\03-01-07-02-02-02-23.wav,disgust,274.57248,0.009942739,-383.42953,43.282696,0.5898749,5.74103,3.1046383,-0.11589297,-5.876887,-4.9910927,-13.007439,-5.485877,-1.0451818,-6.63645,-4.3415976
C:\Users\Sidath Mendis\Desktop\Reasearch\System-implementation\MaCoDeR\datasets\raw\RAVDESS\Audio_Speech_Actors_01-24\Actor_23\03-01-08-01-01-01-23.wav,surprised,268.97897,0.012697531,-397.05774,43.589355,-8.963899,3.56383,2.7030559,-5.7265882,-6.923157,-8.5498,-10.063655,-4.182136,-1.0562652,-5.4584,-3.491643
C:\Users\Sidath Mendis\Desktop\Reasearch\System-implementation\MaCoDeR\datasets\raw\RAVDESS\Audio_Speech_Actors_01-24\Actor_23\03-01-08-01-01-02-23.wav,surprised,268.8923,0.015915545,-387.9899,45.581474,-7.50583,3.5861983,4.86884,-4.907496,-7.6326137,-6.035741,-9.9387665,-2.2560706,-0.08836218,-5.604835,-3.7606306
C:\Users\Sidath Mendis\Desktop\Reasearch\System-implementation\MaCoDeR\datasets\raw\RAVDESS\Audio_Speech_Actors_01-24\Actor_23\03-01-08-01-02-01-23.wav,surprised,275.05493,0.01164436,-398.6709,45.550568,-6.99923,0.9389862,3.2199259,-2.4471598,-6.737067,-5.817857,-10.70032,-3.290596,0.94100344,-3.435802,-4.602949
C:\Users\Sidath Mendis\Desktop\Reasearch\System-implementation\MaCoDeR\datasets\raw\RAVDESS\Audio_Speech_Actors_01-24\Actor_23\03-01-08-01-02-02-23.wav,surprised,268.38354,0.010884409,-396.56415,42.230312,-9.9241905,-1.334064,0.60001016,-5.3911943,-7.5704856,-7.890969,-10.53892,-4.0509977,-2.1049166,-4.709935,-6.078617
C:\Users\Sidath Mendis\Desktop\Reasearch\System-implementation\MaCoDeR\datasets\raw\RAVDESS\Audio_Speech_Actors_01-24\Actor_23\03-01-08-02-01-01-23.wav,surprised,274.38672,0.013558854,-373.68057,37.957233,-9.889591,1.5723944,2.6586833,-5.2964272,-11.369534,-8.093489,-9.32877,-4.451603,-2.8211498,-5.7671094,-7.1106215
C:\Users\Sidath Mendis\Desktop\Reasearch\System-implementation\MaCoDeR\datasets\raw\RAVDESS\Audio_Speech_Actors_01-24\Actor_23\03-01-08-02-01-02-23.wav,surprised,269.9863,0.018172007,-370.03873,38.84764,-12.189696,-1.0640795,-1.9353008,-5.797893,-10.081417,-9.21367,-9.894922,-4.822096,-2.899404,-5.78664,-5.1506324
C:\Users\Sidath Mendis\Desktop\Reasearch\System-implementation\MaCoDeR\datasets\raw\RAVDESS\Audio_Speech_Actors_01-24\Actor_23\03-01-08-02-02-01-23.wav,surprised,275.45566,0.0076238746,-414.45303,30.874594,-12.372114,-4.1675353,-4.854622,-6.217709,-9.799503,-9.617516,-10.174792,-5.8682976,-3.9323993,-5.175722,-6.896021
C:\Users\Sidath Mendis\Desktop\Reasearch\System-implementation\MaCoDeR\datasets\raw\RAVDESS\Audio_Speech_Actors_01-24\Actor_23\03-01-08-02-02-02-23.wav,surprised,274.5557,0.013919454,-384.3091,33.495296,-11.443396,-1.8351197,-1.849288,-5.0467486,-9.939673,-7.94416,-10.202283,-4.6657057,-3.281491,-4.9207625,-6.0351305
C:\Users\Sidath Mendis\Desktop\Reasearch\System-implementation\MaCoDeR\datasets\raw\RAVDESS\Audio_Speech_Actors_01-24\Actor_24\03-01-01-01-01-01-24.wav,neutral,274.45438,0.0150239635,-357.45172,43.229652,-7.4514565,1.0477133,-8.07527,-7.687416,-11.267946,-12.600428,-8.550983,-6.6951246,-8.587321,-3.2837574,-6.132196
C:\Users\Sidath Mendis\Desktop\Reasearch\System-implementation\MaCoDeR\datasets\raw\RAVDESS\Audio_Speech_Actors_01-24\Actor_24\03-01-01-01-01-02-24.wav,neutral,275.25766,0.009672149,-372.4164,41.4647,-12.51162,1.755123,-8.26272,-9.81284,-10.31878,-13.119345,-8.123954,-5.7533016,-9.840951,-3.3610435,-5.5737476
C:\Users\Sidath Mendis\Desktop\Reasearch\System-implementation\MaCoDeR\datasets\raw\RAVDESS\Audio_Speech_Actors_01-24\Actor_24\03-01-01-01-02-01-24.wav,neutral,275.2769,0.007862112,-396.8732,44.06828,-7.0258465,3.9520953,-8.574372,-5.2977524,-11.913533,-11.952755,-6.1520753,-5.4959416,-6.811166,-0.5915791,-6.914683
C:\Users\Sidath Mendis\Desktop\Reasearch\System-implementation\MaCoDeR\datasets\raw\RAVDESS\Audio_Speech_Actors_01-24\Actor_24\03-01-01-01-02-02-24.wav,neutral,269.9429,0.0101093985,-401.89273,39.41725,-4.9932504,3.8817723,-8.206423,-5.6634007,-15.264031,-12.449848,-7.9846096,-6.2240953,-8.62539,-1.7061776,-4.537396
C:\Users\Sidath Mendis\Desktop\Reasearch\System-implementation\MaCoDeR\datasets\raw\RAVDESS\Audio_Speech_Actors_01-24\Actor_24\03-01-02-01-01-01-24.wav,calm,274.44266,0.009364515,-373.12485,40.050903,-3.2298331,3.4512064,-3.6551592,-5.564048,-11.351341,-13.256774,-9.016318,-6.9514685,-7.9516444,-4.028056,-8.392144
C:\Users\Sidath Mendis\Desktop\Reasearch\System-implementation\MaCoDeR\datasets\raw\RAVDESS\Audio_Speech_Actors_01-24\Actor_24\03-01-02-01-01-02-24.wav,calm,274.65775,0.018413974,-348.63504,44.12577,-1.0390849,3.2469254,-6.558686,-5.700327,-8.623988,-11.146694,-9.318671,-4.8385262,-7.708782,-3.6288192,-7.7005653
C:\Users\Sidath Mendis\Desktop\Reasearch\System-implementation\MaCoDeR\datasets\raw\RAVDESS\Audio_Speech_Actors_01-24\Actor_24\03-01-02-01-02-01-24.wav,calm,274.96606,0.016364167,-342.22556,38.349815,2.6743176,9.384072,-5.9796195,-3.0296075,-11.018358,-9.151866,-7.464392,-5.854757,-5.191709,-2.5191557,-7.551676
C:\Users\Sidath Mendis\Desktop\Reasearch\System-implementation\MaCoDeR\datasets\raw\RAVDESS\Audio_Speech_Actors_01-24\Actor_24\03-01-02-01-02-02-24.wav,calm,269.54422,0.012633127,-365.08374,41.272896,2.5895438,0.9780265,-1.3528316,-3.8450794,-12.700679,-8.642836,-9.364194,-5.1982965,-8.834536,-1.8646568,-6.1149387
C:\Users\Sidath Mendis\Desktop\Reasearch\System-implementation\MaCoDeR\datasets\raw\RAVDESS\Audio_Speech_Actors_01-24\Actor_24\03-01-02-02-01-01-24.wav,calm,274.95966,0.012372393,-362.0462,41.95894,-10.863038,-0.34943035,-7.2215223,-7.942568,-11.536243,-10.562222,-8.527442,-6.7214274,-7.955429,-2.7572422,-7.106629
C:\Users\Sidath Mendis\Desktop\Reasearch\System-implementation\MaCoDeR\datasets\raw\RAVDESS\Audio_Speech_Actors_01-24\Actor_24\03-01-02-02-01-02-24.wav,calm,269.156,0.014608399,-327.02625,45.200302,-4.0402927,5.898607,-4.109045,-5.0495377,-8.994421,-9.021422,-9.163705,-7.9430766,-4.1482553,-4.2471385,-8.246029
C:\Users\Sidath Mendis\Desktop\Reasearch\System-implementation\MaCoDeR\datasets\raw\RAVDESS\Audio_Speech_Actors_01-24\Actor_24\03-01-02-02-02-01-24.wav,calm,275.0879,0.011092555,-366.57956,48.70096,1.1222208,0.025111757,-7.621972,-7.2248373,-12.110167,-8.403195,-12.154092,-7.8486786,-6.2581143,-3.7247782,-8.050488
C:\Users\Sidath Mendis\Desktop\Reasearch\System-implementation\MaCoDeR\datasets\raw\RAVDESS\Audio_Speech_Actors_01-24\Actor_24\03-01-02-02-02-02-24.wav,calm,274.7806,0.016809203,-332.02695,41.367165,-2.767712,1.0234834,-4.0203176,-7.462221,-11.155665,-7.080593,-11.4290285,-7.604132,-5.253399,-5.0411763,-7.5399384
C:\Users\Sidath Mendis\Desktop\Reasearch\System-implementation\MaCoDeR\datasets\raw\RAVDESS\Audio_Speech_Actors_01-24\Actor_24\03-01-03-01-01-01-24.wav,happy,268.90015,0.0096829645,-382.47516,41.27354,-11.070028,1.1593096,-6.5589232,-8.341077,-9.272999,-8.439029,-9.557429,-6.666583,-9.832864,-1.3089201,-7.75304
C:\Users\Sidath Mendis\Desktop\Reasearch\System-implementation\MaCoDeR\datasets\raw\RAVDESS\Audio_Speech_Actors_01-24\Actor_24\03-01-03-01-01-02-24.wav,happy,275.76434,0.013105809,-358.24658,44.213326,-15.168291,4.6164126,-4.778446,-8.689507,-8.638118,-9.353243,-8.1070595,-4.3429866,-10.441538,-0.56851333,-6.587171
C:\Users\Sidath Mendis\Desktop\Reasearch\System-implementation\MaCoDeR\datasets\raw\RAVDESS\Audio_Speech_Actors_01-24\Actor_24\03-01-03-01-02-01-24.wav,happy,274.65433,0.006090207,-417.86368,48.59353,-13.861474,-0.56483406,-5.9279156,-7.0754175,-10.602541,-9.704247,-7.6861854,-5.8401027,-6.99475,-0.82730734,-6.848548
C:\Users\Sidath Mendis\Desktop\Reasearch\System-implementation\MaCoDeR\datasets\raw\RAVDESS\Audio_Speech_Actors_01-24\Actor_24\03-01-03-01-02-02-24.wav,happy,274.1669,0.008181259,-391.71692,33.09898,-16.20487,1.0088569,-8.298964,-9.565987,-13.517891,-8.574172,-9.072195,-7.55817,-7.3315187,-1.5948383,-8.245954
C:\Users\Sidath Mendis\Desktop\Reasearch\System-implementation\MaCoDeR\datasets\raw\RAVDESS\Audio_Speech_Actors_01-24\Actor_24\03-01-03-02-01-01-24.wav,happy,274.72943,0.004437837,-399.39597,33.450493,-21.651714,5.746669,-10.314515,-15.32931,-6.339698,-10.826221,-5.680858,-3.0208821,-9.400641,3.4745448,-7.526514
C:\Users\Sidath Mendis\Desktop\Reasearch\System-implementation\MaCoDeR\datasets\raw\RAVDESS\Audio_Speech_Actors_01-24\Actor_24\03-01-03-02-01-02-24.wav,happy,275.73172,0.006994587,-381.16885,33.262062,-19.86898,10.140082,-7.8981094,-11.125275,-5.2347436,-8.587012,-4.970521,-1.5723714,-8.418208,4.873899,-1.8657769
C:\Users\Sidath Mendis\Desktop\Reasearch\System-implementation\MaCoDeR\datasets\raw\RAVDESS\Audio_Speech_Actors_01-24\Actor_24\03-01-03-02-02-01-24.wav,happy,274.1751,0.012803578,-360.9455,28.837587,-20.0762,2.0553436,-11.486953,-14.747635,-12.240665,-11.390851,-11.414216,-3.277887,-9.38878,0.50827175,-9.591918
C:\Users\Sidath Mendis\Desktop\Reasearch\System-implementation\MaCoDeR\datasets\raw\RAVDESS\Audio_Speech_Actors_01-24\Actor_24\03-01-03-02-02-02-24.wav,happy,274.8388,0.013089715,-372.65015,19.306389,-21.616108,-4.3454556,-14.986018,-15.212789,-12.576386,-9.631833,-9.9085,-4.6373777,-11.375296,-2.0968966,-8.963337
C:\Users\Sidath Mendis\Desktop\Reasearch\System-implementation\MaCoDeR\datasets\raw\RAVDESS\Audio_Speech_Actors_01-24\Actor_24\03-01-04-01-01-01-24.wav,sad,272.9592,0.008163805,-358.2522,48.06134,-1.47756,5.0158734,-3.0736432,-7.0228376,-12.860493,-8.372173,-9.656142,-5.806407,-8.9918785,-4.0229983,-5.31753
C:\Users\Sidath Mendis\Desktop\Reasearch\System-implementation\MaCoDeR\datasets\raw\RAVDESS\Audio_Speech_Actors_01-24\Actor_24\03-01-04-01-01-02-24.wav,sad,275.49353,0.013908148,-342.02414,51.976597,2.6666727,8.280985,-3.8529851,-3.2441528,-9.660845,-8.539496,-6.608952,-3.0326428,-9.054114,-1.9115525,-5.538994
C:\Users\Sidath Mendis\Desktop\Reasearch\System-implementation\MaCoDeR\datasets\raw\RAVDESS\Audio_Speech_Actors_01-24\Actor_24\03-01-04-01-02-01-24.wav,sad,269.75238,0.0074318866,-419.69785,43.80137,-7.0469565,2.42701,-8.718299,-5.1306725,-11.199373,-13.891502,-8.867214,-8.01952,-8.563376,-2.5248349,-7.3196073
C:\Users\Sidath Mendis\Desktop\Reasearch\System-implementation\MaCoDeR\datasets\raw\RAVDESS\Audio_Speech_Actors_01-24\Actor_24\03-01-04-01-02-02-24.wav,sad,275.0309,0.007339822,-383.59424,50.587032,1.968129,6.7967515,-6.7117066,-3.2310383,-10.174753,-6.729512,-8.149476,-6.3838334,-5.335285,-3.7384825,-4.2357764
C:\Users\Sidath Mendis\Desktop\Reasearch\System-implementation\MaCoDeR\datasets\raw\RAVDESS\Audio_Speech_Actors_01-24\Actor_24\03-01-04-02-01-01-24.wav,sad,269.96555,0.014096135,-357.0664,38.28809,-21.67453,0.487956,-11.638364,-16.372643,-13.282744,-18.34913,-14.48089,2.173421,-10.481367,-6.1945224,3.6081004
C:\Users\Sidath Mendis\Desktop\Reasearch\System-implementation\MaCoDeR\datasets\raw\RAVDESS\Audio_Speech_Actors_01-24\Actor_24\03-01-04-02-01-02-24.wav,sad,274.4014,0.0052426266,-379.41858,50.48026,-11.826157,3.023091,-10.381795,-13.910265,-5.369832,-13.442755,-10.330566,-0.73397774,-8.612447,-2.1606722,0.9705622
C:\Users\Sidath Mendis\Desktop\Reasearch\System-implementation\MaCoDeR\datasets\raw\RAVDESS\Audio_Speech_Actors_01-24\Actor_24\03-01-04-02-02-01-24.wav,sad,274.6807,0.00716496,-368.10095,50.892868,-5.263404,3.4549296,-6.148969,-10.633177,-17.49072,-18.668283,-15.518705,-2.5239234,-16.379757,-4.9734516,0.2355791
C:\Users\Sidath Mendis\Desktop\Reasearch\System-implementation\MaCoDeR\datasets\raw\RAVDESS\Audio_Speech_Actors_01-24\Actor_24\03-01-04-02-02-02-24.wav,sad,274.70697,0.008314146,-370.69745,40.845245,-0.3455028,-0.6843098,-8.619621,-6.125614,-8.9930315,-9.8257475,-12.192108,-3.590419,-9.217976,-3.6179821,-3.3832185
C:\Users\Sidath Mendis\Desktop\Reasearch\System-implementation\MaCoDeR\datasets\raw\RAVDESS\Audio_Speech_Actors_01-24\Actor_24\03-01-05-01-01-01-24.wav,angry,274.65524,0.0044605285,-408.87878,33.38726,-18.306717,0.44974443,-14.748363,-11.700937,-5.44284,-12.043739,-7.9435916,-1.2103255,-9.756537,1.8145659,-4.929035
C:\Users\Sidath Mendis\Desktop\Reasearch\System-implementation\MaCoDeR\datasets\raw\RAVDESS\Audio_Speech_Actors_01-24\Actor_24\03-01-05-01-01-02-24.wav,angry,269.09378,0.011184329,-380.43362,29.779303,-17.598513,-0.19398034,-11.725772,-10.995878,-7.6087804,-8.69517,-8.918422,-1.5707946,-7.555244,0.28863484,-3.0935087
C:\Users\Sidath Mendis\Desktop\Reasearch\System-implementation\MaCoDeR\datasets\raw\RAVDESS\Audio_Speech_Actors_01-24\Actor_24\03-01-05-01-02-01-24.wav,angry,274.28394,0.0069905324,-400.77716,32.577515,-15.365543,3.464112,-10.241098,-9.941857,-6.8192344,-12.8404255,-8.873047,-2.4077847,-6.165826,1.6382078,-3.2417274
C:\Users\Sidath Mendis\Desktop\Reasearch\System-implementation\MaCoDeR\datasets\raw\RAVDESS\Audio_Speech_Actors_01-24\Actor_24\03-01-05-01-02-02-24.wav,angry,269.71738,0.015035507,-351.05957,34.32538,-18.356136,-2.856695,-10.407722,-16.314323,-9.830278,-13.875593,-11.356426,-0.6424931,-7.2248077,0.5911664,-5.701362
C:\Users\Sidath Mendis\Desktop\Reasearch\System-implementation\MaCoDeR\datasets\raw\RAVDESS\Audio_Speech_Actors_01-24\Actor_24\03-01-05-02-01-01-24.wav,angry,273.35275,0.013222924,-350.26703,25.316696,-17.944517,1.3509257,-19.22149,-13.422459,-4.736512,-12.140578,-8.731767,-3.3207233,-11.284228,3.5621173,-8.182068
C:\Users\Sidath Mendis\Desktop\Reasearch\System-implementation\MaCoDeR\datasets\raw\RAVDESS\Audio_Speech_Actors_01-24\Actor_24\03-01-05-02-01-02-24.wav,angry,269.08673,0.009175746,-379.5329,27.337801,-20.461271,0.4693024,-15.593476,-13.290202,-5.6773925,-11.061947,-9.797987,-0.5935827,-11.921848,3.2789943,-4.9567366
C:\Users\Sidath Mendis\Desktop\Reasearch\System-implementation\MaCoDeR\datasets\raw\RAVDESS\Audio_Speech_Actors_01-24\Actor_24\03-01-05-02-02-01-24.wav,angry,268.84464,0.011466643,-366.643,33.10255,-11.642544,-2.2662063,-12.71741,-9.615492,-8.963362,-12.096249,-9.547088,-2.685419,-7.258379,4.5370603,-5.4538794
C:\Users\Sidath Mendis\Desktop\Reasearch\System-implementation\MaCoDeR\datasets\raw\RAVDESS\Audio_Speech_Actors_01-24\Actor_24\03-01-05-02-02-02-24.wav,angry,268.9347,0.009365565,-385.51718,23.539848,-16.328259,-0.102216825,-18.963531,-9.061004,-7.4005065,-12.254006,-8.472663,-3.595176,-8.7037325,3.1439533,-6.5320115
C:\Users\Sidath Mendis\Desktop\Reasearch\System-implementation\MaCoDeR\datasets\raw\RAVDESS\Audio_Speech_Actors_01-24\Actor_24\03-01-06-01-01-01-24.wav,fearful,269.38864,0.011230418,-355.4927,24.022821,-14.907886,-0.69756407,-11.522959,-9.965441,-11.921486,-13.617157,-3.6462023,-3.4700618,-9.264821,1.3866535,-5.4851365
C:\Users\Sidath Mendis\Desktop\Reasearch\System-implementation\MaCoDeR\datasets\raw\RAVDESS\Audio_Speech_Actors_01-24\Actor_24\03-01-06-01-01-02-24.wav,fearful,269.73233,0.01365252,-344.34442,27.242273,-16.523956,-3.3288255,-11.747644,-8.410874,-9.172227,-11.912396,-5.381332,-2.5875127,-7.1979947,-1.6966344,-4.812543
C:\Users\Sidath Mendis\Desktop\Reasearch\System-implementation\MaCoDeR\datasets\raw\RAVDESS\Audio_Speech_Actors_01-24\Actor_24\03-01-06-01-02-01-24.wav,fearful,274.64465,0.0055172173,-404.90173,24.07806,-10.637542,-2.1777198,-12.236277,-10.698059,-15.094377,-10.161223,-8.719681,-3.5595148,-10.126956,-3.035456,-4.1617417
C:\Users\Sidath Mendis\Desktop\Reasearch\System-implementation\MaCoDeR\datasets\raw\RAVDESS\Audio_Speech_Actors_01-24\Actor_24\03-01-06-01-02-02-24.wav,fearful,274.59042,0.01020051,-363.9488,25.988798,-9.703528,-1.1236095,-11.06876,-5.9224973,-9.50027,-10.811668,-5.360683,-2.6678085,-6.855202,-1.6191093,-5.4562783
C:\Users\Sidath Mendis\Desktop\Reasearch\System-implementation\MaCoDeR\datasets\raw\RAVDESS\Audio_Speech_Actors_01-24\Actor_24\03-01-06-02-01-01-24.wav,fearful,274.16714,0.011501674,-368.88757,12.622467,-29.74644,-7.9797416,-12.769198,-19.707575,-17.036774,-19.436758,-10.657968,0.31617093,-0.47784388,12.251078,9.518756
C:\Users\Sidath Mendis\Desktop\Reasearch\System-implementation\MaCoDeR\datasets\raw\RAVDESS\Audio_Speech_Actors_01-24\Actor_24\03-01-06-02-01-02-24.wav,fearful,270.53574,0.0124290725,-359.88873,15.020187,-16.797283,-8.536661,-12.827011,-14.575662,-9.303711,-11.29695,-9.490525,-4.342184,-7.1979356,2.263996,6.079631
C:\Users\Sidath Mendis\Desktop\Reasearch\System-implementation\MaCoDeR\datasets\raw\RAVDESS\Audio_Speech_Actors_01-24\Actor_24\03-01-06-02-02-01-24.wav,fearful,274.79688,0.015536746,-380.11084,5.352036,-25.453325,-10.953728,-10.922592,-14.309502,-17.79026,-16.42967,-11.656794,2.2068446,0.63728803,13.249969,12.724777
C:\Users\Sidath Mendis\Desktop\Reasearch\System-implementation\MaCoDeR\datasets\raw\RAVDESS\Audio_Speech_Actors_01-24\Actor_24\03-01-06-02-02-02-24.wav,fearful,273.8284,0.023674607,-361.62192,3.740124,-26.792078,-17.190163,-11.878677,-14.729704,-17.841282,-14.1487875,-11.71486,3.580144,4.7241416,18.973047,14.10408
C:\Users\Sidath Mendis\Desktop\Reasearch\System-implementation\MaCoDeR\datasets\raw\RAVDESS\Audio_Speech_Actors_01-24\Actor_24\03-01-07-01-01-01-24.wav,disgust,274.88443,0.013662993,-335.06427,55.198914,-22.164892,3.2260156,-16.754303,-13.204216,-10.334886,-11.579624,-12.184971,-4.4620028,-7.7136245,-2.729894,-4.9037933
C:\Users\Sidath Mendis\Desktop\Reasearch\System-implementation\MaCoDeR\datasets\raw\RAVDESS\Audio_Speech_Actors_01-24\Actor_24\03-01-07-01-01-02-24.wav,disgust,275.00415,0.006339171,-357.10028,47.20712,-19.599033,3.8248887,-12.803446,-12.299895,-9.500279,-13.152699,-7.101062,-1.1046156,-9.781405,-3.310795,-3.9351535
C:\Users\Sidath Mendis\Desktop\Reasearch\System-implementation\MaCoDeR\datasets\raw\RAVDESS\Audio_Speech_Actors_01-24\Actor_24\03-01-07-01-02-01-24.wav,disgust,274.87332,0.0062360875,-382.93994,40.078575,-21.07816,6.5859776,-15.765405,-10.707993,-14.213897,-16.237616,-8.639863,-5.283865,-10.709436,-0.24861576,-5.680641
C:\Users\Sidath Mendis\Desktop\Reasearch\System-implementation\MaCoDeR\datasets\raw\RAVDESS\Audio_Speech_Actors_01-24\Actor_24\03-01-07-01-02-02-24.wav,disgust,275.28763,0.00645323,-376.8695,51.20515,-17.660025,5.520025,-11.971018,-12.097884,-14.182864,-15.737519,-13.76492,-3.1984243,-8.220559,-6.32093,-1.2870812
C:\Users\Sidath Mendis\Desktop\Reasearch\System-implementation\MaCoDeR\datasets\raw\RAVDESS\Audio_Speech_Actors_01-24\Actor_24\03-01-07-02-01-01-24.wav,disgust,274.82153,0.0054773325,-342.95554,54.58671,-10.987942,-0.47789514,-18.534807,-7.572826,-12.071692,-15.848292,-9.991803,0.111714244,-9.332504,-0.8871749,-3.8865986
C:\Users\Sidath Mendis\Desktop\Reasearch\System-implementation\MaCoDeR\datasets\raw\RAVDESS\Audio_Speech_Actors_01-24\Actor_24\03-01-07-02-01-02-24.wav,disgust,274.63013,0.012725428,-328.37918,31.300743,-23.074377,-3.078672,-15.603206,-10.404376,-15.254875,-11.738796,-4.3830285,-1.013939,-9.452887,-1.1179779,-2.1406956
C:\Users\Sidath Mendis\Desktop\Reasearch\System-implementation\MaCoDeR\datasets\raw\RAVDESS\Audio_Speech_Actors_01-24\Actor_24\03-01-07-02-02-01-24.wav,disgust,270.51205,0.010264663,-359.59406,31.598337,-23.875683,-5.1362786,-15.749154,-11.2853,-15.065407,-14.539124,-6.233278,-2.8592322,-8.238165,-1.4545972,-7.2274685
C:\Users\Sidath Mendis\Desktop\Reasearch\System-implementation\MaCoDeR\datasets\raw\RAVDESS\Audio_Speech_Actors_01-24\Actor_24\03-01-07-02-02-02-24.wav,disgust,274.7183,0.015467377,-331.54678,26.657831,-17.701344,-1.3539844,-13.3720045,-12.684283,-17.03624,-14.165505,-7.6935077,-3.192525,-7.1149735,-2.3387225,-5.9404626
C:\Users\Sidath Mendis\Desktop\Reasearch\System-implementation\MaCoDeR\datasets\raw\RAVDESS\Audio_Speech_Actors_01-24\Actor_24\03-01-08-01-01-01-24.wav,surprised,274.11105,0.010169014,-372.3087,30.277016,-2.7324436,0.6364728,-7.881944,-5.050019,-7.886146,-8.291159,-7.105208,-6.531686,-6.892576,-4.9313607,-8.272042
C:\Users\Sidath Mendis\Desktop\Reasearch\System-implementation\MaCoDeR\datasets\raw\RAVDESS\Audio_Speech_Actors_01-24\Actor_24\03-01-08-01-01-02-24.wav,surprised,275.58276,0.011348415,-369.93704,33.545666,-15.06741,-3.5327368,-12.325185,-10.237374,-14.086488,-13.91578,-6.1278944,-4.269773,-9.902204,-3.2373986,-6.063293
C:\Users\Sidath Mendis\Desktop\Reasearch\System-implementation\MaCoDeR\datasets\raw\RAVDESS\Audio_Speech_Actors_01-24\Actor_24\03-01-08-01-02-01-24.wav,surprised,270.20706,0.0110490145,-383.32892,29.688808,-10.149174,1.1256474,-10.51213,-5.961207,-11.77138,-9.74152,-7.0222387,-5.2015047,-6.8782706,-0.15282954,-7.5889874
C:\Users\Sidath Mendis\Desktop\Reasearch\System-implementation\MaCoDeR\datasets\raw\RAVDESS\Audio_Speech_Actors_01-24\Actor_24\03-01-08-01-02-02-24.wav,surprised,275.79752,0.012678281,-375.08994,24.936182,-17.393667,-1.7505502,-15.307642,-9.82291,-15.64609,-15.538772,-6.393435,-7.30845,-8.477259,-3.1261277,-6.123727
C:\Users\Sidath Mendis\Desktop\Reasearch\System-implementation\MaCoDeR\datasets\raw\RAVDESS\Audio_Speech_Actors_01-24\Actor_24\03-01-08-02-01-01-24.wav,surprised,275.21786,0.0065768193,-395.37262,37.716976,-14.932143,-5.9547915,-15.144546,-13.899151,-10.6878,-12.03418,-8.265898,-3.6247609,-8.818256,4.6289988,-1.9144508
C:\Users\Sidath Mendis\Desktop\Reasearch\System-implementation\MaCoDeR\datasets\raw\RAVDESS\Audio_Speech_Actors_01-24\Actor_24\03-01-08-02-01-02-24.wav,surprised,268.7777,0.010646636,-363.1953,29.595709,-18.001362,-3.1391587,-14.2825165,-17.555689,-12.232482,-12.344253,-6.8591967,-0.7882075,-6.171648,4.5265408,-3.7783728
C:\Users\Sidath Mendis\Desktop\Reasearch\System-implementation\MaCoDeR\datasets\raw\RAVDESS\Audio_Speech_Actors_01-24\Actor_24\03-01-08-02-02-01-24.wav,surprised,275.52002,0.0077432,-356.60526,23.887981,-6.026658,1.6776223,-11.06246,-5.1529303,-10.083344,-9.132249,-1.2530748,-4.533324,-5.6128445,-2.3998816,-7.1452484
C:\Users\Sidath Mendis\Desktop\Reasearch\System-implementation\MaCoDeR\datasets\raw\RAVDESS\Audio_Speech_Actors_01-24\Actor_24\03-01-08-02-02-02-24.wav,surprised,273.53482,0.008472193,-373.68393,29.57121,-3.9096994,-1.1177057,-5.2589397,-7.113937,-11.250308,-6.6803,-8.121032,-2.026109,-7.567711,-3.3845882,-4.1728783
