mfcc_mean,mfcc_std,zcr,rms,spectral_centroid,emotion
-49.38517379760742,196.01564025878906,0.3727122486888112,0.0022560888901352882,3470.9376892500345,neutral
-48.82677459716797,194.80792236328125,0.3805508083767361,0.0024186158552765846,3264.8353488824273,neutral
-48.85741424560547,195.07005310058594,0.39912317154255317,0.002809294033795595,3233.896121480899,neutral
-48.08906173706055,192.8233642578125,0.39692988708941607,0.0026172653306275606,3114.6553070867494,neutral
-50.74754333496094,203.78746032714844,0.3569846558415033,0.0016532314475625753,3226.498012489638,calm
-49.18968200683594,198.03335571289062,0.3222969250801282,0.0017521110130473971,3167.790420986031,calm
-48.170127868652344,197.53848266601562,0.3653928238824503,0.002621136838570237,3240.736010599307,calm
-47.882328033447266,197.9921417236328,0.3942513020833333,0.002669930923730135,3093.2787654868152,calm
-49.99955749511719,206.66842651367188,0.3,0.0015008143382146955,3168.728997220091,calm
-48.83519744873047,195.77536010742188,0.3299144237716763,0.0016126233385875821,3137.063225156851,calm
-48.17947769165039,199.9654541015625,0.33750965831043955,0.0020959414541721344,3113.1554137320036,calm
-48.347591400146484,195.5902557373047,0.3301910223988439,0.002133492147549987,3214.008349082537,calm
-46.647579193115234,183.43043518066406,0.401142578125,0.004263023380190134,3067.9116876521643,happy
-44.85403060913086,179.56053161621094,0.33329427083333335,0.0049052671529352665,2897.882293070837,happy
-47.27314758300781,185.5225830078125,0.36240042892156865,0.003749155206605792,3162.438945106367,happy
-46.244876861572266,185.81039428710938,0.396258544921875,0.003753095166757703,3184.6927667131595,happy
-46.21696472167969,169.55816650390625,0.35960225039308175,0.00643945625051856,3169.511742860722,happy
-42.88020324707031,158.97952270507812,0.25966610270700635,0.008205214515328407,2615.557874875919,happy
-40.45719528198242,148.91275024414062,0.2905474494485294,0.010928558185696602,2993.6174175402552,happy
-42.22249221801758,155.66180419921875,0.336767578125,0.010219879448413849,3185.7990837906077,happy
-49.02179718017578,190.4042510986328,0.2988104762801205,0.0021510084625333548,3160.39610746173,sad
-49.14448928833008,196.63706970214844,0.3448914366883117,0.002001896733418107,3081.19587507139,sad
-52.87984848022461,206.41624450683594,0.27627664528145696,0.0017523396527394652,3417.781206238386,sad
-50.57237243652344,200.224365234375,0.3454054741010274,0.002293627941980958,3328.135316460484,sad
-46.79398727416992,188.80174255371094,0.32551388624237804,0.0029256681445986032,3014.5748989467857,sad
-47.31487274169922,176.98619079589844,0.3179412841796875,0.0048092324286699295,3370.3057684022688,sad
-46.51785659790039,175.700439453125,0.3244522758152174,0.005031498149037361,3189.5398865952443,sad
-45.335227966308594,173.4100799560547,0.3668296292701863,0.006124251522123814,3335.6538320483887,sad
-40.80899429321289,157.0959014892578,0.33357211358532934,0.00867528561502695,3314.3681100717304,angry
-41.5740966796875,151.68997192382812,0.3285070082720588,0.00970140378922224,3470.7352952495476,angry
-42.7701416015625,162.90438842773438,0.3855675703642384,0.006903238594532013,3191.916405487941,angry
-40.266414642333984,153.22508239746094,0.33392978454968947,0.010876040905714035,3196.381551450012,angry
-32.32522964477539,107.12040710449219,0.2711809233757062,0.05369000509381294,3272.2435264489613,angry
-33.95323181152344,108.7252197265625,0.2444738963293651,0.03284570947289467,3229.6939831979626,angry
-34.901546478271484,120.3194351196289,0.26423107978351956,0.03281581774353981,3374.6494689059036,angry
-30.244625091552734,97.94293975830078,0.2377192179361979,0.09226974099874496,3338.823460417933,angry
-41.471431732177734,170.0334930419922,0.2963467963836478,0.005951181054115295,2678.133575850422,fear
-45.80006408691406,170.99546813964844,0.38163378284235666,0.00568387471139431,2798.972837662417,fear
-40.96192169189453,178.3408203125,0.3018528471057047,0.00494507746770978,2588.472591319906,fear
-44.02939224243164,178.36444091796875,0.3351593017578125,0.004571416415274143,2972.908908255795,fear
-32.559688568115234,126.87047576904297,0.17730260778356483,0.016429448500275612,2882.0581488612806,fear
-34.72869110107422,115.05709075927734,0.16128490010245902,0.022494612261652946,2703.001983029764,fear
-33.002315521240234,108.28685760498047,0.17932980559593023,0.036745585501194,2982.1917636167327,fear
-35.80398178100586,124.27146911621094,0.17290645802514792,0.024839112535119057,2625.570226410059,fear
-47.22240447998047,181.20870971679688,0.2673705323727545,0.0026046934071928263,2915.1469613380723,disgust
-46.95096206665039,175.606689453125,0.3195555196005917,0.003003394929692149,3268.014214913156,disgust
-46.95365524291992,189.4928741455078,0.31774107803254437,0.0027997582219541073,2959.3191480138616,disgust
-48.46809768676758,188.97467041015625,0.384033203125,0.0028733371291309595,3410.4164225569216,disgust
-41.125343322753906,138.15225219726562,0.24513818884408603,0.011289143934845924,2948.23417329172,disgust
-41.93894577026367,138.91580200195312,0.3226352842514124,0.012455635704100132,3343.2765051565275,disgust
-41.303794860839844,149.1875,0.2851450251436782,0.011278437450528145,3098.7804288434304,disgust
-40.66036605834961,142.5193634033203,0.3547479538690476,0.011440586298704147,3146.0525116503027,disgust
-48.64616775512695,185.45738220214844,0.32997847576530615,0.003139690263196826,3406.4024288280493,surprise
-50.038700103759766,192.63345336914062,0.3453083444148936,0.003138751955702901,3491.0594090784284,surprise
-47.798179626464844,186.9984588623047,0.36027177798202614,0.0033345783594995737,3269.920957639251,surprise
-50.00415802001953,188.70274353027344,0.3431959219858156,0.003928072284907103,3561.054057918286,surprise
-45.145469665527344,173.98313903808594,0.2779074035234899,0.007134628016501665,3296.4932309991177,surprise
-42.66402816772461,158.54237365722656,0.2581549310064935,0.009419319219887257,3429.516441738452,surprise
-45.42361831665039,170.4198760986328,0.2882702555877483,0.006974773481488228,3515.0243194104737,surprise
-43.93227005004883,164.6815185546875,0.35650418328900707,0.009493392892181873,3180.246274389059,surprise
-48.89841079711914,183.25845336914062,0.27019369526273884,0.0036161423195153475,2564.8706718173585,neutral
-48.73847198486328,181.41055297851562,0.30054023938301283,0.003526407992467284,3188.526478530815,neutral
-47.81880569458008,176.19638061523438,0.3289727521088957,0.0053315903060138226,3381.2001182586314,neutral
-50.12856674194336,179.95457458496094,0.3201591296073718,0.004811820108443499,3347.006921767467,neutral
-49.0452766418457,185.57899475097656,0.3289691971009036,0.0032996570225805044,3181.5938778969107,calm
-50.47960662841797,183.46336364746094,0.24817106213872833,0.003393202554434538,2884.471758326363,calm
-50.978633880615234,183.7387237548828,0.22237681193524098,0.0036745965480804443,2552.252536190044,calm
-51.955299377441406,181.4850616455078,0.289417355559593,0.0036388037260621786,3094.5573495259478,calm
-49.76924133300781,178.19436645507812,0.3472798097067039,0.00274149002507329,3212.053437354244,calm
-50.78482437133789,182.11148071289062,0.24831065912356323,0.0030213857535272837,2621.699857112926,calm
-52.40560531616211,180.8354034423828,0.3172228107344633,0.003367712954059243,2969.5795080483426,calm
-51.46158981323242,183.94483947753906,0.23335705773305085,0.0032916953787207603,2583.618963164176,calm
-46.88828659057617,165.06175231933594,0.37315955528846156,0.0067745414562523365,3137.287531921606,happy
-47.63748550415039,171.52670288085938,0.3486907958984375,0.0060628438368439674,3343.51705693792,happy
-49.108577728271484,168.34461975097656,0.29345703125,0.006718312855809927,2757.129257219339,happy
-46.93898391723633,167.8068389892578,0.3751304105201863,0.006538936868309975,3197.168257515298,happy
-43.08527374267578,137.9579620361328,0.259429931640625,0.016424965113401413,2660.7144535985162,happy
-42.44564437866211,138.3413543701172,0.2875270243710692,0.01683865487575531,3244.1515048987403,happy
-45.562355041503906,151.44496154785156,0.31470947265625,0.011553158983588219,3014.587060919961,happy
-46.120948791503906,152.6310272216797,0.24756736526946108,0.012906191870570183,2676.707043803008,happy
-52.2762451171875,187.9616241455078,0.2227886153990964,0.00284024141728878,2116.055319550708,sad
-50.72551345825195,187.24827575683594,0.24619859566717792,0.003147668205201626,2249.9643149580615,sad
-51.27463150024414,180.43443298339844,0.25633249223602483,0.0032734267879277468,2455.2747967726664,sad
-52.14348602294922,187.2121124267578,0.2731798792177914,0.002961197169497609,2999.445736028051,sad
-52.858970642089844,183.22225952148438,0.2695494468167702,0.002690864959731698,2667.9942548305057,sad
-52.52694320678711,189.3280792236328,0.2929477808665644,0.0024439231492578983,2691.8338078051997,sad
-53.42014694213867,184.2848663330078,0.2680419921875,0.003648193087428808,3053.357965878334,sad
-53.117820739746094,184.00733947753906,0.2593264789701258,0.003121927147731185,2613.8456332031965,sad
-43.459381103515625,159.3966064453125,0.24821270636792453,0.006891798693686724,2520.841941839379,angry
-41.513797760009766,151.00399780273438,0.3077707350628931,0.007392936386168003,3170.5592278691747,angry
-44.91831970214844,164.4092559814453,0.2757261311349693,0.008209091611206532,3201.440779057723,angry
-45.67559814453125,160.38868713378906,0.2765428496570122,0.00799985509365797,2853.7814703208123,angry
-38.01055145263672,128.27159118652344,0.22390440088757396,0.024077871814370155,2664.3920620444324,angry
-39.498714447021484,135.67515563964844,0.2605192151372832,0.01925831101834774,2902.6275213633103,angry
-40.33934783935547,125.11075592041016,0.2966858968569364,0.045778628438711166,3362.233006200637,angry
-39.529502868652344,121.57681274414062,0.28520705382947975,0.040468182414770126,2921.465255323525,angry
-48.66400909423828,159.12330627441406,0.23716162420382167,0.007422738708555698,2914.1978319116556,fear
-48.82810592651367,159.1451416015625,0.2363584530279503,0.007849441841244698,2689.572066405477,fear
-48.5130615234375,159.7077178955078,0.28886595911949686,0.008539021015167236,3331.1179998094512,fear
-50.18741226196289,159.9463348388672,0.3251437548524845,0.008838921785354614,3385.3460929552543,fear
-47.134456634521484,144.41793823242188,0.2734523866234756,0.013380361720919609,3232.6231880882656,fear
-45.375919342041016,137.58680725097656,0.28496342555732485,0.017094885930418968,3274.503604291844,fear
-45.41423797607422,138.97438049316406,0.2746394230769231,0.01869232766330242,3147.6881575645934,fear
-43.975502014160156,134.43740844726562,0.3053886217948718,0.01576908491551876,3435.743126459735,fear
-48.68798828125,178.04330444335938,0.20826884335691823,0.0032587291207164526,2216.9284485956186,disgust
-49.67736053466797,181.36373901367188,0.21789473029458598,0.003034910885617137,2498.8105506383117,disgust
-48.091796875,174.86871337890625,0.22341352451347304,0.004885045345872641,2515.386558865496,disgust
-50.244483947753906,178.18356323242188,0.25980680534638556,0.004662476480007172,3012.2897159821123,disgust
-46.918331146240234,163.04251098632812,0.22682982716480446,0.005732423160225153,2451.049279735147,disgust
-45.03770446777344,163.03167724609375,0.26971947014664804,0.005992949474602938,3324.5557497381305,disgust
-45.593505859375,155.84605407714844,0.23541083363439305,0.007925573736429214,2945.833811175742,disgust
-45.45973205566406,158.80113220214844,0.2821143139367816,0.0075434534810483456,3268.670338072449,disgust
-45.11882400512695,165.25393676757812,0.2356866574754902,0.0069813355803489685,2689.405306247693,surprise
-48.28840637207031,171.75994873046875,0.3251123366013072,0.005464264191687107,2892.597022596308,surprise
-48.23984909057617,171.16943359375,0.30898187099358976,0.0066863796673715115,2885.0087434095444,surprise
-48.21483612060547,167.66473388671875,0.31667432598039214,0.007106240373104811,3226.5850430513606,surprise
-42.981693267822266,151.88063049316406,0.2849530522127329,0.008964117616415024,2991.926628343392,surprise
-44.042564392089844,154.17990112304688,0.32236447948619634,0.008832079358398914,3451.168152630876,surprise
-45.07173538208008,154.4517059326172,0.32740925854037267,0.011935549788177013,3580.350374296654,surprise
-45.36904525756836,148.92767333984375,0.3017875857469512,0.01250834297388792,3111.3386831584844,surprise
-45.247718811035156,173.0450439453125,0.2302065855704698,0.0039927470497787,2895.549238907906,neutral
-40.873783111572266,175.5653533935547,0.17296474027317882,0.0037459356244653463,2664.1178711078614,neutral
-45.32786178588867,178.7687530517578,0.26409548323675497,0.004240741021931171,3208.373211861679,neutral
-44.87838363647461,174.746337890625,0.301650390625,0.004515579901635647,3216.2846351967705,neutral
-44.04978561401367,180.2242431640625,0.18021107868975902,0.00276356702670455,2798.316118604572,calm
-45.146728515625,178.9657745361328,0.17488960597826086,0.0029721588362008333,2554.9038312171465,calm
-44.5522346496582,181.1380615234375,0.2825589467243976,0.0029540802352130413,2956.3574898662037,calm
-40.39408493041992,159.65518188476562,0.2329868050508721,0.008056295104324818,2902.413562668378,calm
-40.2290153503418,155.8372344970703,0.13734172952586207,0.004555844701826572,2358.3729099007905,calm
-38.823421478271484,150.07659912109375,0.19179517169331395,0.007872352376580238,2695.1069112293007,calm
-36.767303466796875,153.64015197753906,0.19105436016061453,0.009349590167403221,2661.8803102528423,calm
-37.921142578125,153.531982421875,0.20453621748554912,0.00887384545058012,2711.657893275006,calm
-41.14118194580078,154.08773803710938,0.2362083013803681,0.007853620685636997,2752.871727691614,happy
-41.31742477416992,148.40377807617188,0.20588566706730768,0.010748978704214096,2779.1987047308826,happy
-42.4922981262207,150.7860565185547,0.21575563948675497,0.009978813119232655,2807.2111374571964,happy
-43.15306854248047,158.1269989013672,0.14357085575331127,0.006745717488229275,2189.510043377773,happy
-35.869117736816406,124.25584411621094,0.20050770749327956,0.0229031965136528,2921.7213214650455,happy
-34.85250473022461,115.43538665771484,0.16379266036184212,0.03475514054298401,2783.5385340760627,happy
-30.908864974975586,106.68042755126953,0.15157723027234637,0.042887408286333084,2902.78907004143,happy
-33.34416580200195,114.95276641845703,0.16481551204819278,0.02415790967643261,2762.141970552653,happy
-46.369422912597656,185.4615020751953,0.2198924529246795,0.0023872770834714174,2966.3159168446373,sad
-45.87138366699219,185.7564239501953,0.19227818080357142,0.0024445103481411934,2765.117837365972,sad
-43.27461624145508,167.854736328125,0.22153700791396103,0.004220175091177225,2551.2467744225137,sad
-42.395748138427734,171.88821411132812,0.21421504799836602,0.003950671758502722,2480.2854268826077,sad
-44.57017517089844,147.8511505126953,0.24190591449386503,0.012030157260596752,2621.7179523071477,sad
-39.202308654785156,137.5994415283203,0.17626070689006024,0.017473217099905014,2754.075472196326,sad
-33.84854507446289,123.07292175292969,0.10588216145833333,0.019927430897951126,2368.6509035424406,sad
-36.01072692871094,138.01776123046875,0.12330322265625,0.017493411898612976,2208.8564278434787,sad
-43.01875305175781,172.4863739013672,0.2368135838150289,0.0023783829528838396,2994.1993424821017,angry
-38.28738784790039,146.43850708007812,0.193359375,0.009035354480147362,2805.849037727238,angry
-39.786537170410156,150.7562255859375,0.20693002096036586,0.007013361435383558,3037.2052513473477,angry
-37.943180084228516,140.15516662597656,0.18951195406626506,0.011177283711731434,2849.410751980704,angry
-27.989517211914062,105.91445922851562,0.15163188733552632,0.05542745068669319,3063.816692096023,angry
-26.75441551208496,101.8084487915039,0.14859426398026315,0.05155162885785103,2957.6434625366815,angry
-28.70854949951172,110.45855712890625,0.15564431779371585,0.047914568334817886,2968.2434552816076,angry
-26.760343551635742,104.07332611083984,0.18404427754510308,0.06581822782754898,3030.285584015098,angry
-42.23811340332031,164.2760772705078,0.28360648777173914,0.004011732991784811,2972.6615678398516,fear
-40.103973388671875,148.25234985351562,0.1954742799322289,0.007316643372178078,2647.941609802092,fear
-40.985145568847656,152.064208984375,0.2858644194950331,0.008672691881656647,2942.2960225596407,fear
-41.3947639465332,155.80238342285156,0.2645104449728261,0.007291008718311787,2958.6178143920174,fear
-24.626195907592773,114.32642364501953,0.09740015843531469,0.026489991694688797,2492.367397232596,fear
-29.870149612426758,100.79634857177734,0.1362015763683432,0.04522557556629181,2766.714897995503,fear
-30.441600799560547,118.20146179199219,0.1154768083479021,0.028569934889674187,2739.442540984657,fear
-31.33203125,103.07620239257812,0.15196688863255034,0.037063974887132645,2859.2183586058313,fear
-39.70448303222656,153.14035034179688,0.22744645743534483,0.0051481835544109344,2958.486849817109,disgust
-42.353851318359375,164.18475341796875,0.2865359284156977,0.003581083845347166,2949.4906571874308,disgust
-43.135318756103516,166.6020965576172,0.2346347906650641,0.0037140899803489447,3133.5281248070414,disgust
-39.0352668762207,144.423583984375,0.26445971529907975,0.00645621120929718,3168.4370867459643,disgust
-39.77754592895508,157.28028869628906,0.23143703654661016,0.004442914389073849,2794.3558511806596,disgust
-36.411014556884766,147.47390747070312,0.17203776041666666,0.00459711579605937,2882.106238347797,disgust
-37.56551742553711,144.83200073242188,0.2285420980798193,0.008427347056567669,2846.451465987313,disgust
-36.354618072509766,128.9055938720703,0.22466394761029412,0.013862122781574726,3103.6487509174135,disgust
-44.93824768066406,159.91067504882812,0.18064662388392858,0.006752138026058674,2804.115194847997,surprise
-40.346832275390625,160.2103271484375,0.21767645012842465,0.007518982049077749,3058.0417434588535,surprise
-44.72557067871094,167.21669006347656,0.2513303894927536,0.006033684127032757,3222.633545626204,surprise
-40.339752197265625,154.42552185058594,0.1814852627840909,0.009521662257611752,2715.7262003528117,surprise
-40.03126525878906,147.32960510253906,0.23716963098404256,0.013715489767491817,2941.0848503358948,surprise
-35.2448616027832,133.21473693847656,0.17989408052884615,0.016938356682658195,3096.1525936341027,surprise
-37.482322692871094,133.9178466796875,0.20813069122516556,0.01755017228424549,3084.098372235818,surprise
-42.294742584228516,156.77227783203125,0.22529645647321428,0.010367522947490215,3151.35271371943,surprise
-54.25471496582031,193.953369140625,0.26139778190559443,0.0024753462057560682,3153.576522297748,neutral
-56.10740661621094,194.4320526123047,0.2821396083047945,0.0027499007992446423,2639.1045716549706,neutral
-57.54433059692383,200.22938537597656,0.2491169381648936,0.002569283125922084,2250.4820947426865,neutral
-57.62833023071289,202.3834991455078,0.255419921875,0.002152905333787203,2399.7723470593587,neutral
-53.167274475097656,183.72055053710938,0.24855897484756098,0.002763302531093359,2403.100920045072,calm
-52.759220123291016,184.19183349609375,0.24625752135093168,0.002985455095767975,2503.0125145303577,calm
-50.57798767089844,181.49444580078125,0.16010648885350318,0.003955806139856577,2216.886214971121,calm
-53.5072135925293,182.0054473876953,0.2673244724025974,0.0027143137995153666,2813.5806822602003,calm
-53.30316925048828,183.3803253173828,0.2103668922601744,0.002612021053209901,2428.900874035548,calm
-51.7446174621582,176.21282958984375,0.2744795636432927,0.002703525358811021,2861.2881507342995,calm
-49.3230094909668,170.01675415039062,0.20378298875762196,0.0032472035381942987,2636.7725946599876,calm
-54.47239303588867,186.50271606445312,0.29778701957614945,0.0028513583820313215,3349.5105443673137,calm
-52.90634536743164,183.4907684326172,0.23125452711092714,0.0045052794739604,2273.6924097978767,happy
-49.6702880859375,170.1803436279297,0.3239825878267974,0.006685672793537378,3295.0399867679143,happy
-48.96647644042969,176.32003784179688,0.2676524989652318,0.0053678276017308235,3421.3610496902807,happy
-48.75265121459961,172.8431854248047,0.345496670511745,0.0070135402493178844,3227.3091857528584,happy
-41.7586555480957,142.8826141357422,0.22042828405688622,0.013652871362864971,2989.66050601423,happy
-43.15596389770508,143.2730712890625,0.21056336241883117,0.01819954626262188,2507.755738357153,happy
-45.506690979003906,148.2139434814453,0.2722919170673077,0.01567915827035904,3204.2777933639977,happy
-42.575557708740234,135.4479217529297,0.32465011503067487,0.02451234869658947,3349.9365436112876,happy
-53.647003173828125,192.43829345703125,0.3813510006421233,0.0024631875567138195,3472.715478562419,sad
-48.446964263916016,163.26734924316406,0.26136997767857145,0.0073615387082099915,2703.2474635480307,sad
-49.76900100708008,165.40802001953125,0.2571341495385906,0.007862148806452751,2927.287540685934,sad
-52.09042739868164,167.94534301757812,0.359501953125,0.0070848590694367886,3329.021126776825,sad
-47.46543502807617,153.89263916015625,0.27693838443396224,0.012923684902489185,2932.9557686243206,sad
-41.95548629760742,141.4823760986328,0.3775432563266871,0.01582876406610012,3361.3543904504763,sad
-43.34941864013672,128.094482421875,0.3120446702453988,0.03035598061978817,3402.0111264543925,sad
-44.3804817199707,134.7732391357422,0.2771011071702454,0.02052913047373295,3666.2145228428935,sad
-45.78240966796875,155.64012145996094,0.2595916748046875,0.007930032908916473,2779.8182328318026,angry
-44.62333679199219,152.0731201171875,0.263095953525641,0.010239253751933575,2733.1119565591207,angry
-47.90681076049805,159.24635314941406,0.28796875,0.011358923278748989,2943.2735578780425,angry
-47.801971435546875,162.28138732910156,0.3645671583850932,0.007874862290918827,3595.014213355551,angry
-36.68197250366211,122.4911880493164,0.1965526744631902,0.03709914907813072,2847.43725206409,angry
-38.06014633178711,126.95304107666016,0.2335417056511976,0.028174353763461113,2801.5895564819757,angry
-37.02065658569336,117.63628387451172,0.3530517578125,0.03941621631383896,3741.046695405169,angry
-43.370277404785156,137.1764373779297,0.3093055817018072,0.026748541742563248,3715.803918085814,angry
-47.329071044921875,155.6101837158203,0.25418624344405594,0.008426548913121223,2812.422721450183,fear
-46.32706069946289,152.41311645507812,0.2550258091517857,0.010197208262979984,3190.373527814694,fear
-47.154788970947266,156.1597900390625,0.244404296875,0.010483150370419025,2723.611217819592,fear
-47.0743522644043,154.63760375976562,0.23552408854166668,0.009986859746277332,2706.6351890765513,fear
-35.25932312011719,119.92232513427734,0.23512752757352942,0.024350009858608246,3224.083730729729,fear
-38.50600814819336,127.67256164550781,0.24632958652210885,0.025621389970183372,3064.532902827628,fear
-39.93964385986328,126.39656829833984,0.21903170072115385,0.032972946763038635,2662.3894501090376,fear
-39.904563903808594,128.3376007080078,0.35958426339285715,0.03275631368160248,3648.6798703543836,fear
-47.42719650268555,172.60186767578125,0.21083637666420119,0.0051924074068665504,2317.3414417446866,disgust
-47.850868225097656,167.71066284179688,0.26959481323964496,0.005953947547823191,2691.3742162960352,disgust
-48.35721969604492,164.91455078125,0.3507117523006135,0.00827714242041111,3338.2244236186984,disgust
-44.553401947021484,157.31903076171875,0.34208567549542684,0.009027143940329552,3536.1788583949497,disgust
-41.3245735168457,142.34190368652344,0.22858618587427745,0.015829185023903847,2736.6574705431785,disgust
-42.94355773925781,144.5531768798828,0.2843424479166667,0.011922252364456654,2976.053508279523,disgust
-47.82011413574219,153.8648681640625,0.2914249625748503,0.009702182374894619,3178.8051405598753,disgust
-46.581939697265625,150.07061767578125,0.24950022977941178,0.013018905185163021,2811.8643612077035,disgust
-50.61591720581055,171.9296112060547,0.3930106026785714,0.006306851748377085,3260.5382727000406,surprise
-49.38125991821289,165.97113037109375,0.2752244737413194,0.008664475753903389,3004.110294736483,surprise
-47.84048080444336,160.25808715820312,0.287718949044586,0.009928176179528236,2850.3056210837403,surprise
-49.06402587890625,160.53591918945312,0.2724576604446309,0.010323552414774895,2794.03160185517,surprise
-42.58040237426758,140.97132873535156,0.21283227692610063,0.01990220881998539,2551.0628283532897,surprise
-43.16204071044922,140.9811248779297,0.29287680093344154,0.01696377992630005,2966.385854237963,surprise
-42.645103454589844,144.0905303955078,0.27710611979166666,0.01892145164310932,2737.448972646077,surprise
-43.993892669677734,142.6547393798828,0.22396471609477125,0.02282729744911194,2652.1623017605034,surprise
-46.6187629699707,199.57723999023438,0.24677922175480768,0.00151512969750911,2775.2895182045872,neutral
-46.75328826904297,205.34681701660156,0.26147305433917195,0.001261009369045496,2816.3027013562137,neutral
-45.8886833190918,194.00283813476562,0.2719835879197761,0.002137701027095318,2909.053876065213,neutral
-46.78286361694336,202.699462890625,0.2632555839342949,0.0017349252011626959,2870.712647511936,neutral
-46.95183181762695,204.85467529296875,0.22826867816091953,0.0011148275807499886,2681.687943078559,calm
-48.818328857421875,215.99807739257812,0.2580249161370056,0.0007041387725621462,2836.8764332884866,calm
-47.8598518371582,209.2495880126953,0.23764293819832402,0.0010547160636633635,2813.4128499442895,calm
-46.6104621887207,199.7220458984375,0.255798006318306,0.0017739663599058986,2983.825375960571,calm
-46.384254455566406,204.43833923339844,0.24504573170731708,0.0010338245192542672,2842.6354458821083,calm
-50.04362106323242,217.9365997314453,0.25090860583118557,0.0004993009497411549,2953.001617843418,calm
-48.56923294067383,211.88673400878906,0.24790939775485438,0.0008583441958762705,2745.0233933136233,calm
-49.0909309387207,217.15306091308594,0.2608288180443548,0.0006926197675056756,2973.779889095719,calm
-45.61359405517578,190.8518524169922,0.21674042630057805,0.0023826048709452152,2764.4689480719708,happy
-44.069602966308594,185.86856079101562,0.26517508370535714,0.0030792932957410812,2913.47004815435,happy
-46.42679214477539,192.04129028320312,0.2635146885702055,0.002341635525226593,3168.396563888466,happy
-42.398834228515625,175.09632873535156,0.21255212327453987,0.004697594791650772,2607.319976959812,happy
-45.58095169067383,172.71286010742188,0.22391105097765363,0.00375727959908545,2838.7567959723656,happy
-41.02415466308594,158.20672607421875,0.19241497473802396,0.009314403869211674,2701.893762924607,happy
-41.58448791503906,161.57106018066406,0.21843699919871795,0.008661733008921146,2567.264739033133,happy
-42.33915328979492,159.64219665527344,0.231667862457483,0.008170896209776402,2927.214269265025,happy
-48.7929573059082,217.2500762939453,0.2246751717641844,0.0007373024709522724,2732.371369756349,sad
-48.325843811035156,210.42115783691406,0.29075437898089174,0.0007510253344662488,2809.3959018122832,sad
-50.527774810791016,216.87527465820312,0.27726722831156714,0.0007936526089906693,2981.806782127839,sad
-46.701080322265625,209.5167694091797,0.2123382568359375,0.0009012648952193558,2697.8243437689825,sad
-48.310646057128906,208.98892211914062,0.22780713848039216,0.0012048298958688974,2777.1447142645675,sad
-49.316349029541016,211.3533172607422,0.24347573138297873,0.0009451442747376859,2762.1112137760097,sad
-48.6912841796875,200.28457641601562,0.21731286015070922,0.0013731574872508645,2884.2351457787427,sad
-49.80210876464844,209.189453125,0.2977294921875,0.0012360980035737157,2817.69454816188,sad
-39.31577682495117,155.36026000976562,0.23961452095808383,0.010968318209052086,2856.6346870824955,angry
-38.03981399536133,161.02273559570312,0.21700231040396342,0.00961874146014452,2899.637072856233,angry
-40.72607421875,176.02723693847656,0.2171658602627841,0.0034403859172016382,2724.5638621332664,angry
-39.98677062988281,168.00596618652344,0.22429841694078947,0.00573579641059041,2760.2930424006313,angry
-31.87376594543457,117.13065338134766,0.2448414912840136,0.03918575122952461,3110.507099557354,angry
-32.46738815307617,129.06820678710938,0.18205281047077923,0.03623843938112259,2863.6659140400475,angry
-29.215137481689453,106.64739990234375,0.25109474522292996,0.05518782138824463,3079.789575021053,angry
-29.523832321166992,106.43623352050781,0.2379453622611465,0.06139474734663963,3111.4041486245223,angry
-46.749977111816406,187.43917846679688,0.2578878963694853,0.0031863381154835224,2876.381728950944,fear
-46.346824645996094,184.64501953125,0.2914069188784247,0.002781312447041273,3069.644798449908,fear
-47.5010986328125,202.48170471191406,0.24058981502757354,0.0021515730768442154,2935.5822109319774,fear
-44.33206558227539,174.8660888671875,0.2606467340225564,0.004751472733914852,2828.3800690100556,fear
-39.261390686035156,138.23605346679688,0.14595075334821428,0.02016088366508484,2468.550933526157,fear
-38.11661911010742,132.32940673828125,0.15918602881493507,0.01996503211557865,2742.265745140152,fear
-39.78240203857422,142.15847778320312,0.13380998883928572,0.01913968101143837,2517.8349262690203,fear
-39.6510124206543,136.8124542236328,0.17031177122201493,0.019049689173698425,2826.087511254008,fear
-47.41621017456055,203.1230010986328,0.2390175885695187,0.0009705655393190682,3067.7869151420196,disgust
-44.575313568115234,185.4125213623047,0.2534372793079096,0.0015983659541234374,3213.6565902029497,disgust
-47.017147064208984,201.20562744140625,0.25371556028106507,0.0014985919697210193,3202.4566689058493,disgust
-45.43855667114258,186.2064666748047,0.27347389363354035,0.0024762486573308706,3228.6029102101015,disgust
-46.02146911621094,188.81312561035156,0.2395345922459893,0.001903318683616817,2947.4041341598636,disgust
-42.93656921386719,166.70590209960938,0.26047059911242604,0.004304809495806694,3158.257986038304,disgust
-43.3100700378418,164.5315704345703,0.22624140200407608,0.005060281604528427,2945.946457283031,disgust
-41.57460021972656,177.37966918945312,0.18354890784438777,0.00272933766245842,2553.1659350592467,disgust
-44.43413162231445,180.43272399902344,0.2533391158773292,0.0038297362625598907,2951.0011509543187,surprise
-45.051692962646484,175.8356170654297,0.21723295007861634,0.004753266926854849,2911.932408907207,surprise
-47.88382339477539,186.12515258789062,0.30498854558270677,0.0036795097403228283,3130.5762896371516,surprise
-43.71348571777344,174.8711700439453,0.21614990234375,0.005454043857753277,2612.5796101818914,surprise
-44.02750015258789,171.74609375,0.24807142545391062,0.004333167802542448,3158.0961362979006,surprise
-42.29043197631836,164.375,0.23179841984463276,0.006422362755984068,2895.307733800162,surprise
-43.87936019897461,163.75608825683594,0.2465574636399371,0.0072637577541172504,3064.927904556162,surprise
-44.39240646362305,171.3043975830078,0.2619485294117647,0.007311398629099131,2868.292453463867,surprise
-57.48078918457031,204.10939025878906,0.3891092936197917,0.0016032879939302802,3388.2724669698964,neutral
-53.503028869628906,194.0381622314453,0.3031600560897436,0.002013422781601548,3188.1881388452866,neutral
-53.87184143066406,195.7937774658203,0.29908056972789115,0.0021694854367524385,3404.2887509742395,neutral
-55.3658561706543,197.7402801513672,0.3458178219379195,0.0021663696970790625,3323.3516329447807,neutral
-55.8307991027832,199.45321655273438,0.23669573904454022,0.0008590228389948606,3130.0265859667543,calm
-55.15241241455078,197.78439331054688,0.2529655499646893,0.0009865585016086698,2881.9146967517177,calm
-52.54387283325195,192.79795837402344,0.22038517441860464,0.001386867486871779,2869.5100491536623,calm
-52.281803131103516,187.38502502441406,0.24613399296016483,0.0020796656608581543,2843.8838208989127,calm
-53.243648529052734,191.45620727539062,0.23851028914304123,0.0010631383629515767,3022.073528895665,calm
-53.94557189941406,194.3404541015625,0.307705078125,0.0010282066650688648,3155.989536296347,calm
-55.585784912109375,194.04254150390625,0.2961778283756685,0.0015995498979464173,3117.835207364382,calm
-55.03761672973633,200.22511291503906,0.18715630688713591,0.0010975719196721911,2844.306475875122,calm
-50.31440734863281,170.2710723876953,0.20091337316176472,0.0037116988096386194,2733.020437773076,happy
-51.1678581237793,159.0340576171875,0.257533929286859,0.0054645538330078125,3168.8773753886207,happy
-54.424339294433594,180.3618927001953,0.3412955729166667,0.0037101455964148045,3296.8604289869204,happy
-50.87862014770508,170.2939453125,0.3024492711828859,0.004477955400943756,3217.5308400579706,happy
-38.144859313964844,121.72032165527344,0.2439466059602649,0.02803253009915352,3132.0192352811873,happy
-43.27024459838867,130.8174591064453,0.3070377604166667,0.02501562424004078,3354.738741446379,happy
-43.4012336730957,130.01620483398438,0.26502257508116883,0.0254225954413414,3322.824546480627,happy
-41.00556945800781,125.90291595458984,0.17453863681891027,0.029425935819745064,2866.725853901004,happy
-55.25938415527344,205.77346801757812,0.3409090909090909,0.0010095227044075727,3195.485421676318,sad
-54.70550537109375,199.73019409179688,0.3108817858573718,0.0010891483398154378,2967.5196746483775,sad
-56.19644546508789,196.57249450683594,0.4026920572916667,0.0019468176178634167,3305.3579736928486,sad
-57.00910949707031,204.70541381835938,0.2884300283137584,0.0015625297091901302,3309.883360519574,sad
-43.85042953491211,142.40855407714844,0.2697941706730769,0.010839073918759823,3373.2539608748107,sad
-55.594337463378906,191.7488250732422,0.2765161546610169,0.0012096931459382176,3299.038269720364,sad
-44.612518310546875,146.20785522460938,0.31501256281407036,0.00847371481359005,3658.6781875231345,sad
-50.36091613769531,155.4083251953125,0.2842694863505747,0.004987919237464666,3479.9230066857817,sad
-49.6606330871582,172.96315002441406,0.29567077262269936,0.0037331427447497845,3407.84529426557,angry
-45.71147155761719,172.85916137695312,0.21193677325581395,0.00415359903126955,3088.746112856004,angry
-48.75916290283203,161.8479461669922,0.28536819625686816,0.0061210510320961475,3386.314859562015,angry
-45.03364181518555,150.18707275390625,0.3062592455621302,0.007601988967508078,3573.905172070147,angry
-32.354801177978516,105.78658294677734,0.2629049699858757,0.06874572485685349,3148.9198762793835,angry
-33.13105773925781,110.26050567626953,0.2273190676510989,0.06307574361562729,3094.739509962721,angry
-35.93239974975586,108.21862030029297,0.25270843505859375,0.055855315178632736,3299.3965454127742,angry
-35.782894134521484,109.2080307006836,0.22675983646373057,0.05319879576563835,3146.2894934928095,angry
-52.6248664855957,188.98092651367188,0.32744389430732485,0.0023429011926054955,3369.17455209857,fear
-51.00657272338867,181.7158203125,0.2911499842701342,0.0023659716825932264,3208.1542272941588,fear
-53.807342529296875,178.94985961914062,0.2741604099025974,0.0033430224284529686,3106.969568847513,fear
-51.65188980102539,183.0074005126953,0.3170626810844371,0.003147519426420331,3456.83837115536,fear
-35.228763580322266,110.39982604980469,0.21370546377388536,0.05894700437784195,3294.327532449755,fear
-35.24452209472656,109.22956085205078,0.21559495192307693,0.05411989241838455,3245.5600878364826,fear
-37.8076286315918,114.80868530273438,0.2428334869953416,0.03930700942873955,3445.9144428797467,fear
-31.64910888671875,99.7190170288086,0.23981584821428573,0.07585685700178146,3496.3915053076967,fear
-53.6777229309082,189.0132598876953,0.2517073675496689,0.001144532929174602,3119.7496681652524,disgust
-53.67506408691406,197.02235412597656,0.24379564368206522,0.0008362088119611144,3549.6583096046593,disgust
-58.606040954589844,209.94712829589844,0.31752535423136646,0.0012402092106640339,3661.827712225131,disgust
-57.02592086791992,199.3911895751953,0.2239889705882353,0.0012152480194345117,3144.928882178808,disgust
-48.3725700378418,154.8254852294922,0.23042674731182797,0.006524788215756416,3157.0946774283343,disgust
-54.72914505004883,181.98788452148438,0.2627872242647059,0.003336213529109955,3016.9295252503025,disgust
-48.83565139770508,170.3880615234375,0.26594210219109193,0.005041436292231083,3294.4373458024165,disgust
-46.250709533691406,180.06045532226562,0.21608148619186046,0.0036517339758574963,2921.7379651643137,disgust
-56.335227966308594,203.470458984375,0.26474609375,0.0018041717121377587,3305.9623519680886,surprise
-56.52764892578125,195.95120239257812,0.264794921875,0.0023003756068646908,3056.9387559550746,surprise
-55.292510986328125,190.55064392089844,0.3460038779438406,0.0025913917925208807,3451.24172105723,surprise
-51.67036056518555,189.06094360351562,0.23087445427389705,0.0024519404396414757,3223.4573267957644,surprise
-53.44428634643555,190.6774139404297,0.33408900669642855,0.002134293084964156,3209.077511061058,surprise
-50.117530822753906,161.4167022705078,0.293527263484589,0.0072410996071994305,3401.2752906694172,surprise
-50.68893051147461,166.9021453857422,0.31884765625,0.007391596212983131,3498.707887786582,surprise
-50.33583450317383,162.22694396972656,0.3164876302083333,0.00784497894346714,3513.3451256373487,surprise
-43.39881896972656,183.83836364746094,0.2803398899778107,0.002665517618879676,2951.9981856240483,neutral
-42.15556335449219,183.4095458984375,0.2267262528582317,0.002840153407305479,2838.916482705242,neutral
-45.37934875488281,182.91664123535156,0.2956420216480447,0.0031211290042847395,3040.756111513167,neutral
-42.39015197753906,183.04818725585938,0.27139339091614906,0.0025112805888056755,2972.2120251732067,neutral
-45.35797119140625,194.79351806640625,0.20270833333333332,0.0017902569379657507,2581.605149339388,calm
-46.75360107421875,198.28578186035156,0.24466226708074534,0.0015738850925117731,2970.392747933513,calm
-40.935462951660156,194.32217407226562,0.1830116928807947,0.0018824185244739056,2537.119450902561,calm
-45.614524841308594,193.0927734375,0.27901603349673204,0.001952046062797308,2916.3757914638813,calm
-41.36418151855469,175.93386840820312,0.22146518244219654,0.0017933141207322478,2981.304401447257,calm
-45.2927360534668,181.74038696289062,0.20264841410928144,0.001890186802484095,2812.717232239463,calm
-43.08311462402344,179.17739868164062,0.22804061226222827,0.002418418414890766,2906.4333886315835,calm
-42.755210876464844,187.9560089111328,0.206981594279661,0.0019613374024629593,2523.7106886501324,calm
-41.63632583618164,184.39202880859375,0.19645074503311258,0.0020154165104031563,2787.9077857514376,happy
-43.425533294677734,180.96939086914062,0.27974283854166665,0.0034976466558873653,2657.2578249694407,happy
-42.34251403808594,174.22262573242188,0.19003441220238096,0.004114752635359764,2746.3414608013277,happy
-42.34251403808594,174.22262573242188,0.19003441220238096,0.004114752635359764,2746.3414608013277,happy
-34.98166275024414,142.2563018798828,0.12422481903248588,0.016094613820314407,2304.475905880701,happy
-33.12372970581055,127.16621398925781,0.14878827676005746,0.018284551799297333,2757.138245896212,happy
-37.38225555419922,144.2952423095703,0.18141612787356323,0.014423887245357037,2414.405988387367,happy
-34.08182907104492,133.00692749023438,0.12928569747740964,0.022470658645033836,2361.612684434097,happy
-51.310970306396484,201.2576904296875,0.29443359375,0.0015512644313275814,2972.9198007474706,sad
-45.08142852783203,194.8348388671875,0.25994090544871795,0.0016783057944849133,2604.5944147502564,sad
-48.89397048950195,198.46974182128906,0.2669238919526144,0.0017264080233871937,2944.666116912538,sad
-44.340213775634766,177.90440368652344,0.2665810956212575,0.003998040221631527,2848.5577827788766,sad
-45.23757553100586,166.84324645996094,0.20798483455882352,0.003591210814192891,2639.872458542458,sad
-43.5515022277832,168.55584716796875,0.2383430205195783,0.004259027540683746,2633.454257306857,sad
-41.9621467590332,159.36520385742188,0.19137825935509553,0.006616940256208181,2707.397857220707,sad
-44.98032760620117,168.39013671875,0.26653685052710846,0.0053204880096018314,3179.378556412381,sad
-35.906341552734375,151.83297729492188,0.13847430455202311,0.013185108080506325,2685.5792320007827,angry
-31.511533737182617,127.9713134765625,0.18566610646802326,0.029369445517659187,2620.7012727851193,angry
-40.38774108886719,167.68910217285156,0.17296163746387283,0.004433746915310621,2795.8782331933107,angry
-37.109527587890625,147.23631286621094,0.19227555997109827,0.010764812119305134,2993.9616340412376,angry
-29.115686416625977,129.66110229492188,0.0879062750400641,0.02350790426135063,2070.001284565954,angry
-26.7801513671875,110.89033508300781,0.10457121567919075,0.045413944870233536,2358.4885538631875,angry
-31.04849624633789,108.93861389160156,0.16022978633283133,0.06789635866880417,2927.3568470101077,angry
-30.06053924560547,113.36016082763672,0.1322354403409091,0.057899974286556244,2386.032671005267,angry
-46.731590270996094,182.44630432128906,0.08879836933724833,0.0036435190122574568,2352.545709726035,fear
-48.53054428100586,177.0594482421875,0.21113475269039736,0.004391058813780546,2825.1560984181237,fear
-48.50600814819336,182.32772827148438,0.2286827548238255,0.004102514125406742,3002.096848215803,fear
-50.500572204589844,178.4529266357422,0.3320847602739726,0.0037610114086419344,3266.8297807201075,fear
-41.58285903930664,136.036376953125,0.20830326930732485,0.01846044324338436,3024.531131275017,fear
-43.816322326660156,146.76504516601562,0.17627604166666666,0.01301645953208208,3032.6475350132623,fear
-39.73575973510742,128.19082641601562,0.2123857355442177,0.028179045766592026,3414.8908844342445,fear
-40.390235900878906,132.31451416015625,0.2490913441639073,0.02902178093791008,3138.2371003378203,fear
-49.13493728637695,193.5049591064453,0.23737808925653595,0.002089309971779585,2630.1936785395997,disgust
-46.42283248901367,185.30709838867188,0.33832393418874174,0.0024970138911157846,3198.220510791457,disgust
-47.23318099975586,203.69281005859375,0.2771930054530201,0.0016794725088402629,3313.7825700367976,disgust
-47.76103210449219,190.93673706054688,0.19266046262254902,0.0028299218975007534,2831.486378601634,disgust
-38.67536926269531,155.107666015625,0.18373014141061453,0.008701094426214695,3066.192637735878,disgust
-38.57658004760742,166.0327911376953,0.23059467516447368,0.005237691570073366,3072.972639566474,disgust
-38.769779205322266,167.50833129882812,0.18733087465083798,0.005420747213065624,2827.120474335431,disgust
-41.247135162353516,169.1371307373047,0.22805815761529127,0.006399862002581358,3051.990937732784,disgust
-44.756591796875,181.47474670410156,0.16826171875,0.00399891147390008,2717.813359565653,surprise
-43.22528839111328,175.78436279296875,0.23935355392156862,0.004735089838504791,3152.854004504444,surprise
-42.8549690246582,181.46327209472656,0.2357087615352349,0.004168396815657616,2910.6600235808073,surprise
-42.789485931396484,178.21487426757812,0.2557512321728188,0.004599709063768387,3064.8316254191886,surprise
-37.12632369995117,142.71319580078125,0.15029413828592814,0.012573708780109882,2763.609715541869,surprise
-42.906532287597656,167.7743682861328,0.3203373805732484,0.005685429088771343,3138.634352573139,surprise
-40.57561111450195,151.76943969726562,0.24377031774328858,0.011810674332082272,3040.2327992449273,surprise
-42.697269439697266,166.52633666992188,0.13829427083333334,0.008030266501009464,2581.9428248582826,surprise
-45.262916564941406,194.0037078857422,0.1731393574089404,0.0025173004250973463,2560.176392792008,neutral
-44.537662506103516,191.7198028564453,0.16107994128184713,0.0025854192208498716,2447.3586462219737,neutral
-45.46962356567383,192.69403076171875,0.18173317504084968,0.0029486098792403936,2638.1453248859457,neutral
-44.11933517456055,190.07357788085938,0.1698604356374172,0.002819071291014552,2441.9954398093923,neutral
-45.71416473388672,198.3474578857422,0.16586851462339744,0.001725806505419314,2521.01556118239,calm
-46.975013732910156,201.96974182128906,0.19844148596938777,0.001607416896149516,2596.685751441011,calm
-44.91883087158203,199.7666473388672,0.17173828125,0.002005174057558179,2515.5379592496042,calm
-46.57557678222656,202.6765594482422,0.16423177083333335,0.0017584484303370118,2508.5328386390797,calm
-46.0549430847168,199.22463989257812,0.17404894008757962,0.0014346460811793804,2608.724032466941,calm
-46.674068450927734,199.8929443359375,0.1622852775621118,0.0015037006232887506,2569.046505501749,calm
-46.41103744506836,199.69972229003906,0.15156987028301888,0.0015717442147433758,2665.683756542762,calm
-46.99312973022461,199.8008575439453,0.17740686928353658,0.0016891207778826356,2586.370085259597,calm
-44.19124221801758,183.836669921875,0.18760994412251655,0.0036385091952979565,2611.698903936894,happy
-44.208641052246094,180.77479553222656,0.15771156669463088,0.0037558870390057564,2576.351974737576,happy
-44.870880126953125,186.1013641357422,0.178330078125,0.003810437861829996,2642.4198240686947,happy
-45.081356048583984,177.44784545898438,0.19091796875,0.004697147756814957,2798.3540106688397,happy
-41.386783599853516,153.00758361816406,0.1412301092791411,0.010961485095322132,2644.0099183094853,happy
-40.40089797973633,156.4621124267578,0.14495596801035504,0.0103235375136137,2586.782195116985,happy
-41.27125930786133,147.9530029296875,0.16689511954066266,0.011449304409325123,2650.296777198135,happy
-43.22327423095703,153.021728515625,0.1741555606617647,0.009136820212006569,2612.0846553345336,happy
-47.04416275024414,201.783935546875,0.1583962912087912,0.0015527521027252078,2597.8648991925934,sad
-47.21763229370117,204.7955322265625,0.1933008982035928,0.0014190509682521224,2527.633026687874,sad
-47.778541564941406,203.1441192626953,0.22353769277597402,0.0014624890172854066,2754.549322979293,sad
-47.201629638671875,203.02110290527344,0.14656575520833334,0.0014590469654649496,2414.0678460114586,sad
-45.670040130615234,175.6510467529297,0.14603503642638035,0.0032822745852172375,2295.4494047693806,sad
-45.03043746948242,175.52552795410156,0.13932387408088234,0.003302591387182474,2386.5037317816355,sad
-46.11941146850586,186.23086547851562,0.16201724646226415,0.0032087736763060093,2451.377739061929,sad
-44.473724365234375,177.44021606445312,0.120721435546875,0.004984711762517691,2003.930159159506,sad
-40.325172424316406,161.31944274902344,0.167364501953125,0.009150641039013863,2510.8758746053563,angry
-38.5195198059082,152.90679931640625,0.13535093649839744,0.0092372577637434,2588.1584146183545,angry
-41.8134765625,170.4972686767578,0.14685776654411764,0.007193709723651409,2531.4531749822268,angry
-41.70222473144531,166.95018005371094,0.15313324370941558,0.008828970603644848,2545.557290959962,angry
-36.370323181152344,136.32156372070312,0.15139841478924418,0.022138312458992004,2499.1467919990077,angry
-31.434125900268555,112.01414489746094,0.1452442005368098,0.0492493100464344,2484.670581113124,angry
-38.63542938232422,141.246337890625,0.1724571814903846,0.02177637629210949,2794.1556581202403,angry
-37.274200439453125,137.03379821777344,0.16519456608280256,0.023528259247541428,2618.936405083267,angry
-42.79680252075195,149.09573364257812,0.16532578579215115,0.008709990419447422,2606.0465474624066,fear
-38.86652755737305,155.77557373046875,0.11038227201257862,0.009907213971018791,2115.926976000576,fear
-41.597835540771484,150.74386596679688,0.161872723351227,0.010652800090610981,2636.1046597669138,fear
-43.03315353393555,163.19493103027344,0.17932512775157233,0.008276809006929398,2774.7538383166384,fear
-35.46124267578125,122.68377685546875,0.15904058412063954,0.022954624146223068,2628.040355367226,fear
-37.428916931152344,129.0490264892578,0.14418743065828402,0.026141727343201637,2764.9728124801463,fear
-38.99429702758789,131.56776428222656,0.18682751684131738,0.024194488301873207,2796.585361009801,fear
-36.60053253173828,128.67816162109375,0.14048713235294116,0.031612951308488846,2450.2244236838874,fear
-44.307044982910156,190.74920654296875,0.16910422059911243,0.002456884365528822,2503.650663053149,disgust
-45.66902160644531,192.70877075195312,0.1530715654481132,0.0020816545002162457,2378.849707853572,disgust
-45.21329116821289,188.6043701171875,0.1972598805147059,0.003123184898868203,2687.57043189019,disgust
-45.825897216796875,193.4816131591797,0.1972391519201807,0.003048801328986883,2695.7426862389507,disgust
-42.24653244018555,170.23927307128906,0.1827115145596591,0.004377552308142185,2642.8748643246545,disgust
-44.185306549072266,181.61341857910156,0.14033442772239263,0.0030336501076817513,2264.003678800272,disgust
-45.54513168334961,184.63656616210938,0.19655898194875776,0.0036418167874217033,2757.6378368647547,disgust
-44.165592193603516,176.66429138183594,0.17880157653443113,0.005098181776702404,2616.0606458394554,disgust
-42.740745544433594,172.9753875732422,0.158978271484375,0.003690798534080386,2563.032296147222,surprise
-44.07999038696289,172.7971954345703,0.19359756097560976,0.004429330118000507,2621.9752655920956,surprise
-42.52285385131836,165.70849609375,0.18720343654141106,0.006652601528912783,2562.849923245559,surprise
-43.96377944946289,177.1219024658203,0.15861800449346405,0.0051373327150940895,2503.4278753773056,surprise
-41.06010818481445,157.1991729736328,0.15291145048945784,0.006844797637313604,2495.817582115106,surprise
-40.91520309448242,157.1028594970703,0.1426849365234375,0.007808936294168234,2611.8982346973053,surprise
-43.007225036621094,163.94931030273438,0.18586544874237804,0.009906724095344543,2684.0693153419575,surprise
-42.720645904541016,160.11163330078125,0.19340615643712575,0.00958302617073059,2760.4700611257636,surprise
-39.973243713378906,207.39974975585938,0.14625581781914893,0.001355522545054555,1767.6068711071202,neutral
-48.65087890625,216.48370361328125,0.33951469089673914,0.0009349618339911103,2870.812298926804,neutral
-49.794273376464844,213.37860107421875,0.2847357855902778,0.000995101872831583,3282.324830680492,neutral
-49.27557373046875,212.57638549804688,0.2633754185267857,0.0010864550713449717,2933.8028789903283,neutral
-48.67890167236328,212.06277465820312,0.3367886013454861,0.0009318797383457422,3006.693866566389,calm
-46.6178092956543,198.1895294189453,0.2900729709201389,0.0010878166649490595,2976.4240240043437,calm
-44.48487091064453,189.86077880859375,0.2936555989583333,0.0017461091047152877,3095.198102903109,calm
-46.26583480834961,209.16900634765625,0.22547496448863635,0.0011036315700039268,2950.3942848565844,calm
-49.9757080078125,222.24327087402344,0.2432183159722222,0.0005224014166742563,2989.6262847271023,calm
-45.506187438964844,215.77967834472656,0.25327050125838924,0.0007076713372953236,2559.380073994295,calm
-42.09080505371094,196.9208221435547,0.24535239615091464,0.001411970122717321,2468.6717584428334,calm
-48.178279876708984,211.3559112548828,0.14942339271496816,0.0012810240732505918,2195.5943717639866,calm
-43.720394134521484,196.807373046875,0.24611409505208334,0.0017445909325033426,2428.6901770678332,happy
-43.325679779052734,188.66773986816406,0.26055708741830064,0.002827409887686372,2773.565776473455,happy
-47.07321548461914,199.50343322753906,0.22546301354895104,0.002011904027312994,3016.9729192771433,happy
-45.29438400268555,184.01947021484375,0.31800455729166666,0.0033358042128384113,2870.1370486641636,happy
-38.00001525878906,137.25735473632812,0.13275558378067484,0.01946999505162239,2344.968885770728,happy
-36.95660400390625,136.00436401367188,0.12709418402777778,0.015514524653553963,2074.944430399943,happy
-36.67150115966797,135.7775115966797,0.23080483969155843,0.022069113329052925,2910.1538219137237,happy
-37.589752197265625,144.7168731689453,0.17350154728084416,0.015001673251390457,2423.6171630576046,happy
-50.74630355834961,222.39781188964844,0.36021650598404253,0.00035833092988468707,2924.067603697231,sad
-55.61974334716797,226.1990509033203,0.36736773804530204,0.0003506556386128068,3454.7710319206317,sad
-53.087860107421875,219.84341430664062,0.3103342899659864,0.0005866193096153438,3293.848540558579,sad
-50.7412223815918,227.32566833496094,0.344015731292517,0.0004171303007751703,3131.057974681636,sad
-46.639644622802734,197.81700134277344,0.24574046415441175,0.0010411640396341681,2618.1287624053816,sad
-46.80756759643555,192.412353515625,0.2725880639792899,0.0009935242123901844,2922.683367641613,sad
-48.7484016418457,197.4533233642578,0.28227943371815284,0.001394833205267787,2859.0070619012645,sad
-45.57979965209961,196.80450439453125,0.2724112322230539,0.0013933650916442275,2532.4183874022046,sad
-46.498172760009766,200.7401580810547,0.31458312195616883,0.0013485325034707785,3005.2435646472813,angry
-43.51304244995117,191.29373168945312,0.13508586140422077,0.0020409931894391775,2974.8986193826718,angry
-40.621681213378906,167.69114685058594,0.22762094817546583,0.005895907990634441,2820.3838034408323,angry
-42.86005783081055,183.50730895996094,0.2588018280228758,0.003946495242416859,2995.0885263496607,angry
-26.81194496154785,116.6585922241211,0.11842904439786585,0.05865103378891945,2376.121247912462,angry
-28.409875869750977,118.45226287841797,0.16616240893404907,0.04606686532497406,2785.1633253766395,angry
-27.308786392211914,112.41123962402344,0.14468109292328044,0.06258021295070648,2487.9262527393785,angry
-27.208444595336914,111.9226303100586,0.13764421329941862,0.058044854551553726,2544.819938071913,angry
-52.81011962890625,224.16297912597656,0.2881251425638686,0.0005117564578540623,3340.8653766013867,fear
-50.30406951904297,213.58352661132812,0.33766965100364965,0.0007064584060572088,3205.5468196629186,fear
-47.4805793762207,213.83082580566406,0.21522432215073528,0.000782036513555795,2806.5028136415353,fear
-52.8534049987793,222.0286865234375,0.32501938763786764,0.0006967762601561844,3500.1233845499023,fear
-39.26209259033203,166.14053344726562,0.10846819196428571,0.0036200592294335365,2410.4687075425354,fear
-46.5778694152832,195.47854614257812,0.3232179465868794,0.0015145920915529132,3177.0549904523873,fear
-40.89885330200195,158.9725341796875,0.24310128348214285,0.007768760435283184,2834.0258538544704,fear
-37.99137878417969,149.98330688476562,0.130126953125,0.010113677009940147,2417.172039932256,fear
-48.8293342590332,201.59703063964844,0.29832655718537415,0.0008538234396837652,2753.3963489108173,disgust
-49.91777420043945,203.26304626464844,0.33722449296357615,0.0008531113271601498,2857.4526364072676,disgust
-50.40122604370117,212.5453643798828,0.3833235677083333,0.0009240208310075104,3237.7158995207033,disgust
-45.22399139404297,189.47714233398438,0.25415205144557823,0.001377230859361589,2852.909033359774,disgust
-47.74287414550781,196.9054412841797,0.34932013833598724,0.001512884278781712,3023.3221788306996,disgust
-44.1107292175293,186.52871704101562,0.2668919781454248,0.0017524034483358264,2936.2070649463785,disgust
-44.045650482177734,185.22950744628906,0.30009004667207795,0.0026747204829007387,2892.073947265961,disgust
-42.89988708496094,180.96543884277344,0.26115221854967946,0.002825210802257061,2494.5866885317864,disgust
-46.009361267089844,213.17214965820312,0.22272600446428573,0.0008991554495878518,2530.8072903845537,surprise
-50.449546813964844,212.6600341796875,0.2259284125434028,0.0009441221482120454,2949.6148942036725,surprise
-44.11502456665039,205.83665466308594,0.24382275062919462,0.0014345565577968955,2669.0428567240906,surprise
-50.52728271484375,210.31796264648438,0.2786938968120805,0.0013448938261717558,3152.662018775158,surprise
-44.68141174316406,177.70126342773438,0.3615739729020979,0.0026952973566949368,3015.9191125035554,surprise
-43.101078033447266,198.3463592529297,0.20295531360815602,0.0018623382784426212,2583.6516944566406,surprise
-48.484825134277344,204.61805725097656,0.2241044855442177,0.0017441986128687859,2767.8932308156586,surprise
-47.78177261352539,201.70359802246094,0.29692087877516776,0.001996080856770277,3225.70744295959,surprise
-41.69032669067383,162.19509887695312,0.12130757250816994,0.009632007218897343,2691.3020194871633,neutral
-40.476810455322266,155.86911010742188,0.17302216679216867,0.007805806118994951,2896.2352327962167,neutral
-41.30817794799805,152.46844482421875,0.13922384510869565,0.011769932694733143,2677.392941102306,neutral
-41.64993667602539,169.7431182861328,0.14545867727987422,0.007952545769512653,2883.6927511115177,neutral
-40.231109619140625,149.66915893554688,0.19851169338474026,0.00813894160091877,3066.2687447475673,calm
-40.96895980834961,162.6293182373047,0.15509815705128205,0.007470430340617895,2831.9028273260806,calm
-41.441551208496094,149.7585906982422,0.2103217058121019,0.010314530692994595,3243.6777840240243,calm
-41.08711242675781,152.92160034179688,0.1937530517578125,0.011020554229617119,3100.740561638403,calm
-41.67839431762695,156.4364471435547,0.13518415178571427,0.008204982616007328,2595.760259478034,calm
-41.823062896728516,156.64317321777344,0.1219914596273292,0.010513507761061192,2502.04051113798,calm
-41.88191604614258,159.42637634277344,0.13833543730945122,0.009557867422699928,2587.1201960762924,calm
-42.45702362060547,172.86642456054688,0.13147119728915663,0.006201489828526974,2729.4452242860807,calm
-39.288822174072266,144.15924072265625,0.12121986237582781,0.015759175643324852,2840.798999463892,happy
-39.7164306640625,142.90408325195312,0.12527018229166667,0.017508795484900475,2632.9856346620386,happy
-42.22113037109375,142.95143127441406,0.16125915100524477,0.015905912965536118,2896.0374668493187,happy
-41.06547546386719,147.51951599121094,0.16847059461805555,0.017570124939084053,2880.492765383507,happy
-35.838096618652344,108.81388092041016,0.1830554640436747,0.06064876914024353,2892.7404999308046,happy
-36.121986389160156,114.03564453125,0.14937849234271522,0.055579155683517456,2907.4612358290256,happy
-34.290931701660156,102.96054077148438,0.21504391498447206,0.07128111273050308,3249.3600960744934,happy
-34.90293502807617,107.25672149658203,0.1783248546511628,0.061577048152685165,3198.5956842031082,happy
-43.84062576293945,175.71046447753906,0.13531195367132867,0.0050752731040120125,2761.91693633328,sad
-42.343841552734375,168.53103637695312,0.138076171875,0.004269543569535017,2755.356641496554,sad
-42.49260330200195,173.1094207763672,0.1312838286356209,0.005552939139306545,2594.1319139502148,sad
-42.47467803955078,173.97520446777344,0.1423488709984756,0.0045186677016317844,2818.3635080808426,sad
-38.28852844238281,148.18870544433594,0.13426764279801323,0.012843605130910873,2710.722598755208,sad
-40.75220489501953,154.82437133789062,0.1397847757711039,0.007179838605225086,2647.3984155463804,sad
-41.50396728515625,168.61073303222656,0.14681603773584906,0.005133685655891895,2866.5666788360404,sad
-41.97719192504883,164.1309356689453,0.1548707640016234,0.007043635006994009,2814.3376144166205,sad
-38.920223236083984,146.8797607421875,0.16432253143491124,0.00920234527438879,2648.8605042753097,angry
-36.964149475097656,136.3148651123047,0.16119490606936415,0.017996588721871376,2715.2446609219237,angry
-37.991092681884766,145.1227264404297,0.1333945753884181,0.01466111559420824,2575.515982206895,angry
-38.15888977050781,147.91403198242188,0.16541004713687152,0.015370474196970463,2645.461785282922,angry
-31.0317440032959,105.13742065429688,0.13218044704861112,0.0507589653134346,2448.6094751945143,angry
-34.144264221191406,112.22555541992188,0.11804515463082901,0.05862661823630333,2294.267652204756,angry
-35.025634765625,118.2867431640625,0.2001894648203593,0.056081920862197876,3015.7397453162653,angry
-35.6185188293457,116.70946502685547,0.18490583537011174,0.05827571451663971,3149.016192289216,angry
-40.47373580932617,151.67420959472656,0.12829174638605442,0.010451928712427616,2496.9801254385616,fear
-42.36371612548828,172.57041931152344,0.13578316215034966,0.005212218966335058,2757.06482221395,fear
-43.507896423339844,166.7454376220703,0.13117532169117646,0.00789066031575203,2720.3166988467574,fear
-41.6048583984375,166.968994140625,0.12439374475671142,0.007428404409438372,2790.1393609475404,fear
-37.486236572265625,124.27041625976562,0.17465593956953643,0.024471480399370193,3096.1351450340535,fear
-39.79963684082031,135.32638549804688,0.1595184326171875,0.021618153899908066,2983.3922346337354,fear
-38.93330001831055,130.52638244628906,0.1441918349847561,0.026608815416693687,2765.724340484366,fear
-42.169769287109375,152.37899780273438,0.12342989801646706,0.01338951289653778,2651.405947772922,fear
-42.215579986572266,171.36465454101562,0.141607666015625,0.0060594999231398106,2654.9051337398528,disgust
-41.3198127746582,167.9395294189453,0.11283052884615384,0.006609353236854076,2383.8199302293897,disgust
-40.20614242553711,164.42800903320312,0.13350545003742514,0.005901890341192484,2688.1214173265525,disgust
-39.56667709350586,151.02706909179688,0.17573348335597827,0.009199937805533409,3129.384099626311,disgust
-37.71338653564453,130.2677764892578,0.13858002011138615,0.02006646990776062,2593.6635637252975,disgust
-37.31563186645508,127.6877670288086,0.14026128029336735,0.02465198002755642,2531.0100344116377,disgust
-40.25804901123047,140.93397521972656,0.15084939474587913,0.020083989948034286,2666.5426247297355,disgust
-39.221744537353516,130.63796997070312,0.1442592075892857,0.027584034949541092,2611.0665174308883,disgust
-40.53483581542969,155.09625244140625,0.1432373046875,0.009853907860815525,2899.272345690815,surprise
-39.878353118896484,160.35458374023438,0.14456778805272108,0.008952497504651546,2737.6846454021543,surprise
-38.5731315612793,142.7578125,0.13852636072019867,0.01994479075074196,2838.329731939511,surprise
-40.72178268432617,162.8459930419922,0.13888020833333334,0.010369423776865005,2834.4082415878875,surprise
-37.89470672607422,139.1424560546875,0.1379895747102649,0.022125093266367912,2639.8022878357,surprise
-39.59787368774414,136.2263641357422,0.1430066167091837,0.025640137493610382,2736.4926517644317,surprise
-37.35158157348633,128.79541015625,0.14380660330414013,0.03441450744867325,2939.1285907233964,surprise
-35.34030532836914,124.92044830322266,0.1354414579884106,0.028392747044563293,2726.366692052855,surprise
-45.1728515625,206.12249755859375,0.19093592026654413,0.0017959970282390714,2704.3553259570454,neutral
-43.687713623046875,196.9833984375,0.1955129139458955,0.0025134135503321886,2750.7778257331256,neutral
-44.25593948364258,197.2258758544922,0.20054913949275363,0.002201467053964734,2733.620288202321,neutral
-41.62891387939453,199.1257781982422,0.16339601391423358,0.002283231122419238,2521.052586871527,neutral
-43.73995590209961,207.58839416503906,0.1364417109929078,0.0011143246665596962,2708.63714803427,calm
-41.8336296081543,203.8271484375,0.14372083875868055,0.0013584204716607928,2425.6008441774484,calm
-43.703651428222656,201.5978240966797,0.2070685492621528,0.0019467398524284363,2846.443293271673,calm
-42.989410400390625,203.7518768310547,0.1576503537735849,0.0013543580425903201,2760.7465937216966,calm
-43.337310791015625,204.34988403320312,0.17834325583584337,0.0010402642656117678,2729.6542009707914,calm
-45.83319854736328,207.75747680664062,0.19750521642080746,0.000950821558944881,2949.1416118245925,calm
-43.12659454345703,204.3412628173828,0.13881865893404907,0.0012788990279659629,2719.8522700608173,calm
-43.18705749511719,203.45945739746094,0.1634359704442771,0.0014747211243957281,2562.403258079138,calm
-44.241798400878906,189.13540649414062,0.13875932835820895,0.0034269720781594515,2547.3228413920992,happy
-42.622013092041016,189.87472534179688,0.17955304574275363,0.0035756141878664494,2650.03986745878,happy
-43.188621520996094,187.74557495117188,0.16035227531934307,0.0036604725755751133,2798.7240566374057,happy
-42.92738723754883,185.61976623535156,0.20687430245535715,0.004210694693028927,2940.7533658564166,happy
-33.86958694458008,142.61143493652344,0.13570570671695403,0.015930481255054474,2489.4132020213033,happy
-33.35007858276367,140.52442932128906,0.12215428443471338,0.016904346644878387,2257.5769384729447,happy
-38.00458526611328,146.34249877929688,0.15771484375,0.01721109449863434,2743.2417491525953,happy
-37.608863830566406,147.3070831298828,0.2014532026076159,0.013980279676616192,2617.67958859102,happy
-43.46805191040039,196.0386505126953,0.1664666069878472,0.0018517867429181933,2742.6097651957602,sad
-42.467010498046875,200.6482696533203,0.2008056640625,0.0016746524488553405,2602.136459826329,sad
-44.416175842285156,195.6432647705078,0.19884535845588236,0.002075038617476821,2901.5485677297343,sad
-43.91069412231445,198.48280334472656,0.21601365876677853,0.002422134857624769,2869.775619019602,sad
-42.141319274902344,171.24636840820312,0.2132805718315972,0.005904757417738438,2903.0141483975985,sad
-37.191341400146484,155.1565399169922,0.10440767728365384,0.009228217415511608,2278.6972233615174,sad
-41.956504821777344,164.86280822753906,0.2412142818921233,0.008995267562568188,2878.172914799475,sad
-38.68586730957031,152.44480895996094,0.18104722764756945,0.008631774224340916,2847.7991997162994,sad
-37.13361740112305,157.30433654785156,0.15126389723557693,0.008791642263531685,2627.2785227883924,angry
-38.530147552490234,166.3474884033203,0.189921875,0.005641748197376728,2810.0004629960868,angry
-38.09348678588867,154.67025756835938,0.193896484375,0.011732015758752823,2688.544841178526,angry
-37.43706512451172,154.7710418701172,0.19466348020186336,0.010866960510611534,2721.990305120585,angry
-32.837890625,132.73443603515625,0.18930951286764705,0.02302037924528122,2835.568031190048,angry
-30.191259384155273,116.83624267578125,0.15706758720930233,0.05137460306286812,2672.4409094064367,angry
-27.175312042236328,114.50013732910156,0.11923253676470588,0.04833894595503807,2430.4614151357628,angry
-29.411853790283203,108.9183120727539,0.15853863113496933,0.060767900198698044,2917.699707094518,angry
-40.986839294433594,184.8515625,0.17670572916666666,0.003262175479903817,2765.2738974099398,fear
-40.15872573852539,177.26206970214844,0.19373124482615894,0.004741458687931299,2773.8967510576103,fear
-41.569515228271484,174.48606872558594,0.2134537522810219,0.006200216244906187,2788.607921463569,fear
-40.9530143737793,172.76722717285156,0.21738776607789856,0.00612710090354085,2703.0829333619618,fear
-35.86383056640625,140.9116668701172,0.17608200294384058,0.020142294466495514,2640.3857100112177,fear
-33.386348724365234,131.17132568359375,0.15517082767210144,0.024232663214206696,2757.5621918498814,fear
-35.05813217163086,129.6801300048828,0.17955533364661655,0.026997113600373268,2741.1714770929443,fear
-33.764312744140625,128.30088806152344,0.1543291877297794,0.02981049194931984,2951.87116431023,fear
-41.34661865234375,177.815185546875,0.203901950668239,0.0040735057555139065,2814.7508562071325,disgust
-40.253211975097656,171.9228973388672,0.1937568860176282,0.005348545033484697,2834.263573783965,disgust
-41.6861457824707,178.0419158935547,0.22112955729166667,0.004446542356163263,2853.6804839205142,disgust
-40.19239807128906,170.51036071777344,0.21841526631289307,0.005684519186615944,2781.4207165290645,disgust
-37.146888732910156,162.15402221679688,0.15895936547256098,0.006583602167665958,2725.2164839865527,disgust
-36.9240608215332,165.42440795898438,0.16217189881859756,0.006317382678389549,2634.587063434095,disgust
-39.821929931640625,172.12786865234375,0.2005562160326087,0.006587628275156021,2673.2068017627726,disgust
-37.42300796508789,154.9819793701172,0.1898807501940994,0.007832981646060944,2742.9725066358737,disgust
-45.500728607177734,188.18551635742188,0.21243538533834586,0.003389936638996005,2895.462767968412,surprise
-45.19035339355469,176.80213928222656,0.20798986098345587,0.004816700238734484,2936.140024772009,surprise
-40.06782913208008,166.54249572753906,0.14746450159671534,0.008630773052573204,2582.508443417197,surprise
-41.91349411010742,162.63848876953125,0.165802001953125,0.007159313187003136,2859.3697174258623,surprise
-42.4174919128418,166.79067993164062,0.13953462758458646,0.006715935654938221,2766.343495236666,surprise
-37.29935073852539,145.3780975341797,0.182588036380597,0.011761488392949104,2944.93651898115,surprise
-39.986236572265625,156.02793884277344,0.18930260220864661,0.011394095607101917,2913.012753669982,surprise
-39.52821731567383,150.62452697753906,0.21175252584586465,0.010954722762107849,3120.9275969803953,surprise
-50.92285919189453,190.06582641601562,0.2618213823646497,0.002629469847306609,3072.0855015864718,neutral
-50.75505828857422,192.2886962890625,0.33162275326797386,0.0024937766138464212,3072.5492093467183,neutral
-49.5364990234375,185.9904022216797,0.2588203625801282,0.003382698865607381,3102.5670961072437,neutral
-49.69132995605469,189.63844299316406,0.3073621616242038,0.003041157964617014,3331.337928713519,neutral
-48.64112091064453,184.65911865234375,0.29153022080838326,0.0029637927655130625,3153.4938133413434,calm
-48.00277328491211,185.5370635986328,0.2679825297162577,0.0023956375662237406,2842.989130371606,calm
-51.695457458496094,186.98651123046875,0.3119997363880368,0.0032724947668612003,3355.755348947783,calm
-51.35143280029297,187.2069549560547,0.3418920744889937,0.002986661624163389,3292.262364086833,calm
-50.84305953979492,186.75985717773438,0.286865234375,0.00252843601629138,3094.7911161034326,calm
-47.90601348876953,187.8673553466797,0.3144351514570552,0.0026220441795885563,2795.839736969563,calm
-51.13432693481445,187.3114013671875,0.332716663431677,0.003090839134529233,3364.192755783739,calm
-51.683555603027344,187.71888732910156,0.33260885099085363,0.0029730848036706448,3281.186210170391,calm
-46.722225189208984,171.49302673339844,0.2434661865234375,0.006228584796190262,3062.3068457991167,happy
-44.55813217163086,171.58836364746094,0.2596473456909938,0.006494267378002405,2896.303940214411,happy
-48.51662063598633,165.96937561035156,0.23780913700331127,0.005818062461912632,3322.32369568363,happy
-47.3609733581543,167.0753631591797,0.26197957104037267,0.007312420755624771,3106.700286135213,happy
-37.07004928588867,136.7412567138672,0.17738291981456045,0.02181161195039749,2866.4102125718982,happy
-36.80828094482422,138.1475372314453,0.185293186976257,0.021212374791502953,3018.58710634038,happy
-44.68782424926758,155.19639587402344,0.2509101100221893,0.011823839507997036,3337.576742230884,happy
-42.02642059326172,133.35162353515625,0.2425934547601744,0.026130061596632004,3173.94811269301,happy
-47.90108871459961,174.77621459960938,0.27877481328616355,0.005028971005231142,2936.9370694891295,sad
-46.15345001220703,171.5701141357422,0.20393254206730768,0.004921103827655315,2446.73751701937,sad
-48.5086555480957,180.44461059570312,0.3014138659591195,0.003249068045988679,3410.379122451993,sad
-49.219974517822266,176.0032501220703,0.297953023538961,0.004368234891444445,3227.773118033346,sad
-42.391700744628906,149.02218627929688,0.13571002526197604,0.01369507983326912,2612.3550085182464,sad
-43.4773063659668,139.3448028564453,0.25740509969325154,0.019113343209028244,3155.0297340336197,sad
-46.20883560180664,148.2998046875,0.2598043302210366,0.014753632247447968,2649.9357673569966,sad
-41.99834060668945,134.3922119140625,0.2264192318488024,0.023253653198480606,3199.652581442855,sad
-42.32903289794922,165.88026428222656,0.2628731105638587,0.005918730981647968,3201.6900869956085,angry
-41.82741165161133,164.8124237060547,0.2198429551235465,0.006740408018231392,2904.0157261856984,angry
-47.37571334838867,176.1268768310547,0.3260839237189441,0.004509299993515015,3387.0652955295473,angry
-47.836978912353516,170.6965789794922,0.28844873865223464,0.004917912185192108,3448.2180192653227,angry
-33.51642990112305,130.88941955566406,0.16099596934713375,0.023195330053567886,2806.064212819553,angry
-31.282651901245117,112.05260467529297,0.17552943199685533,0.05018862336874008,2561.7639336266316,angry
-36.293094635009766,137.25514221191406,0.28347108422256095,0.02187112718820572,3102.761072064067,angry
-33.30244445800781,121.052490234375,0.18460855139307228,0.039192210882902145,2670.1349117816785,angry
-39.27714157104492,149.32264709472656,0.16453749468537415,0.010054754093289375,2654.107264169412,fear
-40.62323760986328,150.1383819580078,0.19930929221854304,0.00896185077726841,2961.3364391609093,fear
-47.15129470825195,162.52157592773438,0.2706884096746575,0.005996042862534523,3359.305450673864,fear
-46.195308685302734,161.52828979492188,0.22341343976449277,0.007275570183992386,3376.998252376847,fear
-35.82097625732422,125.77729797363281,0.16865416343167702,0.03321196138858795,2611.6301709537697,fear
-34.78401184082031,115.20914459228516,0.132122802734375,0.04302753135561943,2557.756037549726,fear
-38.3657341003418,122.94094848632812,0.2195703125,0.032549623399972916,3247.3420212990054,fear
-37.55149459838867,120.68940734863281,0.15061787539308177,0.03665706142783165,2740.232239086104,fear
-45.439064025878906,172.38851928710938,0.22203452542701863,0.003995590843260288,3301.407498541063,disgust
-44.87486267089844,174.31781005859375,0.184918212890625,0.0046564736403524876,2661.3560994646036,disgust
-49.448585510253906,180.44590759277344,0.2882643479567308,0.00383906252682209,3413.150545091465,disgust
-46.439002990722656,177.35980224609375,0.2967742919921875,0.003852627007290721,3382.7236353180997,disgust
-43.085445404052734,157.9815673828125,0.22799895530523256,0.00689163850620389,3173.9238472634543,disgust
-43.943477630615234,145.9152374267578,0.2216796875,0.011687704361975193,2751.546209664939,disgust
-42.11087417602539,145.95123291015625,0.24537205958104397,0.012190242297947407,3175.8620844914076,disgust
-43.698974609375,150.11489868164062,0.22824877361918605,0.012562252581119537,3120.608587654198,disgust
-48.401058197021484,177.52822875976562,0.2890688827614379,0.004952874034643173,3249.523461937021,surprise
-43.694515228271484,169.16705322265625,0.20009890027866242,0.005696045700460672,3107.392515984581,surprise
-47.86610794067383,173.73402404785156,0.32470379759933776,0.005961302202194929,3351.730942596891,surprise
-48.72967529296875,172.05447387695312,0.31039663461538464,0.006636547856032848,3211.771869572328,surprise
-43.351097106933594,157.6826629638672,0.1910888671875,0.008422443643212318,2869.2052570614496,surprise
-43.860076904296875,151.25,0.24249381308229814,0.010702620260417461,3184.7316221868764,surprise
-42.74933624267578,155.24659729003906,0.26294400232919257,0.00984970573335886,3203.368400448432,surprise
-47.6838264465332,160.53884887695312,0.26952510809748426,0.008565284311771393,3341.942517298006,surprise
-49.597442626953125,206.1906280517578,0.3264356181569343,0.0018986380891874433,3052.5980499864463,neutral
-48.79814529418945,203.6527557373047,0.3273324275362319,0.0019702587742358446,3041.01399404811,neutral
-49.28866958618164,201.745361328125,0.32725490484022557,0.001986047485843301,3088.781363580465,neutral
-49.257286071777344,198.98519897460938,0.3287820255055147,0.0024379233364015818,3185.0876382696024,neutral
-46.49848175048828,205.3175506591797,0.23976658107517482,0.0016144359251484275,2675.64959905861,calm
-48.30966567993164,207.1154327392578,0.30652300980839414,0.0017852714518085122,2980.011764637172,calm
-47.05794143676758,203.34556579589844,0.26244040096507354,0.0016234451904892921,2872.7336651275855,calm
-48.69595718383789,205.01437377929688,0.30647145669291337,0.0015906542539596558,3110.5962355953784,calm
-48.46862030029297,209.0415802001953,0.31291647518382354,0.0015679188072681427,3027.4986377521714,calm
-47.82351303100586,200.16159057617188,0.334907863451087,0.0020977724343538284,2853.925865401901,calm
-48.086185455322266,199.69161987304688,0.3195350060096154,0.00197088741697371,3095.271406520995,calm
-48.968109130859375,201.23590087890625,0.3064169847328244,0.0020614429377019405,3058.188772307808,calm
-46.676177978515625,190.09539794921875,0.29322684151785716,0.003522985614836216,2939.2707361806365,happy
-46.80587387084961,190.40667724609375,0.2843141417572464,0.0033827638253569603,2944.941147069078,happy
-46.89124298095703,186.91213989257812,0.29161879595588236,0.003301842138171196,3083.628385489049,happy
-46.31251907348633,183.35853576660156,0.29053088201992755,0.004467570688575506,3120.5860354740676,happy
-41.74713134765625,167.9234619140625,0.27194643980704697,0.005351913161575794,2955.2167527236948,happy
-40.53056335449219,155.1332550048828,0.2281055939503205,0.011857368983328342,2809.304098100093,happy
-42.93265151977539,152.4230194091797,0.2798052226027397,0.012283586896955967,3311.062762942598,happy
-43.33131790161133,158.36654663085938,0.2975904676649306,0.01233950536698103,3140.7494331557523,happy
-45.39380645751953,201.59072875976562,0.2504629159902597,0.002040125662460923,2663.929923997035,sad
-47.81215286254883,204.1324920654297,0.28199997446895425,0.0017720087198540568,2865.260352479472,sad
-47.98945999145508,204.42234802246094,0.2846450293624161,0.0018700825748965144,2917.9015270097507,sad
-48.41170883178711,198.9171905517578,0.3197740528681507,0.0019755156245082617,2987.336537669999,sad
-45.549156188964844,189.7601318359375,0.24125501844618055,0.003369480837136507,2712.9532650202577,sad
-45.611473083496094,189.42005920410156,0.2723789881993007,0.0024205376394093037,2843.3143889668972,sad
-45.858558654785156,195.82557678222656,0.23328374056208054,0.002617269055917859,2863.6576337903903,sad
-46.32781219482422,202.3190460205078,0.2710314764492754,0.0019738769624382257,2893.599691581893,sad
-43.84874725341797,177.76510620117188,0.28571334941275167,0.005347331985831261,3007.2565180211377,angry
-41.84125518798828,164.40408325195312,0.282366983251634,0.007242840249091387,3014.137550219431,angry
-41.957740783691406,164.24688720703125,0.3007342998798077,0.007030901033431292,3030.2625274664074,angry
-42.63240051269531,160.32337951660156,0.3102692904537671,0.008924481458961964,3052.136302032994,angry
-31.56847381591797,108.7465591430664,0.2148283952437107,0.05163474753499031,3151.220916887232,angry
-31.476654052734375,124.6611328125,0.1654105808423913,0.027818750590085983,2760.569186029122,angry
-33.97373580932617,120.52656555175781,0.26136046570616883,0.041600991040468216,3217.9828243500747,angry
-31.174592971801758,97.41767883300781,0.24186197916666666,0.08835536241531372,3432.8173352887147,angry
-46.808895111083984,192.1216583251953,0.32626881318933826,0.0030123854521661997,3050.6355092770345,fear
-46.274269104003906,198.11363220214844,0.2592131900091241,0.0021230929996818304,2990.6681921314434,fear
-43.6485481262207,178.35098266601562,0.2976711107336957,0.004258995875716209,3088.106761633551,fear
-42.17055892944336,181.76564025878906,0.2470738002232143,0.00451500341296196,2717.87598684682,fear
-46.26317596435547,191.00782775878906,0.3372317797517123,0.0032929826993495226,3118.1298877686945,fear
-39.20112991333008,144.1339569091797,0.23278895168439717,0.016690926626324654,3012.2842637981694,fear
-39.190208435058594,143.07989501953125,0.28627185947847683,0.013963722623884678,3149.737661959855,fear
-44.75227737426758,184.09986877441406,0.28214164402173914,0.0038411992136389017,3035.0222687028886,fear
-48.219337463378906,207.9060516357422,0.27251479204963236,0.0017109038308262825,2995.1440589495846,disgust
-48.32986068725586,208.6719207763672,0.3407953638229927,0.0017047913279384375,3062.1567341389846,disgust
-46.88365936279297,205.18580627441406,0.3327273105053192,0.0019618249498307705,3123.688115716182,disgust
-47.98143768310547,201.60885620117188,0.33882882254464286,0.0021438526455312967,3192.2373103718764,disgust
-43.759193420410156,182.3619842529297,0.2615028433248299,0.003537268377840519,3030.930242676633,disgust
-42.176300048828125,177.89166259765625,0.2469268798828125,0.004611349664628506,2626.608606900958,disgust
-46.556400299072266,201.97776794433594,0.3171237244897959,0.0021009957417845726,3059.648052821351,disgust
-44.663909912109375,186.63475036621094,0.2793919096057047,0.0030077078845351934,2869.848047711778,disgust
-45.25457000732422,175.4970245361328,0.27099941539115646,0.006758484989404678,2977.815515270391,surprise
-49.224884033203125,189.6454620361328,0.32422593060661764,0.003069069469347596,3168.303688135678,surprise
-49.66950607299805,196.4634246826172,0.33545998965992646,0.003096254775300622,3102.521729381523,surprise
-49.62635803222656,189.74850463867188,0.3245393010496183,0.0033358668442815542,3055.908179973093,surprise
-45.2239875793457,176.47430419921875,0.3132120768229167,0.005436061881482601,3197.5166105930175,surprise
-43.78078842163086,184.14727783203125,0.285958670236014,0.0036535770632326603,2999.217383337814,surprise
-41.7329216003418,163.87591552734375,0.3114997016059028,0.007501206360757351,3023.3283896650482,surprise
-42.75979232788086,167.05422973632812,0.3176320749562937,0.007861321792006493,3124.5738546811294,surprise
-57.26152420043945,210.86378479003906,0.286474609375,0.0011306009255349636,3021.9170185840517,neutral
-56.44840621948242,208.77174377441406,0.3630845811631944,0.0010509948479011655,3020.640810624448,neutral
-55.77286911010742,203.2826690673828,0.35863606770833334,0.001553037203848362,3196.0336691583625,neutral
-55.6431770324707,202.74053955078125,0.32210709212662336,0.0016398795414716005,3364.0718337043413,neutral
-56.24956512451172,195.54827880859375,0.268557720302795,0.0016116901533678174,2610.470831978331,calm
-59.53476333618164,216.31134033203125,0.3317078429383117,0.0009625302627682686,3185.0563260187187,calm
-56.77016830444336,197.33514404296875,0.2954466943027211,0.0017700446769595146,2874.0353568421147,calm
-57.225982666015625,200.9791717529297,0.35072498447847683,0.0019114610040560365,3050.1143268998853,calm
-58.747737884521484,213.18190002441406,0.2955738912799401,0.0005616584676317871,3000.402474070884,calm
-59.7133674621582,210.72702026367188,0.29201530140532544,0.000793437531683594,2930.6907489794403,calm
-58.95396041870117,215.93336486816406,0.29720557550465837,0.0009373609791509807,3278.3670419865007,calm
-57.47938919067383,207.2559051513672,0.2732907160659509,0.0014918516390025616,2651.270657865968,calm
-44.398658752441406,152.05194091796875,0.3320037841796875,0.010225356556475163,3438.125036515246,happy
-45.7678108215332,156.46006774902344,0.28046997838050314,0.009897880256175995,2776.9843658143523,happy
-49.733158111572266,166.29714965820312,0.3147254995748299,0.006121607031673193,3307.24101668411,happy
-50.56618118286133,169.5474853515625,0.26128580729166667,0.006911180913448334,2704.6774690545126,happy
-41.11738204956055,131.55059814453125,0.28932311637269936,0.024009251967072487,3041.835619731609,happy
-42.366737365722656,132.34750366210938,0.2716572447593168,0.01980762928724289,3030.639873996588,happy
-42.38441467285156,129.81268310546875,0.27664662556475905,0.02791166864335537,3465.619371660419,happy
-42.59373474121094,135.20570373535156,0.2787479376940994,0.025010937824845314,3116.6127809189584,happy
-52.27790832519531,197.26776123046875,0.35011888586956524,0.0016300022834911942,3478.296099258459,sad
-53.55436325073242,194.74436950683594,0.2859606620592949,0.0022720801644027233,3166.2742336181827,sad
-52.876956939697266,190.0943603515625,0.37860889923878205,0.0017482021357864141,3789.977452906029,sad
-50.8858757019043,188.34011840820312,0.3549038756127451,0.0024052325170487165,3641.0842944090255,sad
-49.88108825683594,172.8272247314453,0.4246409524700599,0.0032710314262658358,3852.517401753754,sad
-52.55842590332031,190.4076690673828,0.3077584512578616,0.002072863979265094,2839.901678360146,sad
-50.425296783447266,170.54965209960938,0.3458873820754717,0.004328524228185415,3431.345239871038,sad
-49.512393951416016,161.28927612304688,0.3247330343934911,0.00629964517429471,3378.226405517981,sad
-48.68919372558594,168.85198974609375,0.3335774739583333,0.0053906128741800785,3835.8740455264538,angry
-46.39033508300781,164.70716857910156,0.2885345458984375,0.006813687272369862,3010.4687102478542,angry
-46.92209243774414,157.07508850097656,0.3048057793090062,0.008536228910088539,3418.232319692723,angry
-47.628047943115234,155.92030334472656,0.3267266087278107,0.008825873024761677,3310.560756303268,angry
-35.18324279785156,115.5065689086914,0.2513931937839674,0.0480593703687191,2848.0062722685893,angry
-37.151737213134766,119.78631591796875,0.260336578207672,0.03427181392908096,2994.8938759835205,angry
-36.17818069458008,112.57765197753906,0.29301215277777776,0.04797481372952461,3153.43416734671,angry
-39.43034744262695,126.65998840332031,0.3456594366776316,0.0337238647043705,3760.73920984072,angry
-53.93452072143555,199.14393615722656,0.284109455265411,0.0014776093885302544,3007.2002883755285,fear
-51.12886047363281,186.65948486328125,0.3178964590097403,0.0018434292869642377,3774.7594552752826,fear
-53.228267669677734,191.218505859375,0.4398276969178082,0.0022190301679074764,3793.9795180916904,fear
-51.91612243652344,181.4401092529297,0.3560740849743151,0.0030788497533649206,3411.2130090341543,fear
-39.24928283691406,125.51703643798828,0.2661935466609589,0.033091120421886444,3135.8457947778293,fear
-37.94354248046875,123.885498046875,0.2771743463010204,0.03232144936919212,3412.3840402272654,fear
-46.345821380615234,139.64144897460938,0.29393561154801323,0.01634981483221054,3732.7747999049543,fear
-44.398197174072266,133.68788146972656,0.272138671875,0.019676312804222107,3160.1671939469775,fear
-47.579280853271484,163.8773651123047,0.3437290308665644,0.0044741397723555565,3585.4070555435214,disgust
-52.49594497680664,183.24436950683594,0.320191207205414,0.003373482031747699,2821.2267175213424,disgust
-51.037933349609375,184.49658203125,0.33119722923136646,0.0033468969631940126,3453.46560274336,disgust
-47.16160202026367,159.7845916748047,0.3199080952837423,0.0070754531770944595,3063.17715316568,disgust
-44.65017318725586,143.9153594970703,0.26041187959558826,0.00888166856020689,3195.373657563085,disgust
-49.7393913269043,169.24766540527344,0.30186092779503104,0.004097069147974253,3086.090240557467,disgust
-48.32979965209961,167.08987426757812,0.2990338787342767,0.0039037594106048346,3129.027558425432,disgust
-49.968544006347656,164.3187255859375,0.28875583555640244,0.008340561762452126,3030.2068089613285,disgust
-54.107120513916016,190.32656860351562,0.2826806329617834,0.0019342474406585097,2917.3000543590574,surprise
-52.8033447265625,185.44163513183594,0.2967576856737013,0.0022112498991191387,2863.300519567376,surprise
-53.51140213012695,184.34442138671875,0.34560759171195654,0.002537607681006193,3269.6656231050415,surprise
-52.10161590576172,178.18263244628906,0.318359375,0.003009153762832284,3094.0210724076837,surprise
-50.37830352783203,178.90443420410156,0.3219874182412791,0.003377930261194706,3152.7854209352245,surprise
-49.7095947265625,170.42445373535156,0.2618865966796875,0.007328731473535299,2734.2737611757175,surprise
-49.86806106567383,167.75637817382812,0.2873870849609375,0.00501538859680295,2961.1797154503074,surprise
-49.8297119140625,173.24801635742188,0.2954222874611801,0.004152367822825909,3192.9044162859395,surprise
-42.793052673339844,181.19773864746094,0.2489164169520548,0.004334274213761091,2617.975106427143,neutral
-42.01414489746094,186.5570831298828,0.2004673080956376,0.0035462714731693268,2552.0193597391653,neutral
-40.33349609375,183.3218231201172,0.1826270186661074,0.004331059753894806,2304.23938157068,neutral
-40.929195404052734,181.43678283691406,0.1913531037414966,0.004327228292822838,2394.5150914931955,neutral
-41.11664581298828,185.85122680664062,0.188035841112013,0.0025737874675542116,2332.9765952636694,calm
-42.17601013183594,185.6900177001953,0.23886148031655843,0.0029176753014326096,2689.7100171518964,calm
-39.28846740722656,174.45333862304688,0.12769919448757763,0.0035781224723905325,2159.280965364285,calm
-41.68346405029297,184.8788604736328,0.2224025974025974,0.003227800130844116,2686.742260012384,calm
-41.94091033935547,186.17489624023438,0.1807592619889937,0.00314422813244164,2592.715274475409,calm
-39.840538024902344,182.1449432373047,0.1565477324695122,0.0031544663943350315,2083.435216092741,calm
-38.09619903564453,178.1212921142578,0.12355813419117648,0.0040303803980350494,2057.4173521442854,calm
-39.77214431762695,180.89234924316406,0.1248622796474359,0.003281101118773222,2308.3319127375044,calm
-41.16840744018555,175.874755859375,0.2339465082908163,0.005227222573012114,2560.587334919661,happy
-39.14987564086914,172.4368133544922,0.17857191297743055,0.006249840836971998,2290.4509612244065,happy
-39.48170471191406,174.18173217773438,0.18092515733506945,0.005065375939011574,2299.4564035756785,happy
-39.779640197753906,173.23233032226562,0.2219058043204698,0.006229657679796219,2490.6495525445584,happy
-32.79015350341797,155.8134002685547,0.11536754261363637,0.013913965784013271,2158.752937218721,happy
-35.27592086791992,158.48106384277344,0.18438151041666667,0.010231985710561275,2380.709409662907,happy
-33.82373046875,147.42092895507812,0.17553115472560976,0.012810824438929558,2396.724545170546,happy
-38.395423889160156,165.98228454589844,0.23889661815068494,0.009658187627792358,2773.3129859619935,happy
-40.727699279785156,177.29583740234375,0.20443462851821192,0.004991453606635332,2476.484075743187,sad
-40.45890808105469,190.84715270996094,0.12510585118006992,0.0035691065713763237,2149.9006117568165,sad
-39.49409484863281,178.34811401367188,0.17989578780594406,0.004585321992635727,2435.701386102349,sad
-39.55110549926758,179.381591796875,0.13124732448630136,0.004067492205649614,2115.564337063245,sad
-36.62363052368164,160.70802307128906,0.1405592032358156,0.008148806169629097,2114.4355472115276,sad
-36.58450698852539,159.90232849121094,0.14955024978741496,0.008284189738333225,2223.874858167232,sad
-41.15258026123047,171.27047729492188,0.244348064746732,0.005919497925788164,2852.0114494919117,sad
-37.718379974365234,172.93865966796875,0.14490483431208054,0.0067673856392502785,2145.2841100832657,sad
-36.26283264160156,155.40463256835938,0.19554264530254778,0.009181174449622631,2536.411053891384,angry
-36.187599182128906,149.49278259277344,0.17004081530448717,0.014017653651535511,2797.2319211583713,angry
-36.348018646240234,162.65318298339844,0.1872314453125,0.010677202604711056,2371.2925330538333,angry
-36.519161224365234,149.5209503173828,0.22258923100490197,0.017188092693686485,2861.4889222915813,angry
-36.718055725097656,140.62335205078125,0.33824486825980393,0.020432276651263237,3426.292920172628,angry
-33.60448455810547,132.43348693847656,0.23695591517857142,0.024781381711363792,2918.355500658414,angry
-33.719390869140625,147.43502807617188,0.1812109375,0.01626608520746231,2581.18911798303,angry
-32.36735534667969,125.84944152832031,0.20782314202724358,0.029367996379733086,2849.8036671557966,angry
-37.33539962768555,172.25106811523438,0.13227982954545456,0.006013765931129456,2065.70067963483,fear
-37.02187728881836,167.88706970214844,0.1603064903846154,0.006710750982165337,2415.342912054707,fear
-37.08372497558594,170.5643310546875,0.19754612699468085,0.006729120388627052,2581.699302755039,fear
-40.06753921508789,155.09991455078125,0.19041944383741258,0.00638790475204587,3042.9213861553503,fear
-33.416622161865234,150.27748107910156,0.1163058810763889,0.01579168066382408,2207.8764669918505,fear
-32.587913513183594,133.75521850585938,0.14548177083333333,0.022228455170989037,2490.574273920356,fear
-34.74135971069336,152.70494079589844,0.1344378745719178,0.01195888314396143,2233.951545512658,fear
-35.25297546386719,143.65420532226562,0.21987207677980133,0.018009942024946213,2846.5455352294184,fear
-39.59419250488281,165.23513793945312,0.19385068905279504,0.005225011147558689,2614.789734585972,disgust
-40.27127456665039,170.30474853515625,0.20219819864649682,0.003966441377997398,2603.475393067968,disgust
-39.264625549316406,172.03533935546875,0.17759311124213836,0.005258359480649233,2401.035806697798,disgust
-37.11749267578125,159.02981567382812,0.16452581232244318,0.007878529839217663,2363.3415492292133,disgust
-36.14446258544922,153.87171936035156,0.1634124755859375,0.008324535563588142,2538.6313560689546,disgust
-34.2169075012207,163.6355438232422,0.08548600706335617,0.006407339591532946,1883.195526063105,disgust
-36.009429931640625,158.20848083496094,0.1349329381555944,0.010083498433232307,1882.285589133921,disgust
-36.98531723022461,161.68675231933594,0.14076822916666668,0.008669751696288586,2582.833591651019,disgust
-37.161529541015625,168.9984130859375,0.1356737659235669,0.006786701735109091,1869.6919721691397,surprise
-39.049747467041016,166.75335693359375,0.1683980442533557,0.006280290428549051,2413.7993165813928,surprise
-40.053157806396484,171.17874145507812,0.2160614013671875,0.005454542115330696,2609.5339376497927,surprise
-39.96297836303711,176.82577514648438,0.1800185948202055,0.005717393942177296,2330.912929374199,surprise
-34.35548782348633,155.26194763183594,0.19098485659246575,0.014298057183623314,2470.038327008303,surprise
-35.64537811279297,164.6597442626953,0.1564958479020979,0.00864913035184145,2315.4428220152913,surprise
-38.39646530151367,179.21087646484375,0.1496758944746377,0.005910010077059269,2276.265246620521,surprise
-36.69428253173828,162.47219848632812,0.18345133463541666,0.008337253704667091,2536.4062241726547,surprise
-48.88396072387695,184.57159423828125,0.2617278484083851,0.0029154676012694836,2490.2092711939054,neutral
-49.26068878173828,187.8013153076172,0.2837581279114907,0.0030908561311662197,2649.370278976118,neutral
-47.797218322753906,178.58546447753906,0.30403958834134615,0.004689115099608898,3095.3561982294573,neutral
-48.35560607910156,177.7305908203125,0.277730570211039,0.004401879850775003,2939.16397854354,neutral
-52.65644073486328,197.8312530517578,0.24229736328125,0.00229440163820982,2357.929164802651,calm
-47.834007263183594,180.3186798095703,0.19414588791167664,0.0032592269126325846,2338.5481029904695,calm
-50.68355178833008,185.6217803955078,0.3014958079268293,0.003160787746310234,3191.1812134179568,calm
-48.65936279296875,179.75347900390625,0.26270759630503143,0.003939211834222078,2906.6428422757076,calm
-49.06605911254883,179.46514892578125,0.3330633654565868,0.0030873925425112247,2902.15147721706,calm
-45.506229400634766,173.21693420410156,0.24390510110294117,0.005231811199337244,3281.881731934552,calm
-51.376365661621094,186.64955139160156,0.22855135289634146,0.0029738934244960546,2494.2616720521346,calm
-50.63237380981445,185.44091796875,0.29094119188262196,0.0031254603527486324,3026.645297664347,calm
-46.79314041137695,167.39622497558594,0.2594451904296875,0.0069120884872972965,2682.803052633551,happy
-43.5284538269043,161.06190490722656,0.38277871953616355,0.008000701665878296,3204.7483517886485,happy
-45.3292121887207,163.0081787109375,0.34321622670807456,0.006967018824070692,3284.205745065565,happy
-46.3723030090332,163.96649169921875,0.2665370725235849,0.007372139487415552,2756.858517279941,happy
-43.60186767578125,152.6524200439453,0.2458511071702454,0.011681325733661652,2903.8690485711118,happy
-37.25661087036133,130.01260375976562,0.3351828835227273,0.0199610386043787,3340.9943653058203,happy
-44.0497932434082,147.8466033935547,0.31013947469325154,0.013911065645515919,3428.654609430873,happy
-42.7123908996582,151.34690856933594,0.3101925733612805,0.011392122134566307,3298.8402449725054,happy
-51.02394104003906,187.8415985107422,0.3355728743912338,0.0032113688066601753,3309.9444059567027,sad
-50.034332275390625,185.33767700195312,0.28910293093152867,0.0028607207350432873,2542.6104591826693,sad
-51.39668655395508,190.66201782226562,0.321820525085034,0.003393560415133834,2780.7286773682586,sad
-52.03895950317383,190.23916625976562,0.21430373033940397,0.0030667148530483246,2413.5358508098107,sad
-48.2275390625,170.32196044921875,0.2618461277173913,0.004233238752931356,2801.358153845465,sad
-49.10824966430664,177.84515380859375,0.22033095941310976,0.0035567705053836107,2729.9083925991486,sad
-49.5637092590332,174.6132049560547,0.35634882578592814,0.005396070424467325,3116.254743239788,sad
-47.38388442993164,167.3369903564453,0.35397964382763975,0.006025796756148338,3196.271031763384,sad
-39.760841369628906,148.7483673095703,0.22632119821947674,0.012463175691664219,2428.1600858770685,angry
-38.20109558105469,138.3877410888672,0.3306256773843931,0.015144207514822483,3225.147356788821,angry
-44.16990280151367,155.91091918945312,0.2745787490754438,0.012014687061309814,3058.9851900991075,angry
-39.70995330810547,145.51092529296875,0.2901401858357988,0.018212899565696716,3085.72006571797,angry
-36.12065887451172,128.49156188964844,0.23590513717296513,0.02518191747367382,2673.916618703892,angry
-36.820533752441406,124.62774658203125,0.2554954386645963,0.03707115724682808,2840.6665508260476,angry
-37.8585205078125,129.58395385742188,0.27104075362042684,0.03956596925854683,3132.0399372568636,angry
-37.31393814086914,129.28004455566406,0.28474564985795453,0.02951480820775032,3200.059173679732,angry
-45.36037063598633,160.79058837890625,0.2567535400390625,0.0082018431276083,3001.4422086609084,fear
-46.50007629394531,170.9825897216797,0.2100417787665563,0.005965446587651968,2304.875894478073,fear
-45.064022064208984,163.00106811523438,0.36225803642515925,0.006667394656687975,3260.8673694413196,fear
-44.73112106323242,154.41371154785156,0.2232998934659091,0.008938489481806755,2735.581061464314,fear
-37.75221633911133,117.94304656982422,0.23085391595496896,0.03096473217010498,2916.1960819630917,fear
-35.98942565917969,112.4852523803711,0.2593410326086957,0.04101332277059555,3349.9727835718136,fear
-38.39394760131836,115.5468978881836,0.2507627399918301,0.036473412066698074,3580.7758707127136,fear
-37.04121398925781,119.03544616699219,0.2848134830298013,0.040225837379693985,3376.8074347977367,fear
-46.74275588989258,177.12100219726562,0.22416303201687116,0.00432198541238904,2670.196416248221,disgust
-45.82352066040039,171.6793670654297,0.2138095642468944,0.005084160715341568,2547.218388068362,disgust
-48.712501525878906,175.50625610351562,0.235263671875,0.005050202831625938,2874.5794181834876,disgust
-43.92039108276367,165.4902801513672,0.2823977780032468,0.007047094404697418,2970.7969883541077,disgust
-45.37696838378906,166.74905395507812,0.31472645635190216,0.004737273324280977,3094.398281156058,disgust
-43.03369140625,160.99806213378906,0.21008100665983606,0.005936529953032732,2589.7197690643848,disgust
-43.7471923828125,163.20689392089844,0.2915939245810056,0.008566309697926044,3007.945164132721,disgust
-43.42747116088867,154.53277587890625,0.31429218313547486,0.010152787901461124,3278.472538942665,disgust
-48.36918640136719,171.2926025390625,0.23574410232843138,0.005939276423305273,2558.3021337684722,surprise
-46.30244827270508,158.93759155273438,0.3300388003355705,0.009042829275131226,3383.2328630579964,surprise
-47.150840759277344,166.31927490234375,0.27770268522350994,0.009759322740137577,3486.5228795966286,surprise
-44.967750549316406,152.24766540527344,0.23272664114932887,0.014907905831933022,2749.7024106472345,surprise
-45.656288146972656,157.4677276611328,0.23228464562908496,0.008837711066007614,2405.571735711384,surprise
-44.45421600341797,153.56369018554688,0.23903760723039216,0.01226857677102089,2917.0767226543826,surprise
-43.00840377807617,148.7310791015625,0.3451355773133117,0.017343025654554367,3246.483920274991,surprise
-45.464820861816406,153.0461883544922,0.2430055296266234,0.01378909032791853,2911.623123831362,surprise
-38.6939582824707,183.37576293945312,0.15338796592620482,0.003917557653039694,2235.4835206502,neutral
-39.69154739379883,184.12188720703125,0.18073520281456953,0.003851513145491481,2352.6063674645666,neutral
-39.420982360839844,182.14883422851562,0.17037781974337748,0.004732876550406218,2363.3242515657953,neutral
-38.74666976928711,178.3387451171875,0.17006184895833334,0.004564574919641018,2239.6699782501773,neutral
-40.74000930786133,182.74530029296875,0.1930780473923841,0.0035831008572131395,2352.397757645671,calm
-39.28271484375,184.15370178222656,0.14597375408496732,0.0043685175478458405,2352.4343133307675,calm
-38.392250061035156,182.90586853027344,0.14941102969720496,0.004553965758532286,2260.8649710532195,calm
-38.98621368408203,179.90953063964844,0.191672857553681,0.0050019798800349236,2512.918617393024,calm
-37.870723724365234,181.03973388671875,0.14312780688622753,0.0038210267666727304,2368.775533307683,calm
-39.784175872802734,191.6803741455078,0.15933618790064102,0.0027910221833735704,2218.0022166877156,calm
-38.30485534667969,180.9615020751953,0.18036697571536145,0.004318531136959791,2564.7086934015474,calm
-39.552032470703125,194.54153442382812,0.1556500204248366,0.0032033505849540234,2225.9515895379905,calm
-39.19337463378906,173.67092895507812,0.176513671875,0.005594742484390736,2319.9049270346095,happy
-38.15515899658203,164.39894104003906,0.15840737336601307,0.007451009936630726,2580.736840425538,happy
-38.872379302978516,166.83413696289062,0.204208984375,0.009355477057397366,2960.6694022884235,happy
-37.35282516479492,156.88490295410156,0.15723932802287582,0.00824819877743721,2749.249461032267,happy
-35.98339080810547,144.6265869140625,0.14878323951863354,0.018664104864001274,2298.5542794977196,happy
-31.256336212158203,121.27437591552734,0.12051167461158192,0.028700580820441246,2561.1493703614146,happy
-36.16667556762695,139.94073486328125,0.15775123738354038,0.018048254773020744,2454.470121651169,happy
-37.201908111572266,142.64430236816406,0.17444145388719512,0.017941847443580627,2818.3786189526913,happy
-38.78493881225586,173.67445373535156,0.18241143376572327,0.0053080543875694275,2415.6944153660384,sad
-37.35958480834961,170.0935821533203,0.12091266556291391,0.006285906303673983,2143.395608979288,sad
-39.45528030395508,180.4293670654297,0.166307325487013,0.004351769108325243,2388.019108720102,sad
-38.14553451538086,169.12734985351562,0.1565223106971154,0.006228807847946882,2356.7530661278824,sad
-35.54232406616211,155.9748077392578,0.09493845813679246,0.011323179118335247,1983.9351178130266,sad
-37.55449676513672,159.8303985595703,0.127423095703125,0.00891872588545084,2292.013462593808,sad
-36.48552703857422,152.49008178710938,0.13576409755608973,0.009870151989161968,2257.819005328281,sad
-37.99272918701172,154.7529296875,0.17211596996753248,0.00886839721351862,2719.2641728931935,sad
-39.83500671386719,181.48577880859375,0.20491536458333334,0.0026597571559250355,2758.4425905194166,angry
-36.424312591552734,169.75184631347656,0.1695404052734375,0.004523965064436197,2439.044339395737,angry
-37.03936767578125,165.17855834960938,0.1790771484375,0.008493206463754177,2629.197167761315,angry
-38.96773147583008,176.7904815673828,0.20332286560457516,0.00482623465359211,3021.3265513098218,angry
-31.313980102539062,132.5742950439453,0.1627981425910596,0.024979569017887115,2669.6448314289164,angry
-28.43988800048828,118.745361328125,0.19402659161490685,0.045510854572057724,2989.9389271358577,angry
-32.967342376708984,141.00404357910156,0.18054276970541402,0.03007192723453045,2529.3122670140274,angry
-32.16108322143555,132.05943298339844,0.18580887957317074,0.0307383444160223,3106.99695766667,angry
-35.967647552490234,159.61569213867188,0.09083333333333334,0.009728659875690937,2070.5262997521763,fear
-34.089656829833984,153.65187072753906,0.09427385140728477,0.013118663802742958,2082.9227552154193,fear
-33.28870391845703,147.84388732910156,0.06598179636437909,0.014562079682946205,1790.6781481567614,fear
-30.34822654724121,128.20281982421875,0.10693670382165606,0.034996598958969116,2043.572959108659,fear
-28.035717010498047,117.42721557617188,0.1085693359375,0.04539680853486061,2120.738361523637,fear
-31.440690994262695,130.52587890625,0.11997161296583851,0.032255616039037704,2084.956486051028,fear
-32.640663146972656,135.26885986328125,0.11096882370283019,0.032608579844236374,2072.0603323585497,fear
-30.786575317382812,126.77342224121094,0.1378394437123494,0.032434072345495224,2382.561550235051,fear
-38.974666595458984,171.01681518554688,0.1879382765436747,0.004995428025722504,2466.9915686526456,disgust
-38.12533950805664,174.84158325195312,0.168328857421875,0.006286884192377329,2282.895187676192,disgust
-38.10834503173828,165.9515380859375,0.1916408786525974,0.006234865169972181,2639.2066713208833,disgust
-37.61623001098633,173.5670928955078,0.1713058774834437,0.0042932783253490925,2499.406397591157,disgust
-37.04359436035156,155.06845092773438,0.1728515625,0.009551554918289185,2618.3504605049957,disgust
-37.3212890625,155.52279663085938,0.16904839409722222,0.008249743841588497,2527.127697835312,disgust
-36.75199508666992,150.81280517578125,0.17405329096502592,0.00772355729714036,2885.93388097632,disgust
-37.1594352722168,153.67208862304688,0.14454351837311558,0.008425523526966572,2622.854887990082,disgust
-39.64094161987305,160.6329345703125,0.17390452274659865,0.008579790592193604,2662.9762650942635,surprise
-36.411495208740234,160.26290893554688,0.1364077428343949,0.008922935463488102,2316.616419347208,surprise
-38.592960357666016,157.4205322265625,0.1946870986729452,0.00655699847266078,2713.734557333362,surprise
-37.29985809326172,162.5288848876953,0.13297635276845637,0.007632457185536623,2419.336161515902,surprise
-33.753326416015625,147.7679443359375,0.10302415236928104,0.013169877231121063,2352.975376128647,surprise
-32.06894302368164,140.06861877441406,0.13445545892295596,0.013704890385270119,2426.6492955550366,surprise
-31.5111141204834,131.3625946044922,0.1294764576342282,0.018992608413100243,2251.183922416297,surprise
-32.83332061767578,137.90859985351562,0.17185585171568626,0.018532712012529373,2594.738764543181,surprise
-55.568748474121094,208.74050903320312,0.2618815104166667,0.001781058730557561,3412.351813837758,neutral
-54.91923522949219,206.57479858398438,0.24135135825163398,0.0020600887946784496,3379.5826614394273,neutral
-56.405548095703125,210.9900360107422,0.254267578125,0.0018398193642497063,3606.4783216062297,neutral
-56.328407287597656,212.0392303466797,0.32822591145833335,0.0019411740358918905,3409.9191442188476,neutral
-51.80632781982422,191.3749542236328,0.28524088541666665,0.002642911160364747,3519.242604295048,calm
-51.81722640991211,194.5257110595703,0.29929315476190477,0.0024016317911446095,3294.153566797076,calm
-51.08311080932617,192.02487182617188,0.2576756568471338,0.0032763415947556496,3302.149973910592,calm
-50.41946029663086,189.2283477783203,0.2750866618377483,0.003285265527665615,3469.1818031278026,calm
-53.832191467285156,196.64834594726562,0.3014948918269231,0.002346248598769307,3471.7877165809496,calm
-52.21543884277344,196.55870056152344,0.2652838291266026,0.0021284117829054594,3463.805562941687,calm
-52.25780487060547,194.6021270751953,0.24494190705128205,0.0026273115072399378,3515.2412142193075,calm
-52.9259147644043,194.76528930664062,0.2689521985176282,0.0029225789476186037,3637.892056417577,calm
-49.84002685546875,177.29916381835938,0.3131510416666667,0.005764442961663008,3433.1329010458517,happy
-50.51323318481445,176.169189453125,0.3362585616438356,0.004883141722530127,3435.856196981977,happy
-51.9203987121582,186.8331298828125,0.2786971738674497,0.003828088752925396,3252.6308030809587,happy
-51.54888916015625,180.9759063720703,0.2688715852649007,0.0044605666771531105,3534.9443641355647,happy
-37.498779296875,115.98655700683594,0.34296815088190186,0.03518189862370491,3268.5375669735336,happy
-37.45622253417969,121.65103912353516,0.28976045496323527,0.02633696235716343,3373.073371949178,happy
-42.413509368896484,132.14883422851562,0.2983308569785276,0.025532834231853485,3567.786816189634,happy
-38.03371047973633,114.55865478515625,0.3372699783509036,0.036955825984478,3543.4417064353315,happy
-50.166847229003906,180.5098419189453,0.2611099837662338,0.0049149999395012856,3278.4934426103814,sad
-51.80799102783203,185.7014923095703,0.3235096536624204,0.0043231588788330555,3508.752438061998,sad
-53.00920486450195,192.33384704589844,0.32290709252450983,0.002987813437357545,3488.0817493115433,sad
-52.1242561340332,188.99029541015625,0.26115893710191085,0.0038737780414521694,3355.623150946489,sad
-46.203330993652344,141.79034423828125,0.3056819264481707,0.016776254400610924,3355.0192989102784,sad
-44.2525749206543,133.76385498046875,0.30638177710843373,0.01670757308602333,3240.4464575805637,sad
-45.210105895996094,138.7364044189453,0.3069188634776536,0.015159977599978447,3250.8453493793536,sad
-45.76560974121094,140.49923706054688,0.3313488328313253,0.014179068617522717,3343.902861327519,sad
-45.23588180541992,152.9582061767578,0.3023616632766272,0.008795474655926228,3427.776535817928,angry
-44.69578170776367,158.5300750732422,0.32049696180555554,0.006936530116945505,3069.568057433207,angry
-45.162841796875,154.41188049316406,0.365132913961039,0.011847681365907192,3493.9253560025836,angry
-47.45975875854492,162.69378662109375,0.2957211634156051,0.009199809283018112,3581.0780317299022,angry
-37.81754684448242,113.95398712158203,0.448468017578125,0.05379267409443855,3775.4266541492093,angry
-35.8900146484375,109.2813720703125,0.3541536857745399,0.06791167706251144,3903.8160498453876,angry
-38.20598220825195,112.2979736328125,0.4002582596009036,0.0594823956489563,3885.232018407383,angry
-36.26547622680664,106.2418212890625,0.3912627006489071,0.0642097219824791,3877.6981561798957,angry
-46.5213508605957,161.05650329589844,0.30602781564597314,0.00843515433371067,3289.348507150657,fear
-48.13079071044922,169.02110290527344,0.33349941539115646,0.007212359923869371,3553.666170026404,fear
-46.4775276184082,168.17257690429688,0.263759765625,0.005957263987511396,3513.080863335709,fear
-44.86004638671875,161.67811584472656,0.2554654947916667,0.007294135168194771,2997.7341799986702,fear
-42.6273193359375,137.72462463378906,0.37804190120341613,0.017493074759840965,3633.9035161420325,fear
-40.43138122558594,133.4254913330078,0.296337890625,0.023471297696232796,3344.090757044852,fear
-44.00340270996094,147.77810668945312,0.3234327362804878,0.012347372248768806,3878.8327441605775,fear
-42.829288482666016,134.0888671875,0.3658328172637195,0.019030693918466568,3497.970099592695,fear
-47.390464782714844,175.66830444335938,0.31682102654569894,0.004779721610248089,3208.6135502272314,disgust
-43.82194519042969,153.6368408203125,0.27363447709517047,0.00767405005171895,3312.336586617392,disgust
-46.882450103759766,166.49757385253906,0.3498826896619497,0.007310356013476849,3516.2530806494083,disgust
-45.419490814208984,160.13153076171875,0.2501808449074074,0.008191447705030441,3203.912412550774,disgust
-44.6247444152832,141.50978088378906,0.3301113091626214,0.01592652127146721,3476.159333160726,disgust
-43.28826904296875,138.39251708984375,0.3096234415479275,0.015985021367669106,3371.1286648237615,disgust
-41.25878143310547,136.22708129882812,0.34323974609375,0.014981788583099842,3571.2049061485686,disgust
-41.05522918701172,129.57168579101562,0.37050384676395937,0.018943842500448227,3764.9019186504665,disgust
-52.69070053100586,185.05618286132812,0.3017544681078767,0.0037012635730206966,3407.557490515032,surprise
-51.64190673828125,188.1775360107422,0.34908875724337746,0.003508012741804123,3344.0447081154575,surprise
-49.760887145996094,175.0924835205078,0.30729382243377484,0.005264492239803076,3702.855805330068,surprise
-51.3852653503418,186.77658081054688,0.3437273644453642,0.00340746296569705,3683.3741181126575,surprise
-46.36591720581055,169.274658203125,0.3002089968152866,0.00522974319756031,3625.742491386343,surprise
-47.47541427612305,168.6375274658203,0.31603604983660133,0.0061594294384121895,3627.8228530635497,surprise
-46.928443908691406,163.01707458496094,0.32930623128742514,0.007895464077591896,3762.3726650328294,surprise
-46.118595123291016,167.07672119140625,0.3230462529856688,0.00604380713775754,3731.5081212176024,surprise
-45.722694396972656,203.18655395507812,0.2207064693921233,0.002225274220108986,2488.629720566669,neutral
-45.57829666137695,201.9089813232422,0.22315499441964284,0.0021854471415281296,2517.8517248523203,neutral
-45.4506721496582,203.29400634765625,0.2332797580295139,0.002128297695890069,2730.538585182627,neutral
-46.35831069946289,198.18576049804688,0.24102996612762237,0.0024813716299831867,2659.332498039085,neutral
-46.345550537109375,212.3525390625,0.23517651827830188,0.0011737811146304011,2751.1304906526675,calm
-45.053524017333984,208.92491149902344,0.1952879323899371,0.0013256624806672335,2468.9197332873896,calm
-45.66316604614258,207.83013916015625,0.22654554578993055,0.0015155132859945297,2881.39201342458,calm
-44.953826904296875,211.57415771484375,0.205224609375,0.001301938551478088,2719.7487453041817,calm
-44.3845100402832,188.9483184814453,0.20057986560880828,0.0026865829713642597,2512.2018270650265,calm
-41.610103607177734,191.9852752685547,0.16198590158045978,0.002178987953811884,2498.7733263260257,calm
-43.87031936645508,196.98519897460938,0.24844437028894473,0.0019094928866252303,2774.034883388827,calm
-44.13051223754883,197.64793395996094,0.2068422379032258,0.002372478134930134,2572.577485447339,calm
-43.81446838378906,184.6259307861328,0.21383297671178345,0.003079076763242483,2414.188050613845,happy
-40.94935607910156,177.00363159179688,0.125518798828125,0.004215049557387829,2439.7196874791293,happy
-43.03300857543945,194.92489624023438,0.17259876440602837,0.0023302400950342417,2330.5474582577276,happy
-42.40702438354492,186.29812622070312,0.13493976726398602,0.003680259920656681,2191.396430993402,happy
-40.25273513793945,168.58633422851562,0.1753019555214724,0.0058806659653782845,2452.0058086482804,happy
-40.52653503417969,145.43923950195312,0.15531809737042682,0.009425949305295944,2542.3918476303315,happy
-37.163516998291016,143.8927459716797,0.12875719572368421,0.01345789059996605,2483.8864377470486,happy
-40.37916564941406,170.7173309326172,0.22430737445809248,0.006555548403412104,2614.8878513145046,happy
-44.88373565673828,203.89317321777344,0.21012479026845637,0.001614722074009478,2686.8134912741607,sad
-46.874263763427734,210.05648803710938,0.23695152810534592,0.00114305573515594,2817.3068106793608,sad
-45.06680679321289,199.8829345703125,0.23505574247262773,0.0017635050462558866,2579.107234096268,sad
-44.7443733215332,207.04847717285156,0.20139912539308177,0.001773858442902565,2479.149123328767,sad
-37.24509811401367,151.20245361328125,0.16116385928468208,0.010439424775540829,2372.3227906781676,sad
-43.8636474609375,185.0031280517578,0.2133453369140625,0.0034073744900524616,2433.961251461862,sad
-44.155513763427734,175.8901824951172,0.15603077168367346,0.0037940521724522114,2370.5764785314054,sad
-41.17103576660156,171.0219268798828,0.08587077833850931,0.0059728980995714664,1761.8840105451177,sad
-38.02212905883789,153.08856201171875,0.20525786042944785,0.009856825694441795,2565.914639869433,angry
-37.867130279541016,159.1345672607422,0.188140869140625,0.00777877401560545,2449.711792128687,angry
-41.322044372558594,164.8604278564453,0.27356383850524474,0.0047904918901622295,2837.999600609315,angry
-36.86708068847656,154.8472442626953,0.17283253855519481,0.009589387103915215,2321.8463736333765,angry
-33.607421875,123.6734848022461,0.27866949037063954,0.03782492130994797,3114.8839488010008,angry
-31.78076171875,110.56957244873047,0.18905212107487923,0.06790923327207565,2772.493444134232,angry
-29.243059158325195,97.82892608642578,0.22294086313502673,0.08331039547920227,3156.7232355476217,angry
-34.40410232543945,121.41263580322266,0.28369140625,0.038145605474710464,3095.4662429025743,angry
-43.88546371459961,174.19189453125,0.228466796875,0.004644907079637051,2822.1259776143715,fear
-44.37630844116211,180.88412475585938,0.2072576055463576,0.003646494122222066,2583.9669970684336,fear
-46.0448112487793,174.74266052246094,0.2619643884202454,0.004086881875991821,3121.5500297936755,fear
-42.874534606933594,185.01947021484375,0.2144544015522876,0.0038092872127890587,2613.6638271641577,fear
-42.10862350463867,139.0968780517578,0.2023484563253012,0.01403079554438591,2823.000391603124,fear
-39.33720779418945,124.35204315185547,0.2532267898478836,0.033012181520462036,3022.3958981811957,fear
-39.31697463989258,133.07464599609375,0.17535638189935066,0.021435275673866272,3069.8119458021233,fear
-36.0916862487793,123.8030014038086,0.12260910560344827,0.027736937627196312,2519.306508942752,fear
-40.93362045288086,174.2296142578125,0.19921612483198925,0.0033085993491113186,2403.1721157232237,disgust
-42.156837463378906,174.55101013183594,0.21692303379186603,0.00308990478515625,2829.6519260877044,disgust
-40.49474334716797,170.2277069091797,0.22138943142361112,0.003400441026315093,2889.462112030521,disgust
-45.310367584228516,173.87811279296875,0.3214211856617647,0.004613612778484821,3172.9130658165955,disgust
-41.05774688720703,150.44264221191406,0.20150211352657005,0.006894991733133793,2853.6791883866376,disgust
-38.84108352661133,132.14894104003906,0.21666837993421054,0.010938038118183613,3262.2727039999304,disgust
-38.1866569519043,127.48223114013672,0.2506748415389151,0.022841867059469223,3599.843502351688,disgust
-33.15055465698242,138.2935333251953,0.16272603066314553,0.01891818828880787,2724.138241800809,disgust
-43.94435501098633,187.23907470703125,0.20011645962732919,0.0031899199821054935,2497.163196897337,surprise
-44.69416046142578,183.11244201660156,0.24186836192810457,0.0030653916765004396,2471.5056080677837,surprise
-42.41516876220703,189.0372314453125,0.22652112023305085,0.0027824672870337963,2618.0339619868337,surprise
-47.38233184814453,209.76455688476562,0.25467722039473684,0.0017656718846410513,2785.216468871391,surprise
-41.254493713378906,163.2740936279297,0.2067829713983051,0.006508457940071821,2620.2501398755085,surprise
-41.497684478759766,162.8003692626953,0.219619140625,0.006669687107205391,2846.4227273730967,surprise
-40.17239761352539,173.49615478515625,0.16441476004464287,0.0054022883996367455,2258.8616880606346,surprise
-43.74891662597656,189.0549774169922,0.24450077570921985,0.0033078384585678577,2792.487969157982,surprise
-56.40669631958008,198.1460723876953,0.277763671875,0.0015396196395158768,2598.3475551518154,neutral
-56.111717224121094,197.02847290039062,0.303371677150974,0.002145695500075817,2848.5844857671227,neutral
-56.36296463012695,202.84947204589844,0.2726116820469799,0.0018889823695644736,2446.06265970238,neutral
-56.33292770385742,197.2196044921875,0.3059002246732026,0.0020933335181325674,3134.8399878843866,neutral
-61.99325942993164,218.76889038085938,0.2847799313296178,0.0008075318182818592,2695.5415047310494,calm
-63.50977325439453,219.3556365966797,0.2933333756087662,0.0007389240781776607,2570.0483090242546,calm
-62.56024169921875,224.80662536621094,0.3062065972222222,0.0005919567192904651,2763.3321576472954,calm
-60.549922943115234,218.12225341796875,0.3028701883278146,0.0008165367762558162,2732.940945942209,calm
-63.0711784362793,227.15708923339844,0.26695534711826346,0.0005570400971919298,2434.644864782563,calm
-62.371707916259766,224.9630889892578,0.25303233753551135,0.0004930463037453592,2441.7410199907445,calm
-61.100528717041016,223.75904846191406,0.30769182921974525,0.0005804137326776981,2881.7266371924775,calm
-66.0148696899414,233.7023468017578,0.3008745521496815,0.00044915397302247584,2824.664543617485,calm
-48.31264877319336,161.32920837402344,0.2358685661764706,0.00821923092007637,2301.1010879411187,happy
-52.40516662597656,176.49266052246094,0.2295745849609375,0.00480191595852375,2377.086594607003,happy
-49.90629577636719,176.0593719482422,0.35469401041666665,0.004580008331686258,3235.4595701646977,happy
-56.37975311279297,187.390380859375,0.26797672193877553,0.0034867015201598406,3013.096841572476,happy
-49.903804779052734,153.3456573486328,0.27864276238207547,0.013482422567903996,2585.0018359829046,happy
-45.71629333496094,137.14451599121094,0.233143796202957,0.013265193440020084,2798.660033107095,happy
-43.287567138671875,135.565673828125,0.2367307984983766,0.02121490240097046,2626.5839979201132,happy
-38.459877014160156,118.89141845703125,0.422454833984375,0.03267531469464302,3606.823146684549,happy
-58.840553283691406,207.06997680664062,0.3346135066105769,0.00080495624570176,3271.967845034031,sad
-63.20950698852539,230.94219970703125,0.286184550910596,0.0003976671432610601,2293.781961731912,sad
-60.48740005493164,222.06781005859375,0.28833984375,0.0005891105392947793,2526.57706501849,sad
-59.59141540527344,219.86488342285156,0.3260213773544521,0.0005805976106785238,2886.036137754036,sad
-54.22821807861328,182.28237915039062,0.33909485237730064,0.00255676731467247,2816.1321304598164,sad
-46.1060791015625,134.77374267578125,0.3156351391734973,0.014326189644634724,3269.842467210165,sad
-57.28557586669922,193.38287353515625,0.3399092511432927,0.002001160988584161,2945.3623433088414,sad
-49.06243896484375,146.44686889648438,0.2836601789607558,0.013046074658632278,2947.881244917668,sad
-56.36465835571289,198.26063537597656,0.2745396205357143,0.001777300494723022,2366.3362069985096,angry
-48.702938079833984,162.19949340820312,0.2448927600931677,0.00696243392303586,2616.176666801939,angry
-52.895957946777344,178.40875244140625,0.3539455581761006,0.004010726232081652,3263.416986482343,angry
-47.25598907470703,147.845703125,0.32018149771341464,0.009004632011055946,3395.1739129270745,angry
-36.06595993041992,125.04173278808594,0.29053279940642457,0.01957608386874199,3384.3431704919967,angry
-35.22892761230469,107.83735656738281,0.3247625177556818,0.057079996913671494,3545.146950862979,angry
-32.59538269042969,99.48998260498047,0.2924085115131579,0.06206684932112694,3110.025193954196,angry
-40.81959915161133,135.8849639892578,0.38952716503267976,0.016007522121071815,3591.4049082450674,angry
-57.35823059082031,193.63229370117188,0.31467642435213417,0.00145436218008399,2658.909033066322,fear
-58.4526481628418,195.9827117919922,0.3491908482142857,0.0018084606854245067,2803.890760286732,fear
-59.25883865356445,205.93438720703125,0.32155618106617645,0.0012753030750900507,2845.6477208765205,fear
-60.18568420410156,209.97152709960938,0.280935861013986,0.0010447287932038307,2635.836318540486,fear
-33.37450408935547,104.84162139892578,0.22343803364071038,0.04780655354261398,3296.4100622391197,fear
-32.127830505371094,92.71852111816406,0.23521864149305555,0.050028979778289795,3394.0897569875956,fear
-36.44913101196289,113.1301498413086,0.38090030875748504,0.06757649034261703,3329.6041881226274,fear
-30.44720458984375,97.54425811767578,0.24780128975591717,0.058364734053611755,3446.7198937187377,fear
-51.85203170776367,181.73849487304688,0.2450937967814371,0.0035046495031565428,2420.6173187430454,disgust
-51.33010482788086,190.4548797607422,0.2601234957298137,0.0016009926330298185,2552.276461363441,disgust
-55.17842102050781,199.13583374023438,0.2855481190286624,0.0020775727462023497,2800.177483835119,disgust
-54.55497741699219,189.8998260498047,0.29384824454066266,0.0020887916907668114,2928.536463601732,disgust
-51.18773651123047,181.3319091796875,0.2887369791666667,0.003467645263299346,2714.106306995917,disgust
-49.33271026611328,166.8740997314453,0.3531321724929379,0.0054962532594799995,3209.7046060087105,disgust
-49.803348541259766,155.95361328125,0.35181497713414633,0.008200576528906822,3531.622444326861,disgust
-46.98790740966797,153.10720825195312,0.28744269273952094,0.008122417144477367,3285.7613505395143,disgust
-53.35968780517578,180.64874267578125,0.24254673549107142,0.0036953024100512266,2310.0251200639677,surprise
-48.190345764160156,165.65774536132812,0.2308111810064935,0.0065319715067744255,2422.1805476203185,surprise
-55.921485900878906,194.74913024902344,0.2628137925091912,0.0024943826720118523,2527.899085500502,surprise
-54.994441986083984,190.11404418945312,0.25036444180253625,0.0032769208773970604,2346.9390943985027,surprise
-43.51129913330078,141.2600860595703,0.23184260966614906,0.012851717881858349,2678.6895240736376,surprise
-55.27692794799805,184.96380615234375,0.2839878627232143,0.003579422365874052,2529.6830086519008,surprise
-44.64291000366211,142.82199096679688,0.2781415951797386,0.010823738761246204,3276.247824489953,surprise
-49.849365234375,168.94203186035156,0.24182374685402686,0.005727971903979778,2727.12447725052,surprise
-40.26435852050781,168.9140167236328,0.33378729762801207,0.005614846479147673,2665.4513046329535,neutral
-38.90115737915039,169.83474731445312,0.2756035383357558,0.005404126364737749,2514.351704119879,neutral
-41.31084060668945,174.75621032714844,0.3557285406650641,0.006430846638977528,2764.4552818319294,neutral
-41.27822494506836,174.10049438476562,0.34749041863207547,0.005138598848134279,2717.567797132752,neutral
-40.35858917236328,180.16192626953125,0.29020743534482757,0.0036106514744460583,2529.9935097224884,calm
-40.02568435668945,173.4579620361328,0.29946035043352603,0.00441937567666173,2667.484557049444,calm
-38.502105712890625,184.0919189453125,0.24073158822408536,0.004307630471885204,2548.8256434892933,calm
-38.536399841308594,179.2342529296875,0.24070878462357956,0.004172996152192354,2421.747519007548,calm
-39.208351135253906,174.19451904296875,0.25477273753612717,0.003678835928440094,2690.9873882690463,calm
-39.41758346557617,167.61111450195312,0.27980143229166665,0.0037807784974575043,2685.7720947565826,calm
-38.883182525634766,167.83920288085938,0.24736764577513967,0.004808086436241865,2815.5623461136565,calm
-40.2906608581543,173.2215576171875,0.273204714752907,0.004196329973638058,2725.9127894232215,calm
-40.51328659057617,164.85801696777344,0.3620399567018072,0.007219926454126835,2769.3078644550533,happy
-39.304283142089844,164.50962829589844,0.31659084413109756,0.008034192025661469,2682.913469219741,happy
-39.21318435668945,159.24485778808594,0.314971923828125,0.010121296159923077,2716.935415117253,happy
-41.349857330322266,166.72964477539062,0.34806805346385544,0.008599941618740559,2762.1329481832718,happy
-36.675689697265625,140.79852294921875,0.3096923828125,0.018912166357040405,2786.17803521235,happy
-37.45692825317383,142.90858459472656,0.3346047794117647,0.01733699068427086,2796.4016742261683,happy
-37.4039192199707,146.44302368164062,0.31099216293238996,0.017109351232647896,2690.5961816326785,happy
-35.63880920410156,133.105712890625,0.3070872237042683,0.02204962819814682,2703.369862791806,happy
-44.13945007324219,184.4452667236328,0.36643670194892475,0.0029831253923475742,3059.9682359242706,sad
-43.47007751464844,185.44529724121094,0.3548847754396985,0.00267804809845984,2907.1251895186615,sad
-41.49156951904297,175.31594848632812,0.33903364701704547,0.003583664307370782,3035.509753311971,sad
-43.03218460083008,181.61627197265625,0.3568879850618132,0.003599850693717599,3049.938443515036,sad
-40.05121612548828,149.69578552246094,0.3288981119791667,0.013609223999083042,2672.441812705276,sad
-40.40764617919922,150.79708862304688,0.30880073879076086,0.012681994587182999,2666.943239172648,sad
-39.98779296875,153.67111206054688,0.3181656547214674,0.009528806433081627,2769.4289751066185,sad
-40.43865966796875,160.93299865722656,0.3053176283170391,0.009493192657828331,2739.089707221335,sad
-34.18838119506836,131.60414123535156,0.2899763224511173,0.027826156467199326,2903.7487505811864,angry
-34.17472839355469,133.6460418701172,0.31437974169075145,0.026173919439315796,2844.515059805442,angry
-32.57936477661133,122.83588409423828,0.2691705877130682,0.03466862440109253,2859.56849470202,angry
-34.60311508178711,135.18577575683594,0.3047305836397059,0.03230833634734154,2921.2542166926414,angry
-28.287023544311523,108.19914245605469,0.24421296296296297,0.061257630586624146,2838.596296134243,angry
-30.779783248901367,116.81671142578125,0.2634492389896373,0.056702420115470886,2954.5633417965223,angry
-31.57254409790039,115.02600860595703,0.2954129149011299,0.04600485414266586,2950.546743972271,angry
-31.59071922302246,115.39714813232422,0.30596823770491804,0.05388690158724785,3219.5500435725744,angry
-39.30978775024414,160.00021362304688,0.28830397503930816,0.007253264542669058,2695.8191906977927,fear
-41.031314849853516,164.51473999023438,0.33845978719325154,0.007258195895701647,2861.2545420326537,fear
-40.92014694213867,164.94805908203125,0.3570045648619186,0.006822874303907156,3002.1300257538965,fear
-41.987060546875,170.2849578857422,0.3749417391690341,0.007567592430859804,2850.7951390412854,fear
-37.523921966552734,144.62496948242188,0.29845907521802323,0.015811683610081673,2915.9657831386066,fear
-37.84938049316406,144.5254364013672,0.2850444747740964,0.01603529043495655,2842.8002429588737,fear
-36.4846305847168,141.10745239257812,0.3271514330904908,0.01759890280663967,2918.487001693014,fear
-37.89764404296875,148.02737426757812,0.35367112858280253,0.016019953414797783,2932.915065954322,fear
-39.11223602294922,160.36444091796875,0.36139064881859756,0.008498813025653362,2971.4655707025886,disgust
-38.74932861328125,162.0036163330078,0.3332575017755682,0.008749708533287048,2879.3312424737783,disgust
-39.83422088623047,162.0849151611328,0.35401323646496813,0.009011824615299702,2933.431632470499,disgust
-40.202674865722656,160.04278564453125,0.39171424278846156,0.008533230051398277,2981.2744673332313,disgust
-39.1220588684082,171.73638916015625,0.3070123845880682,0.005914780311286449,2769.9410204387564,disgust
-39.33511734008789,168.7093048095703,0.3412749191810345,0.006341384723782539,2909.2621592421924,disgust
-39.456634521484375,168.90077209472656,0.32521158854166665,0.007546907756477594,3015.3919450179387,disgust
-36.74440383911133,172.6282958984375,0.25329873728197677,0.006828140467405319,2672.144214304939,disgust
-40.48818588256836,158.06411743164062,0.3199050600165563,0.011015433818101883,2897.840082229388,surprise
-41.515296936035156,163.68870544433594,0.3626985677083333,0.009968316182494164,2837.1956934626905,surprise
-42.08946228027344,159.6025390625,0.36759114583333335,0.010509436018764973,2973.96300028897,surprise
-38.791194915771484,149.67449951171875,0.35586508218344154,0.012621285393834114,2773.2365098136293,surprise
-38.829917907714844,146.90846252441406,0.2900328423566879,0.014801003970205784,2787.5013378023386,surprise
-39.542503356933594,149.4180908203125,0.32658862460191085,0.014583532698452473,2955.766849580282,surprise
-40.679229736328125,155.436767578125,0.3281705729166667,0.013318012468516827,2947.482714924415,surprise
-39.57932662963867,150.34661865234375,0.3338375714869281,0.013166353106498718,2991.8799324979914,surprise
-51.39335632324219,195.77235412597656,0.33965092555732485,0.002235526219010353,3120.808190425645,neutral
-51.10248565673828,185.4694366455078,0.3351542837667785,0.0024994739796966314,3270.6686727487486,neutral
-51.646480560302734,192.3187255859375,0.359706780849359,0.002710637403652072,3147.9065617955007,neutral
-50.7864875793457,190.0313262939453,0.32611123876633985,0.0025185844860970974,3253.366126779299,neutral
-52.13215255737305,194.97235107421875,0.3543868719362745,0.0015883545856922865,3474.5561866427224,calm
-50.24323654174805,187.5832061767578,0.31231927252435066,0.0016755883116275072,3154.4240169558207,calm
-51.89707946777344,192.5772247314453,0.3815727729301948,0.0022666645236313343,3367.4675754362665,calm
-50.54465103149414,188.30813598632812,0.3332599315767974,0.001969309523701668,3272.423818066463,calm
-50.483375549316406,190.36123657226562,0.327447509765625,0.001573575078509748,3345.134668692811,calm
-50.688594818115234,191.76185607910156,0.3556275884789157,0.0019327603513374925,3355.9974735010805,calm
-51.26787185668945,191.23170471191406,0.315491888933121,0.0017129987245425582,3046.5931674132394,calm
-50.81425476074219,188.4402313232422,0.3198481834739264,0.0017327724490314722,3264.927938713084,calm
-48.585880279541016,176.99166870117188,0.2943091299019608,0.0037856397684663534,3004.0071754908045,happy
-51.79930877685547,182.26263427734375,0.3426816799496644,0.0037283464334905148,3302.8869448899736,happy
-50.28595733642578,178.81591796875,0.3510386485927152,0.0040785507299005985,3344.2868272295386,happy
-49.732906341552734,180.12025451660156,0.36392151283112584,0.004137732554227114,3222.5083467232917,happy
-44.368125915527344,140.7814178466797,0.3438076232531056,0.014777678065001965,3145.4873553435905,happy
-43.15529251098633,141.88673400878906,0.30025178840361444,0.01372385025024414,3016.101328225909,happy
-43.48031234741211,142.3665008544922,0.34077731918238996,0.014525064267218113,3569.438135088474,happy
-45.507911682128906,148.99977111816406,0.302099609375,0.01242311391979456,3214.8078832555493,happy
-49.63762664794922,182.1949920654297,0.32197766426282054,0.0028866571374237537,3065.860610050336,sad
-49.89838409423828,176.67955017089844,0.324615478515625,0.0034389100037515163,3075.0818433990025,sad
-49.82437515258789,173.81878662109375,0.3211539406446541,0.0034966547973454,3195.576532082277,sad
-49.13998031616211,172.81040954589844,0.29830322265625,0.004139195196330547,3098.8807462957966,sad
-49.257659912109375,174.18984985351562,0.3199000388198758,0.003675832413136959,3168.0887385496367,sad
-48.76434326171875,168.26141357421875,0.32270103503184716,0.004620710853487253,3152.7022756304427,sad
-50.55899429321289,177.3382110595703,0.35522006017080743,0.004431447014212608,3157.1731360332783,sad
-49.001461029052734,174.14784240722656,0.34768566453313254,0.0049166386015713215,3103.4880849458714,sad
-45.54738235473633,163.0048828125,0.3273834228515625,0.005127794109284878,3278.539282592488,angry
-46.87102127075195,172.69830322265625,0.33974063470496896,0.005443757399916649,3088.517586873148,angry
-46.00002670288086,162.39947509765625,0.3284290793413174,0.007044286001473665,3131.8283714624436,angry
-44.71198654174805,153.42364501953125,0.3010590651939655,0.008427717722952366,3154.4346594512776,angry
-41.07034683227539,137.47525024414062,0.3174032793787425,0.018958624452352524,3333.545700607413,angry
-41.65714645385742,140.12030029296875,0.2995533237795858,0.01818167045712471,3017.218786883536,angry
-39.07289505004883,125.85199737548828,0.3071048924180328,0.0323026105761528,3221.9079292866363,angry
-40.859336853027344,129.7330322265625,0.3103778545673077,0.031074313446879387,3253.8566342987565,angry
-48.0224723815918,164.82481384277344,0.3221292867288961,0.006466453429311514,3228.7483417864414,fear
-46.51423645019531,160.91659545898438,0.3094889322916667,0.0073982784524559975,3074.0460772550186,fear
-47.61635971069336,159.9597625732422,0.320690227004717,0.007125651463866234,3285.2534006890683,fear
-47.02255630493164,159.25509643554688,0.35111889808006536,0.006944203749299049,3317.7212276053638,fear
-45.69556427001953,142.27435302734375,0.2527648133116883,0.014794476330280304,3071.351181968726,fear
-43.57927322387695,134.94920349121094,0.34947937804383117,0.013947795145213604,3263.6891091618018,fear
-44.46049118041992,134.40931701660156,0.3381547268081761,0.016359541565179825,3400.0904695238205,fear
-44.7066764831543,135.0468292236328,0.3198398687900641,0.01867174543440342,3416.8350893614825,fear
-47.211788177490234,165.77511596679688,0.333111572265625,0.004771722946316004,3079.367471221375,disgust
-48.57399368286133,172.85629272460938,0.32132373335798814,0.004218961577862501,3020.086542889157,disgust
-48.06955337524414,172.78509521484375,0.34583114996189024,0.005094641819596291,3192.5020123506993,disgust
-46.591251373291016,167.2069549560547,0.33140177899096385,0.005572665948420763,3060.466355191056,disgust
-45.1214714050293,154.333740234375,0.29202420594262296,0.006424393970519304,3100.7521429844546,disgust
-45.98176574707031,160.92254638671875,0.35110677083333336,0.00697111152112484,3102.3110800914064,disgust
-47.02399826049805,161.84483337402344,0.34491972870879123,0.00763517152518034,3349.4926363506615,disgust
-45.065975189208984,151.83380126953125,0.3089716852048023,0.008880550973117352,3151.3349192212336,disgust
-48.045841217041016,171.9045867919922,0.34487974877450983,0.007043791003525257,3044.627207546659,surprise
-47.81939697265625,162.3665313720703,0.34979327313311687,0.008093112148344517,3077.948122595236,surprise
-48.212486267089844,167.33328247070312,0.3596404414848993,0.007858486846089363,3069.6208727279914,surprise
-46.683074951171875,159.27163696289062,0.3022773938301282,0.010253067128360271,3104.589270971696,surprise
-47.412574768066406,161.51913452148438,0.35958109273538963,0.008439162746071815,3326.991447707796,surprise
-44.20180130004883,151.13107299804688,0.32357276300465837,0.01097581721842289,3197.5905171106397,surprise
-44.34693145751953,143.20590209960938,0.3327423095703125,0.014817744493484497,3417.975233713462,surprise
-46.32070541381836,153.195556640625,0.34587106886942676,0.011483177542686462,3423.3921936850647,surprise
-46.25942611694336,183.1735076904297,0.3300215558307927,0.0047053680755198,3048.713254868564,neutral
-42.88792037963867,176.49452209472656,0.29403629658385094,0.0054480149410665035,2878.8648643445276,neutral
-46.38768768310547,179.7911376953125,0.37778228183962265,0.005910362116992474,3173.595239710122,neutral
-44.985294342041016,178.51243591308594,0.33730527579066266,0.005913061089813709,3005.359584245374,neutral
-47.214149475097656,192.80178833007812,0.36754519440406974,0.0026179642882198095,3200.8923383527176,calm
-49.32157516479492,197.17173767089844,0.33491654829545453,0.0024604357313364744,3176.1929740523005,calm
-47.506465911865234,185.76902770996094,0.33379991319444446,0.0036716354079544544,3237.6780127323705,calm
-47.269840240478516,186.1037139892578,0.3529793623554913,0.0034725917503237724,3191.435510053257,calm
-46.53282165527344,187.65809631347656,0.2874209916771357,0.00316236843355,3012.991987241383,calm
-47.33600997924805,192.081787109375,0.33429108432788945,0.0027033602818846703,2972.9040194159143,calm
-47.8213005065918,191.5044403076172,0.3590412032132768,0.0029118377715349197,3202.9064667716248,calm
-46.19602966308594,184.72369384765625,0.3699783867385787,0.0037966135423630476,3037.2828838874498,calm
-49.055606842041016,180.83485412597656,0.3089633517795139,0.005623526871204376,3404.758029650369,happy
-44.872013092041016,166.1319122314453,0.39428884086879434,0.008737517520785332,3412.44072491699,happy
-47.07057189941406,173.29702758789062,0.296435546875,0.0067903934977948666,3333.689531150373,happy
-46.531280517578125,175.13656616210938,0.2858488475177305,0.006544836796820164,2846.5594725009287,happy
-42.19994354248047,145.6073760986328,0.35801478794642855,0.017458824440836906,3574.751900700822,happy
-42.38821792602539,144.4382781982422,0.279098731884058,0.01861630380153656,3303.541157179951,happy
-43.13454818725586,148.60382080078125,0.28238699776785714,0.016903642565011978,3801.249048759103,happy
-44.38837432861328,157.00291442871094,0.3796142578125,0.014652548357844353,3546.596628125245,happy
-50.27790832519531,196.14404296875,0.23670372596153846,0.0027353207115083933,2810.8296294148063,sad
-48.59030532836914,191.8046417236328,0.2831095621257485,0.003031934844329953,2847.1658392248796,sad
-46.2800178527832,180.05850219726562,0.36468268060064934,0.004031479358673096,3459.5200305773637,sad
-46.32144546508789,184.85171508789062,0.28081699587264153,0.004265357740223408,3000.06879260782,sad
-42.389835357666016,160.79446411132812,0.2776330035665761,0.005490698851644993,2983.978113414509,sad
-45.53102111816406,171.05801391601562,0.3502035796957672,0.004060010891407728,3229.7517224432354,sad
-48.69068908691406,183.5153045654297,0.32300666360294117,0.003889920189976692,3530.4236118316676,sad
-42.0099983215332,171.7402801513672,0.2295874618902439,0.004465989302843809,2970.6504722488794,sad
-43.53667449951172,159.0519256591797,0.35589898382867136,0.013065429404377937,3562.0077866653137,angry
-42.35429000854492,155.06048583984375,0.2510687554632867,0.013765879906713963,3074.286519223885,angry
-43.09140396118164,159.66705322265625,0.34378809286347517,0.013191758655011654,3338.6215093855785,angry
-44.55560302734375,159.6015167236328,0.3826565212673611,0.012876861728727818,3589.9216931705305,angry
-35.80589294433594,123.37782287597656,0.3426306069302721,0.03677113726735115,3372.2890239339063,angry
-37.556026458740234,129.9231414794922,0.3142123752170139,0.03685584291815758,3168.724183389326,angry
-34.8460693359375,117.53506469726562,0.27426409040178573,0.044030822813510895,2988.8488205747635,angry
-35.321311950683594,116.2727279663086,0.3595047530594406,0.03758205100893974,3467.312069366622,angry
-44.26953887939453,171.31211853027344,0.3116872902684564,0.0054473537020385265,3182.7165982346432,fear
-49.34022521972656,193.53817749023438,0.400146484375,0.0031794619280844927,3334.6439395586035,fear
-47.00703048706055,175.56219482421875,0.42159495634191174,0.004193214699625969,3480.157750624823,fear
-49.6577033996582,185.1614990234375,0.29733777402052236,0.003863144665956497,3441.788132274322,fear
-42.445438385009766,152.04925537109375,0.29658964082792205,0.011208704672753811,2805.4870779475013,fear
-43.31757354736328,158.03147888183594,0.23470270553691275,0.010873167775571346,3150.5776638370216,fear
-41.99220657348633,149.80308532714844,0.33525897930194803,0.016404245048761368,3190.1050811904634,fear
-41.729305267333984,151.8199462890625,0.14014948427287582,0.0123680355027318,2432.3058784880554,fear
-45.54621124267578,181.95535278320312,0.3089647169237013,0.0037430254742503166,3378.857162794505,disgust
-46.489498138427734,181.01345825195312,0.381883497362013,0.0032366595696657896,3403.5686602342976,disgust
-49.01723098754883,187.944580078125,0.3971875,0.0028916536830365658,3620.402027663584,disgust
-48.55464172363281,188.81373596191406,0.4264119466145833,0.0036190119571983814,3640.8694800631197,disgust
-42.17420959472656,161.38916015625,0.2727938565340909,0.007586498744785786,3118.782205659277,disgust
-42.39576721191406,161.84796142578125,0.29282840568862273,0.006733136251568794,3146.1375002351638,disgust
-42.92124557495117,164.0003662109375,0.3115234375,0.00853403564542532,3360.5168000364724,disgust
-44.156219482421875,168.32244873046875,0.2587802909805389,0.0074218218214809895,2843.4106838588723,disgust
-44.23994064331055,165.3466033935547,0.35390001662234044,0.011079341173171997,3413.4162455833143,surprise
-44.204498291015625,167.87368774414062,0.35545828683035713,0.010203092359006405,3203.4522130979144,surprise
-41.882713317871094,160.1097412109375,0.33399803321678323,0.012578262016177177,3157.9998444298353,surprise
-42.977970123291016,156.4296875,0.37812773164335667,0.013134205713868141,3158.741502558656,surprise
-42.010555267333984,151.2276611328125,0.3326553445778146,0.014131195843219757,3299.394041366854,surprise
-42.62220001220703,151.5809783935547,0.4038353488869863,0.015821803361177444,3479.7889185805434,surprise
-42.62670135498047,146.69464111328125,0.3154059516059028,0.018881753087043762,3431.5274828063248,surprise
-43.03939437866211,152.34756469726562,0.38674606643356646,0.015431137755513191,3328.4049511582807,surprise
-55.61150360107422,188.85125732421875,0.27293701171875,0.002545857336372137,2501.343329861639,neutral
-56.21767807006836,189.81874084472656,0.31438159335191085,0.0023510337341576815,2797.1251698978745,neutral
-54.23422622680664,189.11561584472656,0.2574579518312102,0.0029253694228827953,2600.689999956304,neutral
-54.67459487915039,187.68563842773438,0.32178360376602566,0.0034636843483895063,2854.8835093759976,neutral
-59.289241790771484,203.3814697265625,0.30103173193993504,0.0013747381744906306,3107.162367548548,calm
-58.809364318847656,205.60218811035156,0.26880691225165565,0.0014702067710459232,2407.437174900869,calm
-56.77103042602539,201.99935913085938,0.41311809973802394,0.001623865682631731,3595.106462082038,calm
-54.396636962890625,192.20301818847656,0.3497589111328125,0.0024201066698879004,3267.4807036959546,calm
-55.110389709472656,187.03286743164062,0.311327573269774,0.0026777079328894615,2850.53882199691,calm
-54.347320556640625,191.278076171875,0.24596613103693182,0.0018659892957657576,2584.179201128379,calm
-56.33445358276367,195.84722900390625,0.308734060704023,0.002087501809000969,3130.9226878768955,calm
-54.677703857421875,190.0120849609375,0.3455127780720339,0.0023971772752702236,3434.36304294366,calm
-53.51708984375,183.25390625,0.2870937249599359,0.003351702122017741,2748.1011157364687,happy
-52.49635314941406,182.92694091796875,0.29657740846893493,0.003472526092082262,2715.860539738401,happy
-54.143314361572266,189.01617431640625,0.3024530473923841,0.0033635611180216074,3044.5892778441953,happy
-51.30701446533203,169.820068359375,0.3204459433229814,0.005470335483551025,2927.912225651644,happy
-44.46923828125,151.21641540527344,0.25248092033959535,0.010360609740018845,3064.6343676863194,happy
-42.18904113769531,149.21412658691406,0.23813446606595093,0.01051423978060484,2687.5185269521776,happy
-47.343833923339844,153.86544799804688,0.24635104790419163,0.01121926587074995,2984.664649549553,happy
-46.286170959472656,143.7850341796875,0.26279179921407186,0.018169643357396126,3024.0120562078405,happy
-53.48178482055664,187.20188903808594,0.2621408236228814,0.0018092601094394922,2836.5017090622896,sad
-54.712989807128906,199.88255310058594,0.2506160292514535,0.0014697541482746601,2724.4270115887794,sad
-56.327877044677734,192.1248016357422,0.2830084507761438,0.0026478313375264406,2602.043474166873,sad
-52.839622497558594,191.9953155517578,0.2583802004894578,0.0020237325225025415,2945.0559542682154,sad
-48.75635528564453,157.19699096679688,0.35655581825657895,0.007918264716863632,3116.413746110714,sad
-46.23564529418945,162.37252807617188,0.2774057146256345,0.005517605692148209,2765.004330761081,sad
-47.610069274902344,162.92869567871094,0.26951783567994503,0.006437884643673897,3019.23944481265,sad
-53.17247009277344,184.0388946533203,0.2666257348391089,0.0027148094959557056,2712.4130795774336,sad
-42.60411071777344,143.25326538085938,0.21694032485875706,0.01438826508820057,2517.3819482914632,angry
-42.88472366333008,145.78738403320312,0.26577360733695654,0.01618894375860691,2774.0815744913994,angry
-43.60335922241211,149.52159118652344,0.2836514838836478,0.012227468192577362,3029.8104806991564,angry
-42.78068542480469,140.6083526611328,0.24598106971153846,0.017287930473685265,2885.8789941058562,angry
-37.85866928100586,121.95548248291016,0.2347521908068783,0.031035281717777252,2799.14932015152,angry
-40.367332458496094,132.7991485595703,0.24176638971560846,0.0235990472137928,2713.4972287537153,angry
-41.454795837402344,141.50091552734375,0.3043701171875,0.017534669488668442,3466.835259175806,angry
-42.71018600463867,139.72145080566406,0.2609153053977273,0.019489258527755737,2835.2648118504567,angry
-43.73991012573242,143.3037872314453,0.2668084613347458,0.012777439318597317,3416.4221631471446,fear
-44.56974792480469,149.04058837890625,0.20759998668323865,0.01099450048059225,2851.8688372447923,fear
-45.61454772949219,148.39234924316406,0.27388556985294116,0.012336335144937038,3187.4648316544954,fear
-44.69395446777344,152.46986389160156,0.2968693551300578,0.010772542096674442,3226.030059964353,fear
-39.20603561401367,121.34098052978516,0.22512118787650603,0.033726636320352554,2887.070220900817,fear
-42.135528564453125,132.8640594482422,0.3301363858309659,0.01821054145693779,3471.982553491609,fear
-40.62702560424805,128.22915649414062,0.22079076522435898,0.03196277096867561,2736.5617697099456,fear
-38.960792541503906,125.03478240966797,0.2411550498870482,0.0432317890226841,2882.585356719229,fear
-49.22074508666992,165.53616333007812,0.16705519153225806,0.005211598239839077,1955.603001646744,disgust
-46.46504592895508,158.08795166015625,0.3005577992584746,0.00598093681037426,2847.184563875553,disgust
-49.63154983520508,163.4137420654297,0.31538452854046245,0.006032976787537336,3087.8142789153394,disgust
-47.36509323120117,160.9894256591797,0.27080189098011365,0.006914542522281408,3061.2963566918083,disgust
-49.526668548583984,170.35694885253906,0.31690497576871657,0.0028633216861635447,2971.4715220266007,disgust
-43.726192474365234,142.5649871826172,0.26432861328125,0.011639385484158993,3100.6735446757025,disgust
-45.45196533203125,143.92822265625,0.32612117913251365,0.012782701291143894,3320.6523754678233,disgust
-45.500823974609375,145.88917541503906,0.2718098958333333,0.012275367975234985,3116.284800242038,disgust
-54.925743103027344,188.15411376953125,0.24413379589160839,0.002507938304916024,2561.225644225446,surprise
-49.03801345825195,162.450439453125,0.27330078125,0.007831166498363018,2815.4766442985297,surprise
-49.97952651977539,171.52011108398438,0.2759357609160959,0.006395415868610144,2950.947916589621,surprise
-51.41992950439453,164.2979278564453,0.3088926977040816,0.0076050832867622375,2988.012613319609,surprise
-45.030555725097656,152.59393310546875,0.27801585477941176,0.011719560250639915,3105.2995859086554,surprise
-46.329402923583984,154.41891479492188,0.28062261537063954,0.010103053413331509,3045.303096892589,surprise
-40.72991943359375,143.2299041748047,0.2419080434355346,0.013722281903028488,3297.9018960435233,surprise
-42.2320556640625,148.6847686767578,0.2527835141321656,0.012620870023965836,3073.46902475948,surprise
