emotion,temporal_emotion,stress_level,cognitive_state,cognitive_confidence,fusion_confidence,blink_count,video_quality,audio_emotion,audio_confidence,audio_stress,audio_stress_confidence,speech_intensity,audio_quality,response_latency,pause_ratio,speech_rate,voiced_ratio,mean_pause,emotion_agreement,fused_stress,fused_stress_score,fusion_score,cognitive_load,deception_risk,risk_score,risk_level,risk_breakdown,temporal_state,modality_weights,quality_warning,fused_emotion,timestamp
unknown,unknown,LOW,Stable emotional condition,0,0.0,0,0.0,neutral,0.0,LOW,0.0,0.0,0.0,0.0,0.0,0.0,0.0,0.0,,LOW,0.0,0.0,LOW,LOW,0.0,LOW,"{'visual_stress': 0.0, 'audio_stress': 0.0, 'emotion_instability': 0.0, 'eye_avoidance': 0.0, 'head_movement': 0.0}",STABLE,"{'visual': 0.5, 'audio': 0.5}",True,unknown,2026-07-09 10:13:19
neutral,neutral,LOW,Stable emotional condition,0.82,0.308,0,0.411,neutral,0.0,LOW,0.0,0.0,0.0,0.0,0.0,0.0,0.0,0.0,,LOW,0.0,3.0,LOW,LOW,6.0,LOW,"{'visual_stress': 0.0, 'audio_stress': 0.0, 'emotion_instability': 15.0, 'eye_avoidance': 0.0, 'head_movement': 0.0}",STABLE,"{'visual': 1.0, 'audio': 0.0}",False,neutral,2026-07-09 10:13:21
neutral,neutral,LOW,Stable emotional condition,0.82,0.368,1,0.491,neutral,0.0,LOW,0.0,0.0,0.0,0.0,0.0,0.0,0.0,0.0,,LOW,0.0,3.3,LOW,LOW,6.6,LOW,"{'visual_stress': 0.0, 'audio_stress': 0.0, 'emotion_instability': 7.5, 'eye_avoidance': 0.0, 'head_movement': 0.0}",STABLE,"{'visual': 1.0, 'audio': 0.0}",False,neutral,2026-07-09 10:13:21
neutral,neutral,LOW,Stable emotional condition,0.89,0.508,1,0.513,neutral,0.0,LOW,0.0,0.0,0.0,0.0,0.0,0.0,0.0,0.0,,LOW,0.0,3.3,LOW,LOW,6.0,LOW,"{'visual_stress': 0.0, 'audio_stress': 0.0, 'emotion_instability': 5.0, 'eye_avoidance': 0.0, 'head_movement': 0.0}",STABLE,"{'visual': 1.0, 'audio': 0.0}",False,neutral,2026-07-09 10:13:21
neutral,neutral,LOW,Stable emotional condition,0.9,0.485,1,0.49,neutral,0.0,LOW,0.0,0.0,0.0,0.0,0.0,0.0,0.0,0.0,,LOW,0.0,3.3,LOW,LOW,5.1,LOW,"{'visual_stress': 0.0, 'audio_stress': 0.0, 'emotion_instability': 3.8, 'eye_avoidance': 0.0, 'head_movement': 0.0}",STABLE,"{'visual': 1.0, 'audio': 0.0}",False,neutral,2026-07-09 10:13:22
neutral,neutral,LOW,Stable emotional condition,0.67,0.384,1,0.486,neutral,0.0,LOW,0.0,0.0,0.0,0.0,0.0,0.0,0.0,0.0,,LOW,0.0,6.3,LOW,LOW,5.5,LOW,"{'visual_stress': 0.0, 'audio_stress': 0.0, 'emotion_instability': 3.0, 'eye_avoidance': 0.0, 'head_movement': 3.0}",STABLE,"{'visual': 1.0, 'audio': 0.0}",False,neutral,2026-07-09 10:13:22
neutral,neutral,LOW,Stable emotional condition,0.67,0.397,2,0.503,neutral,0.0,LOW,0.0,0.0,0.0,0.0,0.0,0.0,0.0,0.0,,LOW,0.0,6.5,LOW,LOW,5.4,LOW,"{'visual_stress': 0.0, 'audio_stress': 0.0, 'emotion_instability': 2.5, 'eye_avoidance': 0.0, 'head_movement': 2.8}",STABLE,"{'visual': 1.0, 'audio': 0.0}",False,neutral,2026-07-09 10:13:22
neutral,neutral,LOW,Stable emotional condition,0.67,0.197,2,0.48,neutral,0.0,LOW,0.0,0.0,0.0,0.0,0.0,0.0,0.0,0.0,,LOW,0.0,6.3,LOW,LOW,5.1,LOW,"{'visual_stress': 0.0, 'audio_stress': 0.0, 'emotion_instability': 2.1, 'eye_avoidance': 0.0, 'head_movement': 2.6}",STABLE,"{'visual': 1.0, 'audio': 0.0}",False,neutral,2026-07-09 10:13:22
neutral,neutral,LOW,Stable emotional condition,0.67,0.193,2,0.47,neutral,0.0,LOW,0.0,0.0,0.0,0.0,0.0,0.0,0.0,0.0,,LOW,0.0,6.3,LOW,LOW,4.9,LOW,"{'visual_stress': 0.0, 'audio_stress': 0.0, 'emotion_instability': 1.9, 'eye_avoidance': 0.0, 'head_movement': 2.6}",STABLE,"{'visual': 1.0, 'audio': 0.0}",False,neutral,2026-07-09 10:13:23
neutral,neutral,LOW,Stable emotional condition,0.67,0.305,2,0.474,fear,0.2866666666666667,MEDIUM,0.42,0.0293,0.587,1.3769,0.8392,1.3431,0.1608,0.6248,False,LOW,0.171,18.9,LOW,LOW,10.7,LOW,"{'visual_stress': 0.0, 'audio_stress': 15.0, 'emotion_instability': 1.7, 'eye_avoidance': 0.0, 'head_movement': 2.7}",STABLE,"{'visual': 0.722, 'audio': 0.278}",False,neutral,2026-07-09 10:13:30
neutral,neutral,LOW,Stable emotional condition,0.67,0.296,2,0.459,fear,0.2866666666666667,MEDIUM,0.42,0.0293,0.587,1.3769,0.8392,1.3431,0.1608,0.6248,False,LOW,0.175,18.9,LOW,LOW,14.1,LOW,"{'visual_stress': 0.0, 'audio_stress': 15.0, 'emotion_instability': 1.5, 'eye_avoidance': 0.0, 'head_movement': 2.7}",STABLE,"{'visual': 0.715, 'audio': 0.285}",False,neutral,2026-07-09 10:13:30
fear,fear,MEDIUM,Negative emotional state,0.56,0.277,2,0.463,fear,0.2866666666666667,MEDIUM,0.42,0.0293,0.587,1.3769,0.8392,1.3431,0.1608,0.6248,True,MEDIUM,0.5,45.8,MEDIUM,MEDIUM,23.6,LOW,"{'visual_stress': 17.5, 'audio_stress': 15.0, 'emotion_instability': 2.7, 'eye_avoidance': 0.0, 'head_movement': 2.6}",STABLE,"{'visual': 0.524, 'audio': 0.476}",False,fear,2026-07-09 10:13:31
fear,fear,MEDIUM,Negative emotional state,0.56,0.275,2,0.454,fear,0.2866666666666667,MEDIUM,0.42,0.0293,0.587,1.3769,0.8392,1.3431,0.1608,0.6248,True,MEDIUM,0.5,45.7,MEDIUM,MEDIUM,29.2,LOW,"{'visual_stress': 17.5, 'audio_stress': 15.0, 'emotion_instability': 2.5, 'eye_avoidance': 0.0, 'head_movement': 2.6}",STABLE,"{'visual': 0.519, 'audio': 0.481}",False,fear,2026-07-09 10:13:31
neutral,neutral,LOW,Stable emotional condition,0.67,0.19,2,0.452,fear,0.2866666666666667,MEDIUM,0.42,0.0293,0.587,1.3769,0.8392,1.3431,0.1608,0.6248,False,LOW,0.176,18.7,LOW,LOW,25.9,LOW,"{'visual_stress': 0.0, 'audio_stress': 15.0, 'emotion_instability': 3.5, 'eye_avoidance': 0.0, 'head_movement': 2.5}",STABLE,"{'visual': 0.617, 'audio': 0.383}",False,neutral,2026-07-09 10:13:31
neutral,neutral,LOW,Stable emotional condition,0.67,0.192,2,0.458,fear,0.2866666666666667,MEDIUM,0.42,0.0293,0.587,1.3769,0.8392,1.3431,0.1608,0.6248,False,LOW,0.175,18.6,LOW,LOW,23.8,LOW,"{'visual_stress': 0.0, 'audio_stress': 15.0, 'emotion_instability': 3.2, 'eye_avoidance': 0.0, 'head_movement': 2.5}",STABLE,"{'visual': 0.62, 'audio': 0.38}",False,neutral,2026-07-09 10:13:32
neutral,neutral,LOW,Stable emotional condition,0.67,0.226,2,0.462,fear,0.2866666666666667,MEDIUM,0.42,0.0293,0.587,1.3769,0.8392,1.3431,0.1608,0.6248,False,LOW,0.174,18.6,LOW,LOW,22.5,LOW,"{'visual_stress': 0.0, 'audio_stress': 15.0, 'emotion_instability': 3.0, 'eye_avoidance': 0.0, 'head_movement': 2.4}",STABLE,"{'visual': 0.658, 'audio': 0.342}",False,neutral,2026-07-09 10:13:32
neutral,neutral,LOW,Stable emotional condition,0.67,0.224,2,0.458,fear,0.2866666666666667,MEDIUM,0.42,0.0293,0.587,1.3769,0.8392,1.3431,0.1608,0.6248,False,LOW,0.175,18.5,LOW,LOW,21.6,LOW,"{'visual_stress': 0.0, 'audio_stress': 15.0, 'emotion_instability': 2.8, 'eye_avoidance': 0.0, 'head_movement': 2.4}",STABLE,"{'visual': 0.656, 'audio': 0.344}",False,neutral,2026-07-09 10:13:32
neutral,neutral,LOW,Stable emotional condition,0.67,0.192,2,0.457,fear,0.2866666666666667,MEDIUM,0.42,0.0293,0.587,1.3769,0.8392,1.3431,0.1608,0.6248,False,LOW,0.175,18.5,LOW,LOW,20.9,LOW,"{'visual_stress': 0.0, 'audio_stress': 15.0, 'emotion_instability': 2.6, 'eye_avoidance': 0.0, 'head_movement': 2.3}",STABLE,"{'visual': 0.62, 'audio': 0.38}",False,neutral,2026-07-09 10:13:32
neutral,neutral,LOW,Stable emotional condition,0.67,0.196,2,0.466,fear,0.2866666666666667,MEDIUM,0.42,0.0293,0.587,1.3769,0.8392,1.3431,0.1608,0.6248,False,LOW,0.173,18.4,LOW,LOW,20.4,LOW,"{'visual_stress': 0.0, 'audio_stress': 15.0, 'emotion_instability': 2.5, 'eye_avoidance': 0.0, 'head_movement': 2.2}",STABLE,"{'visual': 0.624, 'audio': 0.376}",False,neutral,2026-07-09 10:13:33
neutral,neutral,LOW,Stable emotional condition,0.67,0.226,2,0.467,fear,0.33,LOW,0.3867,0.0443,0.658,0.0,0.5276,1.6788,0.4724,0.3929,False,LOW,0.0,5.9,LOW,LOW,14.1,LOW,"{'visual_stress': 0.0, 'audio_stress': 0.0, 'emotion_instability': 2.4, 'eye_avoidance': 0.0, 'head_movement': 2.2}",STABLE,"{'visual': 0.597, 'audio': 0.403}",False,neutral,2026-07-09 10:13:33
neutral,neutral,LOW,Stable emotional condition,0.67,0.226,2,0.467,fear,0.33,LOW,0.3867,0.0443,0.658,0.0,0.5276,1.6788,0.4724,0.3929,False,LOW,0.0,5.9,LOW,LOW,10.2,LOW,"{'visual_stress': 0.0, 'audio_stress': 0.0, 'emotion_instability': 2.2, 'eye_avoidance': 0.0, 'head_movement': 2.2}",STABLE,"{'visual': 0.597, 'audio': 0.403}",False,neutral,2026-07-09 10:13:34
neutral,neutral,LOW,Stable emotional condition,0.67,0.285,2,0.468,fear,0.33,LOW,0.3867,0.0443,0.658,0.0,0.5276,1.6788,0.4724,0.3929,False,LOW,0.0,5.9,LOW,LOW,7.9,LOW,"{'visual_stress': 0.0, 'audio_stress': 0.0, 'emotion_instability': 2.1, 'eye_avoidance': 0.0, 'head_movement': 2.3}",STABLE,"{'visual': 0.652, 'audio': 0.348}",False,neutral,2026-07-09 10:13:34
neutral,neutral,LOW,Stable emotional condition,0.67,0.284,2,0.466,fear,0.33,LOW,0.3867,0.0443,0.658,0.0,0.5276,1.6788,0.4724,0.3929,False,LOW,0.0,6.0,LOW,LOW,6.5,LOW,"{'visual_stress': 0.0, 'audio_stress': 0.0, 'emotion_instability': 2.0, 'eye_avoidance': 0.0, 'head_movement': 2.3}",STABLE,"{'visual': 0.651, 'audio': 0.349}",False,neutral,2026-07-09 10:13:34
neutral,neutral,LOW,Negative emotional state,0.67,0.152,2,0.455,fear,0.33,LOW,0.3867,0.0443,0.658,0.0,0.5276,1.6788,0.4724,0.3929,False,LOW,0.0,18.0,LOW,LOW,5.8,LOW,"{'visual_stress': 0.0, 'audio_stress': 0.0, 'emotion_instability': 2.6, 'eye_avoidance': 0.0, 'head_movement': 2.3}",STABLE,"{'visual': 0.468, 'audio': 0.532}",False,fear,2026-07-09 10:13:35
neutral,neutral,LOW,Negative emotional state,0.83,0.152,2,0.448,fear,0.33,LOW,0.3867,0.0443,0.658,0.0,0.5276,1.6788,0.4724,0.3929,False,LOW,0.0,19.8,LOW,LOW,6.1,LOW,"{'visual_stress': 0.0, 'audio_stress': 0.0, 'emotion_instability': 2.5, 'eye_avoidance': 0.4, 'head_movement': 3.7}",STABLE,"{'visual': 0.464, 'audio': 0.536}",False,fear,2026-07-09 10:13:35
sad,sad,LOW,Stable emotional condition,0.5,0.238,2,0.448,fear,0.33,LOW,0.3867,0.0443,0.658,0.0,0.5276,1.6788,0.4724,0.3929,False,LOW,0.319,36.1,MEDIUM,LOW,14.0,LOW,"{'visual_stress': 17.5, 'audio_stress': 0.0, 'emotion_instability': 3.0, 'eye_avoidance': 0.8, 'head_movement': 4.6}",FLUCTUATING,"{'visual': 0.611, 'audio': 0.389}",False,sad,2026-07-09 10:13:35
sad,sad,LOW,Stable emotional condition,0.56,0.254,2,0.478,fear,0.33,LOW,0.3867,0.0443,0.658,0.0,0.5276,1.6788,0.4724,0.3929,False,LOW,0.326,36.8,MEDIUM,LOW,19.1,LOW,"{'visual_stress': 17.5, 'audio_stress': 0.0, 'emotion_instability': 2.9, 'eye_avoidance': 0.8, 'head_movement': 5.4}",FLUCTUATING,"{'visual': 0.626, 'audio': 0.374}",False,sad,2026-07-09 10:13:35
sad,sad,LOW,Stable emotional condition,0.56,0.343,2,0.49,fear,0.33,LOW,0.3867,0.0443,0.658,0.0,0.5276,1.6788,0.4724,0.3929,False,LOW,0.329,37.5,MEDIUM,LOW,22.3,LOW,"{'visual_stress': 17.5, 'audio_stress': 0.0, 'emotion_instability': 2.8, 'eye_avoidance': 0.7, 'head_movement': 6.1}",FLUCTUATING,"{'visual': 0.693, 'audio': 0.307}",False,sad,2026-07-09 10:13:36
sad,sad,LOW,Stable emotional condition,0.49,0.335,2,0.479,fear,0.33,LOW,0.3867,0.0443,0.658,0.0,0.5276,1.6788,0.4724,0.3929,False,LOW,0.327,38.3,MEDIUM,LOW,24.5,LOW,"{'visual_stress': 17.5, 'audio_stress': 0.0, 'emotion_instability': 2.7, 'eye_avoidance': 0.7, 'head_movement': 6.9}",FLUCTUATING,"{'visual': 0.688, 'audio': 0.312}",False,sad,2026-07-09 10:13:36
sad,sad,MEDIUM,Stable emotional condition,0.42,0.295,3,0.469,happy,0.2,MEDIUM,0.4133,0.0356,0.621,0.0,0.3869,1.3431,0.6131,0.3741,False,MEDIUM,0.5,51.7,MEDIUM,LOW,32.0,LOW,"{'visual_stress': 17.5, 'audio_stress': 15.0, 'emotion_instability': 2.6, 'eye_avoidance': 1.0, 'head_movement': 7.2}",FLUCTUATING,"{'visual': 0.773, 'audio': 0.227}",False,sad,2026-07-09 10:13:37
sad,sad,MEDIUM,Stable emotional condition,0.45,0.327,3,0.519,happy,0.2,MEDIUM,0.4133,0.0356,0.621,0.0,0.3869,1.3431,0.6131,0.3741,False,MEDIUM,0.5,51.9,MEDIUM,LOW,36.4,LOW,"{'visual_stress': 17.5, 'audio_stress': 15.0, 'emotion_instability': 2.1, 'eye_avoidance': 1.0, 'head_movement': 7.4}",FLUCTUATING,"{'visual': 0.79, 'audio': 0.21}",False,sad,2026-07-09 10:13:37
fear,fear,MEDIUM,Negative emotional state,0.42,0.368,4,0.525,happy,0.2,MEDIUM,0.4133,0.0356,0.621,0.0,0.3869,1.3431,0.6131,0.3741,False,MEDIUM,0.5,52.3,MEDIUM,MEDIUM,39.2,LOW,"{'visual_stress': 17.5, 'audio_stress': 15.0, 'emotion_instability': 2.6, 'eye_avoidance': 1.0, 'head_movement': 7.4}",FLUCTUATING,"{'visual': 0.809, 'audio': 0.191}",False,fear,2026-07-09 10:13:37
fear,fear,MEDIUM,Negative emotional state,0.42,0.367,4,0.524,happy,0.2,MEDIUM,0.4133,0.0356,0.621,0.0,0.3869,1.3431,0.6131,0.3741,False,MEDIUM,0.5,52.1,MEDIUM,MEDIUM,40.9,MEDIUM,"{'visual_stress': 17.5, 'audio_stress': 15.0, 'emotion_instability': 2.6, 'eye_avoidance': 0.9, 'head_movement': 7.4}",STABLE,"{'visual': 0.808, 'audio': 0.192}",False,fear,2026-07-09 10:13:37
neutral,neutral,MEDIUM,Stable emotional condition,0.56,0.193,4,0.519,happy,0.2,MEDIUM,0.4133,0.0356,0.621,0.0,0.3869,1.3431,0.6131,0.3741,False,MEDIUM,0.5,40.1,MEDIUM,LOW,42.1,MEDIUM,"{'visual_stress': 17.5, 'audio_stress': 15.0, 'emotion_instability': 3.1, 'eye_avoidance': 0.9, 'head_movement': 7.4}",FLUCTUATING,"{'visual': 0.689, 'audio': 0.311}",False,neutral,2026-07-09 10:13:38
neutral,neutral,MEDIUM,Stable emotional condition,0.56,0.192,4,0.517,happy,0.2,MEDIUM,0.4133,0.0356,0.621,0.0,0.3869,1.3431,0.6131,0.3741,False,MEDIUM,0.5,40.1,MEDIUM,LOW,42.8,MEDIUM,"{'visual_stress': 17.5, 'audio_stress': 15.0, 'emotion_instability': 3.1, 'eye_avoidance': 0.9, 'head_movement': 7.4}",FLUCTUATING,"{'visual': 0.688, 'audio': 0.312}",False,neutral,2026-07-09 10:13:38
neutral,neutral,MEDIUM,Stable emotional condition,0.56,0.277,4,0.514,happy,0.2,MEDIUM,0.4133,0.0356,0.621,0.0,0.3869,1.3431,0.6131,0.3741,False,MEDIUM,0.5,40.1,MEDIUM,LOW,43.3,MEDIUM,"{'visual_stress': 17.5, 'audio_stress': 15.0, 'emotion_instability': 3.1, 'eye_avoidance': 0.9, 'head_movement': 7.4}",FLUCTUATING,"{'visual': 0.761, 'audio': 0.239}",False,neutral,2026-07-09 10:13:38
neutral,neutral,MEDIUM,Stable emotional condition,0.56,0.265,4,0.491,happy,0.2,MEDIUM,0.4133,0.0356,0.621,0.0,0.3869,1.3431,0.6131,0.3741,False,MEDIUM,0.5,40.0,MEDIUM,LOW,43.5,MEDIUM,"{'visual_stress': 17.5, 'audio_stress': 15.0, 'emotion_instability': 3.1, 'eye_avoidance': 0.8, 'head_movement': 7.4}",FLUCTUATING,"{'visual': 0.753, 'audio': 0.247}",False,neutral,2026-07-09 10:13:39
fear,fear,MEDIUM,Negative emotional state,0.42,0.328,4,0.493,happy,0.2,MEDIUM,0.4133,0.0356,0.621,0.0,0.3869,1.3431,0.6131,0.3741,False,MEDIUM,0.5,52.0,MEDIUM,MEDIUM,43.8,MEDIUM,"{'visual_stress': 17.5, 'audio_stress': 15.0, 'emotion_instability': 3.6, 'eye_avoidance': 0.8, 'head_movement': 7.3}",FLUCTUATING,"{'visual': 0.79, 'audio': 0.21}",False,fear,2026-07-09 10:13:39
fear,fear,MEDIUM,Negative emotional state,0.42,0.314,4,0.472,happy,0.2,MEDIUM,0.4133,0.0356,0.621,0.0,0.3869,1.3431,0.6131,0.3741,False,MEDIUM,0.5,51.9,MEDIUM,MEDIUM,43.9,MEDIUM,"{'visual_stress': 17.5, 'audio_stress': 15.0, 'emotion_instability': 3.6, 'eye_avoidance': 0.8, 'head_movement': 7.3}",FLUCTUATING,"{'visual': 0.783, 'audio': 0.217}",False,fear,2026-07-09 10:13:39
neutral,neutral,MEDIUM,Stable emotional condition,0.56,0.306,4,0.455,angry,0.19666666666666666,MEDIUM,0.39,0.0559,0.699,0.0,0.3266,1.6788,0.6734,0.2432,False,MEDIUM,0.5,40.0,MEDIUM,LOW,44.3,MEDIUM,"{'visual_stress': 17.5, 'audio_stress': 15.0, 'emotion_instability': 4.1, 'eye_avoidance': 0.8, 'head_movement': 7.4}",FLUCTUATING,"{'visual': 0.761, 'audio': 0.239}",False,neutral,2026-07-09 10:13:40
neutral,neutral,MEDIUM,Stable emotional condition,0.56,0.293,4,0.436,angry,0.19666666666666666,MEDIUM,0.39,0.0559,0.699,0.0,0.3266,1.6788,0.6734,0.2432,False,MEDIUM,0.5,40.0,MEDIUM,LOW,44.3,MEDIUM,"{'visual_stress': 17.5, 'audio_stress': 15.0, 'emotion_instability': 3.6, 'eye_avoidance': 0.7, 'head_movement': 7.5}",STABLE,"{'visual': 0.753, 'audio': 0.247}",False,neutral,2026-07-09 10:13:40
neutral,neutral,MEDIUM,Stable emotional condition,0.56,0.289,4,0.434,angry,0.19666666666666666,MEDIUM,0.39,0.0559,0.699,0.0,0.3266,1.6788,0.6734,0.2432,False,MEDIUM,0.5,40.1,MEDIUM,LOW,44.3,MEDIUM,"{'visual_stress': 17.5, 'audio_stress': 15.0, 'emotion_instability': 3.6, 'eye_avoidance': 0.7, 'head_movement': 7.6}",STABLE,"{'visual': 0.75, 'audio': 0.25}",False,neutral,2026-07-09 10:13:40
neutral,neutral,MEDIUM,Stable emotional condition,0.56,0.303,4,0.455,angry,0.19666666666666666,MEDIUM,0.39,0.0559,0.699,0.0,0.3266,1.6788,0.6734,0.2432,False,MEDIUM,0.5,40.1,MEDIUM,LOW,44.1,MEDIUM,"{'visual_stress': 17.5, 'audio_stress': 15.0, 'emotion_instability': 3.1, 'eye_avoidance': 0.7, 'head_movement': 7.5}",STABLE,"{'visual': 0.759, 'audio': 0.241}",False,neutral,2026-07-09 10:13:41
neutral,neutral,MEDIUM,Stable emotional condition,0.56,0.173,4,0.449,angry,0.19666666666666666,MEDIUM,0.39,0.0559,0.699,0.0,0.3266,1.6788,0.6734,0.2432,False,MEDIUM,0.5,40.0,MEDIUM,LOW,44.0,MEDIUM,"{'visual_stress': 17.5, 'audio_stress': 15.0, 'emotion_instability': 3.1, 'eye_avoidance': 0.7, 'head_movement': 7.5}",STABLE,"{'visual': 0.642, 'audio': 0.358}",False,neutral,2026-07-09 10:13:41
neutral,neutral,MEDIUM,Stable emotional condition,0.56,0.171,4,0.444,angry,0.19666666666666666,MEDIUM,0.39,0.0559,0.699,0.0,0.3266,1.6788,0.6734,0.2432,False,MEDIUM,0.5,40.0,MEDIUM,LOW,43.9,MEDIUM,"{'visual_stress': 17.5, 'audio_stress': 15.0, 'emotion_instability': 3.1, 'eye_avoidance': 0.7, 'head_movement': 7.5}",STABLE,"{'visual': 0.64, 'audio': 0.36}",False,neutral,2026-07-09 10:13:41
sad,sad,MEDIUM,Stable emotional condition,0.49,0.21,4,0.491,angry,0.19666666666666666,MEDIUM,0.39,0.0559,0.699,0.0,0.3266,1.6788,0.6734,0.2432,False,MEDIUM,0.5,52.0,MEDIUM,LOW,44.1,MEDIUM,"{'visual_stress': 17.5, 'audio_stress': 15.0, 'emotion_instability': 3.6, 'eye_avoidance': 0.7, 'head_movement': 7.5}",FLUCTUATING,"{'visual': 0.685, 'audio': 0.315}",False,sad,2026-07-09 10:13:41
sad,sad,MEDIUM,Stable emotional condition,0.43,0.199,4,0.466,angry,0.19666666666666666,MEDIUM,0.39,0.0559,0.699,0.0,0.3266,1.6788,0.6734,0.2432,False,MEDIUM,0.5,52.0,MEDIUM,LOW,44.2,MEDIUM,"{'visual_stress': 17.5, 'audio_stress': 15.0, 'emotion_instability': 3.6, 'eye_avoidance': 0.7, 'head_movement': 7.5}",FLUCTUATING,"{'visual': 0.674, 'audio': 0.326}",False,sad,2026-07-09 10:13:42
sad,sad,MEDIUM,Stable emotional condition,0.42,0.309,4,0.47,angry,0.19666666666666666,MEDIUM,0.39,0.0559,0.699,0.0,0.3266,1.6788,0.6734,0.2432,False,MEDIUM,0.5,51.9,MEDIUM,LOW,44.2,MEDIUM,"{'visual_stress': 17.5, 'audio_stress': 15.0, 'emotion_instability': 3.6, 'eye_avoidance': 0.6, 'head_movement': 7.5}",FLUCTUATING,"{'visual': 0.763, 'audio': 0.237}",False,sad,2026-07-09 10:13:42
sad,sad,MEDIUM,Stable emotional condition,0.42,0.313,4,0.475,angry,0.19666666666666666,MEDIUM,0.39,0.0559,0.699,0.0,0.3266,1.6788,0.6734,0.2432,False,MEDIUM,0.5,51.9,MEDIUM,LOW,44.1,MEDIUM,"{'visual_stress': 17.5, 'audio_stress': 15.0, 'emotion_instability': 3.6, 'eye_avoidance': 0.6, 'head_movement': 7.4}",STABLE,"{'visual': 0.765, 'audio': 0.235}",False,sad,2026-07-09 10:13:42
happy,happy,MEDIUM,Stable emotional condition,0.56,0.17,5,0.477,angry,0.19666666666666666,MEDIUM,0.3667,0.0962,0.793,0.015,0.3769,2.0146,0.6231,0.1646,False,MEDIUM,0.5,37.1,MEDIUM,LOW,44.3,MEDIUM,"{'visual_stress': 17.5, 'audio_stress': 15.0, 'emotion_instability': 4.1, 'eye_avoidance': 0.6, 'head_movement': 7.4}",FLUCTUATING,"{'visual': 0.609, 'audio': 0.391}",False,happy,2026-07-09 10:13:43
happy,happy,MEDIUM,Stable emotional condition,0.57,0.167,5,0.467,angry,0.19666666666666666,MEDIUM,0.3667,0.0962,0.793,0.015,0.3769,2.0146,0.6231,0.1646,False,MEDIUM,0.5,37.0,MEDIUM,LOW,44.4,MEDIUM,"{'visual_stress': 17.5, 'audio_stress': 15.0, 'emotion_instability': 4.1, 'eye_avoidance': 0.6, 'head_movement': 7.3}",FLUCTUATING,"{'visual': 0.604, 'audio': 0.396}",False,happy,2026-07-09 10:13:43
neutral,neutral,LOW,Stable emotional condition,0.67,0.289,5,0.458,angry,0.19666666666666666,MEDIUM,0.3667,0.0962,0.793,0.015,0.3769,2.0146,0.6231,0.1646,False,LOW,0.194,24.9,LOW,LOW,37.6,LOW,"{'visual_stress': 0.0, 'audio_stress': 15.0, 'emotion_instability': 4.7, 'eye_avoidance': 0.6, 'head_movement': 7.1}",FLUCTUATING,"{'visual': 0.726, 'audio': 0.274}",False,neutral,2026-07-09 10:13:44
neutral,neutral,LOW,Stable emotional condition,0.72,0.285,5,0.453,angry,0.19666666666666666,MEDIUM,0.3667,0.0962,0.793,0.015,0.3769,2.0146,0.6231,0.1646,False,LOW,0.195,24.8,LOW,LOW,33.2,LOW,"{'visual_stress': 0.0, 'audio_stress': 15.0, 'emotion_instability': 4.1, 'eye_avoidance': 0.6, 'head_movement': 7.0}",FLUCTUATING,"{'visual': 0.723, 'audio': 0.277}",False,neutral,2026-07-09 10:13:44
neutral,neutral,LOW,Stable emotional condition,0.73,0.312,5,0.45,angry,0.19666666666666666,MEDIUM,0.3667,0.0962,0.793,0.015,0.3769,2.0146,0.6231,0.1646,False,LOW,0.196,24.8,LOW,LOW,30.6,LOW,"{'visual_stress': 0.0, 'audio_stress': 15.0, 'emotion_instability': 4.1, 'eye_avoidance': 0.6, 'head_movement': 7.0}",FLUCTUATING,"{'visual': 0.741, 'audio': 0.259}",False,neutral,2026-07-09 10:13:44
neutral,neutral,LOW,Stable emotional condition,0.67,0.317,5,0.458,angry,0.19666666666666666,MEDIUM,0.3667,0.0962,0.793,0.015,0.3769,2.0146,0.6231,0.1646,False,LOW,0.194,24.6,LOW,LOW,28.8,LOW,"{'visual_stress': 0.0, 'audio_stress': 15.0, 'emotion_instability': 3.6, 'eye_avoidance': 0.6, 'head_movement': 6.9}",FLUCTUATING,"{'visual': 0.744, 'audio': 0.256}",False,neutral,2026-07-09 10:13:44
neutral,neutral,MEDIUM,Stable emotional condition,0.56,0.316,6,0.46,angry,0.19666666666666666,MEDIUM,0.3667,0.0962,0.793,0.015,0.3769,2.0146,0.6231,0.1646,False,MEDIUM,0.5,39.7,MEDIUM,LOW,34.6,LOW,"{'visual_stress': 17.5, 'audio_stress': 15.0, 'emotion_instability': 3.6, 'eye_avoidance': 0.5, 'head_movement': 6.7}",FLUCTUATING,"{'visual': 0.743, 'audio': 0.257}",False,neutral,2026-07-09 10:13:45
neutral,neutral,MEDIUM,Stable emotional condition,0.56,0.322,6,0.47,angry,0.19666666666666666,MEDIUM,0.3667,0.0962,0.793,0.015,0.3769,2.0146,0.6231,0.1646,False,MEDIUM,0.5,39.4,MEDIUM,LOW,38.0,LOW,"{'visual_stress': 17.5, 'audio_stress': 15.0, 'emotion_instability': 3.6, 'eye_avoidance': 0.5, 'head_movement': 6.4}",FLUCTUATING,"{'visual': 0.747, 'audio': 0.253}",False,neutral,2026-07-09 10:13:45
neutral,neutral,MEDIUM,Stable emotional condition,0.56,0.333,6,0.48,angry,0.19666666666666666,MEDIUM,0.3667,0.0962,0.793,0.015,0.3769,2.0146,0.6231,0.1646,False,MEDIUM,0.5,38.9,MEDIUM,LOW,39.8,LOW,"{'visual_stress': 17.5, 'audio_stress': 15.0, 'emotion_instability': 3.6, 'eye_avoidance': 0.5, 'head_movement': 5.9}",FLUCTUATING,"{'visual': 0.753, 'audio': 0.247}",False,neutral,2026-07-09 10:13:45
neutral,neutral,LOW,Stable emotional condition,0.83,0.336,6,0.485,angry,0.19666666666666666,MEDIUM,0.3667,0.0962,0.793,0.015,0.3769,2.0146,0.6231,0.1646,False,LOW,0.187,22.9,LOW,LOW,33.5,LOW,"{'visual_stress': 0.0, 'audio_stress': 15.0, 'emotion_instability': 3.6, 'eye_avoidance': 0.5, 'head_movement': 4.9}",STABLE,"{'visual': 0.755, 'audio': 0.245}",False,neutral,2026-07-09 10:13:45
neutral,neutral,LOW,Stable emotional condition,0.77,0.335,6,0.479,angry,0.19333333333333333,MEDIUM,0.4167,0.0568,0.702,0.1048,0.3769,2.3504,0.6231,0.1603,False,LOW,0.19,22.2,LOW,LOW,29.4,LOW,"{'visual_stress': 0.0, 'audio_stress': 15.0, 'emotion_instability': 3.6, 'eye_avoidance': 0.5, 'head_movement': 4.2}",STABLE,"{'visual': 0.779, 'audio': 0.221}",False,neutral,2026-07-09 10:13:46
neutral,neutral,LOW,Stable emotional condition,0.67,0.335,6,0.478,angry,0.19333333333333333,MEDIUM,0.4167,0.0568,0.702,0.1048,0.3769,2.3504,0.6231,0.1603,False,LOW,0.19,21.5,LOW,LOW,26.5,LOW,"{'visual_stress': 0.0, 'audio_stress': 15.0, 'emotion_instability': 3.1, 'eye_avoidance': 0.5, 'head_movement': 3.5}",STABLE,"{'visual': 0.779, 'audio': 0.221}",False,neutral,2026-07-09 10:13:48
neutral,calm,LOW,Stable emotional condition,0.67,0.245,6,0.353,angry,0.19333333333333333,MEDIUM,0.4167,0.0568,0.702,0.1048,0.3769,2.3504,0.6231,0.1603,False,LOW,0.227,21.2,LOW,LOW,24.6,LOW,"{'visual_stress': 0.0, 'audio_stress': 15.0, 'emotion_instability': 3.1, 'eye_avoidance': 0.5, 'head_movement': 3.2}",STABLE,"{'visual': 0.72, 'audio': 0.28}",False,neutral,2026-07-09 10:13:48
neutral,calm,LOW,Stable emotional condition,0.67,0.246,6,0.355,angry,0.19333333333333333,MEDIUM,0.4167,0.0568,0.702,0.1048,0.3769,2.3504,0.6231,0.1603,False,LOW,0.226,21.1,LOW,LOW,23.2,LOW,"{'visual_stress': 0.0, 'audio_stress': 15.0, 'emotion_instability': 2.6, 'eye_avoidance': 0.5, 'head_movement': 3.1}",STABLE,"{'visual': 0.721, 'audio': 0.279}",False,neutral,2026-07-09 10:13:49
neutral,calm,LOW,Stable emotional condition,0.73,0.232,6,0.357,angry,0.19333333333333333,MEDIUM,0.4167,0.0568,0.702,0.1048,0.3769,2.3504,0.6231,0.1603,False,LOW,0.225,21.0,LOW,LOW,22.4,LOW,"{'visual_stress': 0.0, 'audio_stress': 15.0, 'emotion_instability': 2.6, 'eye_avoidance': 0.5, 'head_movement': 3.0}",STABLE,"{'visual': 0.71, 'audio': 0.29}",False,neutral,2026-07-09 10:13:49
neutral,calm,LOW,Stable emotional condition,0.67,0.243,7,0.373,angry,0.19333333333333333,MEDIUM,0.4167,0.0568,0.702,0.1048,0.3769,2.3504,0.6231,0.1603,False,LOW,0.22,21.2,LOW,LOW,21.8,LOW,"{'visual_stress': 0.0, 'audio_stress': 15.0, 'emotion_instability': 2.6, 'eye_avoidance': 0.5, 'head_movement': 2.9}",STABLE,"{'visual': 0.719, 'audio': 0.281}",False,neutral,2026-07-09 10:13:50
neutral,calm,LOW,Stable emotional condition,0.67,0.239,7,0.371,angry,0.19333333333333333,MEDIUM,0.4167,0.0568,0.702,0.1048,0.3769,2.3504,0.6231,0.1603,False,LOW,0.22,21.2,LOW,LOW,21.5,LOW,"{'visual_stress': 0.0, 'audio_stress': 15.0, 'emotion_instability': 2.6, 'eye_avoidance': 0.5, 'head_movement': 2.9}",STABLE,"{'visual': 0.715, 'audio': 0.285}",False,neutral,2026-07-09 10:13:50
neutral,calm,LOW,Stable emotional condition,0.67,0.252,7,0.391,angry,0.19333333333333333,MEDIUM,0.4167,0.0568,0.702,0.1048,0.3769,2.3504,0.6231,0.1603,False,LOW,0.214,21.4,LOW,LOW,21.2,LOW,"{'visual_stress': 0.0, 'audio_stress': 15.0, 'emotion_instability': 2.1, 'eye_avoidance': 0.5, 'head_movement': 3.1}",STABLE,"{'visual': 0.726, 'audio': 0.274}",False,neutral,2026-07-09 10:13:50
neutral,calm,LOW,Stable emotional condition,0.67,0.185,7,0.383,angry,0.19333333333333333,MEDIUM,0.4167,0.0568,0.702,0.1048,0.3769,2.3504,0.6231,0.1603,False,LOW,0.217,21.6,LOW,LOW,21.0,LOW,"{'visual_stress': 0.0, 'audio_stress': 15.0, 'emotion_instability': 2.1, 'eye_avoidance': 0.5, 'head_movement': 3.2}",STABLE,"{'visual': 0.661, 'audio': 0.339}",False,neutral,2026-07-09 10:13:51
neutral,calm,LOW,Stable emotional condition,0.67,0.189,7,0.391,angry,0.19333333333333333,MEDIUM,0.4167,0.0568,0.702,0.1048,0.3769,2.3504,0.6231,0.1603,False,LOW,0.214,21.6,LOW,LOW,20.8,LOW,"{'visual_stress': 0.0, 'audio_stress': 15.0, 'emotion_instability': 1.6, 'eye_avoidance': 0.5, 'head_movement': 3.3}",STABLE,"{'visual': 0.665, 'audio': 0.335}",False,neutral,2026-07-09 10:13:51
neutral,calm,LOW,Stable emotional condition,0.67,0.259,7,0.385,fear,0.19,LOW,0.42,0.0575,0.704,0.0,0.2412,2.6862,0.7588,0.0877,False,LOW,0.0,9.0,LOW,LOW,14.6,LOW,"{'visual_stress': 0.0, 'audio_stress': 0.0, 'emotion_instability': 1.6, 'eye_avoidance': 0.5, 'head_movement': 3.2}",STABLE,"{'visual': 0.734, 'audio': 0.266}",False,neutral,2026-07-09 10:13:52
neutral,calm,LOW,Stable emotional condition,0.67,0.268,7,0.399,fear,0.19,LOW,0.42,0.0575,0.704,0.0,0.2412,2.6862,0.7588,0.0877,False,LOW,0.0,9.0,LOW,LOW,10.8,LOW,"{'visual_stress': 0.0, 'audio_stress': 0.0, 'emotion_instability': 1.6, 'eye_avoidance': 0.5, 'head_movement': 3.1}",STABLE,"{'visual': 0.741, 'audio': 0.259}",False,neutral,2026-07-09 10:13:52
neutral,calm,LOW,Stable emotional condition,0.67,0.233,8,0.391,fear,0.19,LOW,0.42,0.0575,0.704,0.0,0.2412,2.6862,0.7588,0.0877,False,LOW,0.0,9.4,LOW,LOW,8.6,LOW,"{'visual_stress': 0.0, 'audio_stress': 0.0, 'emotion_instability': 1.6, 'eye_avoidance': 0.5, 'head_movement': 3.2}",STABLE,"{'visual': 0.713, 'audio': 0.287}",False,neutral,2026-07-09 10:13:53
neutral,calm,LOW,Stable emotional condition,0.67,0.236,8,0.396,fear,0.19,LOW,0.42,0.0575,0.704,0.0,0.2412,2.6862,0.7588,0.0877,False,LOW,0.0,9.5,LOW,LOW,7.3,LOW,"{'visual_stress': 0.0, 'audio_stress': 0.0, 'emotion_instability': 1.6, 'eye_avoidance': 0.5, 'head_movement': 3.3}",STABLE,"{'visual': 0.716, 'audio': 0.284}",False,neutral,2026-07-09 10:13:53
neutral,calm,LOW,Stable emotional condition,0.56,0.179,8,0.393,fear,0.19,LOW,0.42,0.0575,0.704,0.0,0.2412,2.6862,0.7588,0.0877,False,LOW,0.285,24.6,LOW,LOW,13.6,LOW,"{'visual_stress': 17.5, 'audio_stress': 0.0, 'emotion_instability': 1.6, 'eye_avoidance': 0.5, 'head_movement': 3.4}",STABLE,"{'visual': 0.656, 'audio': 0.344}",False,neutral,2026-07-09 10:13:53
neutral,calm,LOW,Stable emotional condition,0.56,0.184,8,0.404,fear,0.19,LOW,0.42,0.0575,0.704,0.0,0.2412,2.6862,0.7588,0.0877,False,LOW,0.289,24.6,LOW,LOW,17.2,LOW,"{'visual_stress': 17.5, 'audio_stress': 0.0, 'emotion_instability': 1.0, 'eye_avoidance': 0.5, 'head_movement': 3.5}",STABLE,"{'visual': 0.663, 'audio': 0.337}",False,neutral,2026-07-09 10:13:54
neutral,calm,LOW,Stable emotional condition,0.67,0.274,8,0.391,fear,0.19,LOW,0.42,0.0575,0.704,0.0,0.2412,2.6862,0.7588,0.0877,False,LOW,0.0,9.6,LOW,LOW,12.3,LOW,"{'visual_stress': 0.0, 'audio_stress': 0.0, 'emotion_instability': 1.0, 'eye_avoidance': 0.5, 'head_movement': 3.5}",STABLE,"{'visual': 0.745, 'audio': 0.255}",False,neutral,2026-07-09 10:13:54
neutral,calm,LOW,Stable emotional condition,0.67,0.27,8,0.386,fear,0.19,LOW,0.42,0.0575,0.704,0.0,0.2412,2.6862,0.7588,0.0877,False,LOW,0.0,9.7,LOW,LOW,9.4,LOW,"{'visual_stress': 0.0, 'audio_stress': 0.0, 'emotion_instability': 1.0, 'eye_avoidance': 0.5, 'head_movement': 3.5}",STABLE,"{'visual': 0.743, 'audio': 0.257}",False,neutral,2026-07-09 10:13:55
neutral,calm,LOW,Stable emotional condition,0.67,0.27,8,0.386,fear,0.19,LOW,0.42,0.0575,0.704,0.0,0.2412,2.6862,0.7588,0.0877,False,LOW,0.0,9.7,LOW,LOW,7.6,LOW,"{'visual_stress': 0.0, 'audio_stress': 0.0, 'emotion_instability': 1.0, 'eye_avoidance': 0.5, 'head_movement': 3.5}",STABLE,"{'visual': 0.743, 'audio': 0.257}",False,neutral,2026-07-09 10:13:55
neutral,calm,LOW,Stable emotional condition,0.67,0.288,8,0.411,fear,0.19,LOW,0.42,0.0575,0.704,0.0,0.2412,2.6862,0.7588,0.0877,False,LOW,0.0,9.7,LOW,LOW,6.4,LOW,"{'visual_stress': 0.0, 'audio_stress': 0.0, 'emotion_instability': 0.5, 'eye_avoidance': 0.5, 'head_movement': 3.5}",STABLE,"{'visual': 0.754, 'audio': 0.246}",False,neutral,2026-07-09 10:13:55
neutral,calm,LOW,Stable emotional condition,0.67,0.284,8,0.437,angry,0.22333333333333333,MEDIUM,0.43,0.075,0.75,1.317,0.6131,1.3431,0.3869,0.4565,False,LOW,0.212,22.2,LOW,LOW,11.6,LOW,"{'visual_stress': 0.0, 'audio_stress': 15.0, 'emotion_instability': 0.5, 'eye_avoidance': 0.5, 'head_movement': 3.5}",STABLE,"{'visual': 0.708, 'audio': 0.292}",False,neutral,2026-07-09 10:13:56
neutral,calm,LOW,Stable emotional condition,0.67,0.303,8,0.465,angry,0.22333333333333333,MEDIUM,0.43,0.075,0.75,1.317,0.6131,1.3431,0.3869,0.4565,False,LOW,0.205,22.1,LOW,LOW,14.5,LOW,"{'visual_stress': 0.0, 'audio_stress': 15.0, 'emotion_instability': 0.0, 'eye_avoidance': 0.5, 'head_movement': 3.4}",STABLE,"{'visual': 0.721, 'audio': 0.279}",False,neutral,2026-07-09 10:13:57
neutral,calm,LOW,Stable emotional condition,0.67,0.191,8,0.478,angry,0.22333333333333333,MEDIUM,0.43,0.075,0.75,1.317,0.6131,1.3431,0.3869,0.4565,False,LOW,0.201,22.2,LOW,LOW,16.3,LOW,"{'visual_stress': 0.0, 'audio_stress': 15.0, 'emotion_instability': 0.0, 'eye_avoidance': 0.5, 'head_movement': 3.5}",STABLE,"{'visual': 0.619, 'audio': 0.381}",False,neutral,2026-07-09 10:13:57
neutral,calm,LOW,Stable emotional condition,0.67,0.176,8,0.44,angry,0.22333333333333333,MEDIUM,0.43,0.075,0.75,1.317,0.6131,1.3431,0.3869,0.4565,False,LOW,0.211,22.2,LOW,LOW,17.4,LOW,"{'visual_stress': 0.0, 'audio_stress': 15.0, 'emotion_instability': 0.0, 'eye_avoidance': 0.5, 'head_movement': 3.5}",STABLE,"{'visual': 0.6, 'audio': 0.4}",False,neutral,2026-07-09 10:13:57
neutral,calm,LOW,Stable emotional condition,0.67,0.28,8,0.408,angry,0.22333333333333333,MEDIUM,0.43,0.075,0.75,1.317,0.6131,1.3431,0.3869,0.4565,False,LOW,0.221,22.1,LOW,LOW,18.0,LOW,"{'visual_stress': 0.0, 'audio_stress': 15.0, 'emotion_instability': 0.0, 'eye_avoidance': 0.5, 'head_movement': 3.5}",STABLE,"{'visual': 0.705, 'audio': 0.295}",False,neutral,2026-07-09 10:13:58
neutral,calm,LOW,Stable emotional condition,0.67,0.281,8,0.409,angry,0.22333333333333333,MEDIUM,0.43,0.075,0.75,1.317,0.6131,1.3431,0.3869,0.4565,False,LOW,0.22,21.9,LOW,LOW,18.3,LOW,"{'visual_stress': 0.0, 'audio_stress': 15.0, 'emotion_instability': 0.0, 'eye_avoidance': 0.3, 'head_movement': 3.5}",STABLE,"{'visual': 0.705, 'audio': 0.295}",False,neutral,2026-07-09 10:13:58
neutral,calm,LOW,Stable emotional condition,0.67,0.276,8,0.402,angry,0.22333333333333333,MEDIUM,0.43,0.075,0.75,1.317,0.6131,1.3431,0.3869,0.4565,False,LOW,0.223,21.9,LOW,LOW,18.5,LOW,"{'visual_stress': 0.0, 'audio_stress': 15.0, 'emotion_instability': 0.0, 'eye_avoidance': 0.2, 'head_movement': 3.5}",STABLE,"{'visual': 0.702, 'audio': 0.298}",False,neutral,2026-07-09 10:13:59
neutral,happy,LOW,Stable emotional condition,1.0,0.295,8,0.43,angry,0.22333333333333333,MEDIUM,0.43,0.075,0.75,1.317,0.6131,1.3431,0.3869,0.4565,False,LOW,0.214,18.2,LOW,LOW,17.1,LOW,"{'visual_stress': 0.0, 'audio_stress': 15.0, 'emotion_instability': 0.0, 'eye_avoidance': 0.0, 'head_movement': 0.0}",STABLE,"{'visual': 0.716, 'audio': 0.284}",False,neutral,2026-07-09 10:13:59
neutral,happy,LOW,Negative emotional state,0.76,0.117,8,0.267,angry,0.22333333333333333,MEDIUM,0.43,0.075,0.75,1.317,0.6131,1.3431,0.3869,0.4565,False,LOW,0.274,35.9,MEDIUM,LOW,18.8,LOW,"{'visual_stress': 0.0, 'audio_stress': 15.0, 'emotion_instability': 0.5, 'eye_avoidance': 0.3, 'head_movement': 5.5}",STABLE,"{'visual': 0.358, 'audio': 0.642}",False,angry,2026-07-09 10:13:59
neutral,happy,MEDIUM,Negative emotional state,0.56,0.117,9,0.319,angry,0.22333333333333333,MEDIUM,0.43,0.075,0.75,1.317,0.6131,1.3431,0.3869,0.4565,False,MEDIUM,0.5,51.7,MEDIUM,MEDIUM,26.9,LOW,"{'visual_stress': 17.5, 'audio_stress': 15.0, 'emotion_instability': 0.5, 'eye_avoidance': 0.3, 'head_movement': 5.9}",STABLE,"{'visual': 0.4, 'audio': 0.6}",False,angry,2026-07-09 10:14:00
neutral,happy,LOW,Stable emotional condition,0.56,0.235,9,0.357,fear,0.18666666666666668,LOW,0.4067,0.0959,0.793,0.2844,0.4472,2.0146,0.5528,0.222,False,LOW,0.263,27.3,LOW,LOW,26.1,LOW,"{'visual_stress': 17.5, 'audio_stress': 0.0, 'emotion_instability': 1.0, 'eye_avoidance': 0.3, 'head_movement': 6.0}",STABLE,"{'visual': 0.694, 'audio': 0.306}",False,neutral,2026-07-09 10:14:01
neutral,surprised,LOW,Stable emotional condition,0.63,0.255,9,0.387,fear,0.18666666666666668,LOW,0.4067,0.0959,0.793,0.2844,0.4472,2.0146,0.5528,0.222,False,LOW,0.273,27.2,LOW,LOW,25.5,LOW,"{'visual_stress': 17.5, 'audio_stress': 0.0, 'emotion_instability': 1.0, 'eye_avoidance': 0.2, 'head_movement': 6.0}",STABLE,"{'visual': 0.711, 'audio': 0.289}",False,neutral,2026-07-09 10:14:01
neutral,surprised,LOW,Stable emotional condition,0.56,0.237,10,0.394,fear,0.18666666666666668,LOW,0.4067,0.0959,0.793,0.2844,0.4472,2.0146,0.5528,0.222,False,LOW,0.275,27.6,LOW,LOW,25.2,LOW,"{'visual_stress': 17.5, 'audio_stress': 0.0, 'emotion_instability': 1.0, 'eye_avoidance': 0.2, 'head_movement': 6.1}",STABLE,"{'visual': 0.696, 'audio': 0.304}",False,neutral,2026-07-09 10:14:01
neutral,surprised,LOW,Stable emotional condition,0.56,0.24,10,0.398,fear,0.18666666666666668,LOW,0.4067,0.0959,0.793,0.2844,0.4472,2.0146,0.5528,0.222,False,LOW,0.276,27.6,LOW,LOW,25.1,LOW,"{'visual_stress': 17.5, 'audio_stress': 0.0, 'emotion_instability': 1.0, 'eye_avoidance': 0.2, 'head_movement': 6.1}",STABLE,"{'visual': 0.698, 'audio': 0.302}",False,neutral,2026-07-09 10:14:02
neutral,surprised,LOW,Stable emotional condition,0.56,0.24,10,0.399,fear,0.18666666666666668,LOW,0.4067,0.0959,0.793,0.2844,0.4472,2.0146,0.5528,0.222,False,LOW,0.277,27.6,LOW,LOW,25.0,LOW,"{'visual_stress': 17.5, 'audio_stress': 0.0, 'emotion_instability': 1.0, 'eye_avoidance': 0.2, 'head_movement': 6.1}",STABLE,"{'visual': 0.699, 'audio': 0.301}",False,neutral,2026-07-09 10:14:02
neutral,surprised,LOW,Stable emotional condition,0.56,0.238,10,0.395,fear,0.18666666666666668,LOW,0.4067,0.0959,0.793,0.2844,0.4472,2.0146,0.5528,0.222,False,LOW,0.275,27.6,LOW,LOW,24.9,LOW,"{'visual_stress': 17.5, 'audio_stress': 0.0, 'emotion_instability': 1.0, 'eye_avoidance': 0.2, 'head_movement': 6.0}",STABLE,"{'visual': 0.696, 'audio': 0.304}",False,neutral,2026-07-09 10:14:02
neutral,fearful,LOW,Stable emotional condition,0.56,0.232,10,0.39,fear,0.18666666666666668,LOW,0.4067,0.0959,0.793,0.2844,0.4472,2.0146,0.5528,0.222,False,LOW,0.274,27.5,LOW,LOW,24.8,LOW,"{'visual_stress': 17.5, 'audio_stress': 0.0, 'emotion_instability': 1.0, 'eye_avoidance': 0.2, 'head_movement': 6.0}",STABLE,"{'visual': 0.691, 'audio': 0.309}",False,neutral,2026-07-09 10:14:03
neutral,fearful,LOW,Stable emotional condition,0.56,0.23,10,0.387,fear,0.18666666666666668,LOW,0.4067,0.0959,0.793,0.2844,0.4472,2.0146,0.5528,0.222,False,LOW,0.273,27.4,LOW,LOW,24.7,LOW,"{'visual_stress': 17.5, 'audio_stress': 0.0, 'emotion_instability': 1.0, 'eye_avoidance': 0.2, 'head_movement': 5.9}",STABLE,"{'visual': 0.69, 'audio': 0.31}",False,neutral,2026-07-09 10:14:03
neutral,fearful,LOW,Stable emotional condition,0.56,0.229,10,0.395,fear,0.18666666666666668,LOW,0.4067,0.0959,0.793,0.2844,0.4472,2.0146,0.5528,0.222,False,LOW,0.275,27.2,LOW,LOW,24.6,LOW,"{'visual_stress': 17.5, 'audio_stress': 0.0, 'emotion_instability': 1.0, 'eye_avoidance': 0.2, 'head_movement': 5.7}",STABLE,"{'visual': 0.689, 'audio': 0.311}",False,neutral,2026-07-09 10:14:04
neutral,fearful,LOW,Stable emotional condition,0.67,0.227,10,0.39,fear,0.18666666666666668,LOW,0.4067,0.0959,0.793,0.2844,0.4472,2.0146,0.5528,0.222,False,LOW,0.0,11.8,LOW,LOW,17.4,LOW,"{'visual_stress': 0.0, 'audio_stress': 0.0, 'emotion_instability': 1.0, 'eye_avoidance': 0.2, 'head_movement': 5.3}",STABLE,"{'visual': 0.686, 'audio': 0.314}",False,neutral,2026-07-09 10:14:04
neutral,fearful,LOW,Stable emotional condition,0.67,0.182,10,0.393,fear,0.22,MEDIUM,0.4133,0.1017,0.803,0.2095,0.2563,2.0146,0.7437,0.1272,False,LOW,0.229,24.0,LOW,LOW,18.9,LOW,"{'visual_stress': 0.0, 'audio_stress': 15.0, 'emotion_instability': 1.0, 'eye_avoidance': 0.2, 'head_movement': 5.0}",STABLE,"{'visual': 0.595, 'audio': 0.405}",False,neutral,2026-07-09 10:14:05
neutral,fearful,LOW,Stable emotional condition,0.67,0.184,10,0.398,fear,0.22,MEDIUM,0.4133,0.1017,0.803,0.2095,0.2563,2.0146,0.7437,0.1272,False,LOW,0.227,24.0,LOW,LOW,19.8,LOW,"{'visual_stress': 0.0, 'audio_stress': 15.0, 'emotion_instability': 1.0, 'eye_avoidance': 0.2, 'head_movement': 5.0}",STABLE,"{'visual': 0.598, 'audio': 0.402}",False,neutral,2026-07-09 10:14:05
neutral,fearful,LOW,Stable emotional condition,0.67,0.193,10,0.405,fear,0.22,MEDIUM,0.4133,0.1017,0.803,0.2095,0.2563,2.0146,0.7437,0.1272,False,LOW,0.225,24.0,LOW,LOW,20.4,LOW,"{'visual_stress': 0.0, 'audio_stress': 15.0, 'emotion_instability': 1.0, 'eye_avoidance': 0.2, 'head_movement': 5.0}",STABLE,"{'visual': 0.609, 'audio': 0.391}",False,neutral,2026-07-09 10:14:06
neutral,fearful,LOW,Stable emotional condition,0.67,0.173,10,0.364,fear,0.22,MEDIUM,0.4133,0.1017,0.803,0.2095,0.2563,2.0146,0.7437,0.1272,False,LOW,0.238,24.0,LOW,LOW,20.7,LOW,"{'visual_stress': 0.0, 'audio_stress': 15.0, 'emotion_instability': 1.0, 'eye_avoidance': 0.2, 'head_movement': 5.0}",STABLE,"{'visual': 0.584, 'audio': 0.416}",False,neutral,2026-07-09 10:14:06
neutral,disgust,LOW,Stable emotional condition,0.67,0.241,10,0.345,fear,0.22,MEDIUM,0.4133,0.1017,0.803,0.2095,0.2563,2.0146,0.7437,0.1272,False,LOW,0.245,24.0,LOW,LOW,20.9,LOW,"{'visual_stress': 0.0, 'audio_stress': 15.0, 'emotion_instability': 1.0, 'eye_avoidance': 0.2, 'head_movement': 5.0}",STABLE,"{'visual': 0.661, 'audio': 0.339}",False,neutral,2026-07-09 10:14:06
neutral,disgust,LOW,Stable emotional condition,0.73,0.284,10,0.405,fear,0.22,MEDIUM,0.4133,0.1017,0.803,0.2095,0.2563,2.0146,0.7437,0.1272,False,LOW,0.225,24.0,LOW,LOW,21.0,LOW,"{'visual_stress': 0.0, 'audio_stress': 15.0, 'emotion_instability': 1.0, 'eye_avoidance': 0.2, 'head_movement': 4.9}",STABLE,"{'visual': 0.696, 'audio': 0.304}",False,neutral,2026-07-09 10:14:07
neutral,disgust,LOW,Stable emotional condition,0.67,0.248,10,0.443,fear,0.22,MEDIUM,0.4133,0.1017,0.803,0.2095,0.2563,2.0146,0.7437,0.1272,False,LOW,0.214,23.9,LOW,LOW,21.0,LOW,"{'visual_stress': 0.0, 'audio_stress': 15.0, 'emotion_instability': 1.0, 'eye_avoidance': 0.2, 'head_movement': 4.9}",STABLE,"{'visual': 0.667, 'audio': 0.333}",False,neutral,2026-07-09 10:14:07
neutral,disgust,LOW,Stable emotional condition,0.67,0.249,10,0.445,fear,0.22,MEDIUM,0.4133,0.1017,0.803,0.2095,0.2563,2.0146,0.7437,0.1272,False,LOW,0.214,23.9,LOW,LOW,21.1,LOW,"{'visual_stress': 0.0, 'audio_stress': 15.0, 'emotion_instability': 1.0, 'eye_avoidance': 0.2, 'head_movement': 4.9}",STABLE,"{'visual': 0.668, 'audio': 0.332}",False,neutral,2026-07-09 10:14:07
neutral,disgust,LOW,Negative emotional state,0.67,0.124,10,0.482,fear,0.22,MEDIUM,0.4133,0.1017,0.803,0.2095,0.2563,2.0146,0.7437,0.1272,False,LOW,0.204,36.0,MEDIUM,LOW,21.4,LOW,"{'visual_stress': 0.0, 'audio_stress': 15.0, 'emotion_instability': 1.6, 'eye_avoidance': 0.2, 'head_movement': 5.0}",STABLE,"{'visual': 0.481, 'audio': 0.519}",False,fear,2026-07-09 10:14:08
neutral,surprised,LOW,Negative emotional state,0.67,0.124,11,0.48,fear,0.22,MEDIUM,0.4133,0.1017,0.803,0.2095,0.2563,2.0146,0.7437,0.1272,False,LOW,0.204,36.6,MEDIUM,LOW,21.7,LOW,"{'visual_stress': 0.0, 'audio_stress': 15.0, 'emotion_instability': 1.6, 'eye_avoidance': 0.2, 'head_movement': 5.3}",STABLE,"{'visual': 0.48, 'audio': 0.52}",False,fear,2026-07-09 10:14:08
sad,surprised,MEDIUM,Stable emotional condition,0.42,0.169,11,0.484,fear,0.21666666666666667,MEDIUM,0.45,0.0755,0.751,0.2095,0.5327,1.0073,0.4673,0.1896,False,MEDIUM,0.5,51.8,MEDIUM,LOW,29.1,LOW,"{'visual_stress': 17.5, 'audio_stress': 15.0, 'emotion_instability': 2.1, 'eye_avoidance': 0.2, 'head_movement': 5.4}",FLUCTUATING,"{'visual': 0.598, 'audio': 0.402}",False,sad,2026-07-09 10:14:09
sad,surprised,MEDIUM,Stable emotional condition,0.42,0.137,11,0.392,fear,0.21666666666666667,MEDIUM,0.45,0.0755,0.751,0.2095,0.5327,1.0073,0.4673,0.1896,False,MEDIUM,0.5,51.9,MEDIUM,LOW,33.6,LOW,"{'visual_stress': 17.5, 'audio_stress': 15.0, 'emotion_instability': 2.1, 'eye_avoidance': 0.2, 'head_movement': 5.6}",FLUCTUATING,"{'visual': 0.546, 'audio': 0.454}",False,sad,2026-07-09 10:14:09
happy,surprised,LOW,Stable emotional condition,0.67,0.225,11,0.366,fear,0.21666666666666667,MEDIUM,0.45,0.0755,0.751,0.2095,0.5327,1.0073,0.4673,0.1896,False,LOW,0.24,22.0,LOW,LOW,29.5,LOW,"{'visual_stress': 0.0, 'audio_stress': 15.0, 'emotion_instability': 2.6, 'eye_avoidance': 0.2, 'head_movement': 5.6}",FLUCTUATING,"{'visual': 0.664, 'audio': 0.336}",False,happy,2026-07-09 10:14:10
happy,surprised,LOW,Stable emotional condition,0.67,0.223,11,0.362,fear,0.21666666666666667,MEDIUM,0.45,0.0755,0.751,0.2095,0.5327,1.0073,0.4673,0.1896,False,LOW,0.241,21.9,LOW,LOW,27.1,LOW,"{'visual_stress': 0.0, 'audio_stress': 15.0, 'emotion_instability': 2.6, 'eye_avoidance': 0.2, 'head_movement': 5.6}",FLUCTUATING,"{'visual': 0.662, 'audio': 0.338}",False,happy,2026-07-09 10:14:10
sad,surprised,MEDIUM,Stable emotional condition,0.42,0.172,11,0.357,fear,0.21666666666666667,MEDIUM,0.45,0.0755,0.751,0.2095,0.5327,1.0073,0.4673,0.1896,False,MEDIUM,0.5,51.9,MEDIUM,LOW,32.8,LOW,"{'visual_stress': 17.5, 'audio_stress': 15.0, 'emotion_instability': 3.1, 'eye_avoidance': 0.2, 'head_movement': 5.6}",FLUCTUATING,"{'visual': 0.602, 'audio': 0.398}",False,sad,2026-07-09 10:14:11
sad,surprised,MEDIUM,Stable emotional condition,0.42,0.171,11,0.355,fear,0.21666666666666667,MEDIUM,0.45,0.0755,0.751,0.2095,0.5327,1.0073,0.4673,0.1896,False,MEDIUM,0.5,52.0,MEDIUM,LOW,36.2,LOW,"{'visual_stress': 17.5, 'audio_stress': 15.0, 'emotion_instability': 3.1, 'eye_avoidance': 0.2, 'head_movement': 5.6}",FLUCTUATING,"{'visual': 0.601, 'audio': 0.399}",False,sad,2026-07-09 10:14:11
neutral,surprised,LOW,Stable emotional condition,0.67,0.236,11,0.351,fear,0.21666666666666667,MEDIUM,0.45,0.0755,0.751,0.2095,0.5327,1.0073,0.4673,0.1896,False,LOW,0.245,25.0,LOW,LOW,31.5,LOW,"{'visual_stress': 0.0, 'audio_stress': 15.0, 'emotion_instability': 3.6, 'eye_avoidance': 0.2, 'head_movement': 5.7}",FLUCTUATING,"{'visual': 0.674, 'audio': 0.326}",False,neutral,2026-07-09 10:14:11
neutral,surprised,LOW,Stable emotional condition,0.73,0.218,11,0.324,fear,0.21666666666666667,MEDIUM,0.45,0.0755,0.751,0.2095,0.5327,1.0073,0.4673,0.1896,False,LOW,0.255,25.0,LOW,LOW,28.5,LOW,"{'visual_stress': 0.0, 'audio_stress': 15.0, 'emotion_instability': 3.1, 'eye_avoidance': 0.2, 'head_movement': 5.6}",FLUCTUATING,"{'visual': 0.657, 'audio': 0.343}",False,neutral,2026-07-09 10:14:12
neutral,surprised,LOW,Stable emotional condition,0.73,0.202,11,0.32,fear,0.21666666666666667,MEDIUM,0.45,0.0755,0.751,0.2095,0.5327,1.0073,0.4673,0.1896,False,LOW,0.257,23.6,LOW,LOW,26.1,LOW,"{'visual_stress': 0.0, 'audio_stress': 15.0, 'emotion_instability': 3.1, 'eye_avoidance': 0.2, 'head_movement': 4.2}",FLUCTUATING,"{'visual': 0.639, 'audio': 0.361}",False,neutral,2026-07-09 10:14:12
neutral,surprised,LOW,Stable emotional condition,0.72,0.19,11,0.301,fear,0.21666666666666667,MEDIUM,0.45,0.0755,0.751,0.2095,0.5327,1.0073,0.4673,0.1896,False,LOW,0.264,22.8,LOW,LOW,24.1,LOW,"{'visual_stress': 0.0, 'audio_stress': 15.0, 'emotion_instability': 2.6, 'eye_avoidance': 0.2, 'head_movement': 3.4}",FLUCTUATING,"{'visual': 0.625, 'audio': 0.375}",False,neutral,2026-07-09 10:14:12
neutral,surprised,LOW,Stable emotional condition,0.67,0.194,11,0.289,fear,0.24333333333333335,LOW,0.4067,0.0878,0.777,0.0,0.5226,1.6788,0.4774,0.3891,False,LOW,0.0,9.9,LOW,LOW,16.8,LOW,"{'visual_stress': 0.0, 'audio_stress': 0.0, 'emotion_instability': 2.6, 'eye_avoidance': 0.2, 'head_movement': 3.1}",FLUCTUATING,"{'visual': 0.595, 'audio': 0.405}",False,neutral,2026-07-09 10:14:13
neutral,surprised,LOW,Stable emotional condition,0.75,0.189,11,0.281,fear,0.24333333333333335,LOW,0.4067,0.0878,0.777,0.0,0.5226,1.6788,0.4774,0.3891,False,LOW,0.0,9.9,LOW,LOW,12.5,LOW,"{'visual_stress': 0.0, 'audio_stress': 0.0, 'emotion_instability': 2.6, 'eye_avoidance': 0.2, 'head_movement': 3.1}",FLUCTUATING,"{'visual': 0.588, 'audio': 0.412}",False,neutral,2026-07-09 10:14:14
neutral,surprised,LOW,Stable emotional condition,0.76,0.196,11,0.283,fear,0.24333333333333335,LOW,0.4067,0.0878,0.777,0.0,0.5226,1.6788,0.4774,0.3891,False,LOW,0.0,10.0,LOW,LOW,9.8,LOW,"{'visual_stress': 0.0, 'audio_stress': 0.0, 'emotion_instability': 2.6, 'eye_avoidance': 0.2, 'head_movement': 3.1}",FLUCTUATING,"{'visual': 0.597, 'audio': 0.403}",False,neutral,2026-07-09 10:14:14
neutral,surprised,LOW,Stable emotional condition,0.75,0.195,11,0.282,fear,0.24333333333333335,LOW,0.4067,0.0878,0.777,0.0,0.5226,1.6788,0.4774,0.3891,False,LOW,0.0,10.0,LOW,LOW,8.3,LOW,"{'visual_stress': 0.0, 'audio_stress': 0.0, 'emotion_instability': 2.6, 'eye_avoidance': 0.2, 'head_movement': 3.1}",STABLE,"{'visual': 0.596, 'audio': 0.404}",False,neutral,2026-07-09 10:14:14
neutral,surprised,LOW,Stable emotional condition,0.67,0.181,12,0.291,fear,0.24333333333333335,LOW,0.4067,0.0878,0.777,0.0,0.5226,1.6788,0.4774,0.3891,False,LOW,0.0,10.4,LOW,LOW,7.4,LOW,"{'visual_stress': 0.0, 'audio_stress': 0.0, 'emotion_instability': 2.6, 'eye_avoidance': 0.2, 'head_movement': 3.2}",STABLE,"{'visual': 0.578, 'audio': 0.422}",False,neutral,2026-07-09 10:14:15
neutral,surprised,LOW,Stable emotional condition,0.67,0.19,12,0.305,fear,0.24333333333333335,LOW,0.4067,0.0878,0.777,0.0,0.5226,1.6788,0.4774,0.3891,False,LOW,0.0,11.3,LOW,LOW,7.2,LOW,"{'visual_stress': 0.0, 'audio_stress': 0.0, 'emotion_instability': 2.6, 'eye_avoidance': 0.2, 'head_movement': 4.1}",STABLE,"{'visual': 0.589, 'audio': 0.411}",False,neutral,2026-07-09 10:14:15
happy,surprised,LOW,Stable emotional condition,0.67,0.249,12,0.371,fear,0.24333333333333335,LOW,0.4067,0.0878,0.777,0.0,0.5226,1.6788,0.4774,0.3891,False,LOW,0.0,8.7,LOW,LOW,7.4,LOW,"{'visual_stress': 0.0, 'audio_stress': 0.0, 'emotion_instability': 3.1, 'eye_avoidance': 0.2, 'head_movement': 4.5}",STABLE,"{'visual': 0.653, 'audio': 0.347}",False,happy,2026-07-09 10:14:16
happy,surprised,LOW,Stable emotional condition,0.83,0.278,12,0.414,fear,0.24333333333333335,LOW,0.4067,0.0878,0.777,0.0,0.5226,1.6788,0.4774,0.3891,False,LOW,0.0,9.0,LOW,LOW,7.7,LOW,"{'visual_stress': 0.0, 'audio_stress': 0.0, 'emotion_instability': 3.1, 'eye_avoidance': 0.2, 'head_movement': 4.8}",STABLE,"{'visual': 0.678, 'audio': 0.322}",False,happy,2026-07-09 10:14:16
angry,surprised,LOW,Negative emotional state,0.56,0.284,12,0.437,fear,0.24333333333333335,LOW,0.4067,0.0878,0.777,0.0,0.5226,1.6788,0.4774,0.3891,False,LOW,0.29,39.0,MEDIUM,LOW,15.1,LOW,"{'visual_stress': 17.5, 'audio_stress': 0.0, 'emotion_instability': 3.6, 'eye_avoidance': 0.2, 'head_movement': 4.8}",FLUCTUATING,"{'visual': 0.682, 'audio': 0.318}",False,angry,2026-07-09 10:14:16
angry,surprised,LOW,Negative emotional state,0.42,0.277,13,0.426,fear,0.24333333333333335,LOW,0.4067,0.0878,0.777,0.0,0.5226,1.6788,0.4774,0.3891,False,LOW,0.287,39.4,MEDIUM,LOW,19.5,LOW,"{'visual_stress': 17.5, 'audio_stress': 0.0, 'emotion_instability': 3.6, 'eye_avoidance': 0.2, 'head_movement': 4.8}",FLUCTUATING,"{'visual': 0.677, 'audio': 0.323}",False,angry,2026-07-09 10:14:16
neutral,surprised,LOW,Stable emotional condition,0.66,0.261,13,0.424,angry,0.21333333333333335,MEDIUM,0.4233,0.0656,0.727,0.0,0.4623,2.0146,0.5377,0.2754,False,LOW,0.21,24.8,LOW,LOW,21.3,LOW,"{'visual_stress': 0.0, 'audio_stress': 15.0, 'emotion_instability': 4.1, 'eye_avoidance': 0.2, 'head_movement': 4.8}",FLUCTUATING,"{'visual': 0.706, 'audio': 0.294}",False,neutral,2026-07-09 10:14:17
neutral,neutral,LOW,Stable emotional condition,0.66,0.27,13,0.438,angry,0.21333333333333335,MEDIUM,0.4233,0.0656,0.727,0.0,0.4623,2.0146,0.5377,0.2754,False,LOW,0.206,24.9,LOW,LOW,22.5,LOW,"{'visual_stress': 0.0, 'audio_stress': 15.0, 'emotion_instability': 4.1, 'eye_avoidance': 0.2, 'head_movement': 4.9}",FLUCTUATING,"{'visual': 0.713, 'audio': 0.287}",False,neutral,2026-07-09 10:14:18
neutral,calm,LOW,Stable emotional condition,0.66,0.149,13,0.443,angry,0.21333333333333335,MEDIUM,0.4233,0.0656,0.727,0.0,0.4623,2.0146,0.5377,0.2754,False,LOW,0.205,25.0,LOW,LOW,23.2,LOW,"{'visual_stress': 0.0, 'audio_stress': 15.0, 'emotion_instability': 4.1, 'eye_avoidance': 0.2, 'head_movement': 4.9}",FLUCTUATING,"{'visual': 0.578, 'audio': 0.422}",False,neutral,2026-07-09 10:14:18
neutral,calm,LOW,Stable emotional condition,0.66,0.154,13,0.458,angry,0.21333333333333335,MEDIUM,0.4233,0.0656,0.727,0.0,0.4623,2.0146,0.5377,0.2754,False,LOW,0.201,25.0,LOW,LOW,23.6,LOW,"{'visual_stress': 0.0, 'audio_stress': 15.0, 'emotion_instability': 4.1, 'eye_avoidance': 0.2, 'head_movement': 5.0}",FLUCTUATING,"{'visual': 0.586, 'audio': 0.414}",False,neutral,2026-07-09 10:14:18
neutral,calm,LOW,Stable emotional condition,0.66,0.258,13,0.455,angry,0.21333333333333335,MEDIUM,0.4233,0.0656,0.727,0.0,0.4623,2.0146,0.5377,0.2754,False,LOW,0.202,25.0,LOW,LOW,23.9,LOW,"{'visual_stress': 0.0, 'audio_stress': 15.0, 'emotion_instability': 4.1, 'eye_avoidance': 0.2, 'head_movement': 5.0}",FLUCTUATING,"{'visual': 0.704, 'audio': 0.296}",False,neutral,2026-07-09 10:14:19
neutral,calm,LOW,Stable emotional condition,0.66,0.254,13,0.448,angry,0.21333333333333335,MEDIUM,0.4233,0.0656,0.727,0.0,0.4623,2.0146,0.5377,0.2754,False,LOW,0.204,25.0,LOW,LOW,24.1,LOW,"{'visual_stress': 0.0, 'audio_stress': 15.0, 'emotion_instability': 4.1, 'eye_avoidance': 0.2, 'head_movement': 5.0}",FLUCTUATING,"{'visual': 0.701, 'audio': 0.299}",False,neutral,2026-07-09 10:14:19
neutral,calm,LOW,Stable emotional condition,0.66,0.219,13,0.446,angry,0.21333333333333335,MEDIUM,0.4233,0.0656,0.727,0.0,0.4623,2.0146,0.5377,0.2754,False,LOW,0.204,25.1,LOW,LOW,24.2,LOW,"{'visual_stress': 0.0, 'audio_stress': 15.0, 'emotion_instability': 4.1, 'eye_avoidance': 0.2, 'head_movement': 5.0}",FLUCTUATING,"{'visual': 0.668, 'audio': 0.332}",False,neutral,2026-07-09 10:14:20
neutral,calm,LOW,Stable emotional condition,0.66,0.229,13,0.467,angry,0.21333333333333335,MEDIUM,0.4233,0.0656,0.727,0.0,0.4623,2.0146,0.5377,0.2754,False,LOW,0.199,25.1,LOW,LOW,24.1,LOW,"{'visual_stress': 0.0, 'audio_stress': 15.0, 'emotion_instability': 3.6, 'eye_avoidance': 0.2, 'head_movement': 5.1}",STABLE,"{'visual': 0.678, 'audio': 0.322}",False,neutral,2026-07-09 10:14:20
neutral,calm,LOW,Stable emotional condition,0.66,0.318,13,0.464,angry,0.21333333333333335,MEDIUM,0.4233,0.0656,0.727,0.0,0.4623,2.0146,0.5377,0.2754,False,LOW,0.199,25.1,LOW,LOW,24.0,LOW,"{'visual_stress': 0.0, 'audio_stress': 15.0, 'emotion_instability': 3.6, 'eye_avoidance': 0.2, 'head_movement': 5.0}",STABLE,"{'visual': 0.746, 'audio': 0.254}",False,neutral,2026-07-09 10:14:20
neutral,calm,LOW,Stable emotional condition,0.66,0.317,13,0.462,angry,0.21333333333333335,MEDIUM,0.4233,0.0656,0.727,0.0,0.4623,2.0146,0.5377,0.2754,False,LOW,0.2,25.2,LOW,LOW,23.7,LOW,"{'visual_stress': 0.0, 'audio_stress': 15.0, 'emotion_instability': 3.1, 'eye_avoidance': 0.2, 'head_movement': 5.1}",STABLE,"{'visual': 0.745, 'audio': 0.255}",False,neutral,2026-07-09 10:14:21
neutral,calm,LOW,Stable emotional condition,0.66,0.211,13,0.457,fear,0.22,MEDIUM,0.41,0.0924,0.786,0.1197,0.1357,0.6715,0.8643,0.202,False,LOW,0.207,25.3,LOW,LOW,23.6,LOW,"{'visual_stress': 0.0, 'audio_stress': 15.0, 'emotion_instability': 3.1, 'eye_avoidance': 0.2, 'head_movement': 5.2}",STABLE,"{'visual': 0.636, 'audio': 0.364}",False,neutral,2026-07-09 10:14:22
neutral,calm,LOW,Stable emotional condition,0.67,0.213,13,0.46,fear,0.22,MEDIUM,0.41,0.0924,0.786,0.1197,0.1357,0.6715,0.8643,0.202,False,LOW,0.206,25.2,LOW,LOW,23.4,LOW,"{'visual_stress': 0.0, 'audio_stress': 15.0, 'emotion_instability': 2.6, 'eye_avoidance': 0.2, 'head_movement': 5.2}",STABLE,"{'visual': 0.637, 'audio': 0.363}",False,neutral,2026-07-09 10:14:22
sad,calm,MEDIUM,Stable emotional condition,0.42,0.173,13,0.457,fear,0.22,MEDIUM,0.41,0.0924,0.786,0.1197,0.1357,0.6715,0.8643,0.202,False,MEDIUM,0.5,52.2,MEDIUM,LOW,30.4,LOW,"{'visual_stress': 17.5, 'audio_stress': 15.0, 'emotion_instability': 3.1, 'eye_avoidance': 0.2, 'head_movement': 5.2}",STABLE,"{'visual': 0.588, 'audio': 0.412}",False,sad,2026-07-09 10:14:22
sad,calm,MEDIUM,Stable emotional condition,0.42,0.177,13,0.467,fear,0.22,MEDIUM,0.41,0.0924,0.786,0.1197,0.1357,0.6715,0.8643,0.202,False,MEDIUM,0.5,52.2,MEDIUM,LOW,34.5,LOW,"{'visual_stress': 17.5, 'audio_stress': 15.0, 'emotion_instability': 2.6, 'eye_avoidance': 0.2, 'head_movement': 5.2}",STABLE,"{'visual': 0.593, 'audio': 0.407}",False,sad,2026-07-09 10:14:23
neutral,calm,LOW,Stable emotional condition,0.66,0.302,13,0.464,fear,0.22,MEDIUM,0.41,0.0924,0.786,0.1197,0.1357,0.6715,0.8643,0.202,False,LOW,0.205,25.3,LOW,LOW,30.1,LOW,"{'visual_stress': 0.0, 'audio_stress': 15.0, 'emotion_instability': 3.1, 'eye_avoidance': 0.2, 'head_movement': 5.2}",STABLE,"{'visual': 0.714, 'audio': 0.286}",False,neutral,2026-07-09 10:14:23
neutral,calm,LOW,Stable emotional condition,0.66,0.298,13,0.457,fear,0.22,MEDIUM,0.41,0.0924,0.786,0.1197,0.1357,0.6715,0.8643,0.202,False,LOW,0.207,25.2,LOW,LOW,27.2,LOW,"{'visual_stress': 0.0, 'audio_stress': 15.0, 'emotion_instability': 2.6, 'eye_avoidance': 0.2, 'head_movement': 5.2}",STABLE,"{'visual': 0.711, 'audio': 0.289}",False,neutral,2026-07-09 10:14:23
fear,calm,MEDIUM,Negative emotional state,0.46,0.265,13,0.439,fear,0.22,MEDIUM,0.41,0.0924,0.786,0.1197,0.1357,0.6715,0.8643,0.202,True,MEDIUM,0.5,52.2,MEDIUM,MEDIUM,32.7,LOW,"{'visual_stress': 17.5, 'audio_stress': 15.0, 'emotion_instability': 3.1, 'eye_avoidance': 0.2, 'head_movement': 5.2}",FLUCTUATING,"{'visual': 0.478, 'audio': 0.522}",False,fear,2026-07-09 10:14:24
fear,calm,MEDIUM,Negative emotional state,0.46,0.262,13,0.418,fear,0.22,MEDIUM,0.41,0.0924,0.786,0.1197,0.1357,0.6715,0.8643,0.202,True,MEDIUM,0.5,52.3,MEDIUM,MEDIUM,36.1,LOW,"{'visual_stress': 17.5, 'audio_stress': 15.0, 'emotion_instability': 3.1, 'eye_avoidance': 0.2, 'head_movement': 5.3}",FLUCTUATING,"{'visual': 0.465, 'audio': 0.535}",False,fear,2026-07-09 10:14:24
neutral,calm,LOW,Stable emotional condition,0.66,0.229,13,0.403,fear,0.22,MEDIUM,0.41,0.0924,0.786,0.1197,0.1357,0.6715,0.8643,0.202,False,LOW,0.222,25.2,LOW,LOW,31.2,LOW,"{'visual_stress': 0.0, 'audio_stress': 15.0, 'emotion_instability': 3.6, 'eye_avoidance': 0.0, 'head_movement': 5.3}",FLUCTUATING,"{'visual': 0.654, 'audio': 0.346}",False,neutral,2026-07-09 10:14:25
neutral,calm,LOW,Stable emotional condition,0.66,0.247,13,0.435,fear,0.22,MEDIUM,0.41,0.0924,0.786,0.1197,0.1357,0.6715,0.8643,0.202,False,LOW,0.213,25.2,LOW,LOW,28.3,LOW,"{'visual_stress': 0.0, 'audio_stress': 15.0, 'emotion_instability': 3.6, 'eye_avoidance': 0.0, 'head_movement': 5.4}",FLUCTUATING,"{'visual': 0.671, 'audio': 0.329}",False,neutral,2026-07-09 10:14:25
fear,calm,MEDIUM,Negative emotional state,0.42,0.337,13,0.43,fear,0.2733333333333333,MEDIUM,0.4133,0.0709,0.74,0.3442,0.5276,1.3431,0.4724,0.2844,True,MEDIUM,0.5,52.2,MEDIUM,MEDIUM,33.8,LOW,"{'visual_stress': 17.5, 'audio_stress': 15.0, 'emotion_instability': 4.1, 'eye_avoidance': 0.0, 'head_movement': 5.4}",FLUCTUATING,"{'visual': 0.573, 'audio': 0.427}",False,fear,2026-07-09 10:14:26
fear,calm,MEDIUM,Negative emotional state,0.42,0.331,13,0.412,fear,0.2733333333333333,MEDIUM,0.4133,0.0709,0.74,0.3442,0.5276,1.3431,0.4724,0.2844,True,MEDIUM,0.5,52.2,MEDIUM,MEDIUM,37.0,LOW,"{'visual_stress': 17.5, 'audio_stress': 15.0, 'emotion_instability': 4.1, 'eye_avoidance': 0.0, 'head_movement': 5.3}",FLUCTUATING,"{'visual': 0.562, 'audio': 0.438}",False,fear,2026-07-09 10:14:26
neutral,calm,LOW,Stable emotional condition,0.67,0.162,13,0.361,fear,0.2733333333333333,MEDIUM,0.4133,0.0709,0.74,0.3442,0.5276,1.3431,0.4724,0.2844,False,LOW,0.229,25.2,LOW,LOW,32.2,LOW,"{'visual_stress': 0.0, 'audio_stress': 15.0, 'emotion_instability': 4.7, 'eye_avoidance': 0.0, 'head_movement': 5.3}",FLUCTUATING,"{'visual': 0.533, 'audio': 0.467}",False,neutral,2026-07-09 10:14:27
neutral,disgust,LOW,Stable emotional condition,0.66,0.174,13,0.389,fear,0.2733333333333333,MEDIUM,0.4133,0.0709,0.74,0.3442,0.5276,1.3431,0.4724,0.2844,False,LOW,0.22,25.2,LOW,LOW,29.3,LOW,"{'visual_stress': 0.0, 'audio_stress': 15.0, 'emotion_instability': 4.7, 'eye_avoidance': 0.0, 'head_movement': 5.3}",STABLE,"{'visual': 0.552, 'audio': 0.448}",False,neutral,2026-07-09 10:14:27
neutral,disgust,LOW,Stable emotional condition,0.73,0.189,13,0.386,fear,0.2733333333333333,MEDIUM,0.4133,0.0709,0.74,0.3442,0.5276,1.3431,0.4724,0.2844,False,LOW,0.221,25.1,LOW,LOW,27.6,LOW,"{'visual_stress': 0.0, 'audio_stress': 15.0, 'emotion_instability': 4.7, 'eye_avoidance': 0.0, 'head_movement': 5.3}",STABLE,"{'visual': 0.572, 'audio': 0.428}",False,neutral,2026-07-09 10:14:27
neutral,surprised,LOW,Stable emotional condition,0.66,0.189,13,0.386,fear,0.2733333333333333,MEDIUM,0.4133,0.0709,0.74,0.3442,0.5276,1.3431,0.4724,0.2844,False,LOW,0.221,24.5,LOW,LOW,26.1,LOW,"{'visual_stress': 0.0, 'audio_stress': 15.0, 'emotion_instability': 4.1, 'eye_avoidance': 0.0, 'head_movement': 4.7}",STABLE,"{'visual': 0.572, 'audio': 0.428}",False,neutral,2026-07-09 10:14:28
neutral,surprised,LOW,Stable emotional condition,0.74,0.152,13,0.375,fear,0.2733333333333333,MEDIUM,0.4133,0.0709,0.74,0.3442,0.5276,1.3431,0.4724,0.2844,False,LOW,0.225,24.1,LOW,LOW,25.0,LOW,"{'visual_stress': 0.0, 'audio_stress': 15.0, 'emotion_instability': 4.1, 'eye_avoidance': 0.0, 'head_movement': 4.2}",STABLE,"{'visual': 0.518, 'audio': 0.482}",False,neutral,2026-07-09 10:14:28
neutral,surprised,LOW,Stable emotional condition,0.74,0.155,13,0.382,fear,0.2733333333333333,MEDIUM,0.4133,0.0709,0.74,0.3442,0.5276,1.3431,0.4724,0.2844,False,LOW,0.222,23.6,LOW,LOW,23.9,LOW,"{'visual_stress': 0.0, 'audio_stress': 15.0, 'emotion_instability': 3.6, 'eye_avoidance': 0.0, 'head_movement': 3.7}",STABLE,"{'visual': 0.523, 'audio': 0.477}",False,neutral,2026-07-09 10:14:28
neutral,surprised,LOW,Stable emotional condition,0.74,0.231,13,0.384,fear,0.2733333333333333,MEDIUM,0.4133,0.0709,0.74,0.3442,0.5276,1.3431,0.4724,0.2844,False,LOW,0.222,23.3,LOW,LOW,23.2,LOW,"{'visual_stress': 0.0, 'audio_stress': 15.0, 'emotion_instability': 3.6, 'eye_avoidance': 0.0, 'head_movement': 3.5}",STABLE,"{'visual': 0.62, 'audio': 0.38}",False,neutral,2026-07-09 10:14:29
neutral,surprised,LOW,Stable emotional condition,0.67,0.241,13,0.4,fear,0.2733333333333333,MEDIUM,0.4133,0.0709,0.74,0.3442,0.5276,1.3431,0.4724,0.2844,False,LOW,0.217,23.0,LOW,LOW,22.4,LOW,"{'visual_stress': 0.0, 'audio_stress': 15.0, 'emotion_instability': 3.1, 'eye_avoidance': 0.0, 'head_movement': 3.2}",STABLE,"{'visual': 0.63, 'audio': 0.37}",False,neutral,2026-07-09 10:14:29
neutral,surprised,LOW,Stable emotional condition,0.72,0.252,13,0.392,angry,0.19333333333333333,MEDIUM,0.4533,0.0747,0.749,0.3592,0.3668,1.3431,0.6332,0.2731,False,LOW,0.232,22.8,LOW,LOW,21.9,LOW,"{'visual_stress': 0.0, 'audio_stress': 15.0, 'emotion_instability': 3.1, 'eye_avoidance': 0.0, 'head_movement': 3.0}",STABLE,"{'visual': 0.714, 'audio': 0.286}",False,neutral,2026-07-09 10:14:30
neutral,surprised,LOW,Stable emotional condition,0.67,0.251,13,0.389,angry,0.19333333333333333,MEDIUM,0.4533,0.0747,0.749,0.3592,0.3668,1.3431,0.6332,0.2731,False,LOW,0.233,22.9,LOW,LOW,21.6,LOW,"{'visual_stress': 0.0, 'audio_stress': 15.0, 'emotion_instability': 3.1, 'eye_avoidance': 0.0, 'head_movement': 3.0}",STABLE,"{'visual': 0.712, 'audio': 0.288}",False,neutral,2026-07-09 10:14:30
neutral,surprised,LOW,Stable emotional condition,0.65,0.238,14,0.39,angry,0.19333333333333333,MEDIUM,0.4533,0.0747,0.749,0.3592,0.3668,1.3431,0.6332,0.2731,False,LOW,0.233,23.2,LOW,LOW,21.4,LOW,"{'visual_stress': 0.0, 'audio_stress': 15.0, 'emotion_instability': 3.1, 'eye_avoidance': 0.0, 'head_movement': 3.0}",STABLE,"{'visual': 0.701, 'audio': 0.299}",False,neutral,2026-07-09 10:14:31
neutral,surprised,LOW,Stable emotional condition,0.65,0.234,14,0.385,angry,0.19333333333333333,MEDIUM,0.4533,0.0747,0.749,0.3592,0.3668,1.3431,0.6332,0.2731,False,LOW,0.234,23.3,LOW,LOW,21.3,LOW,"{'visual_stress': 0.0, 'audio_stress': 15.0, 'emotion_instability': 3.1, 'eye_avoidance': 0.0, 'head_movement': 3.1}",STABLE,"{'visual': 0.698, 'audio': 0.302}",False,neutral,2026-07-09 10:14:31
happy,calm,LOW,Stable emotional condition,0.65,0.23,14,0.377,angry,0.19333333333333333,MEDIUM,0.4533,0.0747,0.749,0.3592,0.3668,1.3431,0.6332,0.2731,False,LOW,0.237,20.3,LOW,LOW,21.5,LOW,"{'visual_stress': 0.0, 'audio_stress': 15.0, 'emotion_instability': 3.6, 'eye_avoidance': 0.0, 'head_movement': 3.1}",STABLE,"{'visual': 0.694, 'audio': 0.306}",False,happy,2026-07-09 10:14:32
happy,calm,LOW,Stable emotional condition,0.65,0.231,14,0.379,angry,0.19333333333333333,MEDIUM,0.4533,0.0747,0.749,0.3592,0.3668,1.3431,0.6332,0.2731,False,LOW,0.236,20.3,LOW,LOW,21.6,LOW,"{'visual_stress': 0.0, 'audio_stress': 15.0, 'emotion_instability': 3.6, 'eye_avoidance': 0.0, 'head_movement': 3.2}",STABLE,"{'visual': 0.695, 'audio': 0.305}",False,happy,2026-07-09 10:14:32
neutral,calm,LOW,Stable emotional condition,0.65,0.26,14,0.371,angry,0.19333333333333333,MEDIUM,0.4533,0.0747,0.749,0.3592,0.3668,1.3431,0.6332,0.2731,False,LOW,0.239,23.4,LOW,LOW,21.9,LOW,"{'visual_stress': 0.0, 'audio_stress': 15.0, 'emotion_instability': 4.1, 'eye_avoidance': 0.0, 'head_movement': 3.2}",STABLE,"{'visual': 0.719, 'audio': 0.281}",False,neutral,2026-07-09 10:14:32
neutral,calm,LOW,Stable emotional condition,0.65,0.259,14,0.37,angry,0.19333333333333333,MEDIUM,0.4533,0.0747,0.749,0.3592,0.3668,1.3431,0.6332,0.2731,False,LOW,0.239,23.5,LOW,LOW,22.1,LOW,"{'visual_stress': 0.0, 'audio_stress': 15.0, 'emotion_instability': 4.1, 'eye_avoidance': 0.0, 'head_movement': 3.4}",STABLE,"{'visual': 0.719, 'audio': 0.281}",False,neutral,2026-07-09 10:14:33
neutral,calm,LOW,Stable emotional condition,0.65,0.249,14,0.379,angry,0.19333333333333333,MEDIUM,0.4533,0.0747,0.749,0.3592,0.3668,1.3431,0.6332,0.2731,False,LOW,0.236,23.5,LOW,LOW,22.3,LOW,"{'visual_stress': 0.0, 'audio_stress': 15.0, 'emotion_instability': 4.1, 'eye_avoidance': 0.0, 'head_movement': 3.4}",STABLE,"{'visual': 0.711, 'audio': 0.289}",False,neutral,2026-07-09 10:14:33
neutral,calm,LOW,Stable emotional condition,0.65,0.254,14,0.386,angry,0.19333333333333333,MEDIUM,0.4533,0.0747,0.749,0.3592,0.3668,1.3431,0.6332,0.2731,False,LOW,0.234,23.5,LOW,LOW,22.3,LOW,"{'visual_stress': 0.0, 'audio_stress': 15.0, 'emotion_instability': 4.1, 'eye_avoidance': 0.0, 'head_movement': 3.3}",STABLE,"{'visual': 0.715, 'audio': 0.285}",False,neutral,2026-07-09 10:14:34
neutral,calm,LOW,Stable emotional condition,0.7,0.27,14,0.386,angry,0.19333333333333333,MEDIUM,0.42,0.0504,0.681,0.6435,0.5276,2.6862,0.4724,0.1964,False,LOW,0.213,23.4,LOW,LOW,22.4,LOW,"{'visual_stress': 0.0, 'audio_stress': 15.0, 'emotion_instability': 4.1, 'eye_avoidance': 0.0, 'head_movement': 3.3}",STABLE,"{'visual': 0.746, 'audio': 0.254}",False,neutral,2026-07-09 10:14:34
neutral,calm,LOW,Stable emotional condition,0.72,0.277,14,0.396,angry,0.19333333333333333,MEDIUM,0.42,0.0504,0.681,0.6435,0.5276,2.6862,0.4724,0.1964,False,LOW,0.21,23.4,LOW,LOW,22.1,LOW,"{'visual_stress': 0.0, 'audio_stress': 15.0, 'emotion_instability': 3.6, 'eye_avoidance': 0.0, 'head_movement': 3.2}",STABLE,"{'visual': 0.75, 'audio': 0.25}",False,neutral,2026-07-09 10:14:35
neutral,calm,LOW,Stable emotional condition,0.65,0.274,14,0.403,angry,0.19333333333333333,MEDIUM,0.42,0.0504,0.681,0.6435,0.5276,2.6862,0.4724,0.1964,False,LOW,0.208,23.4,LOW,LOW,22.0,LOW,"{'visual_stress': 0.0, 'audio_stress': 15.0, 'emotion_instability': 3.6, 'eye_avoidance': 0.0, 'head_movement': 3.2}",STABLE,"{'visual': 0.748, 'audio': 0.252}",False,neutral,2026-07-09 10:14:35
neutral,calm,LOW,Stable emotional condition,0.7,0.278,14,0.41,angry,0.19333333333333333,MEDIUM,0.42,0.0504,0.681,0.6435,0.5276,2.6862,0.4724,0.1964,False,LOW,0.205,23.4,LOW,LOW,21.7,LOW,"{'visual_stress': 0.0, 'audio_stress': 15.0, 'emotion_instability': 3.1, 'eye_avoidance': 0.0, 'head_movement': 3.2}",STABLE,"{'visual': 0.751, 'audio': 0.249}",False,neutral,2026-07-09 10:14:36
neutral,calm,LOW,Stable emotional condition,0.74,0.29,14,0.418,angry,0.19333333333333333,MEDIUM,0.42,0.0504,0.681,0.6435,0.5276,2.6862,0.4724,0.1964,False,LOW,0.203,23.3,LOW,LOW,21.5,LOW,"{'visual_stress': 0.0, 'audio_stress': 15.0, 'emotion_instability': 3.1, 'eye_avoidance': 0.0, 'head_movement': 3.1}",STABLE,"{'visual': 0.759, 'audio': 0.241}",False,neutral,2026-07-09 10:14:36
neutral,calm,LOW,Stable emotional condition,0.81,0.295,14,0.425,angry,0.19333333333333333,MEDIUM,0.42,0.0504,0.681,0.6435,0.5276,2.6862,0.4724,0.1964,False,LOW,0.201,23.2,LOW,LOW,21.2,LOW,"{'visual_stress': 0.0, 'audio_stress': 15.0, 'emotion_instability': 2.6, 'eye_avoidance': 0.0, 'head_movement': 3.1}",STABLE,"{'visual': 0.762, 'audio': 0.238}",False,neutral,2026-07-09 10:14:36
neutral,calm,LOW,Stable emotional condition,0.74,0.278,14,0.437,angry,0.19333333333333333,MEDIUM,0.42,0.0504,0.681,0.6435,0.5276,2.6862,0.4724,0.1964,False,LOW,0.198,23.3,LOW,LOW,21.0,LOW,"{'visual_stress': 0.0, 'audio_stress': 15.0, 'emotion_instability': 2.6, 'eye_avoidance': 0.0, 'head_movement': 3.2}",STABLE,"{'visual': 0.751, 'audio': 0.249}",False,neutral,2026-07-09 10:14:37
neutral,calm,LOW,Stable emotional condition,0.57,0.285,15,0.447,angry,0.19333333333333333,MEDIUM,0.42,0.0504,0.681,0.6435,0.5276,2.6862,0.4724,0.1964,False,LOW,0.195,23.7,LOW,LOW,20.7,LOW,"{'visual_stress': 0.0, 'audio_stress': 15.0, 'emotion_instability': 2.1, 'eye_avoidance': 0.0, 'head_movement': 3.2}",STABLE,"{'visual': 0.755, 'audio': 0.245}",False,neutral,2026-07-09 10:14:37
sad,calm,MEDIUM,Stable emotional condition,0.46,0.111,15,0.441,angry,0.19333333333333333,MEDIUM,0.42,0.0504,0.681,0.6435,0.5276,2.6862,0.4724,0.1964,False,MEDIUM,0.5,50.7,MEDIUM,LOW,27.8,LOW,"{'visual_stress': 17.5, 'audio_stress': 15.0, 'emotion_instability': 2.6, 'eye_avoidance': 0.0, 'head_movement': 3.2}",STABLE,"{'visual': 0.547, 'audio': 0.453}",False,sad,2026-07-09 10:14:37
sad,calm,MEDIUM,Stable emotional condition,0.51,0.111,15,0.439,angry,0.19333333333333333,MEDIUM,0.42,0.0504,0.681,0.6435,0.5276,2.6862,0.4724,0.1964,False,MEDIUM,0.5,50.9,MEDIUM,LOW,31.9,LOW,"{'visual_stress': 17.5, 'audio_stress': 15.0, 'emotion_instability': 2.1, 'eye_avoidance': 0.0, 'head_movement': 3.4}",STABLE,"{'visual': 0.546, 'audio': 0.454}",False,sad,2026-07-09 10:14:38
neutral,calm,LOW,Stable emotional condition,0.63,0.273,15,0.438,fear,0.19666666666666666,MEDIUM,0.43,0.0372,0.628,0.419,0.2714,2.3504,0.7286,0.1155,False,LOW,0.191,24.0,LOW,LOW,27.6,LOW,"{'visual_stress': 0.0, 'audio_stress': 15.0, 'emotion_instability': 2.6, 'eye_avoidance': 0.0, 'head_movement': 3.5}",STABLE,"{'visual': 0.759, 'audio': 0.241}",False,neutral,2026-07-09 10:14:39
neutral,calm,LOW,Stable emotional condition,0.57,0.292,15,0.469,fear,0.19666666666666666,MEDIUM,0.43,0.0372,0.628,0.419,0.2714,2.3504,0.7286,0.1155,False,LOW,0.183,24.2,LOW,LOW,24.9,LOW,"{'visual_stress': 0.0, 'audio_stress': 15.0, 'emotion_instability': 2.1, 'eye_avoidance': 0.0, 'head_movement': 3.7}",STABLE,"{'visual': 0.772, 'audio': 0.228}",False,neutral,2026-07-09 10:14:39
neutral,calm,LOW,Stable emotional condition,0.57,0.272,15,0.463,fear,0.19666666666666666,MEDIUM,0.43,0.0372,0.628,0.419,0.2714,2.3504,0.7286,0.1155,False,LOW,0.184,24.4,LOW,LOW,23.3,LOW,"{'visual_stress': 0.0, 'audio_stress': 15.0, 'emotion_instability': 2.1, 'eye_avoidance': 0.0, 'head_movement': 3.9}",STABLE,"{'visual': 0.759, 'audio': 0.241}",False,neutral,2026-07-09 10:14:40
neutral,calm,LOW,Stable emotional condition,0.57,0.28,15,0.477,fear,0.19666666666666666,MEDIUM,0.43,0.0372,0.628,0.419,0.2714,2.3504,0.7286,0.1155,False,LOW,0.181,24.6,LOW,LOW,22.5,LOW,"{'visual_stress': 0.0, 'audio_stress': 15.0, 'emotion_instability': 2.1, 'eye_avoidance': 0.0, 'head_movement': 4.1}",STABLE,"{'visual': 0.764, 'audio': 0.236}",False,neutral,2026-07-09 10:14:40
neutral,calm,LOW,Stable emotional condition,0.57,0.272,15,0.474,fear,0.19666666666666666,MEDIUM,0.43,0.0372,0.628,0.419,0.2714,2.3504,0.7286,0.1155,False,LOW,0.181,24.6,LOW,LOW,22.0,LOW,"{'visual_stress': 0.0, 'audio_stress': 15.0, 'emotion_instability': 2.1, 'eye_avoidance': 0.0, 'head_movement': 4.1}",STABLE,"{'visual': 0.759, 'audio': 0.241}",False,neutral,2026-07-09 10:14:40
neutral,calm,LOW,Stable emotional condition,0.57,0.249,15,0.433,fear,0.19666666666666666,MEDIUM,0.43,0.0372,0.628,0.419,0.2714,2.3504,0.7286,0.1155,False,LOW,0.192,24.7,LOW,LOW,21.7,LOW,"{'visual_stress': 0.0, 'audio_stress': 15.0, 'emotion_instability': 2.1, 'eye_avoidance': 0.0, 'head_movement': 4.2}",STABLE,"{'visual': 0.742, 'audio': 0.258}",False,neutral,2026-07-09 10:14:41
neutral,calm,LOW,Stable emotional condition,0.57,0.236,15,0.421,fear,0.19666666666666666,MEDIUM,0.43,0.0372,0.628,0.419,0.2714,2.3504,0.7286,0.1155,False,LOW,0.195,24.5,LOW,LOW,21.5,LOW,"{'visual_stress': 0.0, 'audio_stress': 15.0, 'emotion_instability': 2.1, 'eye_avoidance': 0.0, 'head_movement': 4.0}",STABLE,"{'visual': 0.732, 'audio': 0.268}",False,neutral,2026-07-09 10:14:41
neutral,calm,LOW,Stable emotional condition,0.62,0.234,15,0.417,fear,0.19666666666666666,MEDIUM,0.43,0.0372,0.628,0.419,0.2714,2.3504,0.7286,0.1155,False,LOW,0.197,24.5,LOW,LOW,21.3,LOW,"{'visual_stress': 0.0, 'audio_stress': 15.0, 'emotion_instability': 2.1, 'eye_avoidance': 0.0, 'head_movement': 4.0}",STABLE,"{'visual': 0.73, 'audio': 0.27}",False,neutral,2026-07-09 10:14:41
neutral,calm,LOW,Stable emotional condition,0.62,0.277,15,0.416,fear,0.19666666666666666,MEDIUM,0.43,0.0372,0.628,0.419,0.2714,2.3504,0.7286,0.1155,False,LOW,0.197,24.4,LOW,LOW,21.2,LOW,"{'visual_stress': 0.0, 'audio_stress': 15.0, 'emotion_instability': 2.1, 'eye_avoidance': 0.0, 'head_movement': 3.9}",STABLE,"{'visual': 0.762, 'audio': 0.238}",False,neutral,2026-07-09 10:14:42
neutral,calm,LOW,Stable emotional condition,0.57,0.276,15,0.415,fear,0.19666666666666666,MEDIUM,0.43,0.0372,0.628,0.419,0.2714,2.3504,0.7286,0.1155,False,LOW,0.197,24.4,LOW,LOW,21.1,LOW,"{'visual_stress': 0.0, 'audio_stress': 15.0, 'emotion_instability': 2.1, 'eye_avoidance': 0.0, 'head_movement': 3.9}",STABLE,"{'visual': 0.761, 'audio': 0.239}",False,neutral,2026-07-09 10:14:42
neutral,calm,LOW,Stable emotional condition,0.57,0.282,15,0.42,fear,0.26,LOW,0.4533,0.0563,0.7,0.2544,0.6482,0.6715,0.3518,0.1721,False,LOW,0.0,11.9,LOW,LOW,15.1,LOW,"{'visual_stress': 0.0, 'audio_stress': 0.0, 'emotion_instability': 2.1, 'eye_avoidance': 0.0, 'head_movement': 3.9}",STABLE,"{'visual': 0.689, 'audio': 0.311}",False,neutral,2026-07-09 10:14:43
neutral,calm,LOW,Stable emotional condition,0.62,0.283,15,0.421,fear,0.26,LOW,0.4533,0.0563,0.7,0.2544,0.6482,0.6715,0.3518,0.1721,False,LOW,0.0,11.9,LOW,LOW,11.4,LOW,"{'visual_stress': 0.0, 'audio_stress': 0.0, 'emotion_instability': 2.1, 'eye_avoidance': 0.0, 'head_movement': 3.9}",STABLE,"{'visual': 0.69, 'audio': 0.31}",False,neutral,2026-07-09 10:14:43
neutral,calm,LOW,Stable emotional condition,0.57,0.264,15,0.424,fear,0.26,LOW,0.4533,0.0563,0.7,0.2544,0.6482,0.6715,0.3518,0.1721,False,LOW,0.0,11.9,LOW,LOW,9.3,LOW,"{'visual_stress': 0.0, 'audio_stress': 0.0, 'emotion_instability': 2.1, 'eye_avoidance': 0.0, 'head_movement': 3.9}",STABLE,"{'visual': 0.675, 'audio': 0.325}",False,neutral,2026-07-09 10:14:44
neutral,calm,LOW,Stable emotional condition,0.63,0.27,15,0.433,fear,0.26,LOW,0.4533,0.0563,0.7,0.2544,0.6482,0.6715,0.3518,0.1721,False,LOW,0.0,11.9,LOW,LOW,7.8,LOW,"{'visual_stress': 0.0, 'audio_stress': 0.0, 'emotion_instability': 1.6, 'eye_avoidance': 0.0, 'head_movement': 3.9}",STABLE,"{'visual': 0.679, 'audio': 0.321}",False,neutral,2026-07-09 10:14:44
neutral,calm,LOW,Stable emotional condition,0.65,0.298,15,0.43,fear,0.26,LOW,0.4533,0.0563,0.7,0.2544,0.6482,0.6715,0.3518,0.1721,False,LOW,0.0,11.8,LOW,LOW,6.8,LOW,"{'visual_stress': 0.0, 'audio_stress': 0.0, 'emotion_instability': 1.6, 'eye_avoidance': 0.0, 'head_movement': 3.8}",STABLE,"{'visual': 0.701, 'audio': 0.299}",False,neutral,2026-07-09 10:14:45
neutral,calm,LOW,Stable emotional condition,0.57,0.291,16,0.42,fear,0.26,LOW,0.4533,0.0563,0.7,0.2544,0.6482,0.6715,0.3518,0.1721,False,LOW,0.0,12.0,LOW,LOW,6.0,LOW,"{'visual_stress': 0.0, 'audio_stress': 0.0, 'emotion_instability': 1.0, 'eye_avoidance': 0.0, 'head_movement': 3.7}",STABLE,"{'visual': 0.696, 'audio': 0.304}",False,neutral,2026-07-09 10:14:45
neutral,calm,LOW,Stable emotional condition,0.57,0.259,16,0.42,fear,0.26,LOW,0.4533,0.0563,0.7,0.2544,0.6482,0.6715,0.3518,0.1721,False,LOW,0.0,12.0,LOW,LOW,5.4,LOW,"{'visual_stress': 0.0, 'audio_stress': 0.0, 'emotion_instability': 1.0, 'eye_avoidance': 0.0, 'head_movement': 3.6}",STABLE,"{'visual': 0.67, 'audio': 0.33}",False,neutral,2026-07-09 10:14:45
neutral,calm,LOW,Stable emotional condition,0.57,0.253,16,0.41,fear,0.26,LOW,0.4533,0.0563,0.7,0.2544,0.6482,0.6715,0.3518,0.1721,False,LOW,0.0,11.8,LOW,LOW,5.1,LOW,"{'visual_stress': 0.0, 'audio_stress': 0.0, 'emotion_instability': 1.0, 'eye_avoidance': 0.0, 'head_movement': 3.5}",STABLE,"{'visual': 0.665, 'audio': 0.335}",False,neutral,2026-07-09 10:14:46
neutral,calm,LOW,Stable emotional condition,0.57,0.165,16,0.406,fear,0.26,LOW,0.4533,0.0563,0.7,0.2544,0.6482,0.6715,0.3518,0.1721,False,LOW,0.0,11.7,LOW,LOW,4.8,LOW,"{'visual_stress': 0.0, 'audio_stress': 0.0, 'emotion_instability': 1.0, 'eye_avoidance': 0.0, 'head_movement': 3.4}",STABLE,"{'visual': 0.564, 'audio': 0.436}",False,neutral,2026-07-09 10:14:46
neutral,calm,LOW,Stable emotional condition,0.57,0.163,16,0.401,fear,0.26,LOW,0.4533,0.0563,0.7,0.2544,0.6482,0.6715,0.3518,0.1721,False,LOW,0.0,11.6,LOW,LOW,4.6,LOW,"{'visual_stress': 0.0, 'audio_stress': 0.0, 'emotion_instability': 1.0, 'eye_avoidance': 0.0, 'head_movement': 3.2}",STABLE,"{'visual': 0.561, 'audio': 0.439}",False,neutral,2026-07-09 10:14:46
neutral,calm,LOW,Stable emotional condition,0.57,0.27,16,0.398,fear,0.2633333333333333,LOW,0.3767,0.039,0.637,0.4939,0.4523,1.0073,0.5477,0.2295,False,LOW,0.0,11.5,LOW,LOW,4.4,LOW,"{'visual_stress': 0.0, 'audio_stress': 0.0, 'emotion_instability': 1.0, 'eye_avoidance': 0.0, 'head_movement': 3.1}",STABLE,"{'visual': 0.697, 'audio': 0.303}",False,neutral,2026-07-09 10:14:47
neutral,calm,LOW,Stable emotional condition,0.72,0.269,16,0.396,fear,0.2633333333333333,LOW,0.3767,0.039,0.637,0.4939,0.4523,1.0073,0.5477,0.2295,False,LOW,0.0,11.3,LOW,LOW,4.2,LOW,"{'visual_stress': 0.0, 'audio_stress': 0.0, 'emotion_instability': 1.0, 'eye_avoidance': 0.0, 'head_movement': 3.0}",STABLE,"{'visual': 0.696, 'audio': 0.304}",False,neutral,2026-07-09 10:14:48
neutral,calm,LOW,Stable emotional condition,0.72,0.279,16,0.399,fear,0.2633333333333333,LOW,0.3767,0.039,0.637,0.4939,0.4523,1.0073,0.5477,0.2295,False,LOW,0.0,11.2,LOW,LOW,4.1,LOW,"{'visual_stress': 0.0, 'audio_stress': 0.0, 'emotion_instability': 1.0, 'eye_avoidance': 0.0, 'head_movement': 2.9}",STABLE,"{'visual': 0.704, 'audio': 0.296}",False,neutral,2026-07-09 10:14:48
neutral,calm,LOW,Stable emotional condition,0.64,0.284,16,0.406,fear,0.2633333333333333,LOW,0.3767,0.039,0.637,0.4939,0.4523,1.0073,0.5477,0.2295,False,LOW,0.0,11.2,LOW,LOW,4.0,LOW,"{'visual_stress': 0.0, 'audio_stress': 0.0, 'emotion_instability': 1.0, 'eye_avoidance': 0.0, 'head_movement': 2.9}",STABLE,"{'visual': 0.708, 'audio': 0.292}",False,neutral,2026-07-09 10:14:49
neutral,calm,LOW,Stable emotional condition,0.61,0.276,16,0.403,fear,0.2633333333333333,LOW,0.3767,0.039,0.637,0.4939,0.4523,1.0073,0.5477,0.2295,False,LOW,0.0,11.1,LOW,LOW,3.9,LOW,"{'visual_stress': 0.0, 'audio_stress': 0.0, 'emotion_instability': 1.0, 'eye_avoidance': 0.0, 'head_movement': 2.8}",STABLE,"{'visual': 0.702, 'audio': 0.298}",False,neutral,2026-07-09 10:14:49
neutral,calm,LOW,Stable emotional condition,0.65,0.271,16,0.395,fear,0.2633333333333333,LOW,0.3767,0.039,0.637,0.4939,0.4523,1.0073,0.5477,0.2295,False,LOW,0.0,11.0,LOW,LOW,3.8,LOW,"{'visual_stress': 0.0, 'audio_stress': 0.0, 'emotion_instability': 1.0, 'eye_avoidance': 0.0, 'head_movement': 2.7}",STABLE,"{'visual': 0.698, 'audio': 0.302}",False,neutral,2026-07-09 10:14:49
neutral,calm,LOW,Stable emotional condition,0.61,0.259,16,0.394,fear,0.2633333333333333,LOW,0.3767,0.039,0.637,0.4939,0.4523,1.0073,0.5477,0.2295,False,LOW,0.0,11.0,LOW,LOW,3.8,LOW,"{'visual_stress': 0.0, 'audio_stress': 0.0, 'emotion_instability': 1.0, 'eye_avoidance': 0.0, 'head_movement': 2.7}",STABLE,"{'visual': 0.688, 'audio': 0.312}",False,neutral,2026-07-09 10:14:50
neutral,calm,LOW,Stable emotional condition,0.57,0.255,16,0.388,fear,0.2633333333333333,LOW,0.3767,0.039,0.637,0.4939,0.4523,1.0073,0.5477,0.2295,False,LOW,0.0,11.0,LOW,LOW,3.5,LOW,"{'visual_stress': 0.0, 'audio_stress': 0.0, 'emotion_instability': 0.5, 'eye_avoidance': 0.0, 'head_movement': 2.6}",STABLE,"{'visual': 0.685, 'audio': 0.315}",False,neutral,2026-07-09 10:14:50
neutral,calm,LOW,Stable emotional condition,0.66,0.277,16,0.396,fear,0.2633333333333333,LOW,0.3767,0.039,0.637,0.4939,0.4523,1.0073,0.5477,0.2295,False,LOW,0.0,11.0,LOW,LOW,3.3,LOW,"{'visual_stress': 0.0, 'audio_stress': 0.0, 'emotion_instability': 0.5, 'eye_avoidance': 0.0, 'head_movement': 2.6}",STABLE,"{'visual': 0.702, 'audio': 0.298}",False,neutral,2026-07-09 10:14:51
neutral,calm,LOW,Stable emotional condition,0.65,0.306,16,0.437,fear,0.2633333333333333,LOW,0.3767,0.039,0.637,0.4939,0.4523,1.0073,0.5477,0.2295,False,LOW,0.0,10.9,LOW,LOW,3.0,LOW,"{'visual_stress': 0.0, 'audio_stress': 0.0, 'emotion_instability': 0.0, 'eye_avoidance': 0.0, 'head_movement': 2.5}",STABLE,"{'visual': 0.723, 'audio': 0.277}",False,neutral,2026-07-09 10:14:51
neutral,calm,LOW,Stable emotional condition,0.72,0.31,16,0.447,fear,0.15666666666666668,MEDIUM,0.5167,0.0291,0.586,0.0,0.7236,1.0073,0.2764,0.5463,False,LOW,0.202,23.2,LOW,LOW,8.8,LOW,"{'visual_stress': 0.0, 'audio_stress': 15.0, 'emotion_instability': 0.0, 'eye_avoidance': 0.0, 'head_movement': 2.4}",STABLE,"{'visual': 0.828, 'audio': 0.172}",False,neutral,2026-07-09 10:14:52
neutral,calm,LOW,Stable emotional condition,0.65,0.317,16,0.457,fear,0.15666666666666668,MEDIUM,0.5167,0.0291,0.586,0.0,0.7236,1.0073,0.2764,0.5463,False,LOW,0.199,23.1,LOW,LOW,12.2,LOW,"{'visual_stress': 0.0, 'audio_stress': 15.0, 'emotion_instability': 0.0, 'eye_avoidance': 0.0, 'head_movement': 2.3}",STABLE,"{'visual': 0.831, 'audio': 0.169}",False,neutral,2026-07-09 10:14:53
neutral,calm,LOW,Stable emotional condition,0.62,0.217,16,0.456,fear,0.15666666666666668,MEDIUM,0.5167,0.0291,0.586,0.0,0.7236,1.0073,0.2764,0.5463,False,LOW,0.2,23.2,LOW,LOW,14.3,LOW,"{'visual_stress': 0.0, 'audio_stress': 15.0, 'emotion_instability': 0.0, 'eye_avoidance': 0.0, 'head_movement': 2.4}",STABLE,"{'visual': 0.772, 'audio': 0.228}",False,neutral,2026-07-09 10:14:53
neutral,calm,LOW,Stable emotional condition,0.57,0.226,17,0.474,fear,0.15666666666666668,MEDIUM,0.5167,0.0291,0.586,0.0,0.7236,1.0073,0.2764,0.5463,False,LOW,0.195,23.6,LOW,LOW,15.5,LOW,"{'visual_stress': 0.0, 'audio_stress': 15.0, 'emotion_instability': 0.0, 'eye_avoidance': 0.0, 'head_movement': 2.4}",STABLE,"{'visual': 0.778, 'audio': 0.222}",False,neutral,2026-07-09 10:14:54
neutral,calm,LOW,Stable emotional condition,0.65,0.309,17,0.485,fear,0.15666666666666668,MEDIUM,0.5167,0.0291,0.586,0.0,0.7236,1.0073,0.2764,0.5463,False,LOW,0.192,23.7,LOW,LOW,16.3,LOW,"{'visual_stress': 0.0, 'audio_stress': 15.0, 'emotion_instability': 0.0, 'eye_avoidance': 0.0, 'head_movement': 2.5}",STABLE,"{'visual': 0.828, 'audio': 0.172}",False,neutral,2026-07-09 10:14:54
neutral,calm,LOW,Stable emotional condition,0.72,0.311,17,0.488,fear,0.15666666666666668,MEDIUM,0.5167,0.0291,0.586,0.0,0.7236,1.0073,0.2764,0.5463,False,LOW,0.191,24.0,LOW,LOW,16.9,LOW,"{'visual_stress': 0.0, 'audio_stress': 15.0, 'emotion_instability': 0.0, 'eye_avoidance': 0.0, 'head_movement': 2.9}",STABLE,"{'visual': 0.829, 'audio': 0.171}",False,neutral,2026-07-09 10:14:54
sad,calm,MEDIUM,Stable emotional condition,0.44,0.171,17,0.488,fear,0.15666666666666668,MEDIUM,0.5167,0.0291,0.586,0.0,0.7236,1.0073,0.2764,0.5463,False,MEDIUM,0.5,51.3,MEDIUM,LOW,24.6,LOW,"{'visual_stress': 17.5, 'audio_stress': 15.0, 'emotion_instability': 0.5, 'eye_avoidance': 0.0, 'head_movement': 3.1}",STABLE,"{'visual': 0.727, 'audio': 0.273}",False,sad,2026-07-09 10:14:55
sad,calm,MEDIUM,Stable emotional condition,0.34,0.168,17,0.48,fear,0.15666666666666668,MEDIUM,0.5167,0.0291,0.586,0.0,0.7236,1.0073,0.2764,0.5463,False,MEDIUM,0.5,51.4,MEDIUM,LOW,29.2,LOW,"{'visual_stress': 17.5, 'audio_stress': 15.0, 'emotion_instability': 0.5, 'eye_avoidance': 0.0, 'head_movement': 3.2}",STABLE,"{'visual': 0.723, 'audio': 0.277}",False,sad,2026-07-09 10:14:55
neutral,calm,LOW,Stable emotional condition,0.63,0.32,17,0.476,fear,0.15666666666666668,MEDIUM,0.5167,0.0291,0.586,0.0,0.7236,1.0073,0.2764,0.5463,False,LOW,0.194,24.5,LOW,LOW,25.3,LOW,"{'visual_stress': 0.0, 'audio_stress': 15.0, 'emotion_instability': 1.0, 'eye_avoidance': 0.0, 'head_movement': 3.4}",STABLE,"{'visual': 0.833, 'audio': 0.167}",False,neutral,2026-07-09 10:14:56
neutral,calm,LOW,Stable emotional condition,0.64,0.31,17,0.461,fear,0.15666666666666668,MEDIUM,0.5167,0.0291,0.586,0.0,0.7236,1.0073,0.2764,0.5463,False,LOW,0.198,24.7,LOW,LOW,23.0,LOW,"{'visual_stress': 0.0, 'audio_stress': 15.0, 'emotion_instability': 1.0, 'eye_avoidance': 0.0, 'head_movement': 3.5}",STABLE,"{'visual': 0.828, 'audio': 0.172}",False,neutral,2026-07-09 10:14:56
neutral,calm,LOW,Stable emotional condition,0.61,0.29,17,0.456,fear,0.20666666666666667,MEDIUM,0.48,0.0181,0.503,0.1347,0.7889,1.3431,0.2111,0.4864,False,LOW,0.173,24.8,LOW,LOW,21.7,LOW,"{'visual_stress': 0.0, 'audio_stress': 15.0, 'emotion_instability': 1.0, 'eye_avoidance': 0.0, 'head_movement': 3.7}",STABLE,"{'visual': 0.8, 'audio': 0.2}",False,neutral,2026-07-09 10:14:57
neutral,calm,LOW,Stable emotional condition,0.72,0.262,17,0.412,fear,0.20666666666666667,MEDIUM,0.48,0.0181,0.503,0.1347,0.7889,1.3431,0.2111,0.4864,False,LOW,0.185,24.9,LOW,LOW,20.9,LOW,"{'visual_stress': 0.0, 'audio_stress': 15.0, 'emotion_instability': 1.0, 'eye_avoidance': 0.0, 'head_movement': 3.8}",STABLE,"{'visual': 0.783, 'audio': 0.217}",False,neutral,2026-07-09 10:14:57
neutral,calm,LOW,Stable emotional condition,0.57,0.29,17,0.436,fear,0.20666666666666667,MEDIUM,0.48,0.0181,0.503,0.1347,0.7889,1.3431,0.2111,0.4864,False,LOW,0.178,25.0,LOW,LOW,20.5,LOW,"{'visual_stress': 0.0, 'audio_stress': 15.0, 'emotion_instability': 1.0, 'eye_avoidance': 0.0, 'head_movement': 3.9}",STABLE,"{'visual': 0.799, 'audio': 0.201}",False,neutral,2026-07-09 10:14:58
neutral,calm,LOW,Stable emotional condition,0.57,0.297,17,0.447,fear,0.20666666666666667,MEDIUM,0.48,0.0181,0.503,0.1347,0.7889,1.3431,0.2111,0.4864,False,LOW,0.175,25.2,LOW,LOW,20.3,LOW,"{'visual_stress': 0.0, 'audio_stress': 15.0, 'emotion_instability': 1.0, 'eye_avoidance': 0.0, 'head_movement': 4.0}",STABLE,"{'visual': 0.803, 'audio': 0.197}",False,neutral,2026-07-09 10:14:58
neutral,calm,LOW,Stable emotional condition,0.57,0.118,17,0.454,fear,0.20666666666666667,MEDIUM,0.48,0.0181,0.503,0.1347,0.7889,1.3431,0.2111,0.4864,False,LOW,0.174,25.3,LOW,LOW,20.3,LOW,"{'visual_stress': 0.0, 'audio_stress': 15.0, 'emotion_instability': 1.0, 'eye_avoidance': 0.0, 'head_movement': 4.2}",STABLE,"{'visual': 0.618, 'audio': 0.382}",False,neutral,2026-07-09 10:14:58
neutral,calm,LOW,Stable emotional condition,0.56,0.119,18,0.459,fear,0.20666666666666667,MEDIUM,0.48,0.0181,0.503,0.1347,0.7889,1.3431,0.2111,0.4864,False,LOW,0.172,25.9,LOW,LOW,20.3,LOW,"{'visual_stress': 0.0, 'audio_stress': 15.0, 'emotion_instability': 1.0, 'eye_avoidance': 0.0, 'head_movement': 4.3}",STABLE,"{'visual': 0.62, 'audio': 0.38}",False,neutral,2026-07-09 10:14:59
neutral,calm,LOW,Stable emotional condition,0.56,0.141,18,0.458,fear,0.20666666666666667,MEDIUM,0.48,0.0181,0.503,0.1347,0.7889,1.3431,0.2111,0.4864,False,LOW,0.173,26.0,LOW,LOW,20.4,LOW,"{'visual_stress': 0.0, 'audio_stress': 15.0, 'emotion_instability': 1.0, 'eye_avoidance': 0.0, 'head_movement': 4.5}",STABLE,"{'visual': 0.66, 'audio': 0.34}",False,neutral,2026-07-09 10:14:59
neutral,calm,LOW,Stable emotional condition,0.56,0.142,18,0.46,fear,0.20666666666666667,MEDIUM,0.48,0.0181,0.503,0.1347,0.7889,1.3431,0.2111,0.4864,False,LOW,0.172,26.0,LOW,LOW,20.4,LOW,"{'visual_stress': 0.0, 'audio_stress': 15.0, 'emotion_instability': 1.0, 'eye_avoidance': 0.0, 'head_movement': 4.5}",STABLE,"{'visual': 0.661, 'audio': 0.339}",False,neutral,2026-07-09 10:14:59
neutral,calm,LOW,Stable emotional condition,0.56,0.12,18,0.44,fear,0.20666666666666667,MEDIUM,0.48,0.0181,0.503,0.1347,0.7889,1.3431,0.2111,0.4864,False,LOW,0.177,26.0,LOW,LOW,20.5,LOW,"{'visual_stress': 0.0, 'audio_stress': 15.0, 'emotion_instability': 1.0, 'eye_avoidance': 0.0, 'head_movement': 4.5}",STABLE,"{'visual': 0.623, 'audio': 0.377}",False,neutral,2026-07-09 10:15:00
neutral,surprised,LOW,Stable emotional condition,0.56,0.108,18,0.394,fear,0.20666666666666667,MEDIUM,0.48,0.0181,0.503,0.1347,0.7889,1.3431,0.2111,0.4864,False,LOW,0.19,26.1,LOW,LOW,20.5,LOW,"{'visual_stress': 0.0, 'audio_stress': 15.0, 'emotion_instability': 1.0, 'eye_avoidance': 0.0, 'head_movement': 4.5}",STABLE,"{'visual': 0.596, 'audio': 0.404}",False,neutral,2026-07-09 10:15:00
neutral,surprised,LOW,Stable emotional condition,0.56,0.212,18,0.37,fear,0.2733333333333333,LOW,0.4067,0.0875,0.777,0.0599,0.397,1.0073,0.603,0.3941,False,LOW,0.0,13.6,LOW,LOW,14.5,LOW,"{'visual_stress': 0.0, 'audio_stress': 0.0, 'emotion_instability': 1.0, 'eye_avoidance': 0.0, 'head_movement': 4.6}",STABLE,"{'visual': 0.588, 'audio': 0.412}",False,neutral,2026-07-09 10:15:01
neutral,surprised,LOW,Stable emotional condition,0.56,0.208,18,0.363,fear,0.2733333333333333,LOW,0.4067,0.0875,0.777,0.0599,0.397,1.0073,0.603,0.3941,False,LOW,0.0,13.6,LOW,LOW,11.0,LOW,"{'visual_stress': 0.0, 'audio_stress': 0.0, 'emotion_instability': 1.0, 'eye_avoidance': 0.0, 'head_movement': 4.6}",STABLE,"{'visual': 0.584, 'audio': 0.416}",False,neutral,2026-07-09 10:15:01
sad,surprised,LOW,Negative emotional state,0.34,0.149,18,0.367,fear,0.2733333333333333,LOW,0.4067,0.0875,0.777,0.0599,0.397,1.0073,0.603,0.3941,False,LOW,0.269,40.7,MEDIUM,LOW,16.1,LOW,"{'visual_stress': 17.5, 'audio_stress': 0.0, 'emotion_instability': 1.6, 'eye_avoidance': 0.0, 'head_movement': 4.7}",STABLE,"{'visual': 0.437, 'audio': 0.563}",False,fear,2026-07-09 10:15:02
sad,surprised,LOW,Negative emotional state,0.35,0.149,18,0.365,fear,0.2733333333333333,LOW,0.4067,0.0875,0.777,0.0599,0.397,1.0073,0.603,0.3941,False,LOW,0.268,40.7,MEDIUM,LOW,19.2,LOW,"{'visual_stress': 17.5, 'audio_stress': 0.0, 'emotion_instability': 1.6, 'eye_avoidance': 0.0, 'head_movement': 4.7}",STABLE,"{'visual': 0.436, 'audio': 0.564}",False,fear,2026-07-09 10:15:02
sad,surprised,LOW,Negative emotional state,0.43,0.149,18,0.368,fear,0.2733333333333333,LOW,0.4067,0.0875,0.777,0.0599,0.397,1.0073,0.603,0.3941,False,LOW,0.269,40.7,MEDIUM,LOW,21.0,LOW,"{'visual_stress': 17.5, 'audio_stress': 0.0, 'emotion_instability': 1.6, 'eye_avoidance': 0.0, 'head_movement': 4.7}",STABLE,"{'visual': 0.444, 'audio': 0.556}",False,fear,2026-07-09 10:15:03
sad,surprised,LOW,Negative emotional state,0.35,0.149,18,0.374,fear,0.2733333333333333,LOW,0.4067,0.0875,0.777,0.0599,0.397,1.0073,0.603,0.3941,False,LOW,0.271,40.8,MEDIUM,LOW,22.2,LOW,"{'visual_stress': 17.5, 'audio_stress': 0.0, 'emotion_instability': 1.6, 'eye_avoidance': 0.0, 'head_movement': 4.8}",STABLE,"{'visual': 0.448, 'audio': 0.552}",False,fear,2026-07-09 10:15:03
neutral,surprised,LOW,Negative emotional state,0.56,0.149,18,0.369,fear,0.2733333333333333,LOW,0.4067,0.0875,0.777,0.0599,0.397,1.0073,0.603,0.3941,False,LOW,0.0,25.7,LOW,LOW,15.8,LOW,"{'visual_stress': 0.0, 'audio_stress': 0.0, 'emotion_instability': 1.6, 'eye_avoidance': 0.0, 'head_movement': 4.7}",STABLE,"{'visual': 0.416, 'audio': 0.584}",False,fear,2026-07-09 10:15:03
neutral,surprised,LOW,Negative emotional state,0.56,0.149,18,0.372,fear,0.2733333333333333,LOW,0.4067,0.0875,0.777,0.0599,0.397,1.0073,0.603,0.3941,False,LOW,0.0,25.7,LOW,LOW,12.0,LOW,"{'visual_stress': 0.0, 'audio_stress': 0.0, 'emotion_instability': 1.6, 'eye_avoidance': 0.0, 'head_movement': 4.7}",STABLE,"{'visual': 0.418, 'audio': 0.582}",False,fear,2026-07-09 10:15:04
neutral,surprised,LOW,Negative emotional state,0.61,0.149,18,0.373,fear,0.2733333333333333,LOW,0.4067,0.0875,0.777,0.0599,0.397,1.0073,0.603,0.3941,False,LOW,0.0,25.6,LOW,LOW,9.7,LOW,"{'visual_stress': 0.0, 'audio_stress': 0.0, 'emotion_instability': 1.6, 'eye_avoidance': 0.0, 'head_movement': 4.6}",STABLE,"{'visual': 0.436, 'audio': 0.564}",False,fear,2026-07-09 10:15:04
neutral,surprised,LOW,Negative emotional state,0.56,0.149,18,0.378,fear,0.2733333333333333,LOW,0.4067,0.0875,0.777,0.0599,0.397,1.0073,0.603,0.3941,False,LOW,0.0,25.6,LOW,LOW,8.3,LOW,"{'visual_stress': 0.0, 'audio_stress': 0.0, 'emotion_instability': 1.6, 'eye_avoidance': 0.0, 'head_movement': 4.6}",STABLE,"{'visual': 0.439, 'audio': 0.561}",False,fear,2026-07-09 10:15:04
sad,surprised,MEDIUM,Negative emotional state,0.43,0.129,18,0.366,fear,0.22666666666666666,MEDIUM,0.41,0.109,0.815,0.0,0.4322,1.0073,0.5678,0.3442,False,MEDIUM,0.5,53.0,MEDIUM,MEDIUM,20.4,LOW,"{'visual_stress': 17.5, 'audio_stress': 15.0, 'emotion_instability': 1.6, 'eye_avoidance': 0.0, 'head_movement': 4.5}",STABLE,"{'visual': 0.46, 'audio': 0.54}",False,fear,2026-07-09 10:15:05
sad,surprised,MEDIUM,Negative emotional state,0.45,0.129,18,0.38,fear,0.22666666666666666,MEDIUM,0.41,0.109,0.815,0.0,0.4322,1.0073,0.5678,0.3442,False,MEDIUM,0.5,53.0,MEDIUM,MEDIUM,27.7,LOW,"{'visual_stress': 17.5, 'audio_stress': 15.0, 'emotion_instability': 1.6, 'eye_avoidance': 0.0, 'head_movement': 4.5}",STABLE,"{'visual': 0.469, 'audio': 0.531}",False,fear,2026-07-09 10:15:06
neutral,surprised,LOW,Stable emotional condition,0.56,0.263,18,0.384,fear,0.22666666666666666,MEDIUM,0.41,0.109,0.815,0.0,0.4322,1.0073,0.5678,0.3442,False,LOW,0.233,25.9,LOW,LOW,25.3,LOW,"{'visual_stress': 0.0, 'audio_stress': 15.0, 'emotion_instability': 2.1, 'eye_avoidance': 0.0, 'head_movement': 4.5}",STABLE,"{'visual': 0.671, 'audio': 0.329}",False,neutral,2026-07-09 10:15:06
neutral,surprised,LOW,Stable emotional condition,0.56,0.283,18,0.413,fear,0.22666666666666666,MEDIUM,0.41,0.109,0.815,0.0,0.4322,1.0073,0.5678,0.3442,False,LOW,0.224,26.1,LOW,LOW,23.8,LOW,"{'visual_stress': 0.0, 'audio_stress': 15.0, 'emotion_instability': 2.1, 'eye_avoidance': 0.0, 'head_movement': 4.6}",STABLE,"{'visual': 0.687, 'audio': 0.313}",False,neutral,2026-07-09 10:15:07
neutral,surprised,LOW,Stable emotional condition,0.56,0.197,18,0.427,fear,0.22666666666666666,MEDIUM,0.41,0.109,0.815,0.0,0.4322,1.0073,0.5678,0.3442,False,LOW,0.22,26.2,LOW,LOW,23.0,LOW,"{'visual_stress': 0.0, 'audio_stress': 15.0, 'emotion_instability': 2.1, 'eye_avoidance': 0.0, 'head_movement': 4.7}",STABLE,"{'visual': 0.604, 'audio': 0.396}",False,neutral,2026-07-09 10:15:07
neutral,surprised,LOW,Stable emotional condition,0.56,0.193,18,0.418,fear,0.22666666666666666,MEDIUM,0.41,0.109,0.815,0.0,0.4322,1.0073,0.5678,0.3442,False,LOW,0.222,25.9,LOW,LOW,22.2,LOW,"{'visual_stress': 0.0, 'audio_stress': 15.0, 'emotion_instability': 1.6, 'eye_avoidance': 0.0, 'head_movement': 4.4}",STABLE,"{'visual': 0.599, 'audio': 0.401}",False,neutral,2026-07-09 10:15:07
neutral,surprised,LOW,Stable emotional condition,0.56,0.201,18,0.423,fear,0.22666666666666666,MEDIUM,0.41,0.109,0.815,0.0,0.4322,1.0073,0.5678,0.3442,False,LOW,0.221,25.7,LOW,LOW,21.6,LOW,"{'visual_stress': 0.0, 'audio_stress': 15.0, 'emotion_instability': 1.6, 'eye_avoidance': 0.0, 'head_movement': 4.2}",STABLE,"{'visual': 0.609, 'audio': 0.391}",False,neutral,2026-07-09 10:15:08
neutral,surprised,LOW,Stable emotional condition,0.56,0.198,18,0.415,fear,0.22666666666666666,MEDIUM,0.41,0.109,0.815,0.0,0.4322,1.0073,0.5678,0.3442,False,LOW,0.223,25.6,LOW,LOW,21.0,LOW,"{'visual_stress': 0.0, 'audio_stress': 15.0, 'emotion_instability': 1.0, 'eye_avoidance': 0.0, 'head_movement': 4.1}",STABLE,"{'visual': 0.604, 'audio': 0.396}",False,neutral,2026-07-09 10:15:08
neutral,surprised,LOW,Stable emotional condition,0.56,0.132,18,0.41,fear,0.22666666666666666,MEDIUM,0.41,0.109,0.815,0.0,0.4322,1.0073,0.5678,0.3442,False,LOW,0.225,25.5,LOW,LOW,20.6,LOW,"{'visual_stress': 0.0, 'audio_stress': 15.0, 'emotion_instability': 1.0, 'eye_avoidance': 0.0, 'head_movement': 4.0}",STABLE,"{'visual': 0.505, 'audio': 0.495}",False,neutral,2026-07-09 10:15:09
neutral,surprised,LOW,Stable emotional condition,0.54,0.133,19,0.413,fear,0.22666666666666666,MEDIUM,0.41,0.109,0.815,0.0,0.4322,1.0073,0.5678,0.3442,False,LOW,0.224,25.7,LOW,LOW,20.3,LOW,"{'visual_stress': 0.0, 'audio_stress': 15.0, 'emotion_instability': 1.0, 'eye_avoidance': 0.0, 'head_movement': 3.9}",STABLE,"{'visual': 0.507, 'audio': 0.493}",False,neutral,2026-07-09 10:15:09
fear,surprised,LOW,Negative emotional state,0.37,0.154,19,0.415,angry,0.26666666666666666,LOW,0.4333,0.0855,0.773,0.0,0.4724,2.0146,0.5276,0.2484,False,LOW,0.277,40.1,MEDIUM,LOW,21.4,LOW,"{'visual_stress': 17.5, 'audio_stress': 0.0, 'emotion_instability': 1.6, 'eye_avoidance': 0.0, 'head_movement': 3.8}",STABLE,"{'visual': 0.516, 'audio': 0.484}",False,fear,2026-07-09 10:15:10
fear,surprised,LOW,Negative emotional state,0.45,0.148,19,0.398,angry,0.26666666666666666,LOW,0.4333,0.0855,0.773,0.0,0.4724,2.0146,0.5276,0.2484,False,LOW,0.272,41.0,MEDIUM,LOW,22.3,LOW,"{'visual_stress': 17.5, 'audio_stress': 0.0, 'emotion_instability': 1.6, 'eye_avoidance': 0.0, 'head_movement': 4.6}",STABLE,"{'visual': 0.506, 'audio': 0.494}",False,fear,2026-07-09 10:15:10
neutral,surprised,LOW,Stable emotional condition,0.53,0.175,20,0.404,angry,0.26666666666666666,LOW,0.4333,0.0855,0.773,0.0,0.4724,2.0146,0.5276,0.2484,False,LOW,0.0,14.5,LOW,LOW,16.1,LOW,"{'visual_stress': 0.0, 'audio_stress': 0.0, 'emotion_instability': 2.1, 'eye_avoidance': 0.0, 'head_movement': 4.8}",STABLE,"{'visual': 0.549, 'audio': 0.451}",False,neutral,2026-07-09 10:15:11
neutral,surprised,LOW,Stable emotional condition,0.53,0.178,20,0.41,angry,0.26666666666666666,LOW,0.4333,0.0855,0.773,0.0,0.4724,2.0146,0.5276,0.2484,False,LOW,0.0,14.5,LOW,LOW,12.5,LOW,"{'visual_stress': 0.0, 'audio_stress': 0.0, 'emotion_instability': 2.1, 'eye_avoidance': 0.0, 'head_movement': 4.9}",STABLE,"{'visual': 0.552, 'audio': 0.448}",False,neutral,2026-07-09 10:15:11
neutral,surprised,LOW,Stable emotional condition,0.53,0.183,20,0.408,angry,0.26666666666666666,LOW,0.4333,0.0855,0.773,0.0,0.4724,2.0146,0.5276,0.2484,False,LOW,0.0,14.5,LOW,LOW,10.2,LOW,"{'visual_stress': 0.0, 'audio_stress': 0.0, 'emotion_instability': 2.1, 'eye_avoidance': 0.0, 'head_movement': 4.8}",STABLE,"{'visual': 0.559, 'audio': 0.441}",False,neutral,2026-07-09 10:15:12
neutral,surprised,LOW,Stable emotional condition,0.53,0.191,20,0.426,angry,0.26666666666666666,LOW,0.4333,0.0855,0.773,0.0,0.4724,2.0146,0.5276,0.2484,False,LOW,0.0,14.4,LOW,LOW,8.9,LOW,"{'visual_stress': 0.0, 'audio_stress': 0.0, 'emotion_instability': 2.1, 'eye_avoidance': 0.0, 'head_movement': 4.8}",STABLE,"{'visual': 0.569, 'audio': 0.431}",False,neutral,2026-07-09 10:15:12
fear,neutral,LOW,Negative emotional state,0.38,0.253,20,0.426,angry,0.26666666666666666,LOW,0.4333,0.0855,0.773,0.0,0.4724,2.0146,0.5276,0.2484,False,LOW,0.28,41.4,MEDIUM,LOW,15.3,LOW,"{'visual_stress': 17.5, 'audio_stress': 0.0, 'emotion_instability': 2.6, 'eye_avoidance': 0.0, 'head_movement': 4.7}",STABLE,"{'visual': 0.637, 'audio': 0.363}",False,fear,2026-07-09 10:15:12
fear,neutral,LOW,Negative emotional state,0.38,0.249,20,0.418,angry,0.26666666666666666,LOW,0.4333,0.0855,0.773,0.0,0.4724,2.0146,0.5276,0.2484,False,LOW,0.278,41.4,MEDIUM,LOW,19.1,LOW,"{'visual_stress': 17.5, 'audio_stress': 0.0, 'emotion_instability': 2.6, 'eye_avoidance': 0.0, 'head_movement': 4.7}",STABLE,"{'visual': 0.633, 'audio': 0.367}",False,fear,2026-07-09 10:15:13
neutral,neutral,LOW,Stable emotional condition,0.53,0.28,20,0.417,angry,0.26666666666666666,LOW,0.4333,0.0855,0.773,0.0,0.4724,2.0146,0.5276,0.2484,False,LOW,0.0,14.4,LOW,LOW,14.6,LOW,"{'visual_stress': 0.0, 'audio_stress': 0.0, 'emotion_instability': 3.1, 'eye_avoidance': 0.0, 'head_movement': 4.7}",STABLE,"{'visual': 0.66, 'audio': 0.34}",False,neutral,2026-07-09 10:15:13
neutral,neutral,LOW,Stable emotional condition,0.53,0.281,20,0.418,angry,0.26666666666666666,LOW,0.4333,0.0855,0.773,0.0,0.4724,2.0146,0.5276,0.2484,False,LOW,0.0,14.4,LOW,LOW,11.9,LOW,"{'visual_stress': 0.0, 'audio_stress': 0.0, 'emotion_instability': 3.1, 'eye_avoidance': 0.0, 'head_movement': 4.7}",STABLE,"{'visual': 0.661, 'audio': 0.339}",False,neutral,2026-07-09 10:15:13
fear,neutral,MEDIUM,Negative emotional state,0.45,0.275,20,0.418,angry,0.29,MEDIUM,0.4533,0.0863,0.774,0.6286,0.7538,1.3431,0.2462,0.3741,False,MEDIUM,0.5,53.9,MEDIUM,MEDIUM,23.4,LOW,"{'visual_stress': 17.5, 'audio_stress': 15.0, 'emotion_instability': 3.6, 'eye_avoidance': 0.0, 'head_movement': 4.7}",STABLE,"{'visual': 0.636, 'audio': 0.364}",False,fear,2026-07-09 10:15:14
fear,neutral,MEDIUM,Negative emotional state,0.43,0.289,20,0.439,angry,0.29,MEDIUM,0.4533,0.0863,0.774,0.6286,0.7538,1.3431,0.2462,0.3741,False,MEDIUM,0.5,53.9,MEDIUM,MEDIUM,30.2,LOW,"{'visual_stress': 17.5, 'audio_stress': 15.0, 'emotion_instability': 3.1, 'eye_avoidance': 0.0, 'head_movement': 4.7}",STABLE,"{'visual': 0.648, 'audio': 0.352}",False,fear,2026-07-09 10:15:15
neutral,neutral,LOW,Stable emotional condition,0.53,0.28,20,0.435,angry,0.29,MEDIUM,0.4533,0.0863,0.774,0.6286,0.7538,1.3431,0.2462,0.3741,False,LOW,0.223,26.8,LOW,LOW,27.4,LOW,"{'visual_stress': 0.0, 'audio_stress': 15.0, 'emotion_instability': 3.6, 'eye_avoidance': 0.0, 'head_movement': 4.6}",STABLE,"{'visual': 0.641, 'audio': 0.359}",False,neutral,2026-07-09 10:15:15
neutral,calm,LOW,Stable emotional condition,0.6,0.274,20,0.426,angry,0.29,MEDIUM,0.4533,0.0863,0.774,0.6286,0.7538,1.3431,0.2462,0.3741,False,LOW,0.226,26.8,LOW,LOW,25.7,LOW,"{'visual_stress': 0.0, 'audio_stress': 15.0, 'emotion_instability': 3.6, 'eye_avoidance': 0.0, 'head_movement': 4.6}",STABLE,"{'visual': 0.636, 'audio': 0.364}",False,neutral,2026-07-09 10:15:16
neutral,calm,LOW,Stable emotional condition,0.58,0.285,20,0.429,angry,0.29,MEDIUM,0.4533,0.0863,0.774,0.6286,0.7538,1.3431,0.2462,0.3741,False,LOW,0.225,26.7,LOW,LOW,24.7,LOW,"{'visual_stress': 0.0, 'audio_stress': 15.0, 'emotion_instability': 3.6, 'eye_avoidance': 0.0, 'head_movement': 4.5}",STABLE,"{'visual': 0.645, 'audio': 0.355}",False,neutral,2026-07-09 10:15:16
neutral,calm,LOW,Stable emotional condition,0.53,0.291,20,0.437,angry,0.29,MEDIUM,0.4533,0.0863,0.774,0.6286,0.7538,1.3431,0.2462,0.3741,False,LOW,0.223,26.6,LOW,LOW,24.0,LOW,"{'visual_stress': 0.0, 'audio_stress': 15.0, 'emotion_instability': 3.6, 'eye_avoidance': 0.0, 'head_movement': 4.5}",STABLE,"{'visual': 0.649, 'audio': 0.351}",False,neutral,2026-07-09 10:15:16
neutral,calm,LOW,Stable emotional condition,0.6,0.286,20,0.44,angry,0.29,MEDIUM,0.4533,0.0863,0.774,0.6286,0.7538,1.3431,0.2462,0.3741,False,LOW,0.222,26.5,LOW,LOW,23.6,LOW,"{'visual_stress': 0.0, 'audio_stress': 15.0, 'emotion_instability': 3.6, 'eye_avoidance': 0.0, 'head_movement': 4.4}",STABLE,"{'visual': 0.646, 'audio': 0.354}",False,neutral,2026-07-09 10:15:17
neutral,calm,MEDIUM,Stable emotional condition,0.42,0.284,21,0.437,angry,0.29,MEDIUM,0.4533,0.0863,0.774,0.6286,0.7538,1.3431,0.2462,0.3741,False,MEDIUM,0.5,41.8,MEDIUM,LOW,30.3,LOW,"{'visual_stress': 17.5, 'audio_stress': 15.0, 'emotion_instability': 3.6, 'eye_avoidance': 0.0, 'head_movement': 4.3}",STABLE,"{'visual': 0.644, 'audio': 0.356}",False,neutral,2026-07-09 10:15:17
neutral,calm,MEDIUM,Negative emotional state,0.46,0.157,21,0.444,angry,0.29,MEDIUM,0.4533,0.0863,0.774,0.6286,0.7538,1.3431,0.2462,0.3741,False,MEDIUM,0.5,53.7,MEDIUM,MEDIUM,34.5,LOW,"{'visual_stress': 17.5, 'audio_stress': 15.0, 'emotion_instability': 4.1, 'eye_avoidance': 0.0, 'head_movement': 4.2}",FLUCTUATING,"{'visual': 0.497, 'audio': 0.503}",False,angry,2026-07-09 10:15:17
neutral,calm,LOW,Stable emotional condition,0.52,0.158,21,0.45,angry,0.29,MEDIUM,0.4533,0.0863,0.774,0.6286,0.7538,1.3431,0.2462,0.3741,False,LOW,0.219,26.7,LOW,LOW,30.3,LOW,"{'visual_stress': 0.0, 'audio_stress': 15.0, 'emotion_instability': 4.7, 'eye_avoidance': 0.0, 'head_movement': 4.2}",FLUCTUATING,"{'visual': 0.501, 'audio': 0.499}",False,neutral,2026-07-09 10:15:18
neutral,calm,LOW,Stable emotional condition,0.52,0.208,21,0.443,fear,0.25666666666666665,MEDIUM,0.4133,0.0702,0.739,0.1646,0.4171,1.0073,0.5829,0.1846,False,LOW,0.204,26.5,LOW,LOW,27.6,LOW,"{'visual_stress': 0.0, 'audio_stress': 15.0, 'emotion_instability': 4.7, 'eye_avoidance': 0.0, 'head_movement': 4.0}",FLUCTUATING,"{'visual': 0.61, 'audio': 0.39}",False,neutral,2026-07-09 10:15:19
neutral,calm,MEDIUM,Stable emotional condition,0.43,0.208,22,0.443,fear,0.25666666666666665,MEDIUM,0.4133,0.0702,0.739,0.1646,0.4171,1.0073,0.5829,0.1846,False,MEDIUM,0.5,41.8,MEDIUM,LOW,32.8,LOW,"{'visual_stress': 17.5, 'audio_stress': 15.0, 'emotion_instability': 4.1, 'eye_avoidance': 0.0, 'head_movement': 4.0}",STABLE,"{'visual': 0.61, 'audio': 0.39}",False,neutral,2026-07-09 10:15:19
neutral,calm,LOW,Stable emotional condition,0.49,0.281,22,0.456,fear,0.25666666666666665,MEDIUM,0.4133,0.0702,0.739,0.1646,0.4171,1.0073,0.5829,0.1846,False,LOW,0.201,26.8,LOW,LOW,28.9,LOW,"{'visual_stress': 0.0, 'audio_stress': 15.0, 'emotion_instability': 4.1, 'eye_avoidance': 0.0, 'head_movement': 4.0}",STABLE,"{'visual': 0.679, 'audio': 0.321}",False,neutral,2026-07-09 10:15:19
neutral,calm,LOW,Stable emotional condition,0.49,0.251,22,0.408,fear,0.25666666666666665,MEDIUM,0.4133,0.0702,0.739,0.1646,0.4171,1.0073,0.5829,0.1846,False,LOW,0.214,27.0,LOW,LOW,26.6,LOW,"{'visual_stress': 0.0, 'audio_stress': 15.0, 'emotion_instability': 4.1, 'eye_avoidance': 0.0, 'head_movement': 4.1}",STABLE,"{'visual': 0.654, 'audio': 0.346}",False,neutral,2026-07-09 10:15:20
neutral,calm,LOW,Stable emotional condition,0.49,0.239,22,0.371,fear,0.25666666666666665,MEDIUM,0.4133,0.0702,0.739,0.1646,0.4171,1.0073,0.5829,0.1846,False,LOW,0.226,27.1,LOW,LOW,25.3,LOW,"{'visual_stress': 0.0, 'audio_stress': 15.0, 'emotion_instability': 4.1, 'eye_avoidance': 0.0, 'head_movement': 4.3}",STABLE,"{'visual': 0.643, 'audio': 0.357}",False,neutral,2026-07-09 10:15:20
neutral,calm,LOW,Stable emotional condition,0.49,0.237,22,0.368,fear,0.25666666666666665,MEDIUM,0.4133,0.0702,0.739,0.1646,0.4171,1.0073,0.5829,0.1846,False,LOW,0.227,27.3,LOW,LOW,24.6,LOW,"{'visual_stress': 0.0, 'audio_stress': 15.0, 'emotion_instability': 4.1, 'eye_avoidance': 0.0, 'head_movement': 4.5}",STABLE,"{'visual': 0.641, 'audio': 0.359}",False,neutral,2026-07-09 10:15:21
neutral,calm,LOW,Stable emotional condition,0.49,0.257,22,0.391,fear,0.25666666666666665,MEDIUM,0.4133,0.0702,0.739,0.1646,0.4171,1.0073,0.5829,0.1846,False,LOW,0.219,27.3,LOW,LOW,24.2,LOW,"{'visual_stress': 0.0, 'audio_stress': 15.0, 'emotion_instability': 4.1, 'eye_avoidance': 0.0, 'head_movement': 4.5}",STABLE,"{'visual': 0.66, 'audio': 0.34}",False,neutral,2026-07-09 10:15:21
neutral,calm,LOW,Stable emotional condition,0.49,0.271,22,0.412,fear,0.25666666666666665,MEDIUM,0.4133,0.0702,0.739,0.1646,0.4171,1.0073,0.5829,0.1846,False,LOW,0.213,27.4,LOW,LOW,24.0,LOW,"{'visual_stress': 0.0, 'audio_stress': 15.0, 'emotion_instability': 4.1, 'eye_avoidance': 0.0, 'head_movement': 4.5}",STABLE,"{'visual': 0.671, 'audio': 0.329}",False,neutral,2026-07-09 10:15:21
neutral,calm,LOW,Stable emotional condition,0.49,0.212,22,0.414,fear,0.25666666666666665,MEDIUM,0.4133,0.0702,0.739,0.1646,0.4171,1.0073,0.5829,0.1846,False,LOW,0.212,27.4,LOW,LOW,23.9,LOW,"{'visual_stress': 0.0, 'audio_stress': 15.0, 'emotion_instability': 4.1, 'eye_avoidance': 0.0, 'head_movement': 4.6}",STABLE,"{'visual': 0.614, 'audio': 0.386}",False,neutral,2026-07-09 10:15:22
neutral,calm,LOW,Stable emotional condition,0.49,0.222,22,0.434,fear,0.25666666666666665,MEDIUM,0.4133,0.0702,0.739,0.1646,0.4171,1.0073,0.5829,0.1846,False,LOW,0.207,27.5,LOW,LOW,23.6,LOW,"{'visual_stress': 0.0, 'audio_stress': 15.0, 'emotion_instability': 3.6, 'eye_avoidance': 0.0, 'head_movement': 4.6}",STABLE,"{'visual': 0.626, 'audio': 0.374}",False,neutral,2026-07-09 10:15:22
neutral,calm,LOW,Stable emotional condition,0.49,0.199,22,0.452,angry,0.19,LOW,0.3867,0.0879,0.778,0.434,0.2965,2.0146,0.7035,0.1472,False,LOW,0.0,15.1,LOW,LOW,17.5,LOW,"{'visual_stress': 0.0, 'audio_stress': 0.0, 'emotion_instability': 3.6, 'eye_avoidance': 0.0, 'head_movement': 4.8}",STABLE,"{'visual': 0.658, 'audio': 0.342}",False,neutral,2026-07-09 10:15:23
neutral,calm,LOW,Stable emotional condition,0.44,0.192,23,0.436,angry,0.19,LOW,0.3867,0.0879,0.778,0.434,0.2965,2.0146,0.7035,0.1472,False,LOW,0.296,29.9,LOW,LOW,20.5,LOW,"{'visual_stress': 17.5, 'audio_stress': 0.0, 'emotion_instability': 3.1, 'eye_avoidance': 0.0, 'head_movement': 4.3}",STABLE,"{'visual': 0.65, 'audio': 0.35}",False,neutral,2026-07-09 10:15:23
neutral,calm,LOW,Stable emotional condition,0.44,0.216,23,0.435,angry,0.19,LOW,0.3867,0.0879,0.778,0.434,0.2965,2.0146,0.7035,0.1472,False,LOW,0.296,29.8,LOW,LOW,22.2,LOW,"{'visual_stress': 17.5, 'audio_stress': 0.0, 'emotion_instability': 3.1, 'eye_avoidance': 0.0, 'head_movement': 4.1}",STABLE,"{'visual': 0.676, 'audio': 0.324}",False,neutral,2026-07-09 10:15:24
neutral,calm,LOW,Stable emotional condition,0.44,0.214,23,0.431,angry,0.19,LOW,0.3867,0.0879,0.778,0.434,0.2965,2.0146,0.7035,0.1472,False,LOW,0.294,29.7,LOW,LOW,23.2,LOW,"{'visual_stress': 17.5, 'audio_stress': 0.0, 'emotion_instability': 3.1, 'eye_avoidance': 0.0, 'head_movement': 4.1}",STABLE,"{'visual': 0.674, 'audio': 0.326}",False,neutral,2026-07-09 10:15:24
fear,calm,LOW,Negative emotional state,0.51,0.153,23,0.447,angry,0.19,LOW,0.3867,0.0879,0.778,0.434,0.2965,2.0146,0.7035,0.1472,False,LOW,0.299,41.7,MEDIUM,LOW,24.0,LOW,"{'visual_stress': 17.5, 'audio_stress': 0.0, 'emotion_instability': 3.6, 'eye_avoidance': 0.0, 'head_movement': 4.1}",STABLE,"{'visual': 0.597, 'audio': 0.403}",False,fear,2026-07-09 10:15:25
fear,calm,LOW,Negative emotional state,0.51,0.154,23,0.448,angry,0.19,LOW,0.3867,0.0879,0.778,0.434,0.2965,2.0146,0.7035,0.1472,False,LOW,0.299,41.7,MEDIUM,LOW,24.2,LOW,"{'visual_stress': 17.5, 'audio_stress': 0.0, 'emotion_instability': 3.1, 'eye_avoidance': 0.0, 'head_movement': 4.0}",STABLE,"{'visual': 0.598, 'audio': 0.402}",False,fear,2026-07-09 10:15:25
neutral,calm,LOW,Stable emotional condition,0.44,0.142,23,0.442,angry,0.19,LOW,0.3867,0.0879,0.778,0.434,0.2965,2.0146,0.7035,0.1472,False,LOW,0.298,29.7,LOW,LOW,24.6,LOW,"{'visual_stress': 17.5, 'audio_stress': 0.0, 'emotion_instability': 3.6, 'eye_avoidance': 0.0, 'head_movement': 4.0}",STABLE,"{'visual': 0.579, 'audio': 0.421}",False,neutral,2026-07-09 10:15:25
neutral,calm,LOW,Stable emotional condition,0.48,0.142,23,0.442,angry,0.19,LOW,0.3867,0.0879,0.778,0.434,0.2965,2.0146,0.7035,0.1472,False,LOW,0.0,14.7,LOW,LOW,17.6,LOW,"{'visual_stress': 0.0, 'audio_stress': 0.0, 'emotion_instability': 3.1, 'eye_avoidance': 0.0, 'head_movement': 4.0}",STABLE,"{'visual': 0.579, 'audio': 0.421}",False,neutral,2026-07-09 10:15:26
fear,calm,LOW,Negative emotional state,0.51,0.147,23,0.447,angry,0.19,LOW,0.3867,0.0879,0.778,0.434,0.2965,2.0146,0.7035,0.1472,False,LOW,0.299,41.7,MEDIUM,LOW,20.6,LOW,"{'visual_stress': 17.5, 'audio_stress': 0.0, 'emotion_instability': 3.6, 'eye_avoidance': 0.0, 'head_movement': 4.0}",STABLE,"{'visual': 0.587, 'audio': 0.413}",False,fear,2026-07-09 10:15:26
fear,calm,LOW,Negative emotional state,0.51,0.15,23,0.455,angry,0.19,LOW,0.3867,0.0879,0.778,0.434,0.2965,2.0146,0.7035,0.1472,False,LOW,0.301,41.7,MEDIUM,LOW,22.2,LOW,"{'visual_stress': 17.5, 'audio_stress': 0.0, 'emotion_instability': 3.1, 'eye_avoidance': 0.0, 'head_movement': 4.0}",STABLE,"{'visual': 0.591, 'audio': 0.409}",False,fear,2026-07-09 10:15:26
neutral,calm,LOW,Stable emotional condition,0.55,0.259,23,0.452,angry,0.17666666666666667,LOW,0.3967,0.0782,0.757,0.0299,0.3668,2.3504,0.6332,0.1561,False,LOW,0.0,14.7,LOW,LOW,16.4,LOW,"{'visual_stress': 0.0, 'audio_stress': 0.0, 'emotion_instability': 3.6, 'eye_avoidance': 0.0, 'head_movement': 4.1}",STABLE,"{'visual': 0.735, 'audio': 0.265}",False,neutral,2026-07-09 10:15:27
neutral,calm,LOW,Stable emotional condition,0.49,0.251,23,0.438,angry,0.17666666666666667,LOW,0.3967,0.0782,0.757,0.0299,0.3668,2.3504,0.6332,0.1561,False,LOW,0.0,14.8,LOW,LOW,12.8,LOW,"{'visual_stress': 0.0, 'audio_stress': 0.0, 'emotion_instability': 3.1, 'eye_avoidance': 0.0, 'head_movement': 4.2}",STABLE,"{'visual': 0.729, 'audio': 0.271}",False,neutral,2026-07-09 10:15:28
neutral,calm,LOW,Stable emotional condition,0.48,0.218,23,0.444,angry,0.17666666666666667,LOW,0.3967,0.0782,0.757,0.0299,0.3668,2.3504,0.6332,0.1561,False,LOW,0.0,15.1,LOW,LOW,10.7,LOW,"{'visual_stress': 0.0, 'audio_stress': 0.0, 'emotion_instability': 3.1, 'eye_avoidance': 0.0, 'head_movement': 4.4}",STABLE,"{'visual': 0.699, 'audio': 0.301}",False,neutral,2026-07-09 10:15:28
neutral,calm,LOW,Stable emotional condition,0.48,0.222,23,0.453,angry,0.17666666666666667,LOW,0.3967,0.0782,0.757,0.0299,0.3668,2.3504,0.6332,0.1561,False,LOW,0.0,15.3,LOW,LOW,9.5,LOW,"{'visual_stress': 0.0, 'audio_stress': 0.0, 'emotion_instability': 3.1, 'eye_avoidance': 0.0, 'head_movement': 4.7}",STABLE,"{'visual': 0.703, 'audio': 0.297}",False,neutral,2026-07-09 10:15:28
neutral,calm,LOW,Stable emotional condition,0.54,0.288,23,0.457,angry,0.17666666666666667,LOW,0.3967,0.0782,0.757,0.0299,0.3668,2.3504,0.6332,0.1561,False,LOW,0.0,15.3,LOW,LOW,8.8,LOW,"{'visual_stress': 0.0, 'audio_stress': 0.0, 'emotion_instability': 3.1, 'eye_avoidance': 0.0, 'head_movement': 4.6}",STABLE,"{'visual': 0.755, 'audio': 0.245}",False,neutral,2026-07-09 10:15:29
neutral,calm,LOW,Stable emotional condition,0.49,0.28,23,0.444,angry,0.17666666666666667,LOW,0.3967,0.0782,0.757,0.0299,0.3668,2.3504,0.6332,0.1561,False,LOW,0.0,15.3,LOW,LOW,8.4,LOW,"{'visual_stress': 0.0, 'audio_stress': 0.0, 'emotion_instability': 3.1, 'eye_avoidance': 0.0, 'head_movement': 4.6}",STABLE,"{'visual': 0.749, 'audio': 0.251}",False,neutral,2026-07-09 10:15:29
happy,calm,LOW,Stable emotional condition,0.48,0.191,23,0.455,angry,0.17666666666666667,LOW,0.3967,0.0782,0.757,0.0299,0.3668,2.3504,0.6332,0.1561,False,LOW,0.0,12.3,LOW,LOW,8.3,LOW,"{'visual_stress': 0.0, 'audio_stress': 0.0, 'emotion_instability': 3.6, 'eye_avoidance': 0.0, 'head_movement': 4.6}",FLUCTUATING,"{'visual': 0.671, 'audio': 0.329}",False,happy,2026-07-09 10:15:30
happy,calm,LOW,Stable emotional condition,0.49,0.189,23,0.451,angry,0.17666666666666667,LOW,0.3967,0.0782,0.757,0.0299,0.3668,2.3504,0.6332,0.1561,False,LOW,0.0,12.3,LOW,LOW,8.1,LOW,"{'visual_stress': 0.0, 'audio_stress': 0.0, 'emotion_instability': 3.1, 'eye_avoidance': 0.0, 'head_movement': 4.7}",FLUCTUATING,"{'visual': 0.669, 'audio': 0.331}",False,happy,2026-07-09 10:15:30
neutral,calm,LOW,Stable emotional condition,0.48,0.219,23,0.453,angry,0.17666666666666667,LOW,0.3967,0.0782,0.757,0.0299,0.3668,2.3504,0.6332,0.1561,False,LOW,0.0,15.3,LOW,LOW,8.0,LOW,"{'visual_stress': 0.0, 'audio_stress': 0.0, 'emotion_instability': 3.1, 'eye_avoidance': 0.0, 'head_movement': 4.7}",FLUCTUATING,"{'visual': 0.7, 'audio': 0.3}",False,neutral,2026-07-09 10:15:30
neutral,calm,LOW,Stable emotional condition,0.55,0.218,23,0.451,angry,0.17666666666666667,LOW,0.3967,0.0782,0.757,0.0299,0.3668,2.3504,0.6332,0.1561,False,LOW,0.0,15.4,LOW,LOW,7.9,LOW,"{'visual_stress': 0.0, 'audio_stress': 0.0, 'emotion_instability': 3.1, 'eye_avoidance': 0.0, 'head_movement': 4.7}",STABLE,"{'visual': 0.699, 'audio': 0.301}",False,neutral,2026-07-09 10:15:31
neutral,calm,LOW,Stable emotional condition,0.48,0.307,23,0.452,happy,0.18666666666666668,MEDIUM,0.4233,0.0518,0.686,0.0,0.402,2.0146,0.598,0.2395,False,LOW,0.196,27.9,LOW,LOW,13.9,LOW,"{'visual_stress': 0.0, 'audio_stress': 15.0, 'emotion_instability': 3.1, 'eye_avoidance': 0.0, 'head_movement': 4.8}",STABLE,"{'visual': 0.774, 'audio': 0.226}",False,neutral,2026-07-09 10:15:32
neutral,calm,LOW,Stable emotional condition,0.48,0.307,24,0.452,happy,0.18666666666666668,MEDIUM,0.4233,0.0518,0.686,0.0,0.402,2.0146,0.598,0.2395,False,LOW,0.196,28.3,LOW,LOW,17.5,LOW,"{'visual_stress': 0.0, 'audio_stress': 15.0, 'emotion_instability': 3.1, 'eye_avoidance': 0.0, 'head_movement': 4.8}",STABLE,"{'visual': 0.774, 'audio': 0.226}",False,neutral,2026-07-09 10:15:32
neutral,disgust,LOW,Stable emotional condition,0.48,0.144,24,0.467,happy,0.18666666666666668,MEDIUM,0.4233,0.0518,0.686,0.0,0.402,2.0146,0.598,0.2395,False,LOW,0.192,28.3,LOW,LOW,19.7,LOW,"{'visual_stress': 0.0, 'audio_stress': 15.0, 'emotion_instability': 3.1, 'eye_avoidance': 0.0, 'head_movement': 4.8}",STABLE,"{'visual': 0.616, 'audio': 0.384}",False,neutral,2026-07-09 10:15:33
neutral,disgust,LOW,Stable emotional condition,0.48,0.148,24,0.479,happy,0.18666666666666668,MEDIUM,0.4233,0.0518,0.686,0.0,0.402,2.0146,0.598,0.2395,False,LOW,0.189,28.0,LOW,LOW,20.8,LOW,"{'visual_stress': 0.0, 'audio_stress': 15.0, 'emotion_instability': 3.1, 'eye_avoidance': 0.0, 'head_movement': 4.5}",STABLE,"{'visual': 0.622, 'audio': 0.378}",False,neutral,2026-07-09 10:15:33
neutral,disgust,LOW,Stable emotional condition,0.48,0.143,24,0.475,happy,0.18666666666666668,MEDIUM,0.4233,0.0518,0.686,0.0,0.402,2.0146,0.598,0.2395,False,LOW,0.19,27.7,LOW,LOW,21.4,LOW,"{'visual_stress': 0.0, 'audio_stress': 15.0, 'emotion_instability': 3.1, 'eye_avoidance': 0.0, 'head_movement': 4.2}",STABLE,"{'visual': 0.615, 'audio': 0.385}",False,neutral,2026-07-09 10:15:33
neutral,disgust,LOW,Stable emotional condition,0.48,0.138,24,0.46,happy,0.18666666666666668,MEDIUM,0.4233,0.0518,0.686,0.0,0.402,2.0146,0.598,0.2395,False,LOW,0.193,27.2,LOW,LOW,21.6,LOW,"{'visual_stress': 0.0, 'audio_stress': 15.0, 'emotion_instability': 3.1, 'eye_avoidance': 0.0, 'head_movement': 3.7}",STABLE,"{'visual': 0.607, 'audio': 0.393}",False,neutral,2026-07-09 10:15:34
sad,disgust,MEDIUM,Stable emotional condition,0.52,0.149,24,0.463,happy,0.18666666666666668,MEDIUM,0.4233,0.0518,0.686,0.0,0.402,2.0146,0.598,0.2395,False,MEDIUM,0.5,54.1,MEDIUM,LOW,28.8,LOW,"{'visual_stress': 17.5, 'audio_stress': 15.0, 'emotion_instability': 3.6, 'eye_avoidance': 0.0, 'head_movement': 3.6}",FLUCTUATING,"{'visual': 0.625, 'audio': 0.375}",False,sad,2026-07-09 10:15:34
sad,disgust,MEDIUM,Stable emotional condition,0.52,0.148,24,0.461,happy,0.18666666666666668,MEDIUM,0.4233,0.0518,0.686,0.0,0.402,2.0146,0.598,0.2395,False,MEDIUM,0.5,54.0,MEDIUM,LOW,33.1,LOW,"{'visual_stress': 17.5, 'audio_stress': 15.0, 'emotion_instability': 3.6, 'eye_avoidance': 0.0, 'head_movement': 3.5}",STABLE,"{'visual': 0.623, 'audio': 0.377}",False,sad,2026-07-09 10:15:34
neutral,disgust,LOW,Stable emotional condition,0.48,0.158,24,0.45,happy,0.18666666666666668,MEDIUM,0.4233,0.0518,0.686,0.0,0.402,2.0146,0.598,0.2395,False,LOW,0.196,27.0,LOW,LOW,28.9,LOW,"{'visual_stress': 0.0, 'audio_stress': 15.0, 'emotion_instability': 4.1, 'eye_avoidance': 0.0, 'head_movement': 3.5}",STABLE,"{'visual': 0.637, 'audio': 0.363}",False,neutral,2026-07-09 10:15:35
neutral,disgust,LOW,Stable emotional condition,0.48,0.159,24,0.453,happy,0.18666666666666668,MEDIUM,0.4233,0.0518,0.686,0.0,0.402,2.0146,0.598,0.2395,False,LOW,0.195,27.0,LOW,LOW,26.4,LOW,"{'visual_stress': 0.0, 'audio_stress': 15.0, 'emotion_instability': 4.1, 'eye_avoidance': 0.0, 'head_movement': 3.5}",STABLE,"{'visual': 0.639, 'audio': 0.361}",False,neutral,2026-07-09 10:15:35
neutral,disgust,LOW,Stable emotional condition,0.48,0.188,24,0.447,fear,0.31,MEDIUM,0.44,0.0287,0.583,0.3143,0.7688,1.3431,0.2312,0.5724,False,LOW,0.182,27.3,LOW,LOW,25.0,LOW,"{'visual_stress': 0.0, 'audio_stress': 15.0, 'emotion_instability': 4.1, 'eye_avoidance': 0.0, 'head_movement': 3.8}",STABLE,"{'visual': 0.597, 'audio': 0.403}",False,neutral,2026-07-09 10:15:36
neutral,disgust,LOW,Stable emotional condition,0.63,0.192,24,0.458,fear,0.31,MEDIUM,0.44,0.0287,0.583,0.3143,0.7688,1.3431,0.2312,0.5724,False,LOW,0.18,27.3,LOW,LOW,24.2,LOW,"{'visual_stress': 0.0, 'audio_stress': 15.0, 'emotion_instability': 4.1, 'eye_avoidance': 0.0, 'head_movement': 3.8}",STABLE,"{'visual': 0.603, 'audio': 0.397}",False,neutral,2026-07-09 10:15:36
neutral,disgust,LOW,Stable emotional condition,0.57,0.186,24,0.465,fear,0.31,MEDIUM,0.44,0.0287,0.583,0.3143,0.7688,1.3431,0.2312,0.5724,False,LOW,0.178,27.4,LOW,LOW,23.7,LOW,"{'visual_stress': 0.0, 'audio_stress': 15.0, 'emotion_instability': 4.1, 'eye_avoidance': 0.0, 'head_movement': 3.9}",STABLE,"{'visual': 0.595, 'audio': 0.405}",False,neutral,2026-07-09 10:15:37
neutral,disgust,LOW,Stable emotional condition,0.48,0.19,24,0.475,fear,0.31,MEDIUM,0.44,0.0287,0.583,0.3143,0.7688,1.3431,0.2312,0.5724,False,LOW,0.175,27.5,LOW,LOW,23.3,LOW,"{'visual_stress': 0.0, 'audio_stress': 15.0, 'emotion_instability': 3.6, 'eye_avoidance': 0.0, 'head_movement': 4.0}",STABLE,"{'visual': 0.6, 'audio': 0.4}",False,neutral,2026-07-09 10:15:37
sad,disgust,MEDIUM,Stable emotional condition,0.52,0.141,24,0.48,fear,0.31,MEDIUM,0.44,0.0287,0.583,0.3143,0.7688,1.3431,0.2312,0.5724,False,MEDIUM,0.5,54.5,MEDIUM,LOW,30.2,LOW,"{'visual_stress': 17.5, 'audio_stress': 15.0, 'emotion_instability': 4.1, 'eye_avoidance': 0.0, 'head_movement': 4.0}",STABLE,"{'visual': 0.527, 'audio': 0.473}",False,sad,2026-07-09 10:15:37
sad,disgust,MEDIUM,Stable emotional condition,0.52,0.141,25,0.478,fear,0.31,MEDIUM,0.44,0.0287,0.583,0.3143,0.7688,1.3431,0.2312,0.5724,False,MEDIUM,0.5,54.8,MEDIUM,LOW,34.1,LOW,"{'visual_stress': 17.5, 'audio_stress': 15.0, 'emotion_instability': 3.6, 'eye_avoidance': 0.0, 'head_movement': 3.9}",STABLE,"{'visual': 0.526, 'audio': 0.474}",False,sad,2026-07-09 10:15:38
neutral,calm,LOW,Negative emotional state,0.48,0.127,25,0.481,fear,0.31,MEDIUM,0.44,0.0287,0.583,0.3143,0.7688,1.3431,0.2312,0.5724,False,LOW,0.174,39.7,MEDIUM,LOW,29.7,LOW,"{'visual_stress': 0.0, 'audio_stress': 15.0, 'emotion_instability': 4.1, 'eye_avoidance': 0.0, 'head_movement': 3.9}",FLUCTUATING,"{'visual': 0.489, 'audio': 0.511}",False,fear,2026-07-09 10:15:38
neutral,calm,LOW,Negative emotional state,0.48,0.127,25,0.469,fear,0.31,MEDIUM,0.44,0.0287,0.583,0.3143,0.7688,1.3431,0.2312,0.5724,False,LOW,0.177,39.7,MEDIUM,LOW,26.8,LOW,"{'visual_stress': 0.0, 'audio_stress': 15.0, 'emotion_instability': 3.6, 'eye_avoidance': 0.0, 'head_movement': 3.9}",FLUCTUATING,"{'visual': 0.483, 'audio': 0.517}",False,fear,2026-07-09 10:15:39
sad,calm,MEDIUM,Stable emotional condition,0.52,0.159,25,0.463,fear,0.31,MEDIUM,0.44,0.0287,0.583,0.3143,0.7688,1.3431,0.2312,0.5724,False,MEDIUM,0.5,54.8,MEDIUM,LOW,32.3,LOW,"{'visual_stress': 17.5, 'audio_stress': 15.0, 'emotion_instability': 4.1, 'eye_avoidance': 0.0, 'head_movement': 4.0}",FLUCTUATING,"{'visual': 0.557, 'audio': 0.443}",False,sad,2026-07-09 10:15:39
sad,calm,MEDIUM,Stable emotional condition,0.52,0.157,25,0.459,fear,0.31,MEDIUM,0.44,0.0287,0.583,0.3143,0.7688,1.3431,0.2312,0.5724,False,MEDIUM,0.5,54.9,MEDIUM,LOW,35.5,LOW,"{'visual_stress': 17.5, 'audio_stress': 15.0, 'emotion_instability': 3.6, 'eye_avoidance': 0.0, 'head_movement': 4.1}",FLUCTUATING,"{'visual': 0.554, 'audio': 0.446}",False,sad,2026-07-09 10:15:39
neutral,calm,LOW,Stable emotional condition,0.48,0.17,25,0.458,angry,0.24666666666666667,LOW,0.4867,0.1089,0.815,0.6286,0.5126,2.6862,0.4874,0.1908,False,LOW,0.0,15.5,LOW,LOW,24.6,LOW,"{'visual_stress': 0.0, 'audio_stress': 0.0, 'emotion_instability': 4.1, 'eye_avoidance': 0.0, 'head_movement': 4.1}",FLUCTUATING,"{'visual': 0.547, 'audio': 0.453}",False,neutral,2026-07-09 10:15:40
neutral,calm,LOW,Stable emotional condition,0.48,0.169,25,0.456,angry,0.24666666666666667,LOW,0.4867,0.1089,0.815,0.6286,0.5126,2.6862,0.4874,0.1908,False,LOW,0.0,15.5,LOW,LOW,18.1,LOW,"{'visual_stress': 0.0, 'audio_stress': 0.0, 'emotion_instability': 4.1, 'eye_avoidance': 0.0, 'head_movement': 4.2}",FLUCTUATING,"{'visual': 0.546, 'audio': 0.454}",False,neutral,2026-07-09 10:15:41
neutral,calm,LOW,Stable emotional condition,0.48,0.24,25,0.458,angry,0.24666666666666667,LOW,0.4867,0.1089,0.815,0.6286,0.5126,2.6862,0.4874,0.1908,False,LOW,0.0,15.4,LOW,LOW,14.1,LOW,"{'visual_stress': 0.0, 'audio_stress': 0.0, 'emotion_instability': 4.1, 'eye_avoidance': 0.0, 'head_movement': 4.1}",FLUCTUATING,"{'visual': 0.631, 'audio': 0.369}",False,neutral,2026-07-09 10:15:41
neutral,calm,LOW,Stable emotional condition,0.58,0.238,25,0.453,angry,0.24666666666666667,LOW,0.4867,0.1089,0.815,0.6286,0.5126,2.6862,0.4874,0.1908,False,LOW,0.0,15.3,LOW,LOW,11.7,LOW,"{'visual_stress': 0.0, 'audio_stress': 0.0, 'emotion_instability': 4.1, 'eye_avoidance': 0.0, 'head_movement': 3.9}",FLUCTUATING,"{'visual': 0.628, 'audio': 0.372}",False,neutral,2026-07-09 10:15:41
neutral,calm,LOW,Stable emotional condition,0.57,0.302,25,0.459,angry,0.24666666666666667,LOW,0.4867,0.1089,0.815,0.6286,0.5126,2.6862,0.4874,0.1908,False,LOW,0.0,15.3,LOW,LOW,10.2,LOW,"{'visual_stress': 0.0, 'audio_stress': 0.0, 'emotion_instability': 4.1, 'eye_avoidance': 0.0, 'head_movement': 3.9}",FLUCTUATING,"{'visual': 0.682, 'audio': 0.318}",False,neutral,2026-07-09 10:15:42
neutral,calm,LOW,Stable emotional condition,0.63,0.303,25,0.46,angry,0.24666666666666667,LOW,0.4867,0.1089,0.815,0.6286,0.5126,2.6862,0.4874,0.1908,False,LOW,0.0,15.2,LOW,LOW,9.1,LOW,"{'visual_stress': 0.0, 'audio_stress': 0.0, 'emotion_instability': 3.6, 'eye_avoidance': 0.0, 'head_movement': 3.9}",FLUCTUATING,"{'visual': 0.683, 'audio': 0.317}",False,neutral,2026-07-09 10:15:42
neutral,calm,LOW,Stable emotional condition,0.63,0.275,25,0.463,angry,0.24666666666666667,LOW,0.4867,0.1089,0.815,0.6286,0.5126,2.6862,0.4874,0.1908,False,LOW,0.0,15.2,LOW,LOW,8.5,LOW,"{'visual_stress': 0.0, 'audio_stress': 0.0, 'emotion_instability': 3.6, 'eye_avoidance': 0.0, 'head_movement': 3.9}",FLUCTUATING,"{'visual': 0.662, 'audio': 0.338}",False,neutral,2026-07-09 10:15:42
neutral,calm,LOW,Stable emotional condition,0.49,0.278,25,0.467,angry,0.24666666666666667,LOW,0.4867,0.1089,0.815,0.6286,0.5126,2.6862,0.4874,0.1908,False,LOW,0.0,15.2,LOW,LOW,7.9,LOW,"{'visual_stress': 0.0, 'audio_stress': 0.0, 'emotion_instability': 3.1, 'eye_avoidance': 0.0, 'head_movement': 3.9}",STABLE,"{'visual': 0.664, 'audio': 0.336}",False,neutral,2026-07-09 10:15:43
neutral,calm,LOW,Stable emotional condition,0.54,0.193,25,0.467,angry,0.24666666666666667,LOW,0.4867,0.1089,0.815,0.6286,0.5126,2.6862,0.4874,0.1908,False,LOW,0.0,15.2,LOW,LOW,7.5,LOW,"{'visual_stress': 0.0, 'audio_stress': 0.0, 'emotion_instability': 3.1, 'eye_avoidance': 0.0, 'head_movement': 3.9}",STABLE,"{'visual': 0.578, 'audio': 0.422}",False,neutral,2026-07-09 10:15:43
neutral,calm,LOW,Stable emotional condition,0.63,0.194,25,0.469,angry,0.24666666666666667,LOW,0.4867,0.1089,0.815,0.6286,0.5126,2.6862,0.4874,0.1908,False,LOW,0.0,15.3,LOW,LOW,7.4,LOW,"{'visual_stress': 0.0, 'audio_stress': 0.0, 'emotion_instability': 3.1, 'eye_avoidance': 0.0, 'head_movement': 4.0}",STABLE,"{'visual': 0.579, 'audio': 0.421}",False,neutral,2026-07-09 10:15:44
neutral,calm,LOW,Stable emotional condition,0.46,0.183,26,0.467,fear,0.27666666666666667,MEDIUM,0.4867,0.0172,0.494,0.0,0.7688,1.3431,0.2312,0.4141,False,LOW,0.17,28.2,LOW,LOW,13.3,LOW,"{'visual_stress': 0.0, 'audio_stress': 15.0, 'emotion_instability': 3.1, 'eye_avoidance': 0.0, 'head_movement': 4.0}",STABLE,"{'visual': 0.657, 'audio': 0.343}",False,neutral,2026-07-09 10:15:45
neutral,calm,LOW,Stable emotional condition,0.49,0.183,26,0.468,fear,0.27666666666666667,MEDIUM,0.4867,0.0172,0.494,0.0,0.7688,1.3431,0.2312,0.4141,False,LOW,0.17,28.3,LOW,LOW,16.8,LOW,"{'visual_stress': 0.0, 'audio_stress': 15.0, 'emotion_instability': 3.1, 'eye_avoidance': 0.0, 'head_movement': 4.1}",STABLE,"{'visual': 0.657, 'audio': 0.343}",False,neutral,2026-07-09 10:15:45
sad,calm,MEDIUM,Stable emotional condition,0.38,0.314,26,0.467,fear,0.27666666666666667,MEDIUM,0.4867,0.0172,0.494,0.0,0.7688,1.3431,0.2312,0.4141,False,MEDIUM,0.5,55.4,MEDIUM,LOW,26.2,LOW,"{'visual_stress': 17.5, 'audio_stress': 15.0, 'emotion_instability': 3.6, 'eye_avoidance': 0.0, 'head_movement': 4.2}",STABLE,"{'visual': 0.766, 'audio': 0.234}",False,sad,2026-07-09 10:15:45
sad,calm,MEDIUM,Stable emotional condition,0.52,0.313,27,0.466,fear,0.27666666666666667,MEDIUM,0.4867,0.0172,0.494,0.0,0.7688,1.3431,0.2312,0.4141,False,MEDIUM,0.5,55.8,MEDIUM,LOW,31.9,LOW,"{'visual_stress': 17.5, 'audio_stress': 15.0, 'emotion_instability': 3.6, 'eye_avoidance': 0.0, 'head_movement': 4.3}",STABLE,"{'visual': 0.766, 'audio': 0.234}",False,sad,2026-07-09 10:15:46
sad,calm,MEDIUM,Stable emotional condition,0.52,0.301,27,0.463,fear,0.27666666666666667,MEDIUM,0.4867,0.0172,0.494,0.0,0.7688,1.3431,0.2312,0.4141,False,MEDIUM,0.5,55.8,MEDIUM,LOW,35.3,LOW,"{'visual_stress': 17.5, 'audio_stress': 15.0, 'emotion_instability': 3.6, 'eye_avoidance': 0.0, 'head_movement': 4.3}",STABLE,"{'visual': 0.759, 'audio': 0.241}",False,sad,2026-07-09 10:15:46
sad,calm,MEDIUM,Stable emotional condition,0.52,0.309,27,0.474,fear,0.27666666666666667,MEDIUM,0.4867,0.0172,0.494,0.0,0.7688,1.3431,0.2312,0.4141,False,MEDIUM,0.5,55.7,MEDIUM,LOW,37.1,LOW,"{'visual_stress': 17.5, 'audio_stress': 15.0, 'emotion_instability': 3.1, 'eye_avoidance': 0.0, 'head_movement': 4.2}",STABLE,"{'visual': 0.763, 'audio': 0.237}",False,sad,2026-07-09 10:15:47
neutral,calm,LOW,Stable emotional condition,0.46,0.305,27,0.473,fear,0.27666666666666667,MEDIUM,0.4867,0.0172,0.494,0.0,0.7688,1.3431,0.2312,0.4141,False,LOW,0.169,28.7,LOW,LOW,31.4,LOW,"{'visual_stress': 0.0, 'audio_stress': 15.0, 'emotion_instability': 3.6, 'eye_avoidance': 0.0, 'head_movement': 4.2}",STABLE,"{'visual': 0.761, 'audio': 0.239}",False,neutral,2026-07-09 10:15:47
neutral,calm,LOW,Stable emotional condition,0.46,0.289,27,0.449,fear,0.27666666666666667,MEDIUM,0.4867,0.0172,0.494,0.0,0.7688,1.3431,0.2312,0.4141,False,LOW,0.174,28.8,LOW,LOW,27.8,LOW,"{'visual_stress': 0.0, 'audio_stress': 15.0, 'emotion_instability': 3.1, 'eye_avoidance': 0.0, 'head_movement': 4.3}",STABLE,"{'visual': 0.751, 'audio': 0.249}",False,neutral,2026-07-09 10:15:47
neutral,calm,LOW,Stable emotional condition,0.41,0.244,27,0.446,fear,0.27666666666666667,MEDIUM,0.4867,0.0172,0.494,0.0,0.7688,1.3431,0.2312,0.4141,False,LOW,0.175,28.8,LOW,LOW,25.6,LOW,"{'visual_stress': 0.0, 'audio_stress': 15.0, 'emotion_instability': 3.1, 'eye_avoidance': 0.0, 'head_movement': 4.3}",STABLE,"{'visual': 0.718, 'audio': 0.282}",False,neutral,2026-07-09 10:15:48
neutral,calm,MEDIUM,Stable emotional condition,0.52,0.247,28,0.453,fear,0.27666666666666667,MEDIUM,0.4867,0.0172,0.494,0.0,0.7688,1.3431,0.2312,0.4141,False,MEDIUM,0.5,44.1,MEDIUM,LOW,31.3,LOW,"{'visual_stress': 17.5, 'audio_stress': 15.0, 'emotion_instability': 3.1, 'eye_avoidance': 0.0, 'head_movement': 4.3}",STABLE,"{'visual': 0.721, 'audio': 0.279}",False,neutral,2026-07-09 10:15:48
sad,calm,LOW,Stable emotional condition,0.35,0.238,28,0.454,fear,0.29333333333333333,LOW,0.42,0.0473,0.67,0.3293,0.4925,2.6862,0.5075,0.1253,False,LOW,0.309,43.5,MEDIUM,LOW,28.9,LOW,"{'visual_stress': 17.5, 'audio_stress': 0.0, 'emotion_instability': 3.6, 'eye_avoidance': 0.0, 'head_movement': 4.2}",STABLE,"{'visual': 0.634, 'audio': 0.366}",False,sad,2026-07-09 10:15:49
