emotion,visual_emotion_confidence,temporal_emotion,final_emotion,stress_level,visual_stress,cognitive_load,deception_risk,visual_cognitive_state,cognitive_confidence,fusion_confidence,temporal_state,blink_count,movement_score,gaze_direction,gaze_stability,gaze_shift_frequency,video_quality,head_pose,audio_emotion,audio_confidence,audio_stress,audio_stress_confidence,speech_intensity,audio_quality,response_latency,pause_ratio,speech_rate,voiced_ratio,mean_pause,emotion_agreement,fused_stress,fused_stress_score,fusion_score,risk_score,risk_level,risk_breakdown,cognitive_state,modality_weights,quality_warning,fused_emotion,timestamp
happy,0.74,happy,happy,LOW,LOW,LOW,LOW,FOCUSED,0.82,0.347,STABLE,0,0,CENTER,1.0,0,0.469,"{'yaw': -0.85, 'pitch': 3.19, 'roll': -0.05}",neutral,0.0,LOW,0.0,0.0,0.0,0.0,0.0,0.0,0.0,0.0,,LOW,0.0,0.0,0.0,LOW,"{'visual_stress': 0.0, 'audio_stress': 0.0, 'emotion_instability': 0.0, 'eye_avoidance': 0.0, 'head_movement': 0.0}",Stable emotional condition,"{'visual': 1.0, 'audio': 0.0}",False,happy,2026-07-08 21:37:02
happy,0.74,happy,happy,LOW,LOW,LOW,LOW,FOCUSED,0.82,0.333,STABLE,0,0,CENTER,1.0,0,0.45,"{'yaw': -1.55, 'pitch': 2.62, 'roll': -0.11}",neutral,0.0,LOW,0.0,0.0,0.0,0.0,0.0,0.0,0.0,0.0,,LOW,0.0,0.0,0.0,LOW,"{'visual_stress': 0.0, 'audio_stress': 0.0, 'emotion_instability': 0.0, 'eye_avoidance': 0.0, 'head_movement': 0.0}",Stable emotional condition,"{'visual': 1.0, 'audio': 0.0}",False,happy,2026-07-08 21:37:03
sad,0.85,sad,sad,LOW,LOW,LOW,LOW,FOCUSED,0.82,0.382,STABLE,0,0,CENTER,1.0,0,0.449,"{'yaw': -1.19, 'pitch': 3.83, 'roll': -0.09}",neutral,0.0,LOW,0.0,0.0,0.0,0.0,0.0,0.0,0.0,0.0,,LOW,0.0,15.0,3.0,LOW,"{'visual_stress': 0.0, 'audio_stress': 0.0, 'emotion_instability': 7.5, 'eye_avoidance': 0.0, 'head_movement': 0.0}",Stable emotional condition,"{'visual': 1.0, 'audio': 0.0}",False,sad,2026-07-08 21:37:03
sad,0.85,sad,sad,LOW,LOW,LOW,LOW,FOCUSED,0.82,0.381,STABLE,0,0,CENTER,1.0,0,0.448,"{'yaw': -1.52, 'pitch': 2.94, 'roll': -0.13}",neutral,0.0,LOW,0.0,0.0,0.0,0.0,0.0,0.0,0.0,0.0,,LOW,0.0,15.0,3.8,LOW,"{'visual_stress': 0.0, 'audio_stress': 0.0, 'emotion_instability': 5.0, 'eye_avoidance': 0.0, 'head_movement': 0.0}",Stable emotional condition,"{'visual': 1.0, 'audio': 0.0}",False,sad,2026-07-08 21:37:03
sad,0.52,sad,sad,LOW,LOW,LOW,LOW,FOCUSED,0.82,0.233,STABLE,0,0.76,CENTER,1.0,0,0.449,"{'yaw': -1.67, 'pitch': 3.56, 'roll': -0.15}",neutral,0.0,LOW,0.0,0.0,0.0,0.0,0.0,0.0,0.0,0.0,,LOW,0.0,15.4,4.0,LOW,"{'visual_stress': 0.0, 'audio_stress': 0.0, 'emotion_instability': 3.8, 'eye_avoidance': 0.0, 'head_movement': 0.4}",Stable emotional condition,"{'visual': 1.0, 'audio': 0.0}",False,sad,2026-07-08 21:37:04
sad,0.52,sad,sad,LOW,LOW,LOW,LOW,FOCUSED,0.82,0.232,STABLE,1,0.77,CENTER,1.0,0,0.447,"{'yaw': -1.46, 'pitch': 3.9, 'roll': -0.13}",neutral,0.0,LOW,0.0,0.0,0.0,0.0,0.0,0.0,0.0,0.0,,LOW,0.0,15.7,3.7,LOW,"{'visual_stress': 0.0, 'audio_stress': 0.0, 'emotion_instability': 3.0, 'eye_avoidance': 0.0, 'head_movement': 0.4}",Stable emotional condition,"{'visual': 1.0, 'audio': 0.0}",False,sad,2026-07-08 21:37:04
sad,0.91,sad,sad,LOW,LOW,LOW,LOW,FOCUSED,0.93,0.416,STABLE,1,0.82,CENTER,1.0,0,0.457,"{'yaw': -1.64, 'pitch': 4.16, 'roll': -0.14}",neutral,0.0,LOW,0.0,0.0,0.0,0.0,0.0,0.0,0.0,0.0,,LOW,0.0,15.7,3.4,LOW,"{'visual_stress': 0.0, 'audio_stress': 0.0, 'emotion_instability': 2.5, 'eye_avoidance': 0.0, 'head_movement': 0.4}",Stable emotional condition,"{'visual': 1.0, 'audio': 0.0}",False,sad,2026-07-08 21:37:05
sad,0.91,sad,sad,LOW,LOW,LOW,LOW,FOCUSED,1.0,0.401,STABLE,1,0.81,CENTER,1.0,0,0.441,"{'yaw': -1.2, 'pitch': 2.93, 'roll': -0.12}",neutral,0.0,LOW,0.0,0.0,0.0,0.0,0.0,0.0,0.0,0.0,,LOW,0.0,15.7,3.0,LOW,"{'visual_stress': 0.0, 'audio_stress': 0.0, 'emotion_instability': 2.1, 'eye_avoidance': 0.0, 'head_movement': 0.4}",Stable emotional condition,"{'visual': 1.0, 'audio': 0.0}",False,sad,2026-07-08 21:37:05
fear,0.93,fear,fear,LOW,LOW,LOW,LOW,FOCUSED,1.0,0.408,STABLE,1,0.84,CENTER,1.0,0,0.439,"{'yaw': -1.24, 'pitch': 2.47, 'roll': -0.13}",neutral,0.0,LOW,0.0,0.0,0.0,0.0,0.0,0.0,0.0,0.0,,LOW,0.0,15.8,3.5,LOW,"{'visual_stress': 0.0, 'audio_stress': 0.0, 'emotion_instability': 3.8, 'eye_avoidance': 0.0, 'head_movement': 0.4}",Negative emotional state,"{'visual': 1.0, 'audio': 0.0}",False,fear,2026-07-08 21:37:06
fear,0.93,fear,fear,LOW,LOW,LOW,LOW,FOCUSED,0.82,0.394,FLUCTUATING,1,0.91,CENTER,1.0,0,0.439,"{'yaw': -0.98, 'pitch': 2.24, 'roll': -0.11}",fear,0.27,MEDIUM,0.4167,0.0455,0.663,0.0,0.2864,2.3504,0.7136,0.1422,True,LOW,0.193,28.3,9.6,LOW,"{'visual_stress': 0.0, 'audio_stress': 15.0, 'emotion_instability': 3.3, 'eye_avoidance': 0.0, 'head_movement': 0.5}",Negative emotional state,"{'visual': 0.695, 'audio': 0.305}",False,fear,2026-07-08 21:37:15
happy,0.96,happy,happy,LOW,LOW,LOW,LOW,FOCUSED,0.82,0.31,FLUCTUATING,2,1.02,CENTER,1.0,0,0.461,"{'yaw': -0.59, 'pitch': 2.15, 'roll': -0.06}",fear,0.27,MEDIUM,0.4167,0.0455,0.663,0.0,0.2864,2.3504,0.7136,0.1422,False,LOW,0.187,13.7,13.8,LOW,"{'visual_stress': 0.0, 'audio_stress': 15.0, 'emotion_instability': 4.5, 'eye_avoidance': 0.0, 'head_movement': 0.5}",Stable emotional condition,"{'visual': 0.712, 'audio': 0.288}",False,happy,2026-07-08 21:37:16
happy,0.96,happy,happy,LOW,LOW,LOW,LOW,FOCUSED,0.82,0.307,FLUCTUATING,2,2.09,CENTER,1.0,0,0.457,"{'yaw': 2.01, 'pitch': -0.19, 'roll': -0.11}",fear,0.27,MEDIUM,0.4167,0.0455,0.663,0.0,0.2864,2.3504,0.7136,0.1422,False,LOW,0.188,14.2,16.3,LOW,"{'visual_stress': 0.0, 'audio_stress': 15.0, 'emotion_instability': 4.1, 'eye_avoidance': 0.0, 'head_movement': 1.0}",Stable emotional condition,"{'visual': 0.71, 'audio': 0.29}",False,happy,2026-07-08 21:37:17
happy,0.85,happy,happy,LOW,LOW,LOW,LOW,FOCUSED,0.82,0.287,FLUCTUATING,2,2.62,CENTER,1.0,0,0.483,"{'yaw': 2.71, 'pitch': 0.36, 'roll': -0.12}",fear,0.27,MEDIUM,0.4167,0.0455,0.663,0.0,0.2864,2.3504,0.7136,0.1422,False,LOW,0.182,14.5,17.8,LOW,"{'visual_stress': 0.0, 'audio_stress': 15.0, 'emotion_instability': 3.8, 'eye_avoidance': 0.0, 'head_movement': 1.3}",Stable emotional condition,"{'visual': 0.696, 'audio': 0.304}",False,happy,2026-07-08 21:37:17
happy,0.85,happy,happy,LOW,LOW,LOW,LOW,FOCUSED,0.71,0.287,FLUCTUATING,2,2.99,CENTER,1.0,0,0.482,"{'yaw': 2.81, 'pitch': 0.02, 'roll': -0.12}",fear,0.27,MEDIUM,0.4167,0.0455,0.663,0.0,0.2864,2.3504,0.7136,0.1422,False,LOW,0.182,14.7,18.7,LOW,"{'visual_stress': 0.0, 'audio_stress': 15.0, 'emotion_instability': 3.5, 'eye_avoidance': 0.0, 'head_movement': 1.5}",Stable emotional condition,"{'visual': 0.696, 'audio': 0.304}",False,happy,2026-07-08 21:37:18
happy,0.42,happy,happy,LOW,LOW,LOW,LOW,FOCUSED,0.68,0.141,FLUCTUATING,2,3.15,CENTER,1.0,0,0.481,"{'yaw': 2.21, 'pitch': 0.08, 'roll': -0.11}",fear,0.27,MEDIUM,0.4167,0.0455,0.663,0.0,0.2864,2.3504,0.7136,0.1422,False,LOW,0.182,14.7,19.1,LOW,"{'visual_stress': 0.0, 'audio_stress': 15.0, 'emotion_instability': 3.2, 'eye_avoidance': 0.0, 'head_movement': 1.6}",Stable emotional condition,"{'visual': 0.53, 'audio': 0.47}",False,happy,2026-07-08 21:37:18
happy,0.42,happy,happy,LOW,LOW,LOW,LOW,FOCUSED,1.0,0.165,FLUCTUATING,2,0,CENTER,1.0,0,0.561,"{'yaw': 0, 'pitch': 0, 'roll': 0}",fear,0.27,MEDIUM,0.4167,0.0455,0.663,0.0,0.2864,2.3504,0.7136,0.1422,False,LOW,0.165,13.2,18.7,LOW,"{'visual_stress': 0.0, 'audio_stress': 15.0, 'emotion_instability': 3.0, 'eye_avoidance': 0.0, 'head_movement': 0.0}",Stable emotional condition,"{'visual': 0.568, 'audio': 0.432}",False,happy,2026-07-08 21:37:18
sad,0.54,sad,sad,MEDIUM,MEDIUM,MEDIUM,LOW,FOCUSED,0.63,0.169,FLUCTUATING,2,3.13,CENTER,1.0,0,0.446,"{'yaw': -1.8, 'pitch': 3.68, 'roll': -0.11}",fear,0.27,MEDIUM,0.4167,0.0455,0.663,0.0,0.2864,2.3504,0.7136,0.1422,False,MEDIUM,0.5,44.7,26.4,LOW,"{'visual_stress': 17.5, 'audio_stress': 15.0, 'emotion_instability': 3.8, 'eye_avoidance': 0.0, 'head_movement': 1.6}",Stable emotional condition,"{'visual': 0.574, 'audio': 0.426}",False,sad,2026-07-08 21:37:19
sad,0.54,sad,sad,MEDIUM,MEDIUM,MEDIUM,LOW,FOCUSED,0.59,0.172,FLUCTUATING,3,3.1,CENTER,1.0,0,0.454,"{'yaw': -1.99, 'pitch': 3.44, 'roll': -0.11}",fear,0.27,MEDIUM,0.4167,0.0455,0.663,0.0,0.2864,2.3504,0.7136,0.1422,False,MEDIUM,0.5,45.1,30.9,LOW,"{'visual_stress': 17.5, 'audio_stress': 15.0, 'emotion_instability': 3.5, 'eye_avoidance': 0.0, 'head_movement': 1.6}",Stable emotional condition,"{'visual': 0.578, 'audio': 0.422}",False,sad,2026-07-08 21:37:19
angry,0.41,angry,angry,MEDIUM,MEDIUM,MEDIUM,MEDIUM,FOCUSED,0.67,0.131,FLUCTUATING,3,3.03,CENTER,1.0,0,0.455,"{'yaw': -1.23, 'pitch': 2.95, 'roll': -0.12}",fear,0.27,MEDIUM,0.4167,0.0455,0.663,0.0,0.2864,2.3504,0.7136,0.1422,False,MEDIUM,0.5,45.0,33.8,LOW,"{'visual_stress': 17.5, 'audio_stress': 15.0, 'emotion_instability': 4.2, 'eye_avoidance': 0.0, 'head_movement': 1.5}",Negative emotional state,"{'visual': 0.51, 'audio': 0.49}",False,angry,2026-07-08 21:37:20
angry,0.41,angry,angry,MEDIUM,MEDIUM,MEDIUM,MEDIUM,FOCUSED,0.69,0.128,FLUCTUATING,3,3.0,CENTER,1.0,0,0.447,"{'yaw': -2.2, 'pitch': 2.63, 'roll': -0.12}",fear,0.26,MEDIUM,0.4133,0.0548,0.696,0.0,0.0352,1.6788,0.9648,0.0262,False,MEDIUM,0.5,45.0,35.4,LOW,"{'visual_stress': 17.5, 'audio_stress': 15.0, 'emotion_instability': 3.9, 'eye_avoidance': 0.0, 'head_movement': 1.5}",Negative emotional state,"{'visual': 0.503, 'audio': 0.497}",False,angry,2026-07-08 21:37:21
sad,0.59,sad,sad,MEDIUM,MEDIUM,MEDIUM,LOW,FOCUSED,0.7,0.195,FLUCTUATING,3,2.92,CENTER,1.0,0,0.471,"{'yaw': -0.73, 'pitch': 2.81, 'roll': -0.16}",fear,0.26,MEDIUM,0.4133,0.0548,0.696,0.0,0.0352,1.6788,0.9648,0.0262,False,MEDIUM,0.5,45.0,36.7,LOW,"{'visual_stress': 17.5, 'audio_stress': 15.0, 'emotion_instability': 4.5, 'eye_avoidance': 0.0, 'head_movement': 1.5}",Stable emotional condition,"{'visual': 0.606, 'audio': 0.394}",False,sad,2026-07-08 21:37:22
sad,0.59,sad,sad,MEDIUM,MEDIUM,MEDIUM,LOW,FOCUSED,0.75,0.183,FLUCTUATING,3,2.87,CENTER,1.0,0,0.442,"{'yaw': -1.65, 'pitch': 2.46, 'roll': -0.15}",fear,0.26,MEDIUM,0.4133,0.0548,0.696,0.0,0.0352,1.6788,0.9648,0.0262,False,MEDIUM,0.5,44.9,37.3,LOW,"{'visual_stress': 17.5, 'audio_stress': 15.0, 'emotion_instability': 4.3, 'eye_avoidance': 0.0, 'head_movement': 1.4}",Stable emotional condition,"{'visual': 0.59, 'audio': 0.41}",False,sad,2026-07-08 21:37:22
neutral,1.0,neutral,neutral,LOW,LOW,LOW,LOW,FOCUSED,0.89,0.308,FLUCTUATING,3,2.82,CENTER,1.0,0,0.44,"{'yaw': -0.85, 'pitch': 2.05, 'roll': -0.25}",fear,0.26,MEDIUM,0.4133,0.0548,0.696,0.0,0.0352,1.6788,0.9648,0.0262,False,LOW,0.198,17.9,30.8,LOW,"{'visual_stress': 0.0, 'audio_stress': 15.0, 'emotion_instability': 4.8, 'eye_avoidance': 0.0, 'head_movement': 1.4}",Stable emotional condition,"{'visual': 0.709, 'audio': 0.291}",False,neutral,2026-07-08 21:37:22
neutral,1.0,neutral,neutral,LOW,LOW,LOW,LOW,FOCUSED,0.91,0.323,FLUCTUATING,3,2.77,CENTER,1.0,0,0.461,"{'yaw': 0.07, 'pitch': 2.84, 'roll': -0.14}",fear,0.26,MEDIUM,0.4133,0.0548,0.696,0.0,0.0352,1.6788,0.9648,0.0262,False,LOW,0.192,17.9,26.9,LOW,"{'visual_stress': 0.0, 'audio_stress': 15.0, 'emotion_instability': 4.6, 'eye_avoidance': 0.0, 'head_movement': 1.4}",Stable emotional condition,"{'visual': 0.718, 'audio': 0.282}",False,neutral,2026-07-08 21:37:23
surprise,0.76,surprise,surprise,LOW,LOW,LOW,LOW,FOCUSED,0.81,0.256,UNSTABLE,3,2.76,CENTER,1.0,0,0.481,"{'yaw': 1.09, 'pitch': 3.35, 'roll': -0.13}",fear,0.26,MEDIUM,0.4133,0.0548,0.696,0.0,0.0352,1.6788,0.9648,0.0262,False,LOW,0.187,14.9,24.7,LOW,"{'visual_stress': 0.0, 'audio_stress': 15.0, 'emotion_instability': 5.0, 'eye_avoidance': 0.0, 'head_movement': 1.4}",Stable emotional condition,"{'visual': 0.669, 'audio': 0.331}",False,surprise,2026-07-08 21:37:23
surprise,0.76,surprise,surprise,LOW,LOW,LOW,LOW,FOCUSED,0.93,0.245,FLUCTUATING,3,2.73,CENTER,1.0,0,0.46,"{'yaw': -0.58, 'pitch': 3.8, 'roll': -0.17}",fear,0.26,MEDIUM,0.4133,0.0548,0.696,0.0,0.0352,1.6788,0.9648,0.0262,False,LOW,0.192,14.9,23.3,LOW,"{'visual_stress': 0.0, 'audio_stress': 15.0, 'emotion_instability': 4.8, 'eye_avoidance': 0.0, 'head_movement': 1.4}",Stable emotional condition,"{'visual': 0.659, 'audio': 0.341}",False,surprise,2026-07-08 21:37:24
neutral,0.92,neutral,neutral,LOW,LOW,LOW,LOW,FOCUSED,0.93,0.299,FLUCTUATING,3,2.72,CENTER,1.0,0,0.464,"{'yaw': -0.88, 'pitch': 4.0, 'roll': -0.18}",fear,0.26,MEDIUM,0.4133,0.0548,0.696,0.0,0.0352,1.6788,0.9648,0.0262,False,LOW,0.191,17.9,22.6,LOW,"{'visual_stress': 0.0, 'audio_stress': 15.0, 'emotion_instability': 5.2, 'eye_avoidance': 0.0, 'head_movement': 1.4}",Stable emotional condition,"{'visual': 0.702, 'audio': 0.298}",False,neutral,2026-07-08 21:37:24
neutral,0.92,neutral,neutral,LOW,LOW,LOW,LOW,FOCUSED,1.0,0.308,FLUCTUATING,3,2.74,CENTER,1.0,0,0.479,"{'yaw': -1.34, 'pitch': 4.76, 'roll': -0.17}",fear,0.26,MEDIUM,0.4133,0.0548,0.696,0.0,0.0352,1.6788,0.9648,0.0262,False,LOW,0.188,17.9,22.1,LOW,"{'visual_stress': 0.0, 'audio_stress': 15.0, 'emotion_instability': 5.0, 'eye_avoidance': 0.0, 'head_movement': 1.4}",Stable emotional condition,"{'visual': 0.709, 'audio': 0.291}",False,neutral,2026-07-08 21:37:25
fear,0.99,fear,fear,MEDIUM,MEDIUM,MEDIUM,LOW,FOCUSED,0.82,0.413,UNSTABLE,3,2.7,CENTER,1.0,0,0.449,"{'yaw': -0.97, 'pitch': 2.06, 'roll': -0.12}",fear,0.26,MEDIUM,0.4133,0.0548,0.696,0.0,0.0352,1.6788,0.9648,0.0262,True,MEDIUM,0.5,44.9,29.0,LOW,"{'visual_stress': 17.5, 'audio_stress': 15.0, 'emotion_instability': 5.4, 'eye_avoidance': 0.0, 'head_movement': 1.4}",Negative emotional state,"{'visual': 0.711, 'audio': 0.289}",False,fear,2026-07-08 21:37:25
fear,0.99,fear,fear,MEDIUM,MEDIUM,MEDIUM,MEDIUM,FOCUSED,0.71,0.416,FLUCTUATING,4,2.65,CENTER,1.0,0,0.442,"{'yaw': -0.09, 'pitch': 2.84, 'roll': -0.2}",fear,0.2833333333333333,MEDIUM,0.3967,0.0525,0.688,0.0,0.0905,3.0219,0.9095,0.0337,True,MEDIUM,0.5,45.2,33.0,LOW,"{'visual_stress': 17.5, 'audio_stress': 15.0, 'emotion_instability': 5.2, 'eye_avoidance': 0.0, 'head_movement': 1.3}",Negative emotional state,"{'visual': 0.692, 'audio': 0.308}",False,fear,2026-07-08 21:37:26
happy,0.74,happy,happy,LOW,LOW,LOW,LOW,FOCUSED,0.93,0.223,UNSTABLE,4,2.62,CENTER,1.0,0,0.43,"{'yaw': -1.56, 'pitch': 2.2, 'roll': -0.12}",fear,0.2833333333333333,MEDIUM,0.3967,0.0525,0.688,0.0,0.0905,3.0219,0.9095,0.0337,False,LOW,0.194,15.1,28.6,LOW,"{'visual_stress': 0.0, 'audio_stress': 15.0, 'emotion_instability': 5.7, 'eye_avoidance': 0.0, 'head_movement': 1.3}",Stable emotional condition,"{'visual': 0.62, 'audio': 0.38}",False,happy,2026-07-08 21:37:27
happy,0.74,happy,happy,LOW,LOW,LOW,LOW,FOCUSED,0.91,0.228,FLUCTUATING,4,2.67,CENTER,1.0,0,0.441,"{'yaw': -2.7, 'pitch': 2.46, 'roll': -0.15}",fear,0.2833333333333333,MEDIUM,0.3967,0.0525,0.688,0.0,0.0905,3.0219,0.9095,0.0337,False,LOW,0.191,15.2,25.8,LOW,"{'visual_stress': 0.0, 'audio_stress': 15.0, 'emotion_instability': 5.2, 'eye_avoidance': 0.0, 'head_movement': 1.3}",Stable emotional condition,"{'visual': 0.626, 'audio': 0.374}",False,happy,2026-07-08 21:37:27
neutral,0.99,neutral,neutral,LOW,LOW,LOW,LOW,FOCUSED,0.82,0.302,FLUCTUATING,4,2.67,CENTER,1.0,0,0.436,"{'yaw': -1.79, 'pitch': 2.75, 'roll': -0.11}",fear,0.2833333333333333,MEDIUM,0.3967,0.0525,0.688,0.0,0.0905,3.0219,0.9095,0.0337,False,LOW,0.192,18.2,24.3,LOW,"{'visual_stress': 0.0, 'audio_stress': 15.0, 'emotion_instability': 5.7, 'eye_avoidance': 0.0, 'head_movement': 1.3}",Stable emotional condition,"{'visual': 0.689, 'audio': 0.311}",False,neutral,2026-07-08 21:37:27
neutral,0.99,neutral,neutral,LOW,LOW,LOW,LOW,FOCUSED,0.82,0.305,FLUCTUATING,4,2.67,CENTER,1.0,0,0.44,"{'yaw': 0.53, 'pitch': 2.64, 'roll': -0.09}",fear,0.2833333333333333,MEDIUM,0.3967,0.0525,0.688,0.0,0.0905,3.0219,0.9095,0.0337,False,LOW,0.191,18.2,23.4,LOW,"{'visual_stress': 0.0, 'audio_stress': 15.0, 'emotion_instability': 5.7, 'eye_avoidance': 0.0, 'head_movement': 1.3}",Stable emotional condition,"{'visual': 0.691, 'audio': 0.309}",False,neutral,2026-07-08 21:37:28
sad,1.0,sad,sad,MEDIUM,MEDIUM,MEDIUM,LOW,FOCUSED,0.71,0.31,UNSTABLE,5,2.68,CENTER,1.0,0,0.443,"{'yaw': -0.28, 'pitch': 3.9, 'roll': -0.03}",fear,0.2833333333333333,MEDIUM,0.3967,0.0525,0.688,0.0,0.0905,3.0219,0.9095,0.0337,False,MEDIUM,0.5,45.5,30.0,LOW,"{'visual_stress': 17.5, 'audio_stress': 15.0, 'emotion_instability': 6.2, 'eye_avoidance': 0.0, 'head_movement': 1.3}",Stable emotional condition,"{'visual': 0.694, 'audio': 0.306}",False,sad,2026-07-08 21:37:28
sad,1.0,sad,sad,MEDIUM,MEDIUM,MEDIUM,LOW,FOCUSED,0.88,0.321,FLUCTUATING,5,2.75,CENTER,1.0,0,0.459,"{'yaw': -2.97, 'pitch': 4.14, 'roll': -0.14}",fear,0.2833333333333333,MEDIUM,0.3967,0.0525,0.688,0.0,0.0905,3.0219,0.9095,0.0337,False,MEDIUM,0.5,45.5,34.0,LOW,"{'visual_stress': 17.5, 'audio_stress': 15.0, 'emotion_instability': 6.2, 'eye_avoidance': 0.0, 'head_movement': 1.4}",Stable emotional condition,"{'visual': 0.702, 'audio': 0.298}",False,sad,2026-07-08 21:37:29
sad,0.58,sad,sad,MEDIUM,MEDIUM,MEDIUM,LOW,FOCUSED,0.71,0.184,FLUCTUATING,6,2.73,CENTER,1.0,0,0.454,"{'yaw': -0.37, 'pitch': 1.95, 'roll': -0.07}",fear,0.2833333333333333,MEDIUM,0.3967,0.0525,0.688,0.0,0.0905,3.0219,0.9095,0.0337,False,MEDIUM,0.5,45.9,36.5,LOW,"{'visual_stress': 17.5, 'audio_stress': 15.0, 'emotion_instability': 6.2, 'eye_avoidance': 0.0, 'head_movement': 1.4}",Stable emotional condition,"{'visual': 0.575, 'audio': 0.425}",False,sad,2026-07-08 21:37:30
sad,0.58,sad,sad,MEDIUM,MEDIUM,MEDIUM,LOW,FOCUSED,0.78,0.184,FLUCTUATING,6,2.71,CENTER,1.0,0,0.453,"{'yaw': -1.29, 'pitch': 3.74, 'roll': -0.09}",fear,0.2833333333333333,MEDIUM,0.3967,0.0525,0.688,0.0,0.0905,3.0219,0.9095,0.0337,False,MEDIUM,0.5,45.9,37.7,LOW,"{'visual_stress': 17.5, 'audio_stress': 15.0, 'emotion_instability': 5.7, 'eye_avoidance': 0.0, 'head_movement': 1.4}",Stable emotional condition,"{'visual': 0.574, 'audio': 0.426}",False,sad,2026-07-08 21:37:30
neutral,0.99,neutral,neutral,LOW,LOW,LOW,LOW,FOCUSED,0.82,0.317,FLUCTUATING,6,2.72,CENTER,1.0,0,0.457,"{'yaw': -0.11, 'pitch': 3.69, 'roll': -0.13}",fear,0.2833333333333333,MEDIUM,0.3967,0.0525,0.688,0.0,0.0905,3.0219,0.9095,0.0337,False,LOW,0.187,18.9,31.7,LOW,"{'visual_stress': 0.0, 'audio_stress': 15.0, 'emotion_instability': 6.2, 'eye_avoidance': 0.0, 'head_movement': 1.4}",Stable emotional condition,"{'visual': 0.699, 'audio': 0.301}",False,neutral,2026-07-08 21:37:31
neutral,0.99,neutral,neutral,LOW,LOW,LOW,LOW,FOCUSED,0.82,0.317,FLUCTUATING,6,2.73,CENTER,1.0,0,0.458,"{'yaw': 0.13, 'pitch': 3.12, 'roll': -0.13}",fear,0.31,MEDIUM,0.4267,0.0549,0.696,0.0,0.0302,1.3431,0.9698,0.0299,False,LOW,0.197,18.9,27.8,LOW,"{'visual_stress': 0.0, 'audio_stress': 15.0, 'emotion_instability': 5.7, 'eye_avoidance': 0.0, 'head_movement': 1.4}",Stable emotional condition,"{'visual': 0.678, 'audio': 0.322}",False,neutral,2026-07-08 21:37:31
sad,0.66,sad,sad,MEDIUM,MEDIUM,MEDIUM,LOW,FOCUSED,0.78,0.213,FLUCTUATING,6,2.73,CENTER,1.0,0,0.46,"{'yaw': -0.51, 'pitch': 3.54, 'roll': -0.14}",fear,0.31,MEDIUM,0.4267,0.0549,0.696,0.0,0.0302,1.3431,0.9698,0.0299,False,MEDIUM,0.5,45.9,32.7,LOW,"{'visual_stress': 17.5, 'audio_stress': 15.0, 'emotion_instability': 6.2, 'eye_avoidance': 0.0, 'head_movement': 1.4}",Stable emotional condition,"{'visual': 0.585, 'audio': 0.415}",False,sad,2026-07-08 21:37:32
sad,0.66,sad,sad,MEDIUM,MEDIUM,MEDIUM,LOW,FOCUSED,0.71,0.21,STABLE,6,2.74,CENTER,1.0,0,0.455,"{'yaw': -1.21, 'pitch': 3.69, 'roll': -0.14}",fear,0.31,MEDIUM,0.4267,0.0549,0.696,0.0,0.0302,1.3431,0.9698,0.0299,False,MEDIUM,0.5,45.9,35.7,LOW,"{'visual_stress': 17.5, 'audio_stress': 15.0, 'emotion_instability': 6.2, 'eye_avoidance': 0.0, 'head_movement': 1.4}",Stable emotional condition,"{'visual': 0.582, 'audio': 0.418}",False,sad,2026-07-08 21:37:32
fear,0.48,fear,fear,MEDIUM,MEDIUM,MEDIUM,MEDIUM,FOCUSED,0.71,0.313,FLUCTUATING,6,2.54,CENTER,1.0,0,0.437,"{'yaw': -0.32, 'pitch': 2.91, 'roll': -0.11}",fear,0.31,MEDIUM,0.4267,0.0549,0.696,0.0,0.0302,1.3431,0.9698,0.0299,True,MEDIUM,0.5,45.8,37.6,LOW,"{'visual_stress': 17.5, 'audio_stress': 15.0, 'emotion_instability': 6.7, 'eye_avoidance': 0.0, 'head_movement': 1.3}",Negative emotional state,"{'visual': 0.493, 'audio': 0.507}",False,fear,2026-07-08 21:37:33
fear,0.48,fear,fear,MEDIUM,MEDIUM,MEDIUM,MEDIUM,FOCUSED,0.71,0.316,FLUCTUATING,6,2.31,CENTER,1.0,0,0.451,"{'yaw': -0.38, 'pitch': 2.3, 'roll': -0.11}",fear,0.31,MEDIUM,0.4267,0.0549,0.696,0.0,0.0302,1.3431,0.9698,0.0299,True,MEDIUM,0.5,45.7,38.7,LOW,"{'visual_stress': 17.5, 'audio_stress': 15.0, 'emotion_instability': 6.7, 'eye_avoidance': 0.0, 'head_movement': 1.2}",Negative emotional state,"{'visual': 0.501, 'audio': 0.499}",False,fear,2026-07-08 21:37:33
neutral,0.99,neutral,neutral,LOW,LOW,LOW,LOW,FOCUSED,0.82,0.317,FLUCTUATING,6,1.98,CENTER,1.0,0,0.457,"{'yaw': -0.34, 'pitch': 2.62, 'roll': -0.11}",fear,0.31,MEDIUM,0.4267,0.0549,0.696,0.0,0.0302,1.3431,0.9698,0.0299,False,LOW,0.197,18.5,32.5,LOW,"{'visual_stress': 0.0, 'audio_stress': 15.0, 'emotion_instability': 7.2, 'eye_avoidance': 0.0, 'head_movement': 1.0}",Stable emotional condition,"{'visual': 0.677, 'audio': 0.323}",False,neutral,2026-07-08 21:37:34
neutral,0.99,neutral,neutral,LOW,LOW,LOW,LOW,FOCUSED,0.82,0.318,FLUCTUATING,6,1.81,CENTER,1.0,0,0.459,"{'yaw': 2.32, 'pitch': 2.71, 'roll': -0.09}",fear,0.31,MEDIUM,0.4267,0.0549,0.696,0.0,0.0302,1.3431,0.9698,0.0299,False,LOW,0.196,18.4,28.5,LOW,"{'visual_stress': 0.0, 'audio_stress': 15.0, 'emotion_instability': 6.7, 'eye_avoidance': 0.0, 'head_movement': 0.9}",Stable emotional condition,"{'visual': 0.678, 'audio': 0.322}",False,neutral,2026-07-08 21:37:34
sad,1.0,sad,sad,MEDIUM,MEDIUM,MEDIUM,LOW,FOCUSED,0.71,0.322,FLUCTUATING,7,1.86,CENTER,1.0,0,0.46,"{'yaw': 1.34, 'pitch': 3.61, 'roll': -0.06}",fear,0.31,MEDIUM,0.4267,0.0549,0.696,0.0,0.0302,1.3431,0.9698,0.0299,False,MEDIUM,0.5,45.8,33.4,LOW,"{'visual_stress': 17.5, 'audio_stress': 15.0, 'emotion_instability': 7.2, 'eye_avoidance': 0.0, 'head_movement': 0.9}",Stable emotional condition,"{'visual': 0.681, 'audio': 0.319}",False,sad,2026-07-08 21:37:35
sad,1.0,sad,sad,MEDIUM,MEDIUM,MEDIUM,LOW,FOCUSED,0.72,0.312,FLUCTUATING,7,1.84,CENTER,1.0,0,0.445,"{'yaw': 0.24, 'pitch': 3.07, 'roll': -0.15}",fear,0.31,MEDIUM,0.4267,0.0549,0.696,0.0,0.0302,1.3431,0.9698,0.0299,False,MEDIUM,0.5,45.8,36.1,LOW,"{'visual_stress': 17.5, 'audio_stress': 15.0, 'emotion_instability': 6.7, 'eye_avoidance': 0.0, 'head_movement': 0.9}",Stable emotional condition,"{'visual': 0.673, 'audio': 0.327}",False,sad,2026-07-08 21:37:35
sad,0.98,sad,sad,MEDIUM,MEDIUM,MEDIUM,LOW,FOCUSED,0.71,0.309,FLUCTUATING,7,1.88,CENTER,1.0,0,0.451,"{'yaw': 0.87, 'pitch': 3.62, 'roll': -0.1}",fear,0.31,MEDIUM,0.4267,0.0549,0.696,0.0,0.0302,1.3431,0.9698,0.0299,False,MEDIUM,0.5,45.8,37.7,LOW,"{'visual_stress': 17.5, 'audio_stress': 15.0, 'emotion_instability': 6.7, 'eye_avoidance': 0.0, 'head_movement': 0.9}",Stable emotional condition,"{'visual': 0.672, 'audio': 0.328}",False,sad,2026-07-08 21:37:35
sad,0.98,sad,sad,MEDIUM,MEDIUM,MEDIUM,LOW,FOCUSED,0.71,0.294,FLUCTUATING,7,1.84,CENTER,1.0,0,0.429,"{'yaw': -0.1, 'pitch': 2.31, 'roll': -0.12}",fear,0.30666666666666664,MEDIUM,0.38,0.0581,0.706,0.0,0.0553,2.3504,0.9447,0.0274,False,MEDIUM,0.5,45.8,38.4,LOW,"{'visual_stress': 17.5, 'audio_stress': 15.0, 'emotion_instability': 6.2, 'eye_avoidance': 0.0, 'head_movement': 0.9}",Stable emotional condition,"{'visual': 0.66, 'audio': 0.34}",False,sad,2026-07-08 21:37:36
fear,0.36,fear,fear,MEDIUM,MEDIUM,MEDIUM,MEDIUM,FOCUSED,0.71,0.292,FLUCTUATING,7,1.85,CENTER,1.0,0,0.463,"{'yaw': -0.43, 'pitch': 3.56, 'roll': -0.11}",fear,0.30666666666666664,MEDIUM,0.38,0.0581,0.706,0.0,0.0553,2.3504,0.9447,0.0274,True,MEDIUM,0.5,45.8,39.1,LOW,"{'visual_stress': 17.5, 'audio_stress': 15.0, 'emotion_instability': 6.7, 'eye_avoidance': 0.0, 'head_movement': 0.9}",Negative emotional state,"{'visual': 0.435, 'audio': 0.565}",False,fear,2026-07-08 21:37:37
fear,0.36,fear,fear,MEDIUM,MEDIUM,MEDIUM,MEDIUM,FOCUSED,0.78,0.283,FLUCTUATING,7,1.85,CENTER,1.0,0,0.414,"{'yaw': -0.37, 'pitch': 1.99, 'roll': -0.06}",fear,0.30666666666666664,MEDIUM,0.38,0.0581,0.706,0.0,0.0553,2.3504,0.9447,0.0274,True,MEDIUM,0.5,45.8,39.3,LOW,"{'visual_stress': 17.5, 'audio_stress': 15.0, 'emotion_instability': 6.2, 'eye_avoidance': 0.0, 'head_movement': 0.9}",Negative emotional state,"{'visual': 0.408, 'audio': 0.592}",False,fear,2026-07-08 21:37:37
fear,0.86,fear,fear,MEDIUM,MEDIUM,MEDIUM,MEDIUM,FOCUSED,0.79,0.393,FLUCTUATING,7,1.98,CENTER,1.0,0,0.429,"{'yaw': -1.71, 'pitch': 0.44, 'roll': -0.07}",fear,0.30666666666666664,MEDIUM,0.38,0.0581,0.706,0.0,0.0553,2.3504,0.9447,0.0274,True,MEDIUM,0.5,45.8,39.5,LOW,"{'visual_stress': 17.5, 'audio_stress': 15.0, 'emotion_instability': 6.2, 'eye_avoidance': 0.0, 'head_movement': 1.0}",Negative emotional state,"{'visual': 0.63, 'audio': 0.37}",False,fear,2026-07-08 21:37:38
fear,0.86,fear,fear,MEDIUM,MEDIUM,MEDIUM,MEDIUM,FOCUSED,0.78,0.401,FLUCTUATING,7,2.04,CENTER,1.0,0,0.448,"{'yaw': -2.08, 'pitch': 1.98, 'roll': -0.12}",fear,0.30666666666666664,MEDIUM,0.38,0.0581,0.706,0.0,0.0553,2.3504,0.9447,0.0274,True,MEDIUM,0.5,45.9,39.4,LOW,"{'visual_stress': 17.5, 'audio_stress': 15.0, 'emotion_instability': 5.7, 'eye_avoidance': 0.0, 'head_movement': 1.0}",Negative emotional state,"{'visual': 0.64, 'audio': 0.36}",False,fear,2026-07-08 21:37:38
neutral,1.0,neutral,neutral,LOW,LOW,LOW,LOW,FOCUSED,0.93,0.315,FLUCTUATING,7,2.01,CENTER,1.0,0,0.45,"{'yaw': -0.16, 'pitch': 2.1, 'roll': -0.19}",fear,0.30666666666666664,MEDIUM,0.38,0.0581,0.706,0.0,0.0553,2.3504,0.9447,0.0274,False,LOW,0.187,18.8,32.5,LOW,"{'visual_stress': 0.0, 'audio_stress': 15.0, 'emotion_instability': 6.2, 'eye_avoidance': 0.0, 'head_movement': 1.0}",Stable emotional condition,"{'visual': 0.675, 'audio': 0.325}",False,neutral,2026-07-08 21:37:38
neutral,1.0,neutral,neutral,LOW,LOW,LOW,LOW,FOCUSED,0.82,0.316,FLUCTUATING,8,2.0,CENTER,1.0,0,0.451,"{'yaw': -0.33, 'pitch': 2.45, 'roll': -0.07}",fear,0.30666666666666664,MEDIUM,0.38,0.0581,0.706,0.0,0.0553,2.3504,0.9447,0.0274,False,LOW,0.186,19.2,28.2,LOW,"{'visual_stress': 0.0, 'audio_stress': 15.0, 'emotion_instability': 5.7, 'eye_avoidance': 0.0, 'head_movement': 1.0}",Stable emotional condition,"{'visual': 0.676, 'audio': 0.324}",False,neutral,2026-07-08 21:37:39
fear,0.47,fear,fear,MEDIUM,MEDIUM,MEDIUM,MEDIUM,FOCUSED,0.71,0.315,FLUCTUATING,8,1.98,CENTER,1.0,0,0.455,"{'yaw': -0.89, 'pitch': 3.07, 'roll': -0.11}",fear,0.30666666666666664,MEDIUM,0.38,0.0581,0.706,0.0,0.0553,2.3504,0.9447,0.0274,True,MEDIUM,0.5,46.2,32.8,LOW,"{'visual_stress': 17.5, 'audio_stress': 15.0, 'emotion_instability': 6.2, 'eye_avoidance': 0.0, 'head_movement': 1.0}",Negative emotional state,"{'visual': 0.497, 'audio': 0.503}",False,fear,2026-07-08 21:37:39
fear,0.47,fear,fear,MEDIUM,MEDIUM,MEDIUM,MEDIUM,FOCUSED,0.8,0.318,FLUCTUATING,8,1.92,CENTER,1.0,0,0.467,"{'yaw': -1.29, 'pitch': 3.72, 'roll': -0.18}",fear,0.30666666666666664,MEDIUM,0.38,0.0581,0.706,0.0,0.0553,2.3504,0.9447,0.0274,True,MEDIUM,0.5,46.1,35.4,LOW,"{'visual_stress': 17.5, 'audio_stress': 15.0, 'emotion_instability': 5.7, 'eye_avoidance': 0.0, 'head_movement': 1.0}",Negative emotional state,"{'visual': 0.503, 'audio': 0.497}",False,fear,2026-07-08 21:37:39
fear,0.99,fear,fear,MEDIUM,MEDIUM,MEDIUM,MEDIUM,FOCUSED,0.88,0.437,FLUCTUATING,8,1.94,CENTER,1.0,0,0.462,"{'yaw': -1.78, 'pitch': 3.81, 'roll': -0.12}",fear,0.30666666666666664,MEDIUM,0.38,0.0581,0.706,0.0,0.0553,2.3504,0.9447,0.0274,True,MEDIUM,0.5,46.1,36.9,LOW,"{'visual_stress': 17.5, 'audio_stress': 15.0, 'emotion_instability': 5.7, 'eye_avoidance': 0.0, 'head_movement': 1.0}",Negative emotional state,"{'visual': 0.679, 'audio': 0.321}",False,fear,2026-07-08 21:37:40
fear,0.99,happy,fear,MEDIUM,MEDIUM,MEDIUM,MEDIUM,FOCUSED,0.81,0.438,STABLE,8,2.01,CENTER,1.0,0,0.465,"{'yaw': -2.16, 'pitch': 4.33, 'roll': -0.11}",fear,0.31,MEDIUM,0.44,0.0557,0.698,0.0,0.0352,1.6788,0.9648,0.0262,True,MEDIUM,0.5,46.2,37.6,LOW,"{'visual_stress': 17.5, 'audio_stress': 15.0, 'emotion_instability': 5.2, 'eye_avoidance': 0.0, 'head_movement': 1.0}",Negative emotional state,"{'visual': 0.68, 'audio': 0.32}",False,fear,2026-07-08 21:37:43
sad,0.54,happy,sad,MEDIUM,MEDIUM,MEDIUM,LOW,FOCUSED,0.71,0.171,FLUCTUATING,9,1.99,CENTER,1.0,0,0.452,"{'yaw': -0.55, 'pitch': 2.52, 'roll': -0.07}",fear,0.31,MEDIUM,0.44,0.0557,0.698,0.0,0.0352,1.6788,0.9648,0.0262,False,MEDIUM,0.5,46.5,38.2,LOW,"{'visual_stress': 17.5, 'audio_stress': 15.0, 'emotion_instability': 5.7, 'eye_avoidance': 0.0, 'head_movement': 1.0}",Stable emotional condition,"{'visual': 0.53, 'audio': 0.47}",False,sad,2026-07-08 21:37:43
sad,0.54,happy,sad,MEDIUM,MEDIUM,MEDIUM,LOW,FOCUSED,0.79,0.168,FLUCTUATING,9,1.93,CENTER,1.0,0,0.445,"{'yaw': -0.68, 'pitch': 3.74, 'roll': -0.15}",fear,0.31,MEDIUM,0.44,0.0557,0.698,0.0,0.0352,1.6788,0.9648,0.0262,False,MEDIUM,0.5,46.5,38.4,LOW,"{'visual_stress': 17.5, 'audio_stress': 15.0, 'emotion_instability': 5.2, 'eye_avoidance': 0.0, 'head_movement': 1.0}",Stable emotional condition,"{'visual': 0.526, 'audio': 0.474}",False,sad,2026-07-08 21:37:44
fear,0.93,sad,fear,MEDIUM,MEDIUM,MEDIUM,MEDIUM,FOCUSED,0.81,0.411,FLUCTUATING,9,2.09,CENTER,1.0,0,0.436,"{'yaw': -3.93, 'pitch': 3.93, 'roll': -0.19}",fear,0.31,MEDIUM,0.44,0.0557,0.698,0.0,0.0352,1.6788,0.9648,0.0262,True,MEDIUM,0.5,46.5,38.7,LOW,"{'visual_stress': 17.5, 'audio_stress': 15.0, 'emotion_instability': 5.7, 'eye_avoidance': 0.0, 'head_movement': 1.0}",Negative emotional state,"{'visual': 0.652, 'audio': 0.348}",False,fear,2026-07-08 21:37:44
fear,0.93,sad,fear,MEDIUM,MEDIUM,MEDIUM,MEDIUM,FOCUSED,0.88,0.414,FLUCTUATING,9,2.08,CENTER,1.0,0,0.442,"{'yaw': -0.02, 'pitch': 2.65, 'roll': -0.12}",fear,0.31,MEDIUM,0.44,0.0557,0.698,0.0,0.0352,1.6788,0.9648,0.0262,True,MEDIUM,0.5,46.5,38.7,LOW,"{'visual_stress': 17.5, 'audio_stress': 15.0, 'emotion_instability': 5.2, 'eye_avoidance': 0.0, 'head_movement': 1.0}",Negative emotional state,"{'visual': 0.655, 'audio': 0.345}",False,fear,2026-07-08 21:37:45
sad,0.47,sad,sad,MEDIUM,MEDIUM,MEDIUM,MEDIUM,FOCUSED,0.88,0.151,FLUCTUATING,9,2.12,CENTER,1.0,0,0.456,"{'yaw': -1.23, 'pitch': 4.69, 'roll': -0.13}",fear,0.31,MEDIUM,0.44,0.0557,0.698,0.0,0.0352,1.6788,0.9648,0.0262,False,MEDIUM,0.5,46.6,38.8,LOW,"{'visual_stress': 17.5, 'audio_stress': 15.0, 'emotion_instability': 5.2, 'eye_avoidance': 0.0, 'head_movement': 1.1}",Negative emotional state,"{'visual': 0.498, 'audio': 0.502}",False,fear,2026-07-08 21:37:46
sad,0.47,sad,sad,MEDIUM,MEDIUM,MEDIUM,MEDIUM,FOCUSED,0.78,0.151,STABLE,9,2.12,CENTER,1.0,0,0.456,"{'yaw': -2.81, 'pitch': 4.3, 'roll': -0.2}",fear,0.31,MEDIUM,0.44,0.0557,0.698,0.0,0.0352,1.6788,0.9648,0.0262,False,MEDIUM,0.5,46.6,38.8,LOW,"{'visual_stress': 17.5, 'audio_stress': 15.0, 'emotion_instability': 5.2, 'eye_avoidance': 0.0, 'head_movement': 1.1}",Negative emotional state,"{'visual': 0.498, 'audio': 0.502}",False,fear,2026-07-08 21:37:46
neutral,0.99,angry,neutral,LOW,LOW,LOW,LOW,FOCUSED,0.82,0.31,FLUCTUATING,9,2.16,CENTER,1.0,0,0.447,"{'yaw': -3.01, 'pitch': 3.22, 'roll': -0.15}",fear,0.31,MEDIUM,0.44,0.0557,0.698,0.0,0.0352,1.6788,0.9648,0.0262,False,LOW,0.204,19.6,32.0,LOW,"{'visual_stress': 0.0, 'audio_stress': 15.0, 'emotion_instability': 5.7, 'eye_avoidance': 0.0, 'head_movement': 1.1}",Stable emotional condition,"{'visual': 0.672, 'audio': 0.328}",False,neutral,2026-07-08 21:37:47
neutral,0.99,fearful,neutral,LOW,LOW,LOW,LOW,FOCUSED,0.9,0.31,FLUCTUATING,9,2.19,CENTER,1.0,0,0.447,"{'yaw': -2.4, 'pitch': 3.5, 'roll': -0.18}",fear,0.31,MEDIUM,0.44,0.0557,0.698,0.0,0.0352,1.6788,0.9648,0.0262,False,LOW,0.204,19.6,27.7,LOW,"{'visual_stress': 0.0, 'audio_stress': 15.0, 'emotion_instability': 5.2, 'eye_avoidance': 0.0, 'head_movement': 1.1}",Stable emotional condition,"{'visual': 0.672, 'audio': 0.328}",False,neutral,2026-07-08 21:37:47
sad,0.9,fearful,sad,MEDIUM,MEDIUM,MEDIUM,LOW,FOCUSED,0.81,0.29,FLUCTUATING,9,2.22,CENTER,1.0,0,0.461,"{'yaw': -1.17, 'pitch': 4.61, 'roll': -0.11}",fear,0.31,MEDIUM,0.44,0.0557,0.698,0.0,0.0352,1.6788,0.9648,0.0262,False,MEDIUM,0.5,46.6,32.3,LOW,"{'visual_stress': 17.5, 'audio_stress': 15.0, 'emotion_instability': 5.7, 'eye_avoidance': 0.0, 'head_movement': 1.1}",Stable emotional condition,"{'visual': 0.657, 'audio': 0.343}",False,sad,2026-07-08 21:37:48
sad,0.9,fearful,sad,MEDIUM,MEDIUM,MEDIUM,LOW,FOCUSED,0.88,0.286,FLUCTUATING,9,2.22,CENTER,1.0,0,0.454,"{'yaw': -1.75, 'pitch': 3.57, 'roll': -0.14}",fear,0.29333333333333333,MEDIUM,0.48,0.0513,0.684,0.0,0.0402,2.0146,0.9598,0.0239,False,MEDIUM,0.5,46.6,34.9,LOW,"{'visual_stress': 17.5, 'audio_stress': 15.0, 'emotion_instability': 5.2, 'eye_avoidance': 0.0, 'head_movement': 1.1}",Stable emotional condition,"{'visual': 0.671, 'audio': 0.329}",False,sad,2026-07-08 21:37:49
sad,0.97,fearful,sad,MEDIUM,MEDIUM,MEDIUM,LOW,FOCUSED,0.8,0.304,FLUCTUATING,9,2.47,CENTER,1.0,0,0.447,"{'yaw': -5.26, 'pitch': 4.49, 'roll': -0.14}",fear,0.29333333333333333,MEDIUM,0.48,0.0513,0.684,0.0,0.0402,2.0146,0.9598,0.0239,False,MEDIUM,0.5,46.7,36.5,LOW,"{'visual_stress': 17.5, 'audio_stress': 15.0, 'emotion_instability': 5.2, 'eye_avoidance': 0.0, 'head_movement': 1.2}",Stable emotional condition,"{'visual': 0.684, 'audio': 0.316}",False,sad,2026-07-08 21:37:49
sad,0.97,fearful,sad,MEDIUM,MEDIUM,MEDIUM,LOW,FOCUSED,0.71,0.299,FLUCTUATING,10,2.55,CENTER,1.0,0,0.44,"{'yaw': -2.91, 'pitch': 1.44, 'roll': -0.1}",fear,0.29333333333333333,MEDIUM,0.48,0.0513,0.684,0.0,0.0402,2.0146,0.9598,0.0239,False,MEDIUM,0.5,47.1,37.3,LOW,"{'visual_stress': 17.5, 'audio_stress': 15.0, 'emotion_instability': 4.7, 'eye_avoidance': 0.0, 'head_movement': 1.3}",Stable emotional condition,"{'visual': 0.68, 'audio': 0.32}",False,sad,2026-07-08 21:37:50
sad,0.56,fearful,sad,MEDIUM,MEDIUM,MEDIUM,LOW,FOCUSED,0.88,0.169,FLUCTUATING,10,2.58,CENTER,1.0,0,0.43,"{'yaw': -2.89, 'pitch': 2.63, 'roll': -0.13}",fear,0.29333333333333333,MEDIUM,0.48,0.0513,0.684,0.0,0.0402,2.0146,0.9598,0.0239,False,MEDIUM,0.5,47.1,37.8,LOW,"{'visual_stress': 17.5, 'audio_stress': 15.0, 'emotion_instability': 4.7, 'eye_avoidance': 0.0, 'head_movement': 1.3}",Stable emotional condition,"{'visual': 0.545, 'audio': 0.455}",False,sad,2026-07-08 21:37:51
sad,0.56,fearful,sad,MEDIUM,MEDIUM,MEDIUM,LOW,FOCUSED,0.81,0.18,FLUCTUATING,10,2.56,CENTER,1.0,0,0.459,"{'yaw': -0.77, 'pitch': 3.33, 'roll': -0.13}",fear,0.29333333333333333,MEDIUM,0.48,0.0513,0.684,0.0,0.0402,2.0146,0.9598,0.0239,False,MEDIUM,0.5,47.1,37.8,LOW,"{'visual_stress': 17.5, 'audio_stress': 15.0, 'emotion_instability': 4.1, 'eye_avoidance': 0.0, 'head_movement': 1.3}",Stable emotional condition,"{'visual': 0.562, 'audio': 0.438}",False,sad,2026-07-08 21:37:51
fear,0.64,fearful,fear,MEDIUM,MEDIUM,MEDIUM,MEDIUM,FOCUSED,0.71,0.345,FLUCTUATING,11,2.56,CENTER,1.0,0,0.453,"{'yaw': -0.17, 'pitch': 3.29, 'roll': -0.13}",fear,0.29333333333333333,MEDIUM,0.48,0.0513,0.684,0.0,0.0402,2.0146,0.9598,0.0239,True,MEDIUM,0.5,47.4,38.1,LOW,"{'visual_stress': 17.5, 'audio_stress': 15.0, 'emotion_instability': 4.7, 'eye_avoidance': 0.0, 'head_movement': 1.3}",Negative emotional state,"{'visual': 0.591, 'audio': 0.409}",False,fear,2026-07-08 21:37:52
fear,0.64,disgust,fear,MEDIUM,MEDIUM,MEDIUM,MEDIUM,FOCUSED,0.88,0.204,FLUCTUATING,11,0,CENTER,1.0,0,0.01,"{'yaw': 0, 'pitch': 0, 'roll': 0}",fear,0.29333333333333333,MEDIUM,0.48,0.0513,0.684,0.0,0.0402,2.0146,0.9598,0.0239,True,MEDIUM,0.5,46.2,37.5,LOW,"{'visual_stress': 17.5, 'audio_stress': 15.0, 'emotion_instability': 4.1, 'eye_avoidance': 0.0, 'head_movement': 0.0}",Negative emotional state,"{'visual': 0.031, 'audio': 0.969}",False,fear,2026-07-08 21:37:52
angry,0.82,disgust,angry,MEDIUM,MEDIUM,MEDIUM,MEDIUM,FOCUSED,0.88,0.14,FLUCTUATING,11,0,CENTER,1.0,0,0.004,"{'yaw': 0, 'pitch': 0, 'roll': 0}",fear,0.29333333333333333,MEDIUM,0.48,0.0513,0.684,0.0,0.0402,2.0146,0.9598,0.0239,False,MEDIUM,0.5,46.2,37.1,LOW,"{'visual_stress': 17.5, 'audio_stress': 15.0, 'emotion_instability': 4.1, 'eye_avoidance': 0.0, 'head_movement': 0.0}",Negative emotional state,"{'visual': 0.016, 'audio': 0.984}",False,fear,2026-07-08 21:37:53
angry,0.82,disgust,angry,MEDIUM,MEDIUM,MEDIUM,MEDIUM,FOCUSED,0.88,0.141,FLUCTUATING,11,0,CENTER,1.0,0,0.245,"{'yaw': 0, 'pitch': 0, 'roll': 0}",fear,0.29333333333333333,MEDIUM,0.48,0.0513,0.684,0.0,0.0402,2.0146,0.9598,0.0239,False,MEDIUM,0.5,46.2,37.2,LOW,"{'visual_stress': 17.5, 'audio_stress': 15.0, 'emotion_instability': 4.7, 'eye_avoidance': 0.0, 'head_movement': 0.0}",Negative emotional state,"{'visual': 0.5, 'audio': 0.5}",False,angry,2026-07-08 21:37:53
fear,0.99,disgust,fear,MEDIUM,MEDIUM,MEDIUM,MEDIUM,FOCUSED,0.88,0.331,FLUCTUATING,11,0,CENTER,1.0,0,0.265,"{'yaw': 0, 'pitch': 0, 'roll': 0}",fear,0.29333333333333333,MEDIUM,0.48,0.0513,0.684,0.0,0.0402,2.0146,0.9598,0.0239,True,MEDIUM,0.5,46.2,37.4,LOW,"{'visual_stress': 17.5, 'audio_stress': 15.0, 'emotion_instability': 5.2, 'eye_avoidance': 0.0, 'head_movement': 0.0}",Negative emotional state,"{'visual': 0.567, 'audio': 0.433}",False,fear,2026-07-08 21:37:54
fear,0.99,disgust,fear,MEDIUM,MEDIUM,MEDIUM,MEDIUM,FOCUSED,0.88,0.327,FLUCTUATING,11,0,CENTER,1.0,0,0.269,"{'yaw': 0, 'pitch': 0, 'roll': 0}",fear,0.26,MEDIUM,0.3867,0.0637,0.722,0.0,0.0,0.3358,1.0,0.0,True,MEDIUM,0.5,46.2,37.3,LOW,"{'visual_stress': 17.5, 'audio_stress': 15.0, 'emotion_instability': 4.7, 'eye_avoidance': 0.0, 'head_movement': 0.0}",Negative emotional state,"{'visual': 0.587, 'audio': 0.413}",False,fear,2026-07-08 21:37:54
happy,1.0,surprised,happy,LOW,LOW,LOW,LOW,FOCUSED,0.96,0.292,FLUCTUATING,11,2.88,CENTER,1.0,0,0.417,"{'yaw': 4.53, 'pitch': 0.48, 'roll': -0.15}",fear,0.26,MEDIUM,0.3867,0.0637,0.722,0.0,0.0,0.3358,1.0,0.0,False,LOW,0.201,17.6,31.0,LOW,"{'visual_stress': 0.0, 'audio_stress': 15.0, 'emotion_instability': 5.2, 'eye_avoidance': 0.0, 'head_movement': 1.4}",Stable emotional condition,"{'visual': 0.69, 'audio': 0.31}",False,happy,2026-07-08 21:37:55
happy,1.0,surprised,happy,LOW,LOW,LOW,LOW,FOCUSED,0.69,0.282,FLUCTUATING,12,3.1,CENTER,1.0,0,0.403,"{'yaw': 3.36, 'pitch': 0.38, 'roll': -0.05}",fear,0.26,MEDIUM,0.3867,0.0637,0.722,0.0,0.0,0.3358,1.0,0.0,False,LOW,0.205,18.1,27.3,LOW,"{'visual_stress': 0.0, 'audio_stress': 15.0, 'emotion_instability': 5.2, 'eye_avoidance': 0.0, 'head_movement': 1.6}",Stable emotional condition,"{'visual': 0.682, 'audio': 0.318}",False,happy,2026-07-08 21:37:55
happy,0.79,calm,happy,LOW,LOW,LOW,LOW,FOCUSED,0.85,0.198,FLUCTUATING,12,3.16,CENTER,1.0,0,0.358,"{'yaw': 0.52, 'pitch': 1.04, 'roll': -0.04}",fear,0.26,MEDIUM,0.3867,0.0637,0.722,0.0,0.0,0.3358,1.0,0.0,False,LOW,0.219,18.1,25.1,LOW,"{'visual_stress': 0.0, 'audio_stress': 15.0, 'emotion_instability': 5.2, 'eye_avoidance': 0.0, 'head_movement': 1.6}",Stable emotional condition,"{'visual': 0.601, 'audio': 0.399}",False,happy,2026-07-08 21:37:56
happy,0.79,calm,happy,LOW,LOW,LOW,LOW,FOCUSED,0.83,0.211,FLUCTUATING,12,3.83,CENTER,1.0,0,0.381,"{'yaw': 7.03, 'pitch': -1.21, 'roll': -0.11}",fear,0.26,MEDIUM,0.3867,0.0637,0.722,0.0,0.0,0.3358,1.0,0.0,False,LOW,0.211,18.4,23.7,LOW,"{'visual_stress': 0.0, 'audio_stress': 15.0, 'emotion_instability': 4.7, 'eye_avoidance': 0.0, 'head_movement': 1.9}",Stable emotional condition,"{'visual': 0.616, 'audio': 0.384}",False,happy,2026-07-08 21:37:56
sad,0.97,calm,sad,MEDIUM,MEDIUM,MEDIUM,LOW,FOCUSED,0.65,0.28,FLUCTUATING,12,4.13,CENTER,1.0,0,0.413,"{'yaw': 5.02, 'pitch': 0.17, 'roll': -0.12}",fear,0.26,MEDIUM,0.3867,0.0637,0.722,0.0,0.0,0.3358,1.0,0.0,False,MEDIUM,0.5,48.6,30.1,LOW,"{'visual_stress': 17.5, 'audio_stress': 15.0, 'emotion_instability': 5.2, 'eye_avoidance': 0.0, 'head_movement': 2.1}",Stable emotional condition,"{'visual': 0.681, 'audio': 0.319}",False,sad,2026-07-08 21:37:57
sad,0.97,calm,sad,MEDIUM,MEDIUM,MEDIUM,LOW,FOCUSED,0.72,0.31,FLUCTUATING,12,4.41,CENTER,1.0,0,0.456,"{'yaw': 5.0, 'pitch': -0.43, 'roll': -0.19}",fear,0.26,MEDIUM,0.3867,0.0637,0.722,0.0,0.0,0.3358,1.0,0.0,False,MEDIUM,0.5,48.7,33.8,LOW,"{'visual_stress': 17.5, 'audio_stress': 15.0, 'emotion_instability': 4.7, 'eye_avoidance': 0.0, 'head_movement': 2.2}",Stable emotional condition,"{'visual': 0.702, 'audio': 0.298}",False,sad,2026-07-08 21:37:57
sad,1.0,calm,sad,MEDIUM,MEDIUM,MEDIUM,LOW,FOCUSED,0.72,0.315,FLUCTUATING,12,4.86,CENTER,1.0,0,0.45,"{'yaw': 6.49, 'pitch': -1.86, 'roll': -0.14}",fear,0.26,MEDIUM,0.3867,0.0637,0.722,0.0,0.0,0.3358,1.0,0.0,False,MEDIUM,0.5,48.9,36.1,LOW,"{'visual_stress': 17.5, 'audio_stress': 15.0, 'emotion_instability': 4.7, 'eye_avoidance': 0.0, 'head_movement': 2.4}",Stable emotional condition,"{'visual': 0.706, 'audio': 0.294}",False,sad,2026-07-08 21:37:58
sad,1.0,calm,sad,MEDIUM,MEDIUM,MEDIUM,LOW,FOCUSED,0.88,0.214,FLUCTUATING,12,0,CENTER,1.0,0,0.306,"{'yaw': 0, 'pitch': 0, 'roll': 0}",fear,0.26,MEDIUM,0.3867,0.0637,0.722,0.0,0.0,0.3358,1.0,0.0,False,MEDIUM,0.5,46.5,36.6,LOW,"{'visual_stress': 17.5, 'audio_stress': 15.0, 'emotion_instability': 4.7, 'eye_avoidance': 0.0, 'head_movement': 0.0}",Stable emotional condition,"{'visual': 0.62, 'audio': 0.38}",False,sad,2026-07-08 21:37:58
sad,0.49,surprised,sad,MEDIUM,MEDIUM,MEDIUM,MEDIUM,FOCUSED,0.88,0.131,FLUCTUATING,12,0,CENTER,1.0,0,0.31,"{'yaw': 0, 'pitch': 0, 'roll': 0}",fear,0.26,MEDIUM,0.3867,0.0637,0.722,0.0,0.0,0.3358,1.0,0.0,False,MEDIUM,0.5,46.5,37.0,LOW,"{'visual_stress': 17.5, 'audio_stress': 15.0, 'emotion_instability': 5.2, 'eye_avoidance': 0.0, 'head_movement': 0.0}",Negative emotional state,"{'visual': 0.447, 'audio': 0.553}",False,fear,2026-07-08 21:37:59
sad,0.49,surprised,sad,MEDIUM,MEDIUM,MEDIUM,MEDIUM,FOCUSED,0.88,0.18,FLUCTUATING,12,0,CENTER,1.0,0,0.066,"{'yaw': 0, 'pitch': 0, 'roll': 0}",angry,0.36,MEDIUM,0.4467,0.0606,0.713,0.6136,0.5628,1.6788,0.4372,0.3352,False,MEDIUM,0.5,46.5,37.3,LOW,"{'visual_stress': 17.5, 'audio_stress': 15.0, 'emotion_instability': 5.2, 'eye_avoidance': 0.0, 'head_movement': 0.0}",Negative emotional state,"{'visual': 0.112, 'audio': 0.888}",False,angry,2026-07-08 21:38:00
fear,0.95,surprised,fear,MEDIUM,MEDIUM,MEDIUM,MEDIUM,FOCUSED,0.65,0.303,FLUCTUATING,12,4.83,CENTER,1.0,0,0.456,"{'yaw': -1.53, 'pitch': 3.38, 'roll': -0.15}",angry,0.36,MEDIUM,0.4467,0.0606,0.713,0.6136,0.5628,1.6788,0.4372,0.3352,False,MEDIUM,0.5,48.9,38.6,LOW,"{'visual_stress': 17.5, 'audio_stress': 15.0, 'emotion_instability': 5.7, 'eye_avoidance': 0.0, 'head_movement': 2.4}",Negative emotional state,"{'visual': 0.628, 'audio': 0.372}",False,fear,2026-07-08 21:38:01
fear,0.95,surprised,fear,MEDIUM,MEDIUM,MEDIUM,MEDIUM,FOCUSED,0.72,0.298,FLUCTUATING,12,4.89,CENTER,1.0,0,0.448,"{'yaw': -2.73, 'pitch': 4.75, 'roll': -0.18}",angry,0.36,MEDIUM,0.4467,0.0606,0.713,0.6136,0.5628,1.6788,0.4372,0.3352,False,MEDIUM,0.5,48.9,39.2,LOW,"{'visual_stress': 17.5, 'audio_stress': 15.0, 'emotion_instability': 5.2, 'eye_avoidance': 0.0, 'head_movement': 2.4}",Negative emotional state,"{'visual': 0.624, 'audio': 0.376}",False,fear,2026-07-08 21:38:01
neutral,0.85,surprised,neutral,LOW,LOW,LOW,LOW,FOCUSED,0.66,0.262,UNSTABLE,13,4.91,CENTER,1.0,0,0.441,"{'yaw': 0.04, 'pitch': 1.05, 'roll': -0.03}",angry,0.36,MEDIUM,0.4467,0.0606,0.713,0.6136,0.5628,1.6788,0.4372,0.3352,False,LOW,0.21,22.3,32.8,LOW,"{'visual_stress': 0.0, 'audio_stress': 15.0, 'emotion_instability': 5.7, 'eye_avoidance': 0.0, 'head_movement': 2.5}",Stable emotional condition,"{'visual': 0.594, 'audio': 0.406}",False,neutral,2026-07-08 21:38:02
neutral,0.85,neutral,neutral,LOW,LOW,LOW,LOW,FOCUSED,0.83,0.274,FLUCTUATING,13,4.95,CENTER,1.0,0,0.46,"{'yaw': -1.36, 'pitch': 4.49, 'roll': -0.16}",angry,0.36,MEDIUM,0.4467,0.0606,0.713,0.6136,0.5628,1.6788,0.4372,0.3352,False,LOW,0.205,22.3,29.0,LOW,"{'visual_stress': 0.0, 'audio_stress': 15.0, 'emotion_instability': 5.7, 'eye_avoidance': 0.0, 'head_movement': 2.5}",Stable emotional condition,"{'visual': 0.604, 'audio': 0.396}",False,neutral,2026-07-08 21:38:02
neutral,0.92,calm,neutral,LOW,LOW,LOW,LOW,FOCUSED,0.74,0.321,FLUCTUATING,13,5.02,CENTER,1.0,0,0.499,"{'yaw': 2.66, 'pitch': 4.54, 'roll': -0.15}",angry,0.36,MEDIUM,0.4467,0.0606,0.713,0.6136,0.5628,1.6788,0.4372,0.3352,False,LOW,0.195,22.3,26.7,LOW,"{'visual_stress': 0.0, 'audio_stress': 15.0, 'emotion_instability': 5.7, 'eye_avoidance': 0.0, 'head_movement': 2.5}",Stable emotional condition,"{'visual': 0.641, 'audio': 0.359}",False,neutral,2026-07-08 21:38:03
neutral,0.92,calm,neutral,LOW,LOW,LOW,LOW,FOCUSED,0.73,0.274,FLUCTUATING,13,5.03,CENTER,1.0,0,0.425,"{'yaw': -2.03, 'pitch': 3.38, 'roll': -0.22}",angry,0.36,MEDIUM,0.4467,0.0606,0.713,0.6136,0.5628,1.6788,0.4372,0.3352,False,LOW,0.214,22.3,25.1,LOW,"{'visual_stress': 0.0, 'audio_stress': 15.0, 'emotion_instability': 5.2, 'eye_avoidance': 0.0, 'head_movement': 2.5}",Stable emotional condition,"{'visual': 0.604, 'audio': 0.396}",False,neutral,2026-07-08 21:38:03
neutral,0.99,calm,neutral,LOW,LOW,LOW,LOW,FOCUSED,0.73,0.3,FLUCTUATING,13,5.01,CENTER,1.0,0,0.433,"{'yaw': -0.88, 'pitch': 3.46, 'roll': -0.14}",angry,0.36,MEDIUM,0.4467,0.0606,0.713,0.6136,0.5628,1.6788,0.4372,0.3352,False,LOW,0.212,22.3,24.1,LOW,"{'visual_stress': 0.0, 'audio_stress': 15.0, 'emotion_instability': 5.2, 'eye_avoidance': 0.0, 'head_movement': 2.5}",Stable emotional condition,"{'visual': 0.625, 'audio': 0.375}",False,neutral,2026-07-08 21:38:04
neutral,0.99,calm,neutral,LOW,LOW,LOW,LOW,FOCUSED,0.65,0.315,FLUCTUATING,14,4.98,CENTER,1.0,0,0.455,"{'yaw': -1.13, 'pitch': 3.28, 'roll': -0.05}",angry,0.36,MEDIUM,0.4467,0.0606,0.713,0.6136,0.5628,1.6788,0.4372,0.3352,False,LOW,0.206,22.7,23.4,LOW,"{'visual_stress': 0.0, 'audio_stress': 15.0, 'emotion_instability': 4.7, 'eye_avoidance': 0.0, 'head_movement': 2.5}",Stable emotional condition,"{'visual': 0.637, 'audio': 0.363}",False,neutral,2026-07-08 21:38:05
neutral,1.0,calm,neutral,LOW,LOW,LOW,LOW,FOCUSED,0.71,0.316,FLUCTUATING,14,5.02,CENTER,1.0,0,0.452,"{'yaw': -2.91, 'pitch': 3.06, 'roll': -0.12}",angry,0.36,MEDIUM,0.4467,0.0606,0.713,0.6136,0.5628,1.6788,0.4372,0.3352,False,LOW,0.207,22.7,22.9,LOW,"{'visual_stress': 0.0, 'audio_stress': 15.0, 'emotion_instability': 4.7, 'eye_avoidance': 0.0, 'head_movement': 2.5}",Stable emotional condition,"{'visual': 0.638, 'audio': 0.362}",False,neutral,2026-07-08 21:38:05
neutral,1.0,calm,neutral,LOW,LOW,LOW,LOW,FOCUSED,0.75,0.316,STABLE,14,5.04,CENTER,1.0,0,0.451,"{'yaw': -1.46, 'pitch': 4.42, 'roll': -0.15}",fear,0.26666666666666666,MEDIUM,0.45,0.0574,0.704,0.1497,0.0553,0.6715,0.9447,0.0823,False,LOW,0.206,22.7,22.6,LOW,"{'visual_stress': 0.0, 'audio_stress': 15.0, 'emotion_instability': 4.7, 'eye_avoidance': 0.0, 'head_movement': 2.5}",Stable emotional condition,"{'visual': 0.706, 'audio': 0.294}",False,neutral,2026-07-08 21:38:06
happy,0.64,calm,happy,LOW,LOW,LOW,LOW,FOCUSED,0.81,0.207,FLUCTUATING,14,5.03,CENTER,1.0,0,0.461,"{'yaw': -4.13, 'pitch': 2.4, 'roll': -0.1}",fear,0.26666666666666666,MEDIUM,0.45,0.0574,0.704,0.1497,0.0553,0.6715,0.9447,0.0823,False,LOW,0.204,19.7,22.6,LOW,"{'visual_stress': 0.0, 'audio_stress': 15.0, 'emotion_instability': 5.2, 'eye_avoidance': 0.0, 'head_movement': 2.5}",Stable emotional condition,"{'visual': 0.611, 'audio': 0.389}",False,happy,2026-07-08 21:38:07
happy,0.64,calm,happy,LOW,LOW,LOW,LOW,FOCUSED,0.74,0.206,STABLE,14,5.03,CENTER,1.0,0,0.459,"{'yaw': -0.1, 'pitch': 2.08, 'roll': -0.1}",fear,0.26666666666666666,MEDIUM,0.45,0.0574,0.704,0.1497,0.0553,0.6715,0.9447,0.0823,False,LOW,0.204,19.7,22.7,LOW,"{'visual_stress': 0.0, 'audio_stress': 15.0, 'emotion_instability': 5.2, 'eye_avoidance': 0.0, 'head_movement': 2.5}",Stable emotional condition,"{'visual': 0.61, 'audio': 0.39}",False,happy,2026-07-08 21:38:07
fear,0.37,calm,fear,MEDIUM,MEDIUM,MEDIUM,MEDIUM,FOCUSED,0.63,0.276,FLUCTUATING,14,5.0,CENTER,1.0,0,0.443,"{'yaw': -1.68, 'pitch': 2.78, 'roll': -0.08}",fear,0.26666666666666666,MEDIUM,0.45,0.0574,0.704,0.1497,0.0553,0.6715,0.9447,0.0823,True,MEDIUM,0.5,49.7,29.9,LOW,"{'visual_stress': 17.5, 'audio_stress': 15.0, 'emotion_instability': 5.7, 'eye_avoidance': 0.0, 'head_movement': 2.5}",Negative emotional state,"{'visual': 0.466, 'audio': 0.534}",False,fear,2026-07-08 21:38:08
fear,0.37,calm,fear,MEDIUM,MEDIUM,MEDIUM,MEDIUM,FOCUSED,0.54,0.274,FLUCTUATING,14,4.95,CENTER,1.0,0,0.435,"{'yaw': 0.62, 'pitch': 3.73, 'roll': -0.1}",fear,0.26666666666666666,MEDIUM,0.45,0.0574,0.704,0.1497,0.0553,0.6715,0.9447,0.0823,True,MEDIUM,0.5,49.6,34.0,LOW,"{'visual_stress': 17.5, 'audio_stress': 15.0, 'emotion_instability': 5.2, 'eye_avoidance': 0.0, 'head_movement': 2.5}",Negative emotional state,"{'visual': 0.462, 'audio': 0.538}",False,fear,2026-07-08 21:38:08
fear,0.65,calm,fear,MEDIUM,MEDIUM,MEDIUM,MEDIUM,FOCUSED,0.54,0.343,FLUCTUATING,14,4.95,CENTER,1.0,0,0.458,"{'yaw': -2.58, 'pitch': 3.73, 'roll': -0.1}",fear,0.26666666666666666,MEDIUM,0.45,0.0574,0.704,0.1497,0.0553,0.6715,0.9447,0.0823,True,MEDIUM,0.5,49.6,36.5,LOW,"{'visual_stress': 17.5, 'audio_stress': 15.0, 'emotion_instability': 5.2, 'eye_avoidance': 0.0, 'head_movement': 2.5}",Negative emotional state,"{'visual': 0.613, 'audio': 0.387}",False,fear,2026-07-08 21:38:09
fear,0.65,calm,fear,MEDIUM,MEDIUM,MEDIUM,MEDIUM,FOCUSED,0.46,0.342,FLUCTUATING,15,4.94,CENTER,1.0,0,0.455,"{'yaw': 0.45, 'pitch': 4.12, 'roll': -0.08}",fear,0.26666666666666666,MEDIUM,0.45,0.0574,0.704,0.1497,0.0553,0.6715,0.9447,0.0823,True,MEDIUM,0.5,50.0,38.0,LOW,"{'visual_stress': 17.5, 'audio_stress': 15.0, 'emotion_instability': 5.2, 'eye_avoidance': 0.0, 'head_movement': 2.5}",Negative emotional state,"{'visual': 0.612, 'audio': 0.388}",False,fear,2026-07-08 21:38:10
fear,0.62,calm,fear,MEDIUM,MEDIUM,MEDIUM,MEDIUM,FOCUSED,0.46,0.339,FLUCTUATING,15,4.91,CENTER,1.0,0,0.468,"{'yaw': 0.85, 'pitch': 3.85, 'roll': -0.05}",fear,0.26666666666666666,MEDIUM,0.45,0.0574,0.704,0.1497,0.0553,0.6715,0.9447,0.0823,True,MEDIUM,0.5,50.0,38.7,LOW,"{'visual_stress': 17.5, 'audio_stress': 15.0, 'emotion_instability': 4.7, 'eye_avoidance': 0.0, 'head_movement': 2.5}",Negative emotional state,"{'visual': 0.607, 'audio': 0.393}",False,fear,2026-07-08 21:38:10
fear,0.62,calm,fear,MEDIUM,MEDIUM,MEDIUM,MEDIUM,FOCUSED,0.46,0.336,FLUCTUATING,15,4.89,CENTER,1.0,0,0.459,"{'yaw': -0.02, 'pitch': 3.46, 'roll': -0.12}",fear,0.26666666666666666,MEDIUM,0.45,0.0574,0.704,0.1497,0.0553,0.6715,0.9447,0.0823,True,MEDIUM,0.5,49.9,38.8,LOW,"{'visual_stress': 17.5, 'audio_stress': 15.0, 'emotion_instability': 4.1, 'eye_avoidance': 0.0, 'head_movement': 2.4}",Negative emotional state,"{'visual': 0.603, 'audio': 0.397}",False,fear,2026-07-08 21:38:11
angry,0.29,calm,angry,MEDIUM,MEDIUM,MEDIUM,MEDIUM,FOCUSED,0.46,0.131,FLUCTUATING,15,4.72,CENTER,1.0,0,0.454,"{'yaw': -0.35, 'pitch': 4.14, 'roll': -0.18}",fear,0.26666666666666666,MEDIUM,0.45,0.0574,0.704,0.1497,0.0553,0.6715,0.9447,0.0823,False,MEDIUM,0.5,49.9,38.9,LOW,"{'visual_stress': 17.5, 'audio_stress': 15.0, 'emotion_instability': 4.1, 'eye_avoidance': 0.0, 'head_movement': 2.4}",Negative emotional state,"{'visual': 0.412, 'audio': 0.588}",False,fear,2026-07-08 21:38:11
angry,0.29,calm,angry,MEDIUM,MEDIUM,MEDIUM,MEDIUM,FOCUSED,0.46,0.155,STABLE,15,4.69,CENTER,1.0,0,0.459,"{'yaw': -1.43, 'pitch': 4.0, 'roll': -0.12}",fear,0.32,MEDIUM,0.46,0.053,0.69,0.0,0.0,0.3358,1.0,0.0,False,MEDIUM,0.5,49.8,38.7,LOW,"{'visual_stress': 17.5, 'audio_stress': 15.0, 'emotion_instability': 3.6, 'eye_avoidance': 0.0, 'head_movement': 2.3}",Negative emotional state,"{'visual': 0.376, 'audio': 0.624}",False,fear,2026-07-08 21:38:12
fear,0.68,calm,fear,MEDIUM,MEDIUM,MEDIUM,MEDIUM,FOCUSED,0.52,0.364,STABLE,15,4.65,CENTER,1.0,0,0.451,"{'yaw': -1.73, 'pitch': 2.72, 'roll': -0.08}",fear,0.32,MEDIUM,0.46,0.053,0.69,0.0,0.0,0.3358,1.0,0.0,True,MEDIUM,0.5,49.8,38.6,LOW,"{'visual_stress': 17.5, 'audio_stress': 15.0, 'emotion_instability': 3.6, 'eye_avoidance': 0.0, 'head_movement': 2.3}",Negative emotional state,"{'visual': 0.581, 'audio': 0.419}",False,fear,2026-07-08 21:38:13
fear,0.68,calm,fear,MEDIUM,MEDIUM,MEDIUM,MEDIUM,OVERLOADED,0.34,0.364,STABLE,16,4.65,CENTER,1.0,0,0.452,"{'yaw': 1.19, 'pitch': 1.63, 'roll': -0.22}",fear,0.32,MEDIUM,0.46,0.053,0.69,0.0,0.0,0.3358,1.0,0.0,True,MEDIUM,0.5,50.2,38.5,LOW,"{'visual_stress': 17.5, 'audio_stress': 15.0, 'emotion_instability': 3.6, 'eye_avoidance': 0.0, 'head_movement': 2.3}",Negative emotional state,"{'visual': 0.582, 'audio': 0.418}",False,fear,2026-07-08 21:38:13
sad,0.74,calm,sad,MEDIUM,MEDIUM,MEDIUM,LOW,OVERLOADED,0.34,0.236,STABLE,16,4.66,CENTER,1.0,0,0.456,"{'yaw': 1.61, 'pitch': 1.94, 'roll': -0.18}",fear,0.32,MEDIUM,0.46,0.053,0.69,0.0,0.0,0.3358,1.0,0.0,False,MEDIUM,0.5,50.2,38.7,LOW,"{'visual_stress': 17.5, 'audio_stress': 15.0, 'emotion_instability': 4.1, 'eye_avoidance': 0.0, 'head_movement': 2.3}",Stable emotional condition,"{'visual': 0.604, 'audio': 0.396}",False,sad,2026-07-08 21:38:14
sad,0.74,happy,sad,MEDIUM,MEDIUM,MEDIUM,LOW,FOCUSED,0.45,0.233,STABLE,16,4.55,CENTER,1.0,0,0.45,"{'yaw': -0.94, 'pitch': 4.09, 'roll': -0.16}",fear,0.32,MEDIUM,0.46,0.053,0.69,0.0,0.0,0.3358,1.0,0.0,False,MEDIUM,0.5,50.1,38.6,LOW,"{'visual_stress': 17.5, 'audio_stress': 15.0, 'emotion_instability': 3.6, 'eye_avoidance': 0.0, 'head_movement': 2.3}",Stable emotional condition,"{'visual': 0.601, 'audio': 0.399}",False,sad,2026-07-08 21:38:15
fear,0.97,happy,fear,MEDIUM,MEDIUM,MEDIUM,MEDIUM,DISTRACTED,0.45,0.425,STABLE,16,4.44,CENTER,1.0,0,0.443,"{'yaw': -0.91, 'pitch': 2.95, 'roll': -0.14}",fear,0.32,MEDIUM,0.46,0.053,0.69,0.0,0.0,0.3358,1.0,0.0,True,MEDIUM,0.5,50.1,38.7,LOW,"{'visual_stress': 17.5, 'audio_stress': 15.0, 'emotion_instability': 4.1, 'eye_avoidance': 0.0, 'head_movement': 2.2}",Negative emotional state,"{'visual': 0.661, 'audio': 0.339}",False,fear,2026-07-08 21:38:15
fear,0.97,happy,fear,MEDIUM,MEDIUM,MEDIUM,MEDIUM,DISTRACTED,0.45,0.433,STABLE,16,4.47,CENTER,1.0,0,0.458,"{'yaw': -2.64, 'pitch': 4.27, 'roll': -0.13}",fear,0.32,MEDIUM,0.46,0.053,0.69,0.0,0.0,0.3358,1.0,0.0,True,MEDIUM,0.5,50.1,38.7,LOW,"{'visual_stress': 17.5, 'audio_stress': 15.0, 'emotion_instability': 4.1, 'eye_avoidance': 0.0, 'head_movement': 2.2}",Negative emotional state,"{'visual': 0.668, 'audio': 0.332}",False,fear,2026-07-08 21:38:16
sad,0.57,happy,sad,MEDIUM,MEDIUM,MEDIUM,LOW,OVERLOADED,0.34,0.18,STABLE,17,4.03,CENTER,1.0,0,0.452,"{'yaw': -2.79, 'pitch': 4.23, 'roll': -0.11}",fear,0.32,MEDIUM,0.46,0.053,0.69,0.0,0.0,0.3358,1.0,0.0,False,MEDIUM,0.5,50.2,38.9,LOW,"{'visual_stress': 17.5, 'audio_stress': 15.0, 'emotion_instability': 4.7, 'eye_avoidance': 0.0, 'head_movement': 2.0}",Stable emotional condition,"{'visual': 0.539, 'audio': 0.461}",False,sad,2026-07-08 21:38:17
sad,0.57,happy,sad,MEDIUM,MEDIUM,MEDIUM,LOW,FOCUSED,0.45,0.19,STABLE,17,3.86,CENTER,1.0,0,0.475,"{'yaw': -2.75, 'pitch': 6.13, 'roll': -0.14}",fear,0.32,MEDIUM,0.46,0.053,0.69,0.0,0.0,0.3358,1.0,0.0,False,MEDIUM,0.5,50.1,38.7,LOW,"{'visual_stress': 17.5, 'audio_stress': 15.0, 'emotion_instability': 4.1, 'eye_avoidance': 0.0, 'head_movement': 1.9}",Stable emotional condition,"{'visual': 0.551, 'audio': 0.449}",False,sad,2026-07-08 21:38:17
neutral,0.75,happy,neutral,LOW,LOW,LOW,LOW,FOCUSED,0.72,0.239,FLUCTUATING,17,3.52,CENTER,1.0,0,0.456,"{'yaw': -3.08, 'pitch': 4.5, 'roll': -0.1}",fear,0.32,MEDIUM,0.46,0.053,0.69,0.0,0.0,0.3358,1.0,0.0,False,LOW,0.205,22.9,31.6,LOW,"{'visual_stress': 0.0, 'audio_stress': 15.0, 'emotion_instability': 4.1, 'eye_avoidance': 0.0, 'head_movement': 1.8}",Stable emotional condition,"{'visual': 0.608, 'audio': 0.392}",False,neutral,2026-07-08 21:38:18
neutral,0.75,happy,neutral,LOW,LOW,LOW,LOW,FOCUSED,0.89,0.247,FLUCTUATING,17,2.68,CENTER,1.0,0,0.471,"{'yaw': -0.87, 'pitch': 1.62, 'roll': -0.17}",fear,0.30666666666666664,MEDIUM,0.47,0.038,0.632,0.0,0.0,0.3358,1.0,0.0,False,LOW,0.193,22.5,26.9,LOW,"{'visual_stress': 0.0, 'audio_stress': 15.0, 'emotion_instability': 3.6, 'eye_avoidance': 0.0, 'head_movement': 1.3}",Stable emotional condition,"{'visual': 0.646, 'audio': 0.354}",False,neutral,2026-07-08 21:38:19
neutral,0.69,happy,neutral,LOW,LOW,LOW,LOW,FOCUSED,0.83,0.226,FLUCTUATING,17,2.69,CENTER,1.0,0,0.467,"{'yaw': -1.82, 'pitch': 2.76, 'roll': -0.18}",fear,0.30666666666666664,MEDIUM,0.47,0.038,0.632,0.0,0.0,0.3358,1.0,0.0,False,LOW,0.194,22.5,24.1,LOW,"{'visual_stress': 0.0, 'audio_stress': 15.0, 'emotion_instability': 3.6, 'eye_avoidance': 0.0, 'head_movement': 1.3}",Stable emotional condition,"{'visual': 0.624, 'audio': 0.376}",False,neutral,2026-07-08 21:38:20
neutral,0.69,happy,neutral,LOW,LOW,LOW,LOW,FOCUSED,0.72,0.229,FLUCTUATING,17,2.69,CENTER,1.0,0,0.475,"{'yaw': -2.18, 'pitch': 1.56, 'roll': -0.11}",fear,0.30666666666666664,MEDIUM,0.47,0.038,0.632,0.0,0.0,0.3358,1.0,0.0,False,LOW,0.192,22.5,22.2,LOW,"{'visual_stress': 0.0, 'audio_stress': 15.0, 'emotion_instability': 3.1, 'eye_avoidance': 0.0, 'head_movement': 1.3}",Stable emotional condition,"{'visual': 0.628, 'audio': 0.372}",False,neutral,2026-07-08 21:38:21
neutral,1.0,happy,neutral,MEDIUM,MEDIUM,MEDIUM,LOW,FOCUSED,0.61,0.323,FLUCTUATING,18,2.71,CENTER,1.0,0,0.462,"{'yaw': -4.36, 'pitch': 4.36, 'roll': -0.16}",fear,0.30666666666666664,MEDIUM,0.47,0.038,0.632,0.0,0.0,0.3358,1.0,0.0,False,MEDIUM,0.5,37.9,28.1,LOW,"{'visual_stress': 17.5, 'audio_stress': 15.0, 'emotion_instability': 3.1, 'eye_avoidance': 0.0, 'head_movement': 1.4}",Stable emotional condition,"{'visual': 0.704, 'audio': 0.296}",False,neutral,2026-07-08 21:38:21
neutral,1.0,happy,neutral,MEDIUM,MEDIUM,MEDIUM,LOW,FOCUSED,0.77,0.336,FLUCTUATING,18,2.71,CENTER,1.0,0,0.48,"{'yaw': -0.61, 'pitch': 2.75, 'roll': -0.09}",fear,0.30666666666666664,MEDIUM,0.47,0.038,0.632,0.0,0.0,0.3358,1.0,0.0,False,MEDIUM,0.5,37.9,31.7,LOW,"{'visual_stress': 17.5, 'audio_stress': 15.0, 'emotion_instability': 3.1, 'eye_avoidance': 0.0, 'head_movement': 1.4}",Stable emotional condition,"{'visual': 0.712, 'audio': 0.288}",False,neutral,2026-07-08 21:38:22
fear,0.91,happy,fear,MEDIUM,MEDIUM,MEDIUM,MEDIUM,FOCUSED,0.51,0.414,FLUCTUATING,18,2.52,CENTER,1.0,0,0.477,"{'yaw': -1.1, 'pitch': 3.51, 'roll': -0.14}",fear,0.30666666666666664,MEDIUM,0.47,0.038,0.632,0.0,0.0,0.3358,1.0,0.0,True,MEDIUM,0.5,49.8,34.0,LOW,"{'visual_stress': 17.5, 'audio_stress': 15.0, 'emotion_instability': 3.6, 'eye_avoidance': 0.0, 'head_movement': 1.3}",Negative emotional state,"{'visual': 0.691, 'audio': 0.309}",False,fear,2026-07-08 21:38:23
fear,0.91,calm,fear,MEDIUM,MEDIUM,MEDIUM,MEDIUM,FOCUSED,0.61,0.413,FLUCTUATING,18,2.52,CENTER,1.0,0,0.476,"{'yaw': -1.96, 'pitch': 2.84, 'roll': -0.16}",fear,0.30666666666666664,MEDIUM,0.47,0.038,0.632,0.0,0.0,0.3358,1.0,0.0,True,MEDIUM,0.5,49.8,35.3,LOW,"{'visual_stress': 17.5, 'audio_stress': 15.0, 'emotion_instability': 3.6, 'eye_avoidance': 0.0, 'head_movement': 1.3}",Negative emotional state,"{'visual': 0.691, 'audio': 0.309}",False,fear,2026-07-08 21:38:24
fear,0.78,calm,fear,MEDIUM,MEDIUM,MEDIUM,MEDIUM,FOCUSED,0.61,0.384,FLUCTUATING,18,2.52,CENTER,1.0,0,0.481,"{'yaw': -1.8, 'pitch': 3.19, 'roll': -0.13}",fear,0.30666666666666664,MEDIUM,0.47,0.038,0.632,0.0,0.0,0.3358,1.0,0.0,True,MEDIUM,0.5,49.8,36.2,LOW,"{'visual_stress': 17.5, 'audio_stress': 15.0, 'emotion_instability': 3.6, 'eye_avoidance': 0.0, 'head_movement': 1.3}",Negative emotional state,"{'visual': 0.659, 'audio': 0.341}",False,fear,2026-07-08 21:38:24
fear,0.78,calm,fear,MEDIUM,MEDIUM,MEDIUM,MEDIUM,FOCUSED,0.61,0.382,STABLE,18,2.59,CENTER,1.0,0,0.474,"{'yaw': 1.01, 'pitch': 4.16, 'roll': -0.16}",fear,0.30666666666666664,MEDIUM,0.47,0.038,0.632,0.0,0.0,0.3358,1.0,0.0,True,MEDIUM,0.5,49.8,36.7,LOW,"{'visual_stress': 17.5, 'audio_stress': 15.0, 'emotion_instability': 3.6, 'eye_avoidance': 0.0, 'head_movement': 1.3}",Negative emotional state,"{'visual': 0.656, 'audio': 0.344}",False,fear,2026-07-08 21:38:25
fear,0.62,calm,fear,MEDIUM,MEDIUM,MEDIUM,MEDIUM,FOCUSED,0.54,0.34,STABLE,18,2.57,CENTER,1.0,0,0.46,"{'yaw': -0.86, 'pitch': 4.26, 'roll': -0.22}",fear,0.30666666666666664,MEDIUM,0.47,0.038,0.632,0.0,0.0,0.3358,1.0,0.0,True,MEDIUM,0.5,49.8,37.0,LOW,"{'visual_stress': 17.5, 'audio_stress': 15.0, 'emotion_instability': 3.6, 'eye_avoidance': 0.0, 'head_movement': 1.3}",Negative emotional state,"{'visual': 0.595, 'audio': 0.405}",False,fear,2026-07-08 21:38:26
fear,0.62,calm,fear,MEDIUM,MEDIUM,MEDIUM,MEDIUM,FOCUSED,0.47,0.343,STABLE,18,2.56,CENTER,1.0,0,0.473,"{'yaw': -1.76, 'pitch': 3.06, 'roll': -0.1}",fear,0.31,MEDIUM,0.3933,0.0352,0.619,0.015,0.0402,2.0146,0.9598,0.02,True,MEDIUM,0.5,49.8,36.9,LOW,"{'visual_stress': 17.5, 'audio_stress': 15.0, 'emotion_instability': 3.1, 'eye_avoidance': 0.0, 'head_movement': 1.3}",Negative emotional state,"{'visual': 0.604, 'audio': 0.396}",False,fear,2026-07-08 21:38:27
happy,0.99,calm,happy,LOW,LOW,LOW,LOW,FOCUSED,0.88,0.295,FLUCTUATING,18,2.46,CENTER,1.0,0,0.425,"{'yaw': -1.82, 'pitch': 2.78, 'roll': -0.12}",fear,0.31,MEDIUM,0.3933,0.0352,0.619,0.015,0.0402,2.0146,0.9598,0.02,False,LOW,0.182,19.7,30.1,LOW,"{'visual_stress': 0.0, 'audio_stress': 15.0, 'emotion_instability': 3.6, 'eye_avoidance': 0.0, 'head_movement': 1.2}",Stable emotional condition,"{'visual': 0.687, 'audio': 0.313}",False,happy,2026-07-08 21:38:27
happy,0.99,calm,happy,LOW,LOW,LOW,LOW,FOCUSED,0.69,0.297,FLUCTUATING,19,2.42,CENTER,1.0,0,0.429,"{'yaw': -1.6, 'pitch': 3.63, 'roll': -0.13}",fear,0.31,MEDIUM,0.3933,0.0352,0.619,0.015,0.0402,2.0146,0.9598,0.02,False,LOW,0.181,20.0,25.8,LOW,"{'visual_stress': 0.0, 'audio_stress': 15.0, 'emotion_instability': 3.1, 'eye_avoidance': 0.0, 'head_movement': 1.2}",Stable emotional condition,"{'visual': 0.689, 'audio': 0.311}",False,happy,2026-07-08 21:38:28
fear,1.0,calm,fear,MEDIUM,MEDIUM,MEDIUM,MEDIUM,FOCUSED,0.59,0.42,FLUCTUATING,19,2.5,CENTER,1.0,0,0.449,"{'yaw': -2.75, 'pitch': 5.56, 'roll': -0.11}",fear,0.31,MEDIUM,0.3933,0.0352,0.619,0.015,0.0402,2.0146,0.9598,0.02,True,MEDIUM,0.5,50.1,30.4,LOW,"{'visual_stress': 17.5, 'audio_stress': 15.0, 'emotion_instability': 3.6, 'eye_avoidance': 0.0, 'head_movement': 1.2}",Negative emotional state,"{'visual': 0.701, 'audio': 0.299}",False,fear,2026-07-08 21:38:29
fear,1.0,calm,fear,MEDIUM,MEDIUM,MEDIUM,MEDIUM,FOCUSED,0.59,0.416,STABLE,19,2.46,CENTER,1.0,0,0.441,"{'yaw': -1.36, 'pitch': 3.56, 'roll': -0.12}",fear,0.31,MEDIUM,0.3933,0.0352,0.619,0.015,0.0402,2.0146,0.9598,0.02,True,MEDIUM,0.5,50.1,33.1,LOW,"{'visual_stress': 17.5, 'audio_stress': 15.0, 'emotion_instability': 3.6, 'eye_avoidance': 0.0, 'head_movement': 1.2}",Negative emotional state,"{'visual': 0.697, 'audio': 0.303}",False,fear,2026-07-08 21:38:29
fear,0.63,fearful,fear,MEDIUM,MEDIUM,MEDIUM,MEDIUM,FOCUSED,0.59,0.338,STABLE,19,2.45,CENTER,1.0,0,0.45,"{'yaw': -1.74, 'pitch': 4.12, 'roll': -0.13}",fear,0.31,MEDIUM,0.3933,0.0352,0.619,0.015,0.0402,2.0146,0.9598,0.02,True,MEDIUM,0.5,50.1,34.8,LOW,"{'visual_stress': 17.5, 'audio_stress': 15.0, 'emotion_instability': 3.6, 'eye_avoidance': 0.0, 'head_movement': 1.2}",Negative emotional state,"{'visual': 0.596, 'audio': 0.404}",False,fear,2026-07-08 21:38:30
fear,0.63,calm,fear,MEDIUM,MEDIUM,MEDIUM,MEDIUM,FOCUSED,0.44,0.339,STABLE,20,2.42,CENTER,1.0,0,0.455,"{'yaw': -0.05, 'pitch': 3.34, 'roll': -0.11}",fear,0.31,MEDIUM,0.3933,0.0352,0.619,0.015,0.0402,2.0146,0.9598,0.02,True,MEDIUM,0.5,50.4,35.8,LOW,"{'visual_stress': 17.5, 'audio_stress': 15.0, 'emotion_instability': 3.6, 'eye_avoidance': 0.0, 'head_movement': 1.2}",Negative emotional state,"{'visual': 0.599, 'audio': 0.401}",False,fear,2026-07-08 21:38:30
sad,0.66,calm,sad,MEDIUM,MEDIUM,MEDIUM,LOW,FOCUSED,0.48,0.206,FLUCTUATING,20,2.37,CENTER,1.0,0,0.446,"{'yaw': -2.17, 'pitch': 4.07, 'roll': -0.08}",fear,0.31,MEDIUM,0.3933,0.0352,0.619,0.015,0.0402,2.0146,0.9598,0.02,False,MEDIUM,0.5,50.4,36.6,LOW,"{'visual_stress': 17.5, 'audio_stress': 15.0, 'emotion_instability': 4.1, 'eye_avoidance': 0.0, 'head_movement': 1.2}",Stable emotional condition,"{'visual': 0.605, 'audio': 0.395}",False,sad,2026-07-08 21:38:31
sad,0.66,calm,sad,MEDIUM,MEDIUM,MEDIUM,LOW,FOCUSED,0.52,0.206,FLUCTUATING,20,2.41,CENTER,1.0,0,0.445,"{'yaw': 0.81, 'pitch': 3.73, 'roll': -0.19}",fear,0.31,MEDIUM,0.3933,0.0352,0.619,0.015,0.0402,2.0146,0.9598,0.02,False,MEDIUM,0.5,50.4,37.1,LOW,"{'visual_stress': 17.5, 'audio_stress': 15.0, 'emotion_instability': 4.1, 'eye_avoidance': 0.0, 'head_movement': 1.2}",Stable emotional condition,"{'visual': 0.605, 'audio': 0.395}",False,sad,2026-07-08 21:38:31
fear,0.97,calm,fear,MEDIUM,MEDIUM,MEDIUM,MEDIUM,FOCUSED,0.43,0.412,FLUCTUATING,21,2.56,CENTER,1.0,0,0.445,"{'yaw': 2.28, 'pitch': 2.62, 'roll': -0.1}",fear,0.31,MEDIUM,0.3933,0.0352,0.619,0.015,0.0402,2.0146,0.9598,0.02,True,MEDIUM,0.5,50.8,37.6,LOW,"{'visual_stress': 17.5, 'audio_stress': 15.0, 'emotion_instability': 4.7, 'eye_avoidance': 0.0, 'head_movement': 1.3}",Negative emotional state,"{'visual': 0.692, 'audio': 0.308}",False,fear,2026-07-08 21:38:32
fear,0.97,calm,fear,MEDIUM,MEDIUM,MEDIUM,MEDIUM,FOCUSED,0.57,0.408,FLUCTUATING,21,2.58,CENTER,1.0,0,0.431,"{'yaw': -0.44, 'pitch': 2.23, 'roll': -0.16}",fear,0.32,MEDIUM,0.42,0.0355,0.62,0.0,0.0201,1.0073,0.9799,0.0299,True,MEDIUM,0.5,50.8,38.0,LOW,"{'visual_stress': 17.5, 'audio_stress': 15.0, 'emotion_instability': 4.7, 'eye_avoidance': 0.0, 'head_movement': 1.3}",Negative emotional state,"{'visual': 0.678, 'audio': 0.322}",False,fear,2026-07-08 21:38:33
neutral,1.0,calm,neutral,LOW,LOW,LOW,LOW,FOCUSED,0.84,0.327,FLUCTUATING,21,2.61,CENTER,1.0,0,0.467,"{'yaw': 0.41, 'pitch': 2.66, 'roll': -0.15}",fear,0.32,MEDIUM,0.42,0.0355,0.62,0.0,0.0201,1.0073,0.9799,0.0299,False,LOW,0.179,23.8,31.4,LOW,"{'visual_stress': 0.0, 'audio_stress': 15.0, 'emotion_instability': 5.2, 'eye_avoidance': 0.0, 'head_movement': 1.3}",Stable emotional condition,"{'visual': 0.702, 'audio': 0.298}",False,neutral,2026-07-08 21:38:34
neutral,1.0,calm,neutral,LOW,LOW,LOW,LOW,FOCUSED,0.84,0.326,FLUCTUATING,21,2.52,CENTER,1.0,0,0.466,"{'yaw': 0.18, 'pitch': 3.94, 'roll': -0.17}",fear,0.32,MEDIUM,0.42,0.0355,0.62,0.0,0.0201,1.0073,0.9799,0.0299,False,LOW,0.179,23.8,27.2,LOW,"{'visual_stress': 0.0, 'audio_stress': 15.0, 'emotion_instability': 4.7, 'eye_avoidance': 0.0, 'head_movement': 1.3}",Stable emotional condition,"{'visual': 0.701, 'audio': 0.299}",False,neutral,2026-07-08 21:38:35
fear,0.96,calm,fear,MEDIUM,MEDIUM,MEDIUM,MEDIUM,FOCUSED,0.51,0.422,FLUCTUATING,21,2.38,CENTER,1.0,0,0.465,"{'yaw': -1.61, 'pitch': 3.26, 'roll': -0.09}",fear,0.32,MEDIUM,0.42,0.0355,0.62,0.0,0.0201,1.0073,0.9799,0.0299,True,MEDIUM,0.5,50.7,31.9,LOW,"{'visual_stress': 17.5, 'audio_stress': 15.0, 'emotion_instability': 5.2, 'eye_avoidance': 0.0, 'head_movement': 1.2}",Negative emotional state,"{'visual': 0.692, 'audio': 0.308}",False,fear,2026-07-08 21:38:36
fear,0.96,calm,fear,MEDIUM,MEDIUM,MEDIUM,MEDIUM,FOCUSED,0.5,0.415,FLUCTUATING,21,2.4,CENTER,1.0,0,0.45,"{'yaw': -0.63, 'pitch': 2.53, 'roll': -0.17}",fear,0.32,MEDIUM,0.42,0.0355,0.62,0.0,0.0201,1.0073,0.9799,0.0299,True,MEDIUM,0.5,50.7,34.5,LOW,"{'visual_stress': 17.5, 'audio_stress': 15.0, 'emotion_instability': 4.7, 'eye_avoidance': 0.0, 'head_movement': 1.2}",Negative emotional state,"{'visual': 0.685, 'audio': 0.315}",False,fear,2026-07-08 21:38:36
neutral,0.97,calm,neutral,LOW,LOW,LOW,LOW,FOCUSED,0.84,0.323,FLUCTUATING,21,2.41,CENTER,1.0,0,0.475,"{'yaw': 0.02, 'pitch': 3.51, 'roll': -0.16}",fear,0.32,MEDIUM,0.42,0.0355,0.62,0.0,0.0201,1.0073,0.9799,0.0299,False,LOW,0.177,23.7,29.3,LOW,"{'visual_stress': 0.0, 'audio_stress': 15.0, 'emotion_instability': 5.2, 'eye_avoidance': 0.0, 'head_movement': 1.2}",Stable emotional condition,"{'visual': 0.699, 'audio': 0.301}",False,neutral,2026-07-08 21:38:37
neutral,0.97,calm,neutral,LOW,LOW,LOW,LOW,FOCUSED,0.78,0.308,FLUCTUATING,21,2.48,CENTER,1.0,0,0.454,"{'yaw': -4.06, 'pitch': 2.66, 'roll': -0.15}",fear,0.32,MEDIUM,0.42,0.0355,0.62,0.0,0.0201,1.0073,0.9799,0.0299,False,LOW,0.182,23.7,25.9,LOW,"{'visual_stress': 0.0, 'audio_stress': 15.0, 'emotion_instability': 4.7, 'eye_avoidance': 0.0, 'head_movement': 1.2}",Stable emotional condition,"{'visual': 0.689, 'audio': 0.311}",False,neutral,2026-07-08 21:38:37
neutral,0.67,happy,neutral,LOW,LOW,LOW,LOW,FOCUSED,0.84,0.217,FLUCTUATING,21,2.52,CENTER,1.0,0,0.462,"{'yaw': -3.26, 'pitch': 2.09, 'roll': -0.08}",fear,0.32,MEDIUM,0.42,0.0355,0.62,0.0,0.0201,1.0073,0.9799,0.0299,False,LOW,0.18,23.8,23.9,LOW,"{'visual_stress': 0.0, 'audio_stress': 15.0, 'emotion_instability': 4.7, 'eye_avoidance': 0.0, 'head_movement': 1.3}",Stable emotional condition,"{'visual': 0.609, 'audio': 0.391}",False,neutral,2026-07-08 21:38:38
neutral,0.67,happy,neutral,LOW,LOW,LOW,LOW,FOCUSED,0.84,0.215,STABLE,21,2.37,CENTER,1.0,0,0.458,"{'yaw': -1.96, 'pitch': 2.34, 'roll': -0.16}",fear,0.32,MEDIUM,0.42,0.0355,0.62,0.0,0.0201,1.0073,0.9799,0.0299,False,LOW,0.181,23.7,22.5,LOW,"{'visual_stress': 0.0, 'audio_stress': 15.0, 'emotion_instability': 4.1, 'eye_avoidance': 0.0, 'head_movement': 1.2}",Stable emotional condition,"{'visual': 0.607, 'audio': 0.393}",False,neutral,2026-07-08 21:38:39
sad,0.4,happy,sad,MEDIUM,MEDIUM,MEDIUM,MEDIUM,OVERLOADED,0.41,0.139,STABLE,22,2.39,CENTER,1.0,0,0.457,"{'yaw': -2.88, 'pitch': 4.92, 'roll': -0.13}",fear,0.32,MEDIUM,0.42,0.0355,0.62,0.0,0.0201,1.0073,0.9799,0.0299,False,MEDIUM,0.5,51.0,28.9,LOW,"{'visual_stress': 17.5, 'audio_stress': 15.0, 'emotion_instability': 4.7, 'eye_avoidance': 0.0, 'head_movement': 1.2}",Negative emotional state,"{'visual': 0.48, 'audio': 0.52}",False,fear,2026-07-08 21:38:39
sad,0.4,happy,sad,MEDIUM,MEDIUM,MEDIUM,MEDIUM,FOCUSED,0.53,0.152,STABLE,22,2.35,CENTER,1.0,0,0.452,"{'yaw': -2.31, 'pitch': 2.65, 'roll': -0.19}",fear,0.3433333333333333,MEDIUM,0.47,0.0386,0.634,0.0299,0.0151,0.6715,0.9849,0.0224,False,MEDIUM,0.5,51.0,32.7,LOW,"{'visual_stress': 17.5, 'audio_stress': 15.0, 'emotion_instability': 4.7, 'eye_avoidance': 0.0, 'head_movement': 1.2}",Negative emotional state,"{'visual': 0.454, 'audio': 0.546}",False,fear,2026-07-08 21:38:40
sad,0.75,happy,sad,MEDIUM,MEDIUM,MEDIUM,LOW,FOCUSED,0.53,0.241,FLUCTUATING,22,2.35,CENTER,1.0,0,0.459,"{'yaw': -1.89, 'pitch': 3.32, 'roll': -0.1}",fear,0.3433333333333333,MEDIUM,0.47,0.0386,0.634,0.0299,0.0151,0.6715,0.9849,0.0224,False,MEDIUM,0.5,51.0,35.2,LOW,"{'visual_stress': 17.5, 'audio_stress': 15.0, 'emotion_instability': 5.2, 'eye_avoidance': 0.0, 'head_movement': 1.2}",Stable emotional condition,"{'visual': 0.613, 'audio': 0.387}",False,sad,2026-07-08 21:38:41
sad,0.75,calm,sad,MEDIUM,MEDIUM,MEDIUM,LOW,FOCUSED,0.47,0.236,FLUCTUATING,22,2.33,CENTER,1.0,0,0.45,"{'yaw': -3.4, 'pitch': 3.52, 'roll': -0.18}",fear,0.3433333333333333,MEDIUM,0.47,0.0386,0.634,0.0299,0.0151,0.6715,0.9849,0.0224,False,MEDIUM,0.5,51.0,36.7,LOW,"{'visual_stress': 17.5, 'audio_stress': 15.0, 'emotion_instability': 5.2, 'eye_avoidance': 0.0, 'head_movement': 1.2}",Stable emotional condition,"{'visual': 0.608, 'audio': 0.392}",False,sad,2026-07-08 21:38:42
happy,0.45,calm,happy,LOW,LOW,MEDIUM,LOW,FOCUSED,0.79,0.152,FLUCTUATING,22,2.23,CENTER,1.0,0,0.464,"{'yaw': -2.97, 'pitch': 3.41, 'roll': -0.07}",fear,0.3433333333333333,MEDIUM,0.47,0.0386,0.634,0.0299,0.0151,0.6715,0.9849,0.0224,False,LOW,0.196,35.9,30.7,LOW,"{'visual_stress': 0.0, 'audio_stress': 15.0, 'emotion_instability': 5.7, 'eye_avoidance': 0.0, 'head_movement': 1.1}",Negative emotional state,"{'visual': 0.49, 'audio': 0.51}",False,fear,2026-07-08 21:38:42
happy,0.45,calm,happy,LOW,LOW,MEDIUM,LOW,FOCUSED,0.72,0.152,FLUCTUATING,22,2.34,CENTER,1.0,0,0.471,"{'yaw': -3.61, 'pitch': 5.26, 'roll': -0.16}",fear,0.3433333333333333,MEDIUM,0.47,0.0386,0.634,0.0299,0.0151,0.6715,0.9849,0.0224,False,LOW,0.194,36.0,27.0,LOW,"{'visual_stress': 0.0, 'audio_stress': 15.0, 'emotion_instability': 5.2, 'eye_avoidance': 0.0, 'head_movement': 1.2}",Negative emotional state,"{'visual': 0.493, 'audio': 0.507}",False,fear,2026-07-08 21:38:43
fear,0.99,calm,fear,MEDIUM,MEDIUM,MEDIUM,MEDIUM,FOCUSED,0.44,0.435,FLUCTUATING,22,2.37,CENTER,1.0,0,0.456,"{'yaw': -0.15, 'pitch': 3.06, 'roll': -0.19}",fear,0.3433333333333333,MEDIUM,0.47,0.0386,0.634,0.0299,0.0151,0.6715,0.9849,0.0224,True,MEDIUM,0.5,51.0,31.8,LOW,"{'visual_stress': 17.5, 'audio_stress': 15.0, 'emotion_instability': 5.2, 'eye_avoidance': 0.0, 'head_movement': 1.2}",Negative emotional state,"{'visual': 0.675, 'audio': 0.325}",False,fear,2026-07-08 21:38:44
fear,0.99,calm,fear,MEDIUM,MEDIUM,MEDIUM,MEDIUM,FOCUSED,0.47,0.448,FLUCTUATING,22,2.42,CENTER,1.0,0,0.484,"{'yaw': 0.99, 'pitch': 3.87, 'roll': -0.15}",fear,0.3433333333333333,MEDIUM,0.47,0.0386,0.634,0.0299,0.0151,0.6715,0.9849,0.0224,True,MEDIUM,0.5,51.0,34.6,LOW,"{'visual_stress': 17.5, 'audio_stress': 15.0, 'emotion_instability': 5.2, 'eye_avoidance': 0.0, 'head_movement': 1.2}",Negative emotional state,"{'visual': 0.688, 'audio': 0.312}",False,fear,2026-07-08 21:38:44
neutral,0.99,calm,neutral,LOW,LOW,LOW,LOW,FOCUSED,0.72,0.319,FLUCTUATING,22,2.43,CENTER,1.0,0,0.461,"{'yaw': -2.36, 'pitch': 3.68, 'roll': -0.14}",fear,0.3433333333333333,MEDIUM,0.47,0.0386,0.634,0.0299,0.0151,0.6715,0.9849,0.0224,False,LOW,0.196,24.0,29.5,LOW,"{'visual_stress': 0.0, 'audio_stress': 15.0, 'emotion_instability': 5.7, 'eye_avoidance': 0.0, 'head_movement': 1.2}",Stable emotional condition,"{'visual': 0.677, 'audio': 0.323}",False,neutral,2026-07-08 21:38:45
neutral,0.99,calm,neutral,LOW,LOW,LOW,LOW,FOCUSED,0.61,0.321,FLUCTUATING,23,2.43,CENTER,1.0,0,0.463,"{'yaw': -4.09, 'pitch': 3.77, 'roll': -0.15}",fear,0.3433333333333333,MEDIUM,0.47,0.0386,0.634,0.0299,0.0151,0.6715,0.9849,0.0224,False,LOW,0.196,24.4,26.5,LOW,"{'visual_stress': 0.0, 'audio_stress': 15.0, 'emotion_instability': 5.7, 'eye_avoidance': 0.0, 'head_movement': 1.2}",Stable emotional condition,"{'visual': 0.678, 'audio': 0.322}",False,neutral,2026-07-08 21:38:45
neutral,0.86,calm,neutral,LOW,LOW,LOW,LOW,FOCUSED,0.72,0.284,FLUCTUATING,23,2.44,CENTER,1.0,0,0.472,"{'yaw': -2.95, 'pitch': 4.15, 'roll': -0.13}",fear,0.3433333333333333,MEDIUM,0.47,0.0386,0.634,0.0299,0.0151,0.6715,0.9849,0.0224,False,LOW,0.193,24.4,24.6,LOW,"{'visual_stress': 0.0, 'audio_stress': 15.0, 'emotion_instability': 5.7, 'eye_avoidance': 0.0, 'head_movement': 1.2}",Stable emotional condition,"{'visual': 0.651, 'audio': 0.349}",False,neutral,2026-07-08 21:38:46
neutral,0.86,calm,neutral,LOW,LOW,LOW,LOW,FOCUSED,0.72,0.278,FLUCTUATING,23,2.45,CENTER,1.0,0,0.461,"{'yaw': -0.63, 'pitch': 3.56, 'roll': -0.14}",fear,0.29,MEDIUM,0.3767,0.0382,0.633,0.0,0.0101,0.6715,0.9899,0.0299,False,LOW,0.17,24.4,23.3,LOW,"{'visual_stress': 0.0, 'audio_stress': 15.0, 'emotion_instability': 5.2, 'eye_avoidance': 0.0, 'head_movement': 1.2}",Stable emotional condition,"{'visual': 0.684, 'audio': 0.316}",False,neutral,2026-07-08 21:38:47
fear,0.5,calm,fear,MEDIUM,MEDIUM,MEDIUM,MEDIUM,OVERLOADED,0.43,0.306,FLUCTUATING,23,2.47,CENTER,1.0,0,0.455,"{'yaw': -3.33, 'pitch': 3.34, 'roll': -0.16}",fear,0.29,MEDIUM,0.3767,0.0382,0.633,0.0,0.0101,0.6715,0.9899,0.0299,True,MEDIUM,0.5,51.4,29.8,LOW,"{'visual_stress': 17.5, 'audio_stress': 15.0, 'emotion_instability': 5.7, 'eye_avoidance': 0.0, 'head_movement': 1.2}",Negative emotional state,"{'visual': 0.553, 'audio': 0.447}",False,fear,2026-07-08 21:38:48
fear,0.5,calm,fear,MEDIUM,MEDIUM,MEDIUM,MEDIUM,FOCUSED,0.46,0.309,STABLE,23,2.5,CENTER,1.0,0,0.468,"{'yaw': -3.35, 'pitch': 3.22, 'roll': -0.15}",fear,0.29,MEDIUM,0.3767,0.0382,0.633,0.0,0.0101,0.6715,0.9899,0.0299,True,MEDIUM,0.5,51.4,33.4,LOW,"{'visual_stress': 17.5, 'audio_stress': 15.0, 'emotion_instability': 5.2, 'eye_avoidance': 0.0, 'head_movement': 1.2}",Negative emotional state,"{'visual': 0.56, 'audio': 0.44}",False,fear,2026-07-08 21:38:48
fear,0.96,calm,fear,MEDIUM,MEDIUM,MEDIUM,MEDIUM,FOCUSED,0.53,0.405,STABLE,23,2.4,CENTER,1.0,0,0.444,"{'yaw': -1.33, 'pitch': 2.86, 'roll': -0.17}",fear,0.29,MEDIUM,0.3767,0.0382,0.633,0.0,0.0101,0.6715,0.9899,0.0299,True,MEDIUM,0.5,51.4,35.6,LOW,"{'visual_stress': 17.5, 'audio_stress': 15.0, 'emotion_instability': 5.2, 'eye_avoidance': 0.0, 'head_movement': 1.2}",Negative emotional state,"{'visual': 0.699, 'audio': 0.301}",False,fear,2026-07-08 21:38:49
fear,0.96,calm,fear,MEDIUM,MEDIUM,MEDIUM,MEDIUM,FOCUSED,0.47,0.411,STABLE,23,2.42,CENTER,1.0,0,0.456,"{'yaw': -2.16, 'pitch': 2.5, 'roll': -0.14}",fear,0.29,MEDIUM,0.3767,0.0382,0.633,0.0,0.0101,0.6715,0.9899,0.0299,True,MEDIUM,0.5,51.4,36.9,LOW,"{'visual_stress': 17.5, 'audio_stress': 15.0, 'emotion_instability': 5.2, 'eye_avoidance': 0.0, 'head_movement': 1.2}",Negative emotional state,"{'visual': 0.705, 'audio': 0.295}",False,fear,2026-07-08 21:38:49
fear,0.81,calm,fear,MEDIUM,MEDIUM,MEDIUM,MEDIUM,OVERLOADED,0.43,0.383,STABLE,23,2.42,CENTER,1.0,0,0.472,"{'yaw': -0.46, 'pitch': 3.45, 'roll': -0.12}",fear,0.29,MEDIUM,0.3767,0.0382,0.633,0.0,0.0101,0.6715,0.9899,0.0299,True,MEDIUM,0.5,51.4,37.7,LOW,"{'visual_stress': 17.5, 'audio_stress': 15.0, 'emotion_instability': 5.2, 'eye_avoidance': 0.0, 'head_movement': 1.2}",Negative emotional state,"{'visual': 0.676, 'audio': 0.324}",False,fear,2026-07-08 21:38:50
fear,0.81,calm,fear,MEDIUM,MEDIUM,MEDIUM,MEDIUM,OVERLOADED,0.43,0.389,STABLE,23,2.43,CENTER,1.0,0,0.487,"{'yaw': -0.07, 'pitch': 2.82, 'roll': -0.04}",fear,0.29,MEDIUM,0.3767,0.0382,0.633,0.0,0.0101,0.6715,0.9899,0.0299,True,MEDIUM,0.5,51.4,38.0,LOW,"{'visual_stress': 17.5, 'audio_stress': 15.0, 'emotion_instability': 4.7, 'eye_avoidance': 0.0, 'head_movement': 1.2}",Negative emotional state,"{'visual': 0.682, 'audio': 0.318}",False,fear,2026-07-08 21:38:50
happy,0.66,calm,happy,LOW,LOW,LOW,LOW,FOCUSED,0.61,0.221,FLUCTUATING,23,2.52,CENTER,1.0,0,0.479,"{'yaw': -4.79, 'pitch': 4.19, 'roll': -0.1}",fear,0.29,MEDIUM,0.3767,0.0382,0.633,0.0,0.0101,0.6715,0.9899,0.0299,False,LOW,0.166,21.4,31.4,LOW,"{'visual_stress': 0.0, 'audio_stress': 15.0, 'emotion_instability': 5.2, 'eye_avoidance': 0.0, 'head_movement': 1.3}",Stable emotional condition,"{'visual': 0.633, 'audio': 0.367}",False,happy,2026-07-08 21:38:51
happy,0.66,calm,happy,LOW,LOW,LOW,LOW,FOCUSED,0.72,0.209,FLUCTUATING,23,2.49,CENTER,1.0,0,0.452,"{'yaw': -3.06, 'pitch': 4.23, 'roll': -0.15}",fear,0.29,MEDIUM,0.3767,0.0382,0.633,0.0,0.0101,0.6715,0.9899,0.0299,False,LOW,0.173,21.4,27.2,LOW,"{'visual_stress': 0.0, 'audio_stress': 15.0, 'emotion_instability': 4.7, 'eye_avoidance': 0.0, 'head_movement': 1.2}",Stable emotional condition,"{'visual': 0.619, 'audio': 0.381}",False,happy,2026-07-08 21:38:52
fear,0.81,calm,fear,LOW,LOW,MEDIUM,LOW,FOCUSED,0.54,0.38,FLUCTUATING,23,2.32,CENTER,1.0,0,0.464,"{'yaw': -3.23, 'pitch': 3.28, 'roll': -0.18}",fear,0.29,MEDIUM,0.3767,0.0382,0.633,0.0,0.0101,0.6715,0.9899,0.0299,True,LOW,0.17,36.3,24.9,LOW,"{'visual_stress': 0.0, 'audio_stress': 15.0, 'emotion_instability': 5.2, 'eye_avoidance': 0.0, 'head_movement': 1.2}",Negative emotional state,"{'visual': 0.672, 'audio': 0.328}",False,fear,2026-07-08 21:38:52
fear,0.81,calm,fear,LOW,LOW,MEDIUM,LOW,FOCUSED,0.54,0.386,STABLE,23,2.28,CENTER,1.0,0,0.471,"{'yaw': -1.03, 'pitch': 2.94, 'roll': -0.11}",fear,0.31,MEDIUM,0.3833,0.034,0.613,0.0,0.0151,1.0073,0.9849,0.0224,True,LOW,0.166,36.3,23.2,LOW,"{'visual_stress': 0.0, 'audio_stress': 15.0, 'emotion_instability': 4.7, 'eye_avoidance': 0.0, 'head_movement': 1.1}",Negative emotional state,"{'visual': 0.668, 'audio': 0.332}",False,fear,2026-07-08 21:38:53
fear,0.91,calm,fear,LOW,LOW,MEDIUM,LOW,FOCUSED,0.54,0.409,STABLE,23,2.25,CENTER,1.0,0,0.47,"{'yaw': -1.69, 'pitch': 4.87, 'roll': -0.15}",fear,0.31,MEDIUM,0.3833,0.034,0.613,0.0,0.0151,1.0073,0.9849,0.0224,True,LOW,0.167,36.3,22.3,LOW,"{'visual_stress': 0.0, 'audio_stress': 15.0, 'emotion_instability': 4.7, 'eye_avoidance': 0.0, 'head_movement': 1.1}",Negative emotional state,"{'visual': 0.692, 'audio': 0.308}",False,fear,2026-07-08 21:38:55
fear,0.91,calm,fear,LOW,LOW,MEDIUM,LOW,FOCUSED,0.57,0.405,STABLE,23,2.22,CENTER,1.0,0,0.461,"{'yaw': -0.34, 'pitch': 3.21, 'roll': -0.14}",fear,0.31,MEDIUM,0.3833,0.034,0.613,0.0,0.0151,1.0073,0.9849,0.0224,True,LOW,0.169,36.3,21.4,LOW,"{'visual_stress': 0.0, 'audio_stress': 15.0, 'emotion_instability': 4.1, 'eye_avoidance': 0.0, 'head_movement': 1.1}",Negative emotional state,"{'visual': 0.688, 'audio': 0.312}",False,fear,2026-07-08 21:38:55
sad,0.47,calm,sad,MEDIUM,MEDIUM,MEDIUM,LOW,OVERLOADED,0.43,0.152,FLUCTUATING,24,2.23,CENTER,1.0,0,0.463,"{'yaw': -1.78, 'pitch': 3.96, 'roll': -0.1}",fear,0.31,MEDIUM,0.3833,0.034,0.613,0.0,0.0151,1.0073,0.9849,0.0224,False,MEDIUM,0.5,51.6,28.2,LOW,"{'visual_stress': 17.5, 'audio_stress': 15.0, 'emotion_instability': 4.7, 'eye_avoidance': 0.0, 'head_movement': 1.1}",Stable emotional condition,"{'visual': 0.534, 'audio': 0.466}",False,sad,2026-07-08 21:38:56
sad,0.47,calm,sad,MEDIUM,MEDIUM,MEDIUM,LOW,FOCUSED,0.53,0.152,FLUCTUATING,24,2.22,CENTER,1.0,0,0.462,"{'yaw': -3.13, 'pitch': 2.45, 'roll': -0.12}",fear,0.31,MEDIUM,0.3833,0.034,0.613,0.0,0.0151,1.0073,0.9849,0.0224,False,MEDIUM,0.5,51.6,32.0,LOW,"{'visual_stress': 17.5, 'audio_stress': 15.0, 'emotion_instability': 4.1, 'eye_avoidance': 0.0, 'head_movement': 1.1}",Stable emotional condition,"{'visual': 0.533, 'audio': 0.467}",False,sad,2026-07-08 21:38:56
happy,0.78,calm,happy,LOW,LOW,LOW,LOW,FOCUSED,0.72,0.261,FLUCTUATING,24,2.16,CENTER,1.0,0,0.478,"{'yaw': -2.35, 'pitch': 3.63, 'roll': -0.1}",fear,0.31,MEDIUM,0.3833,0.034,0.613,0.0,0.0151,1.0073,0.9849,0.0224,False,LOW,0.165,21.6,27.5,LOW,"{'visual_stress': 0.0, 'audio_stress': 15.0, 'emotion_instability': 4.7, 'eye_avoidance': 0.0, 'head_movement': 1.1}",Stable emotional condition,"{'visual': 0.662, 'audio': 0.338}",False,happy,2026-07-08 21:38:57
happy,0.78,calm,happy,LOW,LOW,LOW,LOW,FOCUSED,0.72,0.248,FLUCTUATING,24,2.12,CENTER,1.0,0,0.455,"{'yaw': -1.31, 'pitch': 3.91, 'roll': -0.11}",fear,0.31,MEDIUM,0.3833,0.034,0.613,0.0,0.0151,1.0073,0.9849,0.0224,False,LOW,0.17,21.6,24.8,LOW,"{'visual_stress': 0.0, 'audio_stress': 15.0, 'emotion_instability': 4.7, 'eye_avoidance': 0.0, 'head_movement': 1.1}",Stable emotional condition,"{'visual': 0.651, 'audio': 0.349}",False,happy,2026-07-08 21:38:57
neutral,0.62,calm,neutral,LOW,LOW,LOW,LOW,FOCUSED,0.78,0.219,FLUCTUATING,24,2.33,CENTER,1.0,0,0.504,"{'yaw': -1.47, 'pitch': 7.22, 'roll': -0.02}",fear,0.31,MEDIUM,0.3833,0.034,0.613,0.0,0.0151,1.0073,0.9849,0.0224,False,LOW,0.159,24.7,23.5,LOW,"{'visual_stress': 0.0, 'audio_stress': 15.0, 'emotion_instability': 5.2, 'eye_avoidance': 0.0, 'head_movement': 1.2}",Stable emotional condition,"{'visual': 0.622, 'audio': 0.378}",False,neutral,2026-07-08 21:38:58
neutral,0.62,calm,neutral,LOW,LOW,LOW,LOW,FOCUSED,0.78,0.202,FLUCTUATING,24,2.43,CENTER,1.0,0,0.465,"{'yaw': -2.77, 'pitch': 0.83, 'roll': -0.08}",fear,0.31,MEDIUM,0.3833,0.034,0.613,0.0,0.0151,1.0073,0.9849,0.0224,False,LOW,0.168,24.7,22.4,LOW,"{'visual_stress': 0.0, 'audio_stress': 15.0, 'emotion_instability': 4.7, 'eye_avoidance': 0.0, 'head_movement': 1.2}",Stable emotional condition,"{'visual': 0.603, 'audio': 0.397}",False,neutral,2026-07-08 21:38:59
neutral,1.0,calm,neutral,LOW,LOW,LOW,LOW,FOCUSED,0.78,0.326,FLUCTUATING,24,2.41,CENTER,1.0,0,0.465,"{'yaw': -3.02, 'pitch': 2.88, 'roll': -0.14}",fear,0.31,MEDIUM,0.3833,0.034,0.613,0.0,0.0151,1.0073,0.9849,0.0224,False,LOW,0.168,24.7,21.8,LOW,"{'visual_stress': 0.0, 'audio_stress': 15.0, 'emotion_instability': 4.7, 'eye_avoidance': 0.0, 'head_movement': 1.2}",Stable emotional condition,"{'visual': 0.71, 'audio': 0.29}",False,neutral,2026-07-08 21:39:00
neutral,1.0,calm,neutral,LOW,LOW,LOW,LOW,FOCUSED,0.72,0.33,FLUCTUATING,24,2.41,CENTER,1.0,0,0.471,"{'yaw': -1.55, 'pitch': 3.17, 'roll': -0.11}",fear,0.2866666666666667,MEDIUM,0.4567,0.0358,0.622,0.0,0.0,0.3358,1.0,0.0,False,LOW,0.188,24.7,21.2,LOW,"{'visual_stress': 0.0, 'audio_stress': 15.0, 'emotion_instability': 4.1, 'eye_avoidance': 0.0, 'head_movement': 1.2}",Stable emotional condition,"{'visual': 0.725, 'audio': 0.275}",False,neutral,2026-07-08 21:39:01
surprise,0.63,calm,surprise,LOW,LOW,LOW,LOW,FOCUSED,0.78,0.2,UNSTABLE,24,2.43,CENTER,1.0,0,0.454,"{'yaw': -3.62, 'pitch': 3.64, 'roll': -0.2}",fear,0.2866666666666667,MEDIUM,0.4567,0.0358,0.622,0.0,0.0,0.3358,1.0,0.0,False,LOW,0.192,21.7,21.1,LOW,"{'visual_stress': 0.0, 'audio_stress': 15.0, 'emotion_instability': 4.7, 'eye_avoidance': 0.0, 'head_movement': 1.2}",Stable emotional condition,"{'visual': 0.616, 'audio': 0.384}",False,surprise,2026-07-08 21:39:01
surprise,0.63,calm,surprise,LOW,LOW,LOW,LOW,FOCUSED,0.61,0.205,FLUCTUATING,25,2.44,CENTER,1.0,0,0.465,"{'yaw': -2.89, 'pitch': 4.69, 'roll': -0.07}",fear,0.2866666666666667,MEDIUM,0.4567,0.0358,0.622,0.0,0.0,0.3358,1.0,0.0,False,LOW,0.19,22.1,20.8,LOW,"{'visual_stress': 0.0, 'audio_stress': 15.0, 'emotion_instability': 4.1, 'eye_avoidance': 0.0, 'head_movement': 1.2}",Stable emotional condition,"{'visual': 0.622, 'audio': 0.378}",False,surprise,2026-07-08 21:39:02
fear,0.63,calm,fear,MEDIUM,MEDIUM,MEDIUM,MEDIUM,FOCUSED,0.44,0.34,UNSTABLE,25,2.43,CENTER,1.0,0,0.479,"{'yaw': -2.44, 'pitch': 3.92, 'roll': -0.1}",fear,0.2866666666666667,MEDIUM,0.4567,0.0358,0.622,0.0,0.0,0.3358,1.0,0.0,True,MEDIUM,0.5,52.0,27.8,LOW,"{'visual_stress': 17.5, 'audio_stress': 15.0, 'emotion_instability': 4.7, 'eye_avoidance': 0.0, 'head_movement': 1.2}",Negative emotional state,"{'visual': 0.629, 'audio': 0.371}",False,fear,2026-07-08 21:39:03
fear,0.63,calm,fear,MEDIUM,MEDIUM,MEDIUM,MEDIUM,FOCUSED,0.46,0.331,FLUCTUATING,25,2.36,CENTER,1.0,0,0.451,"{'yaw': -2.28, 'pitch': 3.73, 'roll': -0.17}",fear,0.2866666666666667,MEDIUM,0.4567,0.0358,0.622,0.0,0.0,0.3358,1.0,0.0,True,MEDIUM,0.5,52.0,32.1,LOW,"{'visual_stress': 17.5, 'audio_stress': 15.0, 'emotion_instability': 4.7, 'eye_avoidance': 0.0, 'head_movement': 1.2}",Negative emotional state,"{'visual': 0.614, 'audio': 0.386}",False,fear,2026-07-08 21:39:03
fear,0.48,calm,fear,MEDIUM,MEDIUM,MEDIUM,MEDIUM,FOCUSED,0.46,0.296,FLUCTUATING,25,2.33,CENTER,1.0,0,0.446,"{'yaw': -1.36, 'pitch': 2.43, 'roll': -0.12}",fear,0.2866666666666667,MEDIUM,0.4567,0.0358,0.622,0.0,0.0,0.3358,1.0,0.0,True,MEDIUM,0.5,52.0,34.6,LOW,"{'visual_stress': 17.5, 'audio_stress': 15.0, 'emotion_instability': 4.7, 'eye_avoidance': 0.0, 'head_movement': 1.2}",Negative emotional state,"{'visual': 0.546, 'audio': 0.454}",False,fear,2026-07-08 21:39:04
fear,0.48,calm,fear,MEDIUM,MEDIUM,MEDIUM,MEDIUM,OVERLOADED,0.44,0.297,FLUCTUATING,26,2.36,CENTER,1.0,0,0.449,"{'yaw': 0.78, 'pitch': 1.77, 'roll': -0.09}",fear,0.2866666666666667,MEDIUM,0.4567,0.0358,0.622,0.0,0.0,0.3358,1.0,0.0,True,MEDIUM,0.5,52.3,35.9,LOW,"{'visual_stress': 17.5, 'audio_stress': 15.0, 'emotion_instability': 4.1, 'eye_avoidance': 0.0, 'head_movement': 1.2}",Negative emotional state,"{'visual': 0.547, 'audio': 0.453}",False,fear,2026-07-08 21:39:04
angry,0.57,calm,angry,MEDIUM,MEDIUM,MEDIUM,MEDIUM,FOCUSED,0.46,0.182,FLUCTUATING,26,2.42,CENTER,1.0,0,0.456,"{'yaw': -1.15, 'pitch': 5.18, 'roll': -0.17}",fear,0.2866666666666667,MEDIUM,0.4567,0.0358,0.622,0.0,0.0,0.3358,1.0,0.0,False,MEDIUM,0.5,52.4,36.9,LOW,"{'visual_stress': 17.5, 'audio_stress': 15.0, 'emotion_instability': 4.7, 'eye_avoidance': 0.0, 'head_movement': 1.2}",Negative emotional state,"{'visual': 0.593, 'audio': 0.407}",False,angry,2026-07-08 21:39:05
angry,0.57,calm,angry,MEDIUM,MEDIUM,MEDIUM,MEDIUM,FOCUSED,0.45,0.185,FLUCTUATING,26,2.38,CENTER,1.0,0,0.464,"{'yaw': -1.01, 'pitch': 4.22, 'roll': -0.11}",fear,0.2866666666666667,MEDIUM,0.4567,0.0358,0.622,0.0,0.0,0.3358,1.0,0.0,False,MEDIUM,0.5,52.4,37.5,LOW,"{'visual_stress': 17.5, 'audio_stress': 15.0, 'emotion_instability': 4.7, 'eye_avoidance': 0.0, 'head_movement': 1.2}",Negative emotional state,"{'visual': 0.597, 'audio': 0.403}",False,angry,2026-07-08 21:39:05
sad,0.57,calm,sad,MEDIUM,MEDIUM,MEDIUM,LOW,FOCUSED,0.45,0.179,UNSTABLE,26,2.37,CENTER,1.0,0,0.449,"{'yaw': -2.49, 'pitch': 2.84, 'roll': -0.15}",fear,0.2866666666666667,MEDIUM,0.4567,0.0358,0.622,0.0,0.0,0.3358,1.0,0.0,False,MEDIUM,0.5,52.4,38.1,LOW,"{'visual_stress': 17.5, 'audio_stress': 15.0, 'emotion_instability': 5.2, 'eye_avoidance': 0.0, 'head_movement': 1.2}",Stable emotional condition,"{'visual': 0.589, 'audio': 0.411}",False,sad,2026-07-08 21:39:06
sad,0.57,calm,sad,MEDIUM,MEDIUM,MEDIUM,LOW,FOCUSED,0.51,0.203,FLUCTUATING,26,2.83,CENTER,1.0,0,0.508,"{'yaw': 4.41, 'pitch': 4.15, 'roll': -0.21}",fear,0.32666666666666666,MEDIUM,0.4367,0.0394,0.638,0.0,0.0151,1.3431,0.9849,0.015,False,MEDIUM,0.5,52.6,38.3,LOW,"{'visual_stress': 17.5, 'audio_stress': 15.0, 'emotion_instability': 4.7, 'eye_avoidance': 0.0, 'head_movement': 1.4}",Stable emotional condition,"{'visual': 0.581, 'audio': 0.419}",False,sad,2026-07-08 21:39:07
fear,0.71,calm,fear,MEDIUM,MEDIUM,MEDIUM,MEDIUM,FOCUSED,0.51,0.359,FLUCTUATING,26,2.85,CENTER,1.0,0,0.437,"{'yaw': -3.62, 'pitch': 2.59, 'roll': -0.18}",fear,0.32666666666666666,MEDIUM,0.4367,0.0394,0.638,0.0,0.0151,1.3431,0.9849,0.015,True,MEDIUM,0.5,52.6,38.6,LOW,"{'visual_stress': 17.5, 'audio_stress': 15.0, 'emotion_instability': 5.2, 'eye_avoidance': 0.0, 'head_movement': 1.4}",Negative emotional state,"{'visual': 0.598, 'audio': 0.402}",False,fear,2026-07-08 21:39:08
fear,0.71,calm,fear,MEDIUM,MEDIUM,MEDIUM,MEDIUM,OVERLOADED,0.45,0.36,FLUCTUATING,27,2.84,CENTER,1.0,0,0.439,"{'yaw': -1.8, 'pitch': 2.45, 'roll': -0.07}",fear,0.32666666666666666,MEDIUM,0.4367,0.0394,0.638,0.0,0.0151,1.3431,0.9849,0.015,True,MEDIUM,0.5,52.9,38.8,LOW,"{'visual_stress': 17.5, 'audio_stress': 15.0, 'emotion_instability': 5.2, 'eye_avoidance': 0.0, 'head_movement': 1.4}",Negative emotional state,"{'visual': 0.599, 'audio': 0.401}",False,fear,2026-07-08 21:39:08
fear,0.96,calm,fear,MEDIUM,MEDIUM,MEDIUM,MEDIUM,FOCUSED,0.41,0.422,FLUCTUATING,27,2.9,CENTER,1.0,0,0.454,"{'yaw': 0.68, 'pitch': 2.63, 'roll': -0.12}",fear,0.32666666666666666,MEDIUM,0.4367,0.0394,0.638,0.0,0.0151,1.3431,0.9849,0.015,True,MEDIUM,0.5,52.9,38.9,LOW,"{'visual_stress': 17.5, 'audio_stress': 15.0, 'emotion_instability': 5.2, 'eye_avoidance': 0.0, 'head_movement': 1.4}",Negative emotional state,"{'visual': 0.677, 'audio': 0.323}",False,fear,2026-07-08 21:39:09
fear,0.96,calm,fear,MEDIUM,MEDIUM,MEDIUM,MEDIUM,FOCUSED,0.49,0.424,FLUCTUATING,27,2.89,CENTER,1.0,0,0.457,"{'yaw': -0.77, 'pitch': 3.65, 'roll': -0.12}",fear,0.32666666666666666,MEDIUM,0.4367,0.0394,0.638,0.0,0.0151,1.3431,0.9849,0.015,True,MEDIUM,0.5,52.9,39.0,LOW,"{'visual_stress': 17.5, 'audio_stress': 15.0, 'emotion_instability': 5.2, 'eye_avoidance': 0.0, 'head_movement': 1.4}",Negative emotional state,"{'visual': 0.678, 'audio': 0.322}",False,fear,2026-07-08 21:39:09
fear,0.92,calm,fear,MEDIUM,MEDIUM,MEDIUM,MEDIUM,FOCUSED,0.44,0.419,FLUCTUATING,27,2.91,CENTER,1.0,0,0.467,"{'yaw': -3.18, 'pitch': 4.16, 'roll': -0.15}",fear,0.32666666666666666,MEDIUM,0.4367,0.0394,0.638,0.0,0.0151,1.3431,0.9849,0.015,True,MEDIUM,0.5,53.0,39.1,LOW,"{'visual_stress': 17.5, 'audio_stress': 15.0, 'emotion_instability': 5.2, 'eye_avoidance': 0.0, 'head_movement': 1.5}",Negative emotional state,"{'visual': 0.673, 'audio': 0.327}",False,fear,2026-07-08 21:39:10
fear,0.92,calm,fear,MEDIUM,MEDIUM,MEDIUM,MEDIUM,FOCUSED,0.43,0.414,FLUCTUATING,27,2.89,CENTER,1.0,0,0.455,"{'yaw': -0.77, 'pitch': 2.79, 'roll': -0.1}",fear,0.32666666666666666,MEDIUM,0.4367,0.0394,0.638,0.0,0.0151,1.3431,0.9849,0.015,True,MEDIUM,0.5,52.9,38.9,LOW,"{'visual_stress': 17.5, 'audio_stress': 15.0, 'emotion_instability': 4.7, 'eye_avoidance': 0.0, 'head_movement': 1.4}",Negative emotional state,"{'visual': 0.668, 'audio': 0.332}",False,fear,2026-07-08 21:39:11
neutral,0.99,calm,neutral,LOW,LOW,LOW,LOW,FOCUSED,0.77,0.323,FLUCTUATING,27,2.85,CENTER,1.0,0,0.466,"{'yaw': -4.05, 'pitch': 4.29, 'roll': -0.13}",fear,0.32666666666666666,MEDIUM,0.4367,0.0394,0.638,0.0,0.0151,1.3431,0.9849,0.015,False,LOW,0.187,25.9,32.0,LOW,"{'visual_stress': 0.0, 'audio_stress': 15.0, 'emotion_instability': 5.2, 'eye_avoidance': 0.0, 'head_movement': 1.4}",Stable emotional condition,"{'visual': 0.689, 'audio': 0.311}",False,neutral,2026-07-08 21:39:11
neutral,0.99,calm,neutral,LOW,LOW,LOW,LOW,FOCUSED,0.74,0.319,FLUCTUATING,27,2.88,CENTER,1.0,0,0.46,"{'yaw': -3.27, 'pitch': 5.15, 'roll': -0.18}",fear,0.32666666666666666,MEDIUM,0.4367,0.0394,0.638,0.0,0.0151,1.3431,0.9849,0.015,False,LOW,0.189,25.9,27.6,LOW,"{'visual_stress': 0.0, 'audio_stress': 15.0, 'emotion_instability': 4.7, 'eye_avoidance': 0.0, 'head_movement': 1.4}",Stable emotional condition,"{'visual': 0.686, 'audio': 0.314}",False,neutral,2026-07-08 21:39:12
neutral,0.97,calm,neutral,LOW,LOW,LOW,LOW,FOCUSED,0.65,0.32,FLUCTUATING,27,2.89,CENTER,1.0,0,0.471,"{'yaw': -2.32, 'pitch': 5.06, 'roll': -0.13}",fear,0.32666666666666666,MEDIUM,0.4367,0.0394,0.638,0.0,0.0151,1.3431,0.9849,0.015,False,LOW,0.186,25.9,25.0,LOW,"{'visual_stress': 0.0, 'audio_stress': 15.0, 'emotion_instability': 4.7, 'eye_avoidance': 0.0, 'head_movement': 1.4}",Stable emotional condition,"{'visual': 0.687, 'audio': 0.313}",False,neutral,2026-07-08 21:39:12
neutral,0.97,calm,neutral,LOW,LOW,LOW,LOW,FOCUSED,0.68,0.318,STABLE,27,2.9,CENTER,1.0,0,0.468,"{'yaw': -2.8, 'pitch': 2.79, 'roll': -0.15}",fear,0.30666666666666664,MEDIUM,0.4067,0.0356,0.621,0.0,0.0352,1.6788,0.9648,0.0262,False,LOW,0.175,25.9,23.4,LOW,"{'visual_stress': 0.0, 'audio_stress': 15.0, 'emotion_instability': 4.7, 'eye_avoidance': 0.0, 'head_movement': 1.4}",Stable emotional condition,"{'visual': 0.704, 'audio': 0.296}",False,neutral,2026-07-08 21:39:13
fear,0.83,calm,fear,MEDIUM,MEDIUM,MEDIUM,MEDIUM,OVERLOADED,0.5,0.397,STABLE,28,2.97,CENTER,1.0,0,0.486,"{'yaw': 1.33, 'pitch': 3.68, 'roll': -0.12}",fear,0.30666666666666664,MEDIUM,0.4067,0.0356,0.621,0.0,0.0352,1.6788,0.9648,0.0262,True,MEDIUM,0.5,53.3,29.7,LOW,"{'visual_stress': 17.5, 'audio_stress': 15.0, 'emotion_instability': 5.2, 'eye_avoidance': 0.0, 'head_movement': 1.5}",Negative emotional state,"{'visual': 0.679, 'audio': 0.321}",False,fear,2026-07-08 21:39:14
fear,0.83,calm,fear,MEDIUM,MEDIUM,MEDIUM,MEDIUM,FOCUSED,0.39,0.414,STABLE,28,3.12,CENTER,1.0,0,0.527,"{'yaw': 2.4, 'pitch': 4.76, 'roll': -0.08}",fear,0.30666666666666664,MEDIUM,0.4067,0.0356,0.621,0.0,0.0352,1.6788,0.9648,0.0262,True,MEDIUM,0.5,53.4,33.4,LOW,"{'visual_stress': 17.5, 'audio_stress': 15.0, 'emotion_instability': 4.7, 'eye_avoidance': 0.0, 'head_movement': 1.6}",Negative emotional state,"{'visual': 0.697, 'audio': 0.303}",False,fear,2026-07-08 21:39:15
fear,0.43,calm,fear,MEDIUM,MEDIUM,MEDIUM,MEDIUM,FOCUSED,0.39,0.305,STABLE,28,3.18,CENTER,1.0,0,0.511,"{'yaw': 0.86, 'pitch': 4.47, 'roll': -0.13}",fear,0.30666666666666664,MEDIUM,0.4067,0.0356,0.621,0.0,0.0352,1.6788,0.9648,0.0262,True,MEDIUM,0.5,53.4,35.5,LOW,"{'visual_stress': 17.5, 'audio_stress': 15.0, 'emotion_instability': 4.7, 'eye_avoidance': 0.0, 'head_movement': 1.6}",Negative emotional state,"{'visual': 0.536, 'audio': 0.464}",False,fear,2026-07-08 21:39:15
fear,0.43,calm,fear,MEDIUM,MEDIUM,MEDIUM,MEDIUM,OVERLOADED,0.38,0.288,STABLE,28,3.19,CENTER,1.0,0,0.432,"{'yaw': -2.62, 'pitch': 2.05, 'roll': -0.09}",fear,0.30666666666666664,MEDIUM,0.4067,0.0356,0.621,0.0,0.0352,1.6788,0.9648,0.0262,True,MEDIUM,0.5,53.4,36.6,LOW,"{'visual_stress': 17.5, 'audio_stress': 15.0, 'emotion_instability': 4.1, 'eye_avoidance': 0.0, 'head_movement': 1.6}",Negative emotional state,"{'visual': 0.494, 'audio': 0.506}",False,fear,2026-07-08 21:39:16
surprise,0.53,calm,surprise,LOW,LOW,LOW,LOW,FOCUSED,0.54,0.171,FLUCTUATING,28,3.2,CENTER,1.0,0,0.461,"{'yaw': -3.07, 'pitch': 3.43, 'roll': -0.16}",fear,0.30666666666666664,MEDIUM,0.4067,0.0356,0.621,0.0,0.0352,1.6788,0.9648,0.0262,False,LOW,0.177,23.4,30.5,LOW,"{'visual_stress': 0.0, 'audio_stress': 15.0, 'emotion_instability': 4.7, 'eye_avoidance': 0.0, 'head_movement': 1.6}",Stable emotional condition,"{'visual': 0.562, 'audio': 0.438}",False,surprise,2026-07-08 21:39:17
surprise,0.53,calm,surprise,LOW,LOW,LOW,LOW,FOCUSED,0.49,0.167,FLUCTUATING,29,3.27,CENTER,1.0,0,0.449,"{'yaw': -3.96, 'pitch': 2.55, 'roll': -0.08}",fear,0.30666666666666664,MEDIUM,0.4067,0.0356,0.621,0.0,0.0352,1.6788,0.9648,0.0262,False,LOW,0.18,23.8,26.6,LOW,"{'visual_stress': 0.0, 'audio_stress': 15.0, 'emotion_instability': 4.1, 'eye_avoidance': 0.0, 'head_movement': 1.6}",Stable emotional condition,"{'visual': 0.555, 'audio': 0.445}",False,surprise,2026-07-08 21:39:17
fear,0.39,calm,fear,MEDIUM,MEDIUM,MEDIUM,MEDIUM,OVERLOADED,0.4,0.286,FLUCTUATING,29,3.07,CENTER,1.0,0,0.467,"{'yaw': -2.12, 'pitch': 3.1, 'roll': -0.04}",fear,0.30666666666666664,MEDIUM,0.4067,0.0356,0.621,0.0,0.0352,1.6788,0.9648,0.0262,True,MEDIUM,0.5,53.7,31.4,LOW,"{'visual_stress': 17.5, 'audio_stress': 15.0, 'emotion_instability': 4.7, 'eye_avoidance': 0.0, 'head_movement': 1.5}",Negative emotional state,"{'visual': 0.489, 'audio': 0.511}",False,fear,2026-07-08 21:39:18
fear,0.39,calm,fear,MEDIUM,MEDIUM,MEDIUM,MEDIUM,OVERLOADED,0.5,0.291,FLUCTUATING,29,2.96,CENTER,1.0,0,0.491,"{'yaw': -3.29, 'pitch': 3.28, 'roll': -0.13}",fear,0.30666666666666664,MEDIUM,0.4067,0.0356,0.621,0.0,0.0352,1.6788,0.9648,0.0262,True,MEDIUM,0.5,53.6,34.3,LOW,"{'visual_stress': 17.5, 'audio_stress': 15.0, 'emotion_instability': 4.7, 'eye_avoidance': 0.0, 'head_movement': 1.5}",Negative emotional state,"{'visual': 0.501, 'audio': 0.499}",False,fear,2026-07-08 21:39:18
sad,0.81,calm,sad,MEDIUM,MEDIUM,MEDIUM,LOW,OVERLOADED,0.48,0.26,FLUCTUATING,30,2.95,CENTER,1.0,0,0.458,"{'yaw': -1.28, 'pitch': 2.82, 'roll': -0.06}",fear,0.30666666666666664,MEDIUM,0.4067,0.0356,0.621,0.0,0.0352,1.6788,0.9648,0.0262,False,MEDIUM,0.5,54.0,36.3,LOW,"{'visual_stress': 17.5, 'audio_stress': 15.0, 'emotion_instability': 5.2, 'eye_avoidance': 0.0, 'head_movement': 1.5}",Stable emotional condition,"{'visual': 0.661, 'audio': 0.339}",False,sad,2026-07-08 21:39:19
sad,0.81,calm,sad,MEDIUM,MEDIUM,MEDIUM,LOW,OVERLOADED,0.5,0.264,FLUCTUATING,30,3.03,CENTER,1.0,0,0.465,"{'yaw': -2.78, 'pitch': 1.52, 'roll': -0.12}",fear,0.2833333333333333,MEDIUM,0.4167,0.0563,0.7,0.0,0.005,0.6715,0.995,0.015,False,MEDIUM,0.5,54.0,37.2,LOW,"{'visual_stress': 17.5, 'audio_stress': 15.0, 'emotion_instability': 4.7, 'eye_avoidance': 0.0, 'head_movement': 1.5}",Stable emotional condition,"{'visual': 0.655, 'audio': 0.345}",False,sad,2026-07-08 21:39:20
neutral,0.65,calm,neutral,MEDIUM,MEDIUM,MEDIUM,LOW,OVERLOADED,0.44,0.208,FLUCTUATING,30,2.99,CENTER,1.0,0,0.458,"{'yaw': -1.56, 'pitch': 3.87, 'roll': -0.12}",fear,0.2833333333333333,MEDIUM,0.4167,0.0563,0.7,0.0,0.005,0.6715,0.995,0.015,False,MEDIUM,0.5,42.0,38.0,LOW,"{'visual_stress': 17.5, 'audio_stress': 15.0, 'emotion_instability': 5.2, 'eye_avoidance': 0.0, 'head_movement': 1.5}",Stable emotional condition,"{'visual': 0.6, 'audio': 0.4}",False,neutral,2026-07-08 21:39:21
neutral,0.65,calm,neutral,LOW,LOW,LOW,LOW,FOCUSED,0.56,0.209,FLUCTUATING,30,2.99,CENTER,1.0,0,0.459,"{'yaw': -3.57, 'pitch': 3.45, 'roll': -0.25}",fear,0.2833333333333333,MEDIUM,0.4167,0.0563,0.7,0.0,0.005,0.6715,0.995,0.015,False,LOW,0.194,27.0,31.3,LOW,"{'visual_stress': 0.0, 'audio_stress': 15.0, 'emotion_instability': 4.7, 'eye_avoidance': 0.0, 'head_movement': 1.5}",Stable emotional condition,"{'visual': 0.601, 'audio': 0.399}",False,neutral,2026-07-08 21:39:21
fear,0.99,calm,fear,MEDIUM,MEDIUM,MEDIUM,MEDIUM,FOCUSED,0.35,0.43,FLUCTUATING,30,2.99,CENTER,1.0,0,0.467,"{'yaw': -2.91, 'pitch': 3.07, 'roll': -0.14}",fear,0.2833333333333333,MEDIUM,0.4167,0.0563,0.7,0.0,0.005,0.6715,0.995,0.015,True,MEDIUM,0.5,54.0,34.5,LOW,"{'visual_stress': 17.5, 'audio_stress': 15.0, 'emotion_instability': 5.2, 'eye_avoidance': 0.0, 'head_movement': 1.5}",Negative emotional state,"{'visual': 0.7, 'audio': 0.3}",False,fear,2026-07-08 21:39:22
fear,0.99,calm,fear,MEDIUM,MEDIUM,MEDIUM,MEDIUM,FOCUSED,0.35,0.437,FLUCTUATING,30,2.99,CENTER,1.0,0,0.48,"{'yaw': -2.17, 'pitch': 3.43, 'roll': -0.1}",fear,0.2833333333333333,MEDIUM,0.4167,0.0563,0.7,0.0,0.005,0.6715,0.995,0.015,True,MEDIUM,0.5,54.0,36.4,LOW,"{'visual_stress': 17.5, 'audio_stress': 15.0, 'emotion_instability': 5.2, 'eye_avoidance': 0.0, 'head_movement': 1.5}",Negative emotional state,"{'visual': 0.706, 'audio': 0.294}",False,fear,2026-07-08 21:39:22
sad,0.8,calm,sad,MEDIUM,MEDIUM,MEDIUM,LOW,OVERLOADED,0.5,0.255,FLUCTUATING,31,2.98,CENTER,1.0,0,0.456,"{'yaw': -2.36, 'pitch': 3.62, 'roll': -0.11}",fear,0.2833333333333333,MEDIUM,0.4167,0.0563,0.7,0.0,0.005,0.6715,0.995,0.015,False,MEDIUM,0.5,54.0,37.7,LOW,"{'visual_stress': 17.5, 'audio_stress': 15.0, 'emotion_instability': 5.7, 'eye_avoidance': 0.0, 'head_movement': 1.5}",Stable emotional condition,"{'visual': 0.648, 'audio': 0.352}",False,sad,2026-07-08 21:39:23
sad,0.8,calm,sad,MEDIUM,MEDIUM,MEDIUM,LOW,FOCUSED,0.41,0.254,FLUCTUATING,31,2.96,CENTER,1.0,0,0.454,"{'yaw': -4.6, 'pitch': 3.99, 'roll': -0.23}",fear,0.2833333333333333,MEDIUM,0.4167,0.0563,0.7,0.0,0.005,0.6715,0.995,0.015,False,MEDIUM,0.5,54.0,38.3,LOW,"{'visual_stress': 17.5, 'audio_stress': 15.0, 'emotion_instability': 5.2, 'eye_avoidance': 0.0, 'head_movement': 1.5}",Stable emotional condition,"{'visual': 0.647, 'audio': 0.353}",False,sad,2026-07-08 21:39:23
surprise,0.58,calm,surprise,LOW,LOW,LOW,LOW,FOCUSED,0.69,0.19,FLUCTUATING,31,2.94,CENTER,1.0,0,0.467,"{'yaw': -2.23, 'pitch': 1.98, 'roll': -0.11}",fear,0.2833333333333333,MEDIUM,0.4167,0.0563,0.7,0.0,0.005,0.6715,0.995,0.015,False,LOW,0.192,24.0,31.9,LOW,"{'visual_stress': 0.0, 'audio_stress': 15.0, 'emotion_instability': 5.7, 'eye_avoidance': 0.0, 'head_movement': 1.5}",Stable emotional condition,"{'visual': 0.577, 'audio': 0.423}",False,surprise,2026-07-08 21:39:24
surprise,0.58,calm,surprise,LOW,LOW,LOW,LOW,FOCUSED,0.67,0.192,FLUCTUATING,31,2.96,CENTER,1.0,0,0.473,"{'yaw': -3.84, 'pitch': 2.69, 'roll': -0.15}",fear,0.2833333333333333,MEDIUM,0.4167,0.0563,0.7,0.0,0.005,0.6715,0.995,0.015,False,LOW,0.191,24.0,27.8,LOW,"{'visual_stress': 0.0, 'audio_stress': 15.0, 'emotion_instability': 5.2, 'eye_avoidance': 0.0, 'head_movement': 1.5}",Stable emotional condition,"{'visual': 0.58, 'audio': 0.42}",False,surprise,2026-07-08 21:39:24
sad,0.7,calm,sad,MEDIUM,MEDIUM,MEDIUM,LOW,OVERLOADED,0.5,0.236,FLUCTUATING,32,2.99,CENTER,1.0,0,0.481,"{'yaw': -4.02, 'pitch': 3.8, 'roll': -0.12}",fear,0.2833333333333333,MEDIUM,0.4167,0.0563,0.7,0.0,0.005,0.6715,0.995,0.015,False,MEDIUM,0.5,54.0,32.6,LOW,"{'visual_stress': 17.5, 'audio_stress': 15.0, 'emotion_instability': 5.7, 'eye_avoidance': 0.0, 'head_movement': 1.5}",Stable emotional condition,"{'visual': 0.629, 'audio': 0.371}",False,sad,2026-07-08 21:39:25
sad,0.7,calm,sad,MEDIUM,MEDIUM,MEDIUM,LOW,FOCUSED,0.53,0.236,FLUCTUATING,32,2.61,CENTER,1.0,0,0.481,"{'yaw': -2.29, 'pitch': 3.92, 'roll': -0.16}",fear,0.34,MEDIUM,0.4233,0.0375,0.63,0.0,0.0352,2.0146,0.9648,0.021,False,MEDIUM,0.5,53.8,35.1,LOW,"{'visual_stress': 17.5, 'audio_stress': 15.0, 'emotion_instability': 5.2, 'eye_avoidance': 0.0, 'head_movement': 1.3}",Stable emotional condition,"{'visual': 0.611, 'audio': 0.389}",False,sad,2026-07-08 21:39:26
fear,0.93,calm,fear,MEDIUM,MEDIUM,MEDIUM,MEDIUM,FOCUSED,0.53,0.43,FLUCTUATING,32,2.57,CENTER,1.0,0,0.479,"{'yaw': -2.23, 'pitch': 3.79, 'roll': -0.14}",fear,0.34,MEDIUM,0.4233,0.0375,0.63,0.0,0.0352,2.0146,0.9648,0.021,True,MEDIUM,0.5,53.8,36.9,LOW,"{'visual_stress': 17.5, 'audio_stress': 15.0, 'emotion_instability': 5.7, 'eye_avoidance': 0.0, 'head_movement': 1.3}",Negative emotional state,"{'visual': 0.675, 'audio': 0.325}",False,fear,2026-07-08 21:39:27
fear,0.93,calm,fear,MEDIUM,MEDIUM,MEDIUM,MEDIUM,FOCUSED,0.53,0.425,FLUCTUATING,32,2.61,CENTER,1.0,0,0.469,"{'yaw': -3.19, 'pitch': 1.93, 'roll': -0.17}",fear,0.34,MEDIUM,0.4233,0.0375,0.63,0.0,0.0352,2.0146,0.9648,0.021,True,MEDIUM,0.5,53.8,37.9,LOW,"{'visual_stress': 17.5, 'audio_stress': 15.0, 'emotion_instability': 5.7, 'eye_avoidance': 0.0, 'head_movement': 1.3}",Negative emotional state,"{'visual': 0.671, 'audio': 0.329}",False,fear,2026-07-08 21:39:27
surprise,0.99,calm,surprise,LOW,LOW,LOW,LOW,FOCUSED,0.78,0.342,FLUCTUATING,32,2.68,CENTER,1.0,0,0.494,"{'yaw': -4.24, 'pitch': 0.6, 'roll': -0.13}",fear,0.34,MEDIUM,0.4233,0.0375,0.63,0.0,0.0352,2.0146,0.9648,0.021,False,LOW,0.175,23.8,31.8,LOW,"{'visual_stress': 0.0, 'audio_stress': 15.0, 'emotion_instability': 6.2, 'eye_avoidance': 0.0, 'head_movement': 1.3}",Stable emotional condition,"{'visual': 0.695, 'audio': 0.305}",False,surprise,2026-07-08 21:39:28
surprise,0.99,calm,surprise,LOW,LOW,LOW,LOW,FOCUSED,0.78,0.328,FLUCTUATING,32,2.76,CENTER,1.0,0,0.473,"{'yaw': 0.91, 'pitch': 3.43, 'roll': -0.14}",fear,0.34,MEDIUM,0.4233,0.0375,0.63,0.0,0.0352,2.0146,0.9648,0.021,False,LOW,0.18,23.9,28.1,LOW,"{'visual_stress': 0.0, 'audio_stress': 15.0, 'emotion_instability': 6.2, 'eye_avoidance': 0.0, 'head_movement': 1.4}",Stable emotional condition,"{'visual': 0.686, 'audio': 0.314}",False,surprise,2026-07-08 21:39:29
fear,0.98,calm,fear,MEDIUM,MEDIUM,MEDIUM,MEDIUM,FOCUSED,0.49,0.439,FLUCTUATING,32,2.9,CENTER,1.0,0,0.474,"{'yaw': 1.8, 'pitch': 3.89, 'roll': -0.24}",fear,0.34,MEDIUM,0.4233,0.0375,0.63,0.0,0.0352,2.0146,0.9648,0.021,True,MEDIUM,0.5,53.9,33.1,LOW,"{'visual_stress': 17.5, 'audio_stress': 15.0, 'emotion_instability': 6.7, 'eye_avoidance': 0.0, 'head_movement': 1.4}",Negative emotional state,"{'visual': 0.684, 'audio': 0.316}",False,fear,2026-07-08 21:39:29
fear,0.98,calm,fear,MEDIUM,MEDIUM,MEDIUM,MEDIUM,FOCUSED,0.43,0.438,FLUCTUATING,32,2.88,CENTER,1.0,0,0.472,"{'yaw': -1.88, 'pitch': 3.73, 'roll': -0.16}",fear,0.34,MEDIUM,0.4233,0.0375,0.63,0.0,0.0352,2.0146,0.9648,0.021,True,MEDIUM,0.5,53.9,35.9,LOW,"{'visual_stress': 17.5, 'audio_stress': 15.0, 'emotion_instability': 6.2, 'eye_avoidance': 0.0, 'head_movement': 1.4}",Negative emotional state,"{'visual': 0.683, 'audio': 0.317}",False,fear,2026-07-08 21:39:30
sad,0.65,calm,sad,MEDIUM,MEDIUM,MEDIUM,LOW,OVERLOADED,0.45,0.212,FLUCTUATING,32,2.83,CENTER,1.0,0,0.465,"{'yaw': -1.71, 'pitch': 3.12, 'roll': -0.15}",fear,0.34,MEDIUM,0.4233,0.0375,0.63,0.0,0.0352,2.0146,0.9648,0.021,False,MEDIUM,0.5,53.9,37.8,LOW,"{'visual_stress': 17.5, 'audio_stress': 15.0, 'emotion_instability': 6.7, 'eye_avoidance': 0.0, 'head_movement': 1.4}",Stable emotional condition,"{'visual': 0.585, 'audio': 0.415}",False,sad,2026-07-08 21:39:30
sad,0.65,calm,sad,MEDIUM,MEDIUM,MEDIUM,LOW,FOCUSED,0.46,0.211,FLUCTUATING,32,2.77,CENTER,1.0,0,0.463,"{'yaw': -3.32, 'pitch': 3.37, 'roll': -0.19}",fear,0.34,MEDIUM,0.4233,0.0375,0.63,0.0,0.0352,2.0146,0.9648,0.021,False,MEDIUM,0.5,53.9,38.9,LOW,"{'visual_stress': 17.5, 'audio_stress': 15.0, 'emotion_instability': 6.7, 'eye_avoidance': 0.0, 'head_movement': 1.4}",Stable emotional condition,"{'visual': 0.584, 'audio': 0.416}",False,sad,2026-07-08 21:39:31
sad,0.93,calm,sad,MEDIUM,MEDIUM,MEDIUM,LOW,OVERLOADED,0.44,0.31,FLUCTUATING,32,2.73,CENTER,1.0,0,0.476,"{'yaw': -3.46, 'pitch': 3.26, 'roll': -0.09}",fear,0.34,MEDIUM,0.4233,0.0375,0.63,0.0,0.0352,2.0146,0.9648,0.021,False,MEDIUM,0.5,53.9,39.6,LOW,"{'visual_stress': 17.5, 'audio_stress': 15.0, 'emotion_instability': 6.7, 'eye_avoidance': 0.0, 'head_movement': 1.4}",Stable emotional condition,"{'visual': 0.674, 'audio': 0.326}",False,sad,2026-07-08 21:39:32
sad,0.93,calm,sad,MEDIUM,MEDIUM,MEDIUM,LOW,FOCUSED,0.52,0.304,FLUCTUATING,32,2.78,CENTER,1.0,0,0.467,"{'yaw': -3.8, 'pitch': 4.48, 'roll': -0.23}",fear,0.30333333333333334,MEDIUM,0.42,0.0364,0.624,0.0,0.0553,2.6862,0.9447,0.0235,False,MEDIUM,0.5,53.9,39.8,LOW,"{'visual_stress': 17.5, 'audio_stress': 15.0, 'emotion_instability': 6.2, 'eye_avoidance': 0.0, 'head_movement': 1.4}",Stable emotional condition,"{'visual': 0.696, 'audio': 0.304}",False,sad,2026-07-08 21:39:33
fear,0.77,calm,fear,MEDIUM,MEDIUM,MEDIUM,MEDIUM,FOCUSED,0.46,0.376,FLUCTUATING,32,2.66,CENTER,1.0,0,0.471,"{'yaw': -1.85, 'pitch': 3.7, 'roll': -0.11}",fear,0.30333333333333334,MEDIUM,0.42,0.0364,0.624,0.0,0.0553,2.6862,0.9447,0.0235,True,MEDIUM,0.5,53.8,40.1,MEDIUM,"{'visual_stress': 17.5, 'audio_stress': 15.0, 'emotion_instability': 6.7, 'eye_avoidance': 0.0, 'head_movement': 1.3}",Negative emotional state,"{'visual': 0.657, 'audio': 0.343}",False,fear,2026-07-08 21:39:34
fear,0.77,calm,fear,MEDIUM,MEDIUM,MEDIUM,MEDIUM,OVERLOADED,0.44,0.37,FLUCTUATING,32,2.38,CENTER,1.0,0,0.455,"{'yaw': -2.47, 'pitch': 3.63, 'roll': -0.08}",fear,0.30333333333333334,MEDIUM,0.42,0.0364,0.624,0.0,0.0553,2.6862,0.9447,0.0235,True,MEDIUM,0.5,53.7,40.2,MEDIUM,"{'visual_stress': 17.5, 'audio_stress': 15.0, 'emotion_instability': 6.7, 'eye_avoidance': 0.0, 'head_movement': 1.2}",Negative emotional state,"{'visual': 0.649, 'audio': 0.351}",False,fear,2026-07-08 21:39:34
fear,0.85,calm,fear,MEDIUM,MEDIUM,MEDIUM,MEDIUM,OVERLOADED,0.44,0.39,FLUCTUATING,32,2.22,CENTER,1.0,0,0.46,"{'yaw': -2.47, 'pitch': 2.76, 'roll': -0.15}",fear,0.30333333333333334,MEDIUM,0.42,0.0364,0.624,0.0,0.0553,2.6862,0.9447,0.0235,True,MEDIUM,0.5,53.6,40.2,MEDIUM,"{'visual_stress': 17.5, 'audio_stress': 15.0, 'emotion_instability': 6.7, 'eye_avoidance': 0.0, 'head_movement': 1.1}",Negative emotional state,"{'visual': 0.674, 'audio': 0.326}",False,fear,2026-07-08 21:39:35
fear,0.85,calm,fear,MEDIUM,MEDIUM,MEDIUM,MEDIUM,OVERLOADED,0.44,0.397,STABLE,32,2.2,CENTER,1.0,0,0.476,"{'yaw': -2.38, 'pitch': 3.8, 'roll': -0.13}",fear,0.30333333333333334,MEDIUM,0.42,0.0364,0.624,0.0,0.0553,2.6862,0.9447,0.0235,True,MEDIUM,0.5,53.6,40.1,MEDIUM,"{'visual_stress': 17.5, 'audio_stress': 15.0, 'emotion_instability': 6.2, 'eye_avoidance': 0.0, 'head_movement': 1.1}",Negative emotional state,"{'visual': 0.681, 'audio': 0.319}",False,fear,2026-07-08 21:39:35
fear,0.74,calm,fear,LOW,LOW,MEDIUM,LOW,FOCUSED,0.57,0.368,STABLE,32,2.21,CENTER,1.0,0,0.468,"{'yaw': -2.74, 'pitch': 4.1, 'roll': -0.17}",fear,0.30333333333333334,MEDIUM,0.42,0.0364,0.624,0.0,0.0553,2.6862,0.9447,0.0235,True,LOW,0.179,38.6,33.0,LOW,"{'visual_stress': 0.0, 'audio_stress': 15.0, 'emotion_instability': 6.2, 'eye_avoidance': 0.0, 'head_movement': 1.1}",Negative emotional state,"{'visual': 0.647, 'audio': 0.353}",False,fear,2026-07-08 21:39:36
fear,0.74,calm,fear,LOW,LOW,MEDIUM,LOW,FOCUSED,0.54,0.371,STABLE,32,2.24,CENTER,1.0,0,0.478,"{'yaw': -0.24, 'pitch': 3.27, 'roll': -0.15}",fear,0.30333333333333334,MEDIUM,0.42,0.0364,0.624,0.0,0.0553,2.6862,0.9447,0.0235,True,LOW,0.177,38.6,28.5,LOW,"{'visual_stress': 0.0, 'audio_stress': 15.0, 'emotion_instability': 5.7, 'eye_avoidance': 0.0, 'head_movement': 1.1}",Negative emotional state,"{'visual': 0.651, 'audio': 0.349}",False,fear,2026-07-08 21:39:36
angry,0.44,calm,angry,LOW,LOW,MEDIUM,LOW,FOCUSED,0.55,0.148,FLUCTUATING,32,2.27,CENTER,1.0,0,0.482,"{'yaw': -0.76, 'pitch': 3.67, 'roll': -0.07}",fear,0.30333333333333334,MEDIUM,0.42,0.0364,0.624,0.0,0.0553,2.6862,0.9447,0.0235,False,LOW,0.176,38.6,26.0,LOW,"{'visual_stress': 0.0, 'audio_stress': 15.0, 'emotion_instability': 6.2, 'eye_avoidance': 0.0, 'head_movement': 1.1}",Negative emotional state,"{'visual': 0.528, 'audio': 0.472}",False,angry,2026-07-08 21:39:37
angry,0.44,calm,angry,LOW,LOW,MEDIUM,LOW,FOCUSED,0.55,0.144,FLUCTUATING,32,2.29,CENTER,1.0,0,0.469,"{'yaw': -3.89, 'pitch': 3.68, 'roll': -0.15}",fear,0.30333333333333334,MEDIUM,0.42,0.0364,0.624,0.0,0.0553,2.6862,0.9447,0.0235,False,LOW,0.179,38.6,24.3,LOW,"{'visual_stress': 0.0, 'audio_stress': 15.0, 'emotion_instability': 5.7, 'eye_avoidance': 0.0, 'head_movement': 1.1}",Negative emotional state,"{'visual': 0.522, 'audio': 0.478}",False,angry,2026-07-08 21:39:38
fear,0.95,calm,fear,LOW,LOW,MEDIUM,LOW,FOCUSED,0.49,0.419,FLUCTUATING,32,2.54,CENTER,1.0,0,0.473,"{'yaw': 1.68, 'pitch': 1.09, 'roll': -0.14}",fear,0.30333333333333334,MEDIUM,0.42,0.0364,0.624,0.0,0.0553,2.6862,0.9447,0.0235,True,LOW,0.178,38.8,23.6,LOW,"{'visual_stress': 0.0, 'audio_stress': 15.0, 'emotion_instability': 6.2, 'eye_avoidance': 0.0, 'head_movement': 1.3}",Negative emotional state,"{'visual': 0.704, 'audio': 0.296}",False,fear,2026-07-08 21:39:38
fear,0.95,calm,fear,LOW,LOW,MEDIUM,LOW,FOCUSED,0.57,0.409,STABLE,32,2.49,CENTER,1.0,0,0.468,"{'yaw': -2.99, 'pitch': 2.75, 'roll': -0.03}",fear,0.29333333333333333,MEDIUM,0.42,0.0302,0.592,0.0,0.1256,5.0365,0.8744,0.0267,True,LOW,0.173,38.7,22.9,LOW,"{'visual_stress': 0.0, 'audio_stress': 15.0, 'emotion_instability': 5.7, 'eye_avoidance': 0.0, 'head_movement': 1.2}",Negative emotional state,"{'visual': 0.719, 'audio': 0.281}",False,fear,2026-07-08 21:39:40
fear,0.72,calm,fear,LOW,LOW,MEDIUM,LOW,FOCUSED,0.49,0.355,STABLE,33,2.49,CENTER,1.0,0,0.468,"{'yaw': -2.97, 'pitch': 3.3, 'roll': -0.15}",fear,0.29333333333333333,MEDIUM,0.42,0.0302,0.592,0.0,0.1256,5.0365,0.8744,0.0267,True,LOW,0.173,38.7,22.5,LOW,"{'visual_stress': 0.0, 'audio_stress': 15.0, 'emotion_instability': 5.7, 'eye_avoidance': 0.0, 'head_movement': 1.2}",Negative emotional state,"{'visual': 0.66, 'audio': 0.34}",False,fear,2026-07-08 21:39:40
fear,0.72,calm,fear,LOW,LOW,MEDIUM,LOW,FOCUSED,0.63,0.364,STABLE,33,2.61,CENTER,1.0,0,0.492,"{'yaw': -2.51, 'pitch': 6.12, 'roll': -0.15}",fear,0.29333333333333333,MEDIUM,0.42,0.0302,0.592,0.0,0.1256,5.0365,0.8744,0.0267,True,LOW,0.168,38.8,22.1,LOW,"{'visual_stress': 0.0, 'audio_stress': 15.0, 'emotion_instability': 5.2, 'eye_avoidance': 0.0, 'head_movement': 1.3}",Negative emotional state,"{'visual': 0.671, 'audio': 0.329}",False,fear,2026-07-08 21:39:41
fear,0.76,calm,fear,LOW,LOW,MEDIUM,LOW,FOCUSED,0.57,0.365,STABLE,33,2.63,CENTER,1.0,0,0.47,"{'yaw': -1.09, 'pitch': 4.15, 'roll': -0.17}",fear,0.29333333333333333,MEDIUM,0.42,0.0302,0.592,0.0,0.1256,5.0365,0.8744,0.0267,True,LOW,0.173,38.8,21.9,LOW,"{'visual_stress': 0.0, 'audio_stress': 15.0, 'emotion_instability': 5.2, 'eye_avoidance': 0.0, 'head_movement': 1.3}",Negative emotional state,"{'visual': 0.673, 'audio': 0.327}",False,fear,2026-07-08 21:39:42
fear,0.76,calm,fear,LOW,LOW,MEDIUM,LOW,FOCUSED,0.63,0.365,STABLE,33,2.65,CENTER,1.0,0,0.469,"{'yaw': -3.23, 'pitch': 4.21, 'roll': -0.16}",fear,0.29333333333333333,MEDIUM,0.42,0.0302,0.592,0.0,0.1256,5.0365,0.8744,0.0267,True,LOW,0.173,38.8,21.5,LOW,"{'visual_stress': 0.0, 'audio_stress': 15.0, 'emotion_instability': 4.7, 'eye_avoidance': 0.0, 'head_movement': 1.3}",Negative emotional state,"{'visual': 0.672, 'audio': 0.328}",False,fear,2026-07-08 21:39:42
happy,0.89,calm,happy,LOW,LOW,LOW,LOW,FOCUSED,0.61,0.282,FLUCTUATING,34,2.73,CENTER,1.0,0,0.453,"{'yaw': -1.38, 'pitch': 1.29, 'roll': -0.06}",fear,0.29333333333333333,MEDIUM,0.42,0.0302,0.592,0.0,0.1256,5.0365,0.8744,0.0267,False,LOW,0.177,23.9,21.6,LOW,"{'visual_stress': 0.0, 'audio_stress': 15.0, 'emotion_instability': 5.2, 'eye_avoidance': 0.0, 'head_movement': 1.4}",Stable emotional condition,"{'visual': 0.699, 'audio': 0.301}",False,happy,2026-07-08 21:39:43
happy,0.89,calm,happy,LOW,LOW,LOW,LOW,FOCUSED,0.68,0.285,FLUCTUATING,34,2.68,CENTER,1.0,0,0.458,"{'yaw': -2.89, 'pitch': 2.16, 'roll': -0.1}",fear,0.29333333333333333,MEDIUM,0.42,0.0302,0.592,0.0,0.1256,5.0365,0.8744,0.0267,False,LOW,0.176,23.8,21.3,LOW,"{'visual_stress': 0.0, 'audio_stress': 15.0, 'emotion_instability': 4.7, 'eye_avoidance': 0.0, 'head_movement': 1.3}",Stable emotional condition,"{'visual': 0.701, 'audio': 0.299}",False,happy,2026-07-08 21:39:43
fear,0.96,calm,fear,MEDIUM,MEDIUM,MEDIUM,MEDIUM,FOCUSED,0.46,0.416,FLUCTUATING,34,2.66,CENTER,1.0,0,0.477,"{'yaw': -2.88, 'pitch': 3.62, 'roll': -0.1}",fear,0.29333333333333333,MEDIUM,0.42,0.0302,0.592,0.0,0.1256,5.0365,0.8744,0.0267,True,MEDIUM,0.5,53.8,28.4,LOW,"{'visual_stress': 17.5, 'audio_stress': 15.0, 'emotion_instability': 5.2, 'eye_avoidance': 0.0, 'head_movement': 1.3}",Negative emotional state,"{'visual': 0.725, 'audio': 0.275}",False,fear,2026-07-08 21:39:44
fear,0.96,calm,fear,MEDIUM,MEDIUM,MEDIUM,MEDIUM,FOCUSED,0.53,0.421,STABLE,34,2.68,CENTER,1.0,0,0.488,"{'yaw': -2.71, 'pitch': 5.18, 'roll': -0.15}",fear,0.29333333333333333,MEDIUM,0.42,0.0302,0.592,0.0,0.1256,5.0365,0.8744,0.0267,True,MEDIUM,0.5,53.8,32.4,LOW,"{'visual_stress': 17.5, 'audio_stress': 15.0, 'emotion_instability': 4.7, 'eye_avoidance': 0.0, 'head_movement': 1.3}",Negative emotional state,"{'visual': 0.73, 'audio': 0.27}",False,fear,2026-07-08 21:39:45
fear,0.48,calm,fear,MEDIUM,MEDIUM,MEDIUM,MEDIUM,FOCUSED,0.44,0.303,STABLE,34,2.66,CENTER,1.0,0,0.486,"{'yaw': -0.76, 'pitch': 3.85, 'roll': -0.1}",fear,0.29333333333333333,MEDIUM,0.42,0.0302,0.592,0.0,0.1256,5.0365,0.8744,0.0267,True,MEDIUM,0.5,53.8,34.9,LOW,"{'visual_stress': 17.5, 'audio_stress': 15.0, 'emotion_instability': 4.7, 'eye_avoidance': 0.0, 'head_movement': 1.3}",Negative emotional state,"{'visual': 0.573, 'audio': 0.427}",False,fear,2026-07-08 21:39:45
fear,0.48,calm,fear,MEDIUM,MEDIUM,MEDIUM,MEDIUM,FOCUSED,0.43,0.308,STABLE,34,2.7,CENTER,1.0,0,0.471,"{'yaw': -0.16, 'pitch': 4.18, 'roll': -0.16}",fear,0.3,MEDIUM,0.38,0.0387,0.635,0.0,0.0302,1.3431,0.9698,0.0299,True,MEDIUM,0.5,53.8,36.1,LOW,"{'visual_stress': 17.5, 'audio_stress': 15.0, 'emotion_instability': 4.1, 'eye_avoidance': 0.0, 'head_movement': 1.4}",Negative emotional state,"{'visual': 0.543, 'audio': 0.457}",False,fear,2026-07-08 21:39:46
sad,0.58,calm,sad,MEDIUM,MEDIUM,MEDIUM,LOW,FOCUSED,0.44,0.19,FLUCTUATING,34,2.72,CENTER,1.0,0,0.468,"{'yaw': -2.95, 'pitch': 2.67, 'roll': -0.16}",fear,0.3,MEDIUM,0.38,0.0387,0.635,0.0,0.0302,1.3431,0.9698,0.0299,False,MEDIUM,0.5,53.9,37.1,LOW,"{'visual_stress': 17.5, 'audio_stress': 15.0, 'emotion_instability': 4.7, 'eye_avoidance': 0.0, 'head_movement': 1.4}",Stable emotional condition,"{'visual': 0.588, 'audio': 0.412}",False,sad,2026-07-08 21:39:47
sad,0.58,calm,sad,MEDIUM,MEDIUM,MEDIUM,LOW,FOCUSED,0.46,0.197,FLUCTUATING,34,2.68,CENTER,1.0,0,0.485,"{'yaw': -2.59, 'pitch': 3.4, 'roll': -0.12}",fear,0.3,MEDIUM,0.38,0.0387,0.635,0.0,0.0302,1.3431,0.9698,0.0299,False,MEDIUM,0.5,53.8,37.4,LOW,"{'visual_stress': 17.5, 'audio_stress': 15.0, 'emotion_instability': 4.1, 'eye_avoidance': 0.0, 'head_movement': 1.3}",Stable emotional condition,"{'visual': 0.596, 'audio': 0.404}",False,sad,2026-07-08 21:39:48
fear,0.95,calm,fear,MEDIUM,MEDIUM,MEDIUM,MEDIUM,FOCUSED,0.46,0.417,FLUCTUATING,34,2.49,CENTER,1.0,0,0.467,"{'yaw': -1.85, 'pitch': 3.23, 'roll': -0.09}",fear,0.3,MEDIUM,0.38,0.0387,0.635,0.0,0.0302,1.3431,0.9698,0.0299,True,MEDIUM,0.5,53.7,37.8,LOW,"{'visual_stress': 17.5, 'audio_stress': 15.0, 'emotion_instability': 4.7, 'eye_avoidance': 0.0, 'head_movement': 1.2}",Negative emotional state,"{'visual': 0.7, 'audio': 0.3}",False,fear,2026-07-08 21:39:48
fear,0.95,calm,fear,MEDIUM,MEDIUM,MEDIUM,MEDIUM,FOCUSED,0.44,0.427,FLUCTUATING,34,2.43,CENTER,1.0,0,0.487,"{'yaw': -3.1, 'pitch': 4.65, 'roll': -0.03}",fear,0.3,MEDIUM,0.38,0.0387,0.635,0.0,0.0302,1.3431,0.9698,0.0299,True,MEDIUM,0.5,53.7,37.8,LOW,"{'visual_stress': 17.5, 'audio_stress': 15.0, 'emotion_instability': 4.1, 'eye_avoidance': 0.0, 'head_movement': 1.2}",Negative emotional state,"{'visual': 0.708, 'audio': 0.292}",False,fear,2026-07-08 21:39:49
happy,0.46,calm,happy,LOW,LOW,LOW,LOW,FOCUSED,0.61,0.155,FLUCTUATING,34,2.23,CENTER,1.0,0,0.482,"{'yaw': -2.44, 'pitch': 3.87, 'roll': -0.05}",fear,0.3,MEDIUM,0.38,0.0387,0.635,0.0,0.0302,1.3431,0.9698,0.0299,False,LOW,0.167,23.6,31.0,LOW,"{'visual_stress': 0.0, 'audio_stress': 15.0, 'emotion_instability': 4.7, 'eye_avoidance': 0.0, 'head_movement': 1.1}",Stable emotional condition,"{'visual': 0.538, 'audio': 0.462}",False,happy,2026-07-08 21:39:49
happy,0.46,calm,happy,LOW,LOW,LOW,LOW,FOCUSED,0.68,0.152,FLUCTUATING,34,2.27,CENTER,1.0,0,0.473,"{'yaw': -1.29, 'pitch': 2.3, 'roll': -0.07}",fear,0.3,MEDIUM,0.38,0.0387,0.635,0.0,0.0302,1.3431,0.9698,0.0299,False,LOW,0.169,23.6,26.7,LOW,"{'visual_stress': 0.0, 'audio_stress': 15.0, 'emotion_instability': 4.1, 'eye_avoidance': 0.0, 'head_movement': 1.1}",Stable emotional condition,"{'visual': 0.533, 'audio': 0.467}",False,happy,2026-07-08 21:39:50
happy,0.44,calm,happy,LOW,LOW,LOW,LOW,FOCUSED,0.61,0.147,FLUCTUATING,34,2.27,CENTER,1.0,0,0.476,"{'yaw': -2.93, 'pitch': 3.05, 'roll': -0.11}",fear,0.3,MEDIUM,0.38,0.0387,0.635,0.0,0.0302,1.3431,0.9698,0.0299,False,LOW,0.168,23.6,24.1,LOW,"{'visual_stress': 0.0, 'audio_stress': 15.0, 'emotion_instability': 4.1, 'eye_avoidance': 0.0, 'head_movement': 1.1}",Stable emotional condition,"{'visual': 0.524, 'audio': 0.476}",False,happy,2026-07-08 21:39:50
happy,0.44,calm,happy,LOW,LOW,LOW,LOW,FOCUSED,0.78,0.14,FLUCTUATING,34,2.27,CENTER,1.0,0,0.456,"{'yaw': -1.01, 'pitch': 3.95, 'roll': -0.17}",fear,0.3,MEDIUM,0.38,0.0387,0.635,0.0,0.0302,1.3431,0.9698,0.0299,False,LOW,0.173,23.6,22.5,LOW,"{'visual_stress': 0.0, 'audio_stress': 15.0, 'emotion_instability': 4.1, 'eye_avoidance': 0.0, 'head_movement': 1.1}",Stable emotional condition,"{'visual': 0.513, 'audio': 0.487}",False,happy,2026-07-08 21:39:51
neutral,0.58,calm,neutral,LOW,LOW,LOW,LOW,FOCUSED,0.7,0.197,FLUCTUATING,34,2.3,CENTER,1.0,0,0.486,"{'yaw': -0.23, 'pitch': 3.76, 'roll': -0.17}",fear,0.3,MEDIUM,0.38,0.0387,0.635,0.0,0.0302,1.3431,0.9698,0.0299,False,LOW,0.166,26.7,21.8,LOW,"{'visual_stress': 0.0, 'audio_stress': 15.0, 'emotion_instability': 4.7, 'eye_avoidance': 0.0, 'head_movement': 1.1}",Stable emotional condition,"{'visual': 0.597, 'audio': 0.403}",False,neutral,2026-07-08 21:39:52
neutral,0.58,calm,neutral,LOW,LOW,LOW,LOW,FOCUSED,0.78,0.189,FLUCTUATING,34,2.26,CENTER,1.0,0,0.465,"{'yaw': -2.57, 'pitch': 2.22, 'roll': -0.12}",fear,0.2633333333333333,MEDIUM,0.4467,0.0369,0.627,0.0,0.0,0.3358,1.0,0.0,False,LOW,0.188,26.6,21.2,LOW,"{'visual_stress': 0.0, 'audio_stress': 15.0, 'emotion_instability': 4.1, 'eye_avoidance': 0.0, 'head_movement': 1.1}",Stable emotional condition,"{'visual': 0.62, 'audio': 0.38}",False,neutral,2026-07-08 21:39:53
neutral,1.0,calm,neutral,LOW,LOW,LOW,LOW,FOCUSED,0.61,0.324,FLUCTUATING,34,2.28,CENTER,1.0,0,0.463,"{'yaw': -1.6, 'pitch': 4.26, 'roll': -0.2}",fear,0.2633333333333333,MEDIUM,0.4467,0.0369,0.627,0.0,0.0,0.3358,1.0,0.0,False,LOW,0.188,26.6,20.8,LOW,"{'visual_stress': 0.0, 'audio_stress': 15.0, 'emotion_instability': 4.1, 'eye_avoidance': 0.0, 'head_movement': 1.1}",Stable emotional condition,"{'visual': 0.737, 'audio': 0.263}",False,neutral,2026-07-08 21:39:54
neutral,1.0,calm,neutral,LOW,LOW,LOW,LOW,FOCUSED,0.68,0.337,FLUCTUATING,34,2.3,CENTER,1.0,0,0.482,"{'yaw': -1.94, 'pitch': 4.73, 'roll': -0.15}",fear,0.2633333333333333,MEDIUM,0.4467,0.0369,0.627,0.0,0.0,0.3358,1.0,0.0,False,LOW,0.184,26.7,20.6,LOW,"{'visual_stress': 0.0, 'audio_stress': 15.0, 'emotion_instability': 4.1, 'eye_avoidance': 0.0, 'head_movement': 1.1}",Stable emotional condition,"{'visual': 0.745, 'audio': 0.255}",False,neutral,2026-07-08 21:39:54
sad,0.49,calm,sad,LOW,LOW,MEDIUM,LOW,FOCUSED,0.63,0.164,FLUCTUATING,34,2.35,CENTER,1.0,0,0.478,"{'yaw': 0.13, 'pitch': 4.23, 'roll': -0.16}",fear,0.2633333333333333,MEDIUM,0.4467,0.0369,0.627,0.0,0.0,0.3358,1.0,0.0,False,LOW,0.185,38.7,20.7,LOW,"{'visual_stress': 0.0, 'audio_stress': 15.0, 'emotion_instability': 4.7, 'eye_avoidance': 0.0, 'head_movement': 1.2}",Stable emotional condition,"{'visual': 0.587, 'audio': 0.413}",False,sad,2026-07-08 21:39:55
sad,0.49,calm,sad,MEDIUM,MEDIUM,MEDIUM,LOW,OVERLOADED,0.44,0.156,FLUCTUATING,35,2.37,CENTER,1.0,0,0.456,"{'yaw': -0.32, 'pitch': 3.64, 'roll': -0.16}",fear,0.2633333333333333,MEDIUM,0.4467,0.0369,0.627,0.0,0.0,0.3358,1.0,0.0,False,MEDIUM,0.5,53.7,27.8,LOW,"{'visual_stress': 17.5, 'audio_stress': 15.0, 'emotion_instability': 4.7, 'eye_avoidance': 0.0, 'head_movement': 1.2}",Stable emotional condition,"{'visual': 0.575, 'audio': 0.425}",False,sad,2026-07-08 21:39:55
fear,0.78,calm,fear,LOW,LOW,MEDIUM,LOW,FOCUSED,0.63,0.371,FLUCTUATING,35,2.46,CENTER,1.0,0,0.483,"{'yaw': 1.0, 'pitch': 4.42, 'roll': -0.17}",fear,0.2633333333333333,MEDIUM,0.4467,0.0369,0.627,0.0,0.0,0.3358,1.0,0.0,True,LOW,0.184,38.7,25.2,LOW,"{'visual_stress': 0.0, 'audio_stress': 15.0, 'emotion_instability': 5.2, 'eye_avoidance': 0.0, 'head_movement': 1.2}",Negative emotional state,"{'visual': 0.695, 'audio': 0.305}",False,fear,2026-07-08 21:39:56
fear,0.78,calm,fear,LOW,LOW,MEDIUM,LOW,FOCUSED,0.63,0.369,FLUCTUATING,35,2.46,CENTER,1.0,0,0.479,"{'yaw': -3.0, 'pitch': 3.84, 'roll': -0.15}",fear,0.2633333333333333,MEDIUM,0.4467,0.0369,0.627,0.0,0.0,0.3358,1.0,0.0,True,LOW,0.184,38.7,23.5,LOW,"{'visual_stress': 0.0, 'audio_stress': 15.0, 'emotion_instability': 4.7, 'eye_avoidance': 0.0, 'head_movement': 1.2}",Negative emotional state,"{'visual': 0.694, 'audio': 0.306}",False,fear,2026-07-08 21:39:57
happy,1.0,calm,happy,LOW,LOW,LOW,LOW,FOCUSED,0.61,0.329,FLUCTUATING,36,2.45,CENTER,1.0,0,0.47,"{'yaw': -2.19, 'pitch': 2.76, 'roll': -0.08}",fear,0.2633333333333333,MEDIUM,0.4467,0.0369,0.627,0.0,0.0,0.3358,1.0,0.0,False,LOW,0.187,23.7,22.7,LOW,"{'visual_stress': 0.0, 'audio_stress': 15.0, 'emotion_instability': 5.2, 'eye_avoidance': 0.0, 'head_movement': 1.2}",Stable emotional condition,"{'visual': 0.74, 'audio': 0.26}",False,happy,2026-07-08 21:39:57
happy,1.0,calm,happy,LOW,LOW,LOW,LOW,FOCUSED,0.72,0.327,FLUCTUATING,36,2.4,CENTER,1.0,0,0.467,"{'yaw': -1.65, 'pitch': 3.69, 'roll': -0.18}",fear,0.2633333333333333,MEDIUM,0.4467,0.0369,0.627,0.0,0.0,0.3358,1.0,0.0,False,LOW,0.187,23.7,22.0,LOW,"{'visual_stress': 0.0, 'audio_stress': 15.0, 'emotion_instability': 4.7, 'eye_avoidance': 0.0, 'head_movement': 1.2}",Stable emotional condition,"{'visual': 0.739, 'audio': 0.261}",False,happy,2026-07-08 21:39:58
fear,0.99,calm,fear,MEDIUM,MEDIUM,MEDIUM,MEDIUM,FOCUSED,0.53,0.414,FLUCTUATING,36,2.14,CENTER,1.0,0,0.467,"{'yaw': -2.14, 'pitch': 4.49, 'roll': -0.11}",fear,0.2633333333333333,MEDIUM,0.4467,0.0369,0.627,0.0,0.0,0.3358,1.0,0.0,True,MEDIUM,0.5,53.6,28.7,LOW,"{'visual_stress': 17.5, 'audio_stress': 15.0, 'emotion_instability': 5.2, 'eye_avoidance': 0.0, 'head_movement': 1.1}",Negative emotional state,"{'visual': 0.737, 'audio': 0.263}",False,fear,2026-07-08 21:39:58
fear,0.99,calm,fear,MEDIUM,MEDIUM,MEDIUM,MEDIUM,FOCUSED,0.46,0.446,FLUCTUATING,36,2.14,CENTER,1.0,0,0.471,"{'yaw': -0.17, 'pitch': 3.88, 'roll': -0.18}",fear,0.36,MEDIUM,0.4667,0.0369,0.627,0.0,0.0,0.3358,1.0,0.0,True,MEDIUM,0.5,53.6,32.7,LOW,"{'visual_stress': 17.5, 'audio_stress': 15.0, 'emotion_instability': 5.2, 'eye_avoidance': 0.0, 'head_movement': 1.1}",Negative emotional state,"{'visual': 0.674, 'audio': 0.326}",False,fear,2026-07-08 21:39:59
fear,0.88,calm,fear,MEDIUM,MEDIUM,MEDIUM,MEDIUM,OVERLOADED,0.44,0.424,FLUCTUATING,37,2.19,CENTER,1.0,0,0.48,"{'yaw': 0.43, 'pitch': 3.02, 'roll': -0.14}",fear,0.36,MEDIUM,0.4667,0.0369,0.627,0.0,0.0,0.3358,1.0,0.0,True,MEDIUM,0.5,53.6,35.2,LOW,"{'visual_stress': 17.5, 'audio_stress': 15.0, 'emotion_instability': 5.2, 'eye_avoidance': 0.0, 'head_movement': 1.1}",Negative emotional state,"{'visual': 0.652, 'audio': 0.348}",False,fear,2026-07-08 21:40:00
fear,0.88,happy,fear,MEDIUM,MEDIUM,MEDIUM,MEDIUM,OVERLOADED,0.44,0.44,FLUCTUATING,37,2.37,CENTER,1.0,0,0.516,"{'yaw': 3.33, 'pitch': 3.55, 'roll': -0.13}",fear,0.36,MEDIUM,0.4667,0.0369,0.627,0.0,0.0,0.3358,1.0,0.0,True,MEDIUM,0.5,53.7,36.7,LOW,"{'visual_stress': 17.5, 'audio_stress': 15.0, 'emotion_instability': 5.2, 'eye_avoidance': 0.0, 'head_movement': 1.2}",Negative emotional state,"{'visual': 0.668, 'audio': 0.332}",False,fear,2026-07-08 21:40:01
happy,0.9,happy,happy,LOW,LOW,LOW,LOW,FOCUSED,0.61,0.291,FLUCTUATING,37,2.4,CENTER,1.0,0,0.462,"{'yaw': -3.29, 'pitch': 4.02, 'roll': -0.18}",fear,0.36,MEDIUM,0.4667,0.0369,0.627,0.0,0.0,0.3358,1.0,0.0,False,LOW,0.194,23.7,30.8,LOW,"{'visual_stress': 0.0, 'audio_stress': 15.0, 'emotion_instability': 5.7, 'eye_avoidance': 0.0, 'head_movement': 1.2}",Stable emotional condition,"{'visual': 0.648, 'audio': 0.352}",False,happy,2026-07-08 21:40:01
