timestamp,emotion,emotion_confidence,temporal_emotion,temporal_confidence,stress_level,cognitive_load,deception_risk,gaze,yaw,pitch,roll,blink_rate,anomaly_risk,fusion_confidence,final_state,cognitive_assessment
22:30:04,fearful,32.67811923040337,disgust,69.07488107681274,LOW,LOW,LOW,CENTER,-7.493333245370044,10.525837244981721,-0.05501202226330154,0.0,LOW,0.55,Stable emotional condition,Negative emotional trajectory
22:30:04,fearful,28.16606819423314,disgust,68.84254813194275,LOW,LOW,LOW,CENTER,-19.773953804316157,11.882851651777324,-0.17130129757339496,0.0,LOW,0.53,Stable emotional condition,Negative emotional trajectory
22:30:04,fearful,37.04137436236819,disgust,68.83396506309509,LOW,LOW,LOW,CENTER,-19.008953384483796,13.9193091133586,-0.17009426697778754,0.0,LOW,0.56,Stable emotional condition,Negative emotional trajectory
22:30:04,fearful,36.51390512108315,disgust,68.45724582672119,LOW,LOW,LOW,CENTER,-21.73143980701179,13.177392888406832,-0.20591231168159418,0.0,LOW,0.56,Stable emotional condition,Negative emotional trajectory
22:30:04,fearful,36.61237003336385,disgust,68.28840970993042,LOW,LOW,LOW,CENTER,-20.379365174552326,11.758616689799394,-0.16381805059009824,0.0,LOW,0.56,Stable emotional condition,Negative emotional trajectory
22:30:04,fearful,36.9409666698655,disgust,67.90294647216797,LOW,LOW,LOW,CENTER,-17.096384469896357,11.099564187062821,-0.18181548545949341,0.0,LOW,0.56,Stable emotional condition,Negative emotional trajectory
22:30:05,fearful,36.36994579093961,disgust,67.06820726394653,LOW,LOW,LOW,CENTER,-10.4807469534224,11.5555199064904,-0.13765715909895823,0.0,LOW,0.55,Stable emotional condition,Negative emotional trajectory
22:30:05,fearful,34.608041029034844,disgust,66.0145103931427,LOW,LOW,LOW,CENTER,-5.952498044686832,8.59464306350689,-0.0643033382059644,0.0,LOW,0.53,Stable emotional condition,Negative emotional trajectory
22:30:05,fearful,30.19870193717028,disgust,65.57625532150269,LOW,LOW,LOW,CENTER,-6.680591233684314,10.87770445184994,-0.07060754924147285,0.0,LOW,0.51,Stable emotional condition,Negative emotional trajectory
22:30:05,fearful,33.25064998911834,disgust,64.5173192024231,LOW,LOW,LOW,CENTER,-0.27830104056789234,9.571382567095657,0.06293273440069824,0.0,LOW,0.52,Stable emotional condition,Negative emotional trajectory
22:30:05,calm,31.64212194723487,disgust,65.07461667060852,LOW,LOW,LOW,CENTER,4.0534123285666395,6.338505786571924,0.04304116746104373,0.0,LOW,0.52,Stable emotional condition,Negative emotional trajectory
22:30:05,calm,33.5340660376503,disgust,67.41868853569031,LOW,LOW,LOW,CENTER,2.215289567369972,4.476102297510278,0.028275312687813733,0.0,LOW,0.54,Stable emotional condition,Negative emotional trajectory
22:30:05,calm,34.5860664565862,disgust,69.8113739490509,LOW,MEDIUM,LOW,CENTER,1.9245648116439682,5.990375957204825,0.013119564899582992,0.0,LOW,0.56,Stable emotional condition,Negative emotional trajectory
22:30:05,calm,36.19975168346802,disgust,72.43866920471191,LOW,MEDIUM,LOW,CENTER,0.5797723429950503,4.560693094784042,0.025272645984840678,0.0,LOW,0.58,Stable emotional condition,Negative emotional trajectory
22:30:06,calm,44.44811253839693,disgust,74.64239001274109,LOW,MEDIUM,LOW,CENTER,-0.5143008051209289,4.552780158330909,0.025549609666580125,0.0,LOW,0.63,Stable emotional condition,Negative emotional trajectory
22:30:06,calm,32.459607811317866,disgust,76.23152732849121,LOW,MEDIUM,LOW,CENTER,-0.35518863578648435,4.438629619715203,0.03330836132608493,0.0,LOW,0.59,Stable emotional condition,Negative emotional trajectory
22:30:06,calm,32.38298356327337,disgust,77.27093696594238,LOW,MEDIUM,LOW,CENTER,-0.60280683888112,4.832234429544698,0.03896913238613642,0.0,LOW,0.59,Stable emotional condition,Negative emotional trajectory
22:30:06,calm,31.376647556479732,disgust,77.80738472938538,LOW,MEDIUM,LOW,CENTER,-0.6395834508156936,4.085461557958873,0.03293472315567175,0.0,LOW,0.59,Stable emotional condition,Negative emotional trajectory
22:30:06,calm,30.886009859959678,disgust,77.80353426933289,LOW,MEDIUM,LOW,CENTER,-0.3524166594302817,7.511334749652892,0.027974690541544063,0.0,LOW,0.59,Stable emotional condition,Negative emotional trajectory
22:30:06,calm,32.3601077462799,disgust,77.56688594818115,LOW,MEDIUM,LOW,CENTER,-1.212494856516342,9.57243347861143,0.019480323368342708,0.0,LOW,0.59,Stable emotional condition,Negative emotional trajectory
22:30:06,calm,31.575324856491687,disgust,77.17105746269226,LOW,MEDIUM,LOW,CENTER,-1.3001353734105403,8.204091107544457,0.013973830924358973,0.0,LOW,0.59,Stable emotional condition,Negative emotional trajectory
22:30:06,calm,31.922862735279566,disgust,76.61787867546082,LOW,MEDIUM,LOW,CENTER,-1.2556726813783692,7.51962466149184,0.024772409701538982,0.0,LOW,0.59,Stable emotional condition,Negative emotional trajectory
22:30:07,calm,32.07532485649169,disgust,76.00532174110413,LOW,MEDIUM,LOW,CENTER,-2.947431330666235,8.961542080297573,0.011915842006088351,0.0,LOW,0.58,Stable emotional condition,Negative emotional trajectory
22:30:07,calm,34.06426583235602,disgust,75.33876299858093,LOW,MEDIUM,LOW,CENTER,-3.778208231967719,11.748584535668439,-0.012182413557024593,0.0,LOW,0.59,Stable emotional condition,Negative emotional trajectory
22:30:07,calm,31.22617059426079,disgust,74.67843294143677,LOW,MEDIUM,LOW,CENTER,-4.596393983954731,8.377880057707754,-0.04939778197822723,0.0,LOW,0.57,Stable emotional condition,Negative emotional trajectory
22:30:07,calm,27.953227391093122,disgust,73.92550110816956,LOW,MEDIUM,LOW,CENTER,-5.069356030717903,10.361235133309139,-0.04187301491827198,0.0,LOW,0.56,Stable emotional condition,Negative emotional trajectory
22:30:07,fearful,28.16606819423314,disgust,73.12150001525879,LOW,MEDIUM,LOW,CENTER,-4.595535449973083,8.292697870910539,-0.03299490412265645,0.0,LOW,0.55,Stable emotional condition,Negative emotional trajectory
22:30:07,calm,29.20023593810167,disgust,72.32212424278259,LOW,MEDIUM,LOW,CENTER,-4.445315041338217,8.553003878082178,-0.03684073548231402,0.0,LOW,0.55,Stable emotional condition,Negative emotional trajectory
22:30:07,calm,29.20023593810167,disgust,71.61644697189331,LOW,MEDIUM,LOW,CENTER,-4.624512503784983,10.3356279385186,-0.05210610710164576,0.0,LOW,0.55,Stable emotional condition,Negative emotional trajectory
22:30:08,calm,27.953227391093122,disgust,71.06105089187622,LOW,MEDIUM,LOW,CENTER,-6.054772069864832,10.399659676525166,-0.056183589210330356,0.0,LOW,0.54,Stable emotional condition,Negative emotional trajectory
22:30:08,fearful,28.247527524376682,disgust,70.48751711845398,LOW,LOW,LOW,CENTER,-5.195365251859696,10.773748422364825,-0.054715858484311194,0.0,LOW,0.54,Stable emotional condition,Negative emotional trajectory
22:30:08,calm,27.953227391093122,disgust,69.81139779090881,LOW,LOW,LOW,CENTER,-4.0434000588601755,8.24839953153667,-0.012635388456827564,0.0,LOW,0.53,Stable emotional condition,Negative emotional trajectory
22:30:08,calm,31.22617059426079,disgust,69.23227310180664,LOW,LOW,LOW,CENTER,-4.397156043644542,8.961251996306945,-0.024770502884794324,0.0,LOW,0.54,Stable emotional condition,Negative emotional trajectory
22:30:08,calm,29.44965544274563,disgust,68.86153817176819,LOW,LOW,LOW,CENTER,-4.163469627055026,10.339028609619174,-0.025308132110564003,0.0,LOW,0.53,Stable emotional condition,Negative emotional trajectory
22:30:08,calm,29.80259661921622,disgust,69.14969682693481,LOW,LOW,LOW,CENTER,-5.965174988818923,11.383231888072123,-0.0880618345154855,0.0,LOW,0.53,Stable emotional condition,Negative emotional trajectory
22:30:08,fearful,34.53091810809613,disgust,70.38162350654602,LOW,LOW,LOW,CENTER,-10.153411292108757,14.585151817448,-0.14313240762294194,0.0,LOW,0.56,Stable emotional condition,Negative emotional trajectory
22:30:09,fearful,34.59545592322218,disgust,70.01922130584717,LOW,LOW,LOW,CENTER,-8.845142096290232,11.690872625205047,-0.1524175957989679,0.0,LOW,0.56,Stable emotional condition,Negative emotional trajectory
22:30:09,fearful,35.86994579093961,disgust,70.37047743797302,LOW,LOW,LOW,CENTER,-10.422534149865392,15.172803206776496,-0.12121270506384443,0.0,LOW,0.57,Stable emotional condition,Negative emotional trajectory
22:30:09,fearful,34.70329906047708,disgust,70.3778326511383,LOW,LOW,LOW,CENTER,-16.47788038291886,17.773231218457457,-0.19505354801829222,0.0,LOW,0.56,Stable emotional condition,Negative emotional trajectory
22:30:09,fearful,36.61237003336385,disgust,69.27799582481384,LOW,LOW,LOW,CENTER,-11.713214538219658,11.945340205533336,-0.13301168243113162,0.0,LOW,0.56,Stable emotional condition,Negative emotional trajectory
22:30:09,fearful,35.708041029034845,disgust,68.26541423797607,LOW,LOW,LOW,CENTER,-5.318964105038512,9.894211379090438,-0.01887691794194689,0.0,LOW,0.55,Stable emotional condition,Negative emotional trajectory
22:30:10,calm,29.467837260927453,disgust,67.66624450683594,LOW,LOW,LOW,CENTER,-0.5084647212153726,10.209703213595137,0.054434572302012554,0.0,LOW,0.52,Stable emotional condition,Negative emotional trajectory
22:30:10,calm,30.850873762142644,disgust,68.09104084968567,LOW,LOW,LOW,CENTER,0.9048883085718553,8.344835162010813,0.06422175034279633,0.0,LOW,0.53,Stable emotional condition,Negative emotional trajectory
22:30:10,calm,47.48693465712151,disgust,68.90212893486023,LOW,LOW,LOW,CENTER,1.5989035327052563,7.90286358033805,0.05801590382853825,0.0,LOW,0.6,Stable emotional condition,Negative emotional trajectory
22:30:10,calm,37.40150763305679,disgust,70.01760005950928,LOW,LOW,LOW,CENTER,0.5832155921829941,5.681268034477192,0.06616422969058804,0.0,LOW,0.57,Stable emotional condition,Negative emotional trajectory
22:30:10,calm,44.6691415094259,disgust,70.91241478919983,LOW,LOW,LOW,CENTER,0.5629876739700119,6.223282409169847,0.038721073730557436,0.0,LOW,0.6,Stable emotional condition,Negative emotional trajectory
22:30:10,calm,43.95712677234421,disgust,71.72763347625732,LOW,LOW,LOW,CENTER,0.6495229361570531,4.976287847401692,0.020129049554722382,0.0,LOW,0.61,Stable emotional condition,Negative emotional trajectory
22:30:10,calm,46.080505819667536,disgust,72.33675718307495,LOW,LOW,LOW,CENTER,-0.37797362325495865,6.311436771406196,0.01633632903130466,0.0,LOW,0.62,Stable emotional condition,Negative emotional trajectory
22:30:10,calm,32.5101077462799,disgust,72.7367639541626,LOW,LOW,LOW,CENTER,0.003726523920347172,6.339658426229974,0.007878216849725233,0.0,LOW,0.57,Stable emotional condition,Negative emotional trajectory
22:30:11,calm,32.642401369648624,disgust,73.03047776222229,LOW,LOW,LOW,CENTER,-0.680891861836119,7.536419553268506,-0.00812613127225023,0.0,LOW,0.57,Stable emotional condition,Negative emotional trajectory
22:30:11,calm,29.33034784768002,disgust,73.22113513946533,LOW,LOW,LOW,CENTER,-0.09640822901131052,5.147030309797024,0.01916990879248655,0.0,LOW,0.56,Stable emotional condition,Negative emotional trajectory
22:30:11,calm,33.062824710609725,disgust,73.21972846984863,LOW,LOW,LOW,CENTER,-0.2329964042073373,7.059303483294077,0.013223561984504579,0.0,LOW,0.57,Stable emotional condition,Negative emotional trajectory
22:30:11,calm,32.83353184452712,disgust,73.19586873054504,LOW,LOW,LOW,CENTER,-0.18872087995946007,6.5329891348274645,0.005896158575712552,0.0,LOW,0.57,Stable emotional condition,Negative emotional trajectory
22:30:11,calm,32.063924001389864,disgust,73.06134700775146,LOW,LOW,LOW,CENTER,-0.2344883598079757,8.269033976808478,0.00572545470584428,0.0,LOW,0.57,Stable emotional condition,Negative emotional trajectory
22:30:11,calm,32.41686517786045,disgust,72.99191951751709,LOW,LOW,LOW,CENTER,-0.2593998414751461,5.69497957160365,0.019346503288547152,0.0,LOW,0.57,Stable emotional condition,Negative emotional trajectory
22:30:11,calm,32.83353184452712,disgust,72.8422224521637,LOW,LOW,LOW,CENTER,-0.6751841767163413,6.40538041009137,-0.008321415993327187,0.0,LOW,0.57,Stable emotional condition,Negative emotional trajectory
22:30:11,calm,29.4618293291615,disgust,72.60472178459167,LOW,LOW,LOW,CENTER,-0.19540315931026556,6.767066837606153,0.011293072861420252,0.0,LOW,0.55,Stable emotional condition,Negative emotional trajectory
22:30:12,calm,32.48059066805653,disgust,72.4083960056305,LOW,LOW,LOW,CENTER,-0.7177195093212502,6.482957281726676,-0.00630646941487737,0.0,LOW,0.56,Stable emotional condition,Negative emotional trajectory
22:30:12,calm,29.558759768003707,disgust,72.07950353622437,LOW,LOW,LOW,CENTER,0.6280029429723161,6.3168021989838055,0.01091014489713389,0.0,LOW,0.55,Stable emotional condition,Negative emotional trajectory
22:30:12,calm,45.93344699613812,disgust,71.76267504692078,LOW,LOW,LOW,CENTER,0.5293139267764635,7.3119486356064645,0.010923125442946859,0.0,LOW,0.61,Stable emotional condition,Negative emotional trajectory
22:30:12,calm,44.12003702452397,disgust,71.54508233070374,LOW,LOW,LOW,CENTER,1.2263747165322327,5.606658630012302,0.01807937010334639,0.0,LOW,0.61,Stable emotional condition,Negative emotional trajectory
22:30:12,calm,44.7120935019212,disgust,71.31483554840088,LOW,LOW,LOW,CENTER,-0.07502948036112263,6.954134306130042,0.0055749784746935566,0.0,LOW,0.61,Stable emotional condition,Negative emotional trajectory
22:30:12,calm,32.31282471060972,disgust,71.16860151290894,LOW,LOW,LOW,CENTER,-0.21870647810849256,5.908525196800445,-0.00454849061892309,0.0,LOW,0.56,Stable emotional condition,Negative emotional trajectory
22:30:12,calm,31.949272585267856,disgust,71.00949883460999,LOW,LOW,LOW,CENTER,-0.3821835951073302,5.763821181131732,-0.01318779356090498,0.0,LOW,0.55,Stable emotional condition,Negative emotional trajectory
22:30:12,calm,31.62584848702064,disgust,70.78129649162292,LOW,LOW,LOW,CENTER,0.8014701934444789,5.541845243365586,0.003179341176559811,0.0,LOW,0.55,Stable emotional condition,Negative emotional trajectory
22:30:13,calm,49.69596496648076,disgust,70.5405056476593,LOW,LOW,LOW,CENTER,1.296398820656097,7.110268221217151,0.02157210123288406,0.0,LOW,0.62,Stable emotional condition,Negative emotional trajectory
22:30:13,calm,44.291667436758296,disgust,70.5039918422699,LOW,LOW,LOW,CENTER,0.40395258307793863,7.140383583243941,0.004357558985837533,0.0,LOW,0.6,Stable emotional condition,Negative emotional trajectory
22:30:13,calm,37.46013351649398,disgust,70.64934372901917,LOW,LOW,LOW,CENTER,0.838490584612171,4.9921773219259515,0.013393920852848733,0.0,LOW,0.57,Stable emotional condition,Negative emotional trajectory
22:30:13,calm,48.95522422574002,disgust,71.94725275039673,LOW,LOW,LOW,CENTER,0.258915753509227,6.425399092230228,-0.0026439978994146733,0.0,LOW,0.63,Stable emotional condition,Negative emotional trajectory
22:30:13,calm,34.10149684694238,disgust,75.06617307662964,LOW,LOW,LOW,CENTER,0.2086622511980132,6.308402869891104,0.0111753458785391,0.0,LOW,0.59,Stable emotional condition,Negative emotional trajectory
22:30:13,calm,34.72286008168643,disgust,79.25794124603271,LOW,LOW,LOW,CENTER,0.5287061384726207,6.734067769761329,0.012081183693521439,0.0,LOW,0.61,Stable emotional condition,Negative emotional trajectory
22:30:13,calm,44.12003702452397,disgust,83.00687074661255,LOW,LOW,LOW,CENTER,0.05046673283318615,5.958484577588504,-0.00454849061892309,0.0,LOW,0.67,Stable emotional condition,Negative emotional trajectory
22:30:13,calm,31.84341342821882,disgust,85.68503856658936,LOW,LOW,LOW,CENTER,-1.0016778561698303,7.0351653198287245,-0.02360465351900391,0.0,LOW,0.64,Stable emotional condition,Negative emotional trajectory
22:30:14,calm,29.911878719401976,disgust,86.19365692138672,LOW,LOW,LOW,CENTER,-1.741060856554137,6.24170505441825,-0.0021071438012253297,0.0,LOW,0.64,Stable emotional condition,Negative emotional trajectory
22:30:14,calm,34.254132142516454,disgust,86.12468242645264,LOW,LOW,LOW,CENTER,-0.06617422353245316,7.546874521381604,0.010970589375719044,0.0,LOW,0.65,Stable emotional condition,Negative emotional trajectory
22:30:14,calm,32.72949137727639,disgust,85.09238362312317,LOW,LOW,LOW,CENTER,-1.1244647232269747,7.785944737062967,-0.023196915272981174,0.0,LOW,0.64,Stable emotional condition,Negative emotional trajectory
22:30:14,calm,29.98481765541412,disgust,82.5102150440216,MEDIUM,LOW,LOW,CENTER,-1.350163640585304,7.744110357926273,-0.010979197136459347,3.69,LOW,0.62,Stable emotional condition,Negative emotional trajectory
22:30:14,calm,31.550938155851526,disgust,79.47202324867249,MEDIUM,LOW,LOW,CENTER,-1.8793059946270914,6.991239048453,-0.035740918708817876,3.69,LOW,0.6,Stable emotional condition,Negative emotional trajectory
22:30:14,calm,29.211448830162794,disgust,76.07840299606323,MEDIUM,LOW,LOW,CENTER,-1.9045388833776196,7.156710976847529,-0.03329559596900679,3.69,LOW,0.57,Stable emotional condition,Negative emotional trajectory
22:30:14,calm,28.761448830162795,disgust,72.80365228652954,MEDIUM,LOW,LOW,CENTER,-2.1023002331524268,8.028589396076047,-0.024036929200864254,3.69,LOW,0.55,Stable emotional condition,Negative emotional trajectory
22:30:15,calm,31.487184124280443,disgust,69.86390352249146,MEDIUM,LOW,LOW,CENTER,-1.5688531127405476,7.470702293316373,-0.024527132277187582,3.69,LOW,0.55,Stable emotional condition,Negative emotional trajectory
22:30:15,calm,32.632775744906596,disgust,65.25534391403198,MEDIUM,LOW,LOW,CENTER,-2.279177442518721,6.8821279957876555,-0.02647390045047561,3.69,LOW,0.52,Stable emotional condition,Negative emotional trajectory
22:30:15,calm,31.487184124280443,disgust,59.41939353942871,MEDIUM,LOW,LOW,CENTER,-2.0521670314393066,7.311105495922676,-0.016085748047988076,3.69,LOW,0.48,Stable emotional condition,Negative emotional trajectory
22:30:15,calm,31.380365942462262,disgust,52.38800644874573,MEDIUM,LOW,LOW,CENTER,-1.8865488247794784,8.04116547422852,-0.013779811433780239,3.69,LOW,0.44,Stable emotional condition,Negative emotional trajectory
22:30:15,calm,32.672032609128934,disgust,44.793716073036194,MEDIUM,LOW,LOW,CENTER,-1.355937291162508,7.48132951879702,0.006677536110049964,3.69,LOW,0.4,Stable emotional condition,Negative emotional trajectory
22:30:15,calm,33.05093815585153,disgust,38.80291283130646,MEDIUM,LOW,LOW,CENTER,-0.5491345841216052,8.579252181569082,0.02280881822739608,3.69,LOW,0.37,Stable emotional condition,Negative emotional trajectory
22:30:15,calm,30.70087171567854,disgust,33.658432960510254,MEDIUM,LOW,LOW,CENTER,-1.7666907423529972,6.86513028105335,0.015493430146813626,3.69,LOW,0.32,Stable emotional condition,Negative emotional trajectory
22:30:15,calm,34.172032609128934,disgust,30.751624703407288,MEDIUM,LOW,LOW,CENTER,-1.4915891069289247,7.951123437346818,0.008758369443144357,3.69,LOW,0.32,Stable emotional condition,Negative emotional trajectory
22:30:16,calm,34.64853702590802,sad,31.36875331401825,MEDIUM,LOW,LOW,CENTER,-0.8426629795834104,6.181585076759753,0.03479265780877861,3.69,LOW,0.33,Stable emotional condition,Negative emotional trajectory
22:30:16,calm,32.10010650497368,sad,29.96649146080017,MEDIUM,LOW,LOW,CENTER,-1.9382397752847822,6.261290903371768,0.017985069645209024,3.69,LOW,0.31,Stable emotional condition,Negative emotional trajectory
22:30:16,calm,33.8386992757956,disgust,29.775384068489075,MEDIUM,LOW,LOW,CENTER,-0.8646397588492589,8.12498529088986,0.02232108537786138,3.69,LOW,0.31,Stable emotional condition,Negative emotional trajectory
22:30:16,calm,32.73158798645517,disgust,30.48534393310547,MEDIUM,LOW,LOW,CENTER,-1.0234590808233763,10.515822102231125,0.051504336601794244,3.69,LOW,0.31,Stable emotional condition,Negative emotional trajectory
22:30:16,calm,32.25013133697959,disgust,31.043434143066406,MEDIUM,LOW,LOW,CENTER,-1.6386106758685313,10.756668109548944,0.028737610022790804,3.69,LOW,0.32,Stable emotional condition,Negative emotional trajectory
22:30:16,calm,34.95304089642175,disgust,28.736549615859985,MEDIUM,LOW,LOW,CENTER,-1.5149870390734712,11.71131898534912,0.021844088640045084,3.69,LOW,0.31,Stable emotional condition,Negative emotional trajectory
22:30:16,calm,34.198537025908024,angry,33.79465937614441,MEDIUM,LOW,LOW,CENTER,0.5098728484112017,12.697398663075225,0.07401471235860085,3.69,LOW,0.34,Stable emotional condition,Stable emotional condition
22:30:16,calm,35.660488040318235,angry,39.033302664756775,MEDIUM,LOW,LOW,CENTER,2.8913802606804864,9.809156818774486,0.07274274119838799,3.69,LOW,0.38,Negative emotional state,Stable emotional condition
22:30:16,calm,37.157102735843836,angry,43.29828917980194,MEDIUM,LOW,LOW,CENTER,5.121590821629136,9.277602832540458,0.10213371221155051,3.69,LOW,0.41,Negative emotional state,Stable emotional condition
22:30:17,calm,36.55416155937325,angry,50.23918151855469,MEDIUM,LOW,LOW,CENTER,6.167469501345182,7.185253298481305,0.09157375380052929,3.69,LOW,0.45,Negative emotional state,Stable emotional condition
22:30:17,calm,36.30416155937325,angry,63.7306272983551,MEDIUM,LOW,LOW,CENTER,7.916806506430895,10.755481898876436,0.19312243021906444,3.69,LOW,0.53,Negative emotional state,Stable emotional condition
22:30:17,calm,37.41562447726031,angry,77.99853682518005,MEDIUM,LOW,LOW,CENTER,7.767157979222455,11.294851450372347,0.2049599679122828,3.69,LOW,0.62,Negative emotional state,Stable emotional condition
22:30:17,calm,35.96107902271485,angry,86.5598976612091,MEDIUM,LOW,LOW,CENTER,4.615591987318922,11.49868603700839,0.23959162863858474,3.69,LOW,0.66,Negative emotional state,Stable emotional condition
22:30:17,calm,35.017600761845294,angry,88.49775195121765,MEDIUM,LOW,LOW,CENTER,3.1319294813388843,11.422683753214189,0.19723629464316458,3.69,LOW,0.67,Negative emotional state,Stable emotional condition
22:30:17,calm,37.41562447726031,angry,87.60720491409302,MEDIUM,LOW,LOW,CENTER,-0.953964327227954,12.718057212687318,0.13815277942775614,3.69,LOW,0.68,Negative emotional state,Stable emotional condition
22:30:17,calm,32.19743278281045,angry,85.37669777870178,MEDIUM,LOW,LOW,CENTER,-1.1331264196121242,11.891835850183504,0.14150346641312342,3.69,LOW,0.64,Negative emotional state,Stable emotional condition
22:30:17,calm,32.179488958278704,angry,82.41889476776123,MEDIUM,LOW,LOW,CENTER,-3.5893165419249264,11.435574561733018,0.08236806728217551,3.69,LOW,0.62,Negative emotional state,Stable emotional condition
22:30:18,calm,31.43679451389084,angry,79.72270250320435,MEDIUM,LOW,LOW,CENTER,-1.2300037614671284,10.39844594484326,0.0660549127203129,3.69,LOW,0.6,Negative emotional state,Stable emotional condition
22:30:18,calm,31.277128632042007,angry,76.64560079574585,MEDIUM,LOW,LOW,CENTER,-2.28667090750218,10.14247507361887,0.048951125223578876,2.99,LOW,0.58,Negative emotional state,Stable emotional condition
22:30:18,calm,33.82679451389084,angry,73.21029901504517,MEDIUM,LOW,LOW,CENTER,-2.1929301649413944,12.286031177628658,0.07853776853355482,2.99,LOW,0.57,Negative emotional state,Stable emotional condition
22:30:18,calm,33.32679451389084,angry,68.50658655166626,MEDIUM,LOW,LOW,CENTER,-2.4281496034184014,11.097537382349135,0.05406365469468105,2.99,LOW,0.54,Negative emotional state,Stable emotional condition
22:30:18,calm,33.32679451389084,angry,62.846577167510986,MEDIUM,LOW,LOW,CENTER,-2.2823944618964713,11.243404661976173,0.09118918389358156,2.99,LOW,0.51,Negative emotional state,Stable emotional condition
22:30:18,calm,32.82679451389084,angry,57.225501537323,MEDIUM,LOW,LOW,CENTER,0.8356951352647802,11.13952460515266,0.11472503878962155,2.99,LOW,0.47,Negative emotional state,Stable emotional condition
22:30:18,calm,43.25292588550888,angry,50.8930504322052,MEDIUM,LOW,LOW,CENTER,0.5943101717810338,11.298049537143635,0.11606314884946674,2.99,LOW,0.48,Negative emotional state,Stable emotional condition
22:30:19,calm,39.585293038570775,disgust,54.755961894989014,MEDIUM,LOW,LOW,CENTER,-0.5384115844376868,11.754121842788203,0.09868553859998473,2.99,LOW,0.49,Stable emotional condition,Negative emotional trajectory
22:30:19,calm,30.265056278392517,disgust,61.16439700126648,MEDIUM,LOW,LOW,CENTER,-1.0297288634086852,10.970693242916361,0.06817541610216883,2.99,LOW,0.49,Stable emotional condition,Negative emotional trajectory
22:30:19,calm,32.28455399493166,disgust,66.83523058891296,MEDIUM,LOW,LOW,CENTER,-1.052504293224297,11.217205110565999,0.1000568804745935,2.99,LOW,0.53,Stable emotional condition,Negative emotional trajectory
22:30:19,calm,31.470778484727578,disgust,71.96279764175415,MEDIUM,LOW,LOW,CENTER,-2.7731505413569315,11.115808795516523,0.06643637968818805,2.99,LOW,0.56,Stable emotional condition,Negative emotional trajectory
22:30:19,calm,32.53679451389084,disgust,75.83588361740112,MEDIUM,LOW,LOW,CENTER,-2.1932860763604562,10.618034373492693,0.07910049125609775,2.99,LOW,0.59,Stable emotional condition,Negative emotional trajectory
22:30:19,calm,33.32679451389084,disgust,78.86353135108948,MEDIUM,LOW,LOW,CENTER,-1.6080030399476133,11.856677692045269,0.09355773003724926,2.99,LOW,0.61,Stable emotional condition,Negative emotional trajectory
22:30:19,calm,33.97238613451699,disgust,81.56495094299316,MEDIUM,LOW,LOW,CENTER,-2.4358335115099954,12.42325478765184,0.10018048849549233,2.99,LOW,0.63,Stable emotional condition,Negative emotional trajectory
22:30:19,calm,33.57679451389084,disgust,83.47035646438599,MEDIUM,LOW,LOW,CENTER,-1.2558631969837826,11.483061656111202,0.09258942439939963,2.99,LOW,0.64,Stable emotional condition,Negative emotional trajectory
22:30:20,calm,30.277128632042004,disgust,84.93114113807678,MEDIUM,LOW,LOW,CENTER,-1.044749291638579,11.059666340079447,0.1021184492865366,2.99,LOW,0.63,Stable emotional condition,Negative emotional trajectory
22:30:20,calm,32.117837308256995,disgust,85.99795699119568,MEDIUM,LOW,LOW,CENTER,-1.3611214098965831,10.77892610237535,0.09485932234883021,2.99,LOW,0.64,Stable emotional condition,Negative emotional trajectory
22:30:20,calm,32.20570006061344,disgust,86.7305040359497,MEDIUM,LOW,LOW,CENTER,-1.1076779066742104,10.810452281500828,0.09604055991547664,2.99,LOW,0.65,Stable emotional condition,Negative emotional trajectory
22:30:20,calm,30.245753974923662,disgust,87.79184222221375,MEDIUM,LOW,LOW,CENTER,-2.8700597632742375,13.276438904000711,0.08106169249914048,2.99,LOW,0.65,Stable emotional condition,Negative emotional trajectory
22:30:20,calm,32.03679451389084,disgust,88.19119334220886,MEDIUM,LOW,LOW,CENTER,-2.1665779180143825,13.081581493404606,0.0831641937310952,2.99,LOW,0.66,Stable emotional condition,Negative emotional trajectory
22:30:20,calm,33.179735690361426,disgust,88.3088231086731,MEDIUM,LOW,LOW,CENTER,-1.7568722013299563,12.174103939796131,0.08609660031780744,2.99,LOW,0.66,Stable emotional condition,Negative emotional trajectory
22:30:20,calm,33.660127847224175,disgust,88.53728771209717,MEDIUM,LOW,LOW,CENTER,-1.6957887799980533,11.891320314281947,0.109025224506719,2.99,LOW,0.67,Stable emotional condition,Negative emotional trajectory
22:30:20,calm,34.07863613451699,disgust,89.32318091392517,MEDIUM,LOW,LOW,CENTER,-1.734098533514475,12.469604644894753,0.12342998960067716,2.99,LOW,0.67,Stable emotional condition,Negative emotional trajectory
22:30:21,calm,34.07863613451699,disgust,89.27828073501587,MEDIUM,LOW,LOW,CENTER,-4.341427836362781,12.731510454233621,0.06098414255037781,2.99,LOW,0.67,Stable emotional condition,Negative emotional trajectory
22:30:21,calm,30.936794513890835,disgust,90.33619165420532,MEDIUM,LOW,LOW,CENTER,-2.953617518855225,11.811892686286395,0.09375391933158933,2.99,LOW,0.67,Stable emotional condition,Negative emotional trajectory
22:30:21,calm,32.03679451389084,disgust,90.78816175460815,MEDIUM,LOW,LOW,CENTER,-3.7419417683754763,12.516613893885847,0.0791225826133226,2.99,LOW,0.67,Stable emotional condition,Negative emotional trajectory
22:30:21,calm,30.436794513890835,disgust,89.54567313194275,MEDIUM,LOW,LOW,CENTER,-2.6108872404904098,12.75746320224029,0.09325887367881433,2.99,LOW,0.66,Stable emotional condition,Negative emotional trajectory
22:30:21,calm,32.82679451389084,disgust,86.69694066047668,MEDIUM,LOW,LOW,CENTER,-4.347777696669544,13.267306738023793,0.059207015263176156,2.99,LOW,0.65,Stable emotional condition,Negative emotional trajectory
22:30:21,calm,30.936794513890835,disgust,81.32782578468323,MEDIUM,LOW,LOW,CENTER,-3.833694845287147,12.095176744801702,0.07211209764790892,2.99,LOW,0.61,Stable emotional condition,Negative emotional trajectory
22:30:21,calm,30.436794513890835,disgust,74.1020679473877,MEDIUM,LOW,LOW,CENTER,-4.749205464630188,12.164600210430068,0.03680995149074037,2.99,LOW,0.57,Stable emotional condition,Negative emotional trajectory
22:30:22,calm,31.4486992757956,disgust,66.50407314300537,MEDIUM,LOW,LOW,CENTER,-2.6064818479593623,11.547956707074507,0.08647978414053549,2.99,LOW,0.52,Stable emotional condition,Negative emotional trajectory
22:30:22,calm,32.82679451389084,disgust,59.71081852912903,MEDIUM,LOW,LOW,CENTER,-2.2554258146171993,11.046633194689905,0.09637049594372368,2.49,LOW,0.49,Stable emotional condition,Negative emotional trajectory
22:30:22,calm,33.179735690361426,disgust,52.119046449661255,MEDIUM,LOW,LOW,CENTER,-4.514647928038658,11.218608257701005,0.08631522356542096,2.49,LOW,0.45,Stable emotional condition,Negative emotional trajectory
22:30:22,calm,30.436794513890835,disgust,45.26022672653198,MEDIUM,LOW,LOW,CENTER,-4.460222292154817,12.096459948100552,0.07884509715222197,2.49,LOW,0.39,Stable emotional condition,Negative emotional trajectory
22:30:22,calm,29.936794513890842,disgust,39.82962667942047,MEDIUM,LOW,LOW,CENTER,-3.9762442697149067,10.588130496886171,0.06446107503230077,2.49,LOW,0.36,Stable emotional condition,Negative emotional trajectory
22:30:22,calm,30.936794513890835,disgust,36.03809177875519,MEDIUM,LOW,LOW,CENTER,-5.428806281427026,10.551275452471163,0.02480480315908559,2.49,LOW,0.34,Stable emotional condition,Negative emotional trajectory
22:30:22,calm,30.948699275795597,disgust,33.67908298969269,MEDIUM,LOW,LOW,CENTER,-3.9842463194193836,11.159849334695837,0.06613423910370736,2.49,LOW,0.33,Stable emotional condition,Negative emotional trajectory
22:30:23,calm,28.645127847224174,disgust,31.960314512252808,MEDIUM,LOW,LOW,CENTER,-4.966504664364316,12.429121075823542,0.061791293006485636,2.49,LOW,0.31,Stable emotional condition,Negative emotional trajectory
22:30:23,calm,29.936794513890842,disgust,31.0703307390213,MEDIUM,LOW,LOW,CENTER,-4.536730308028572,11.088060469666013,0.08749412342490348,2.49,LOW,0.31,Stable emotional condition,Negative emotional trajectory
22:30:23,calm,30.436794513890835,disgust,31.440767645835876,MEDIUM,LOW,LOW,CENTER,-4.045752437961167,10.313001630338926,0.05640593983978422,2.49,LOW,0.31,Stable emotional condition,Negative emotional trajectory
22:30:23,calm,30.936794513890835,disgust,32.514941692352295,MEDIUM,LOW,LOW,CENTER,-4.089079904524655,10.639211863414682,0.05195995426465519,2.49,LOW,0.32,Stable emotional condition,Negative emotional trajectory
22:30:23,calm,30.936794513890835,disgust,32.974886894226074,MEDIUM,LOW,LOW,CENTER,-5.184429090231934,9.322091408010909,0.0342618587695242,2.49,LOW,0.32,Stable emotional condition,Negative emotional trajectory
22:30:23,calm,28.70703260912893,disgust,34.026601910591125,MEDIUM,LOW,LOW,CENTER,-4.441386468040084,10.050568072621823,0.03802684434526124,2.49,LOW,0.32,Stable emotional condition,Negative emotional trajectory
22:30:23,calm,30.948699275795597,disgust,33.5650235414505,MEDIUM,LOW,LOW,CENTER,-4.272232066214357,9.200554128745951,0.035516868752816975,2.49,LOW,0.33,Stable emotional condition,Negative emotional trajectory
22:30:23,calm,31.4486992757956,disgust,31.912946701049805,MEDIUM,LOW,LOW,CENTER,-3.7898425395841904,8.600299936591588,0.027803631347541206,2.49,LOW,0.32,Stable emotional condition,Negative emotional trajectory
22:30:23,calm,30.948699275795597,disgust,30.597594380378723,MEDIUM,LOW,LOW,CENTER,-6.270942177143851,8.941059097348585,0.008817493811219337,2.49,LOW,0.31,Stable emotional condition,Negative emotional trajectory
22:30:24,calm,29.253251096523886,angry,32.684892416000366,MEDIUM,LOW,LOW,CENTER,-5.288267325275564,8.171317513951617,0.019295163516604135,2.49,LOW,0.31,Negative emotional state,Stable emotional condition
22:30:24,calm,29.20703260912893,angry,36.588054895401,MEDIUM,LOW,LOW,CENTER,-5.338147306646846,9.306064960633522,0.019380654247675665,2.49,LOW,0.34,Negative emotional state,Stable emotional condition
22:30:24,calm,30.948699275795597,angry,40.38084149360657,MEDIUM,LOW,LOW,CENTER,-5.187340696971458,8.486831582084138,0.008428575204901374,2.49,LOW,0.37,Negative emotional state,Stable emotional condition
22:30:24,calm,31.28203260912893,angry,43.96737813949585,MEDIUM,LOW,LOW,CENTER,-5.376164072830101,9.530880253129821,-0.0051614271276706125,2.49,LOW,0.39,Negative emotional state,Stable emotional condition
22:30:24,calm,29.782032609128926,angry,47.025853395462036,MEDIUM,LOW,LOW,CENTER,-5.7915188828133495,9.53969475188824,-0.0008131941878121182,2.49,LOW,0.4,Negative emotional state,Stable emotional condition
22:30:24,calm,28.253251096523886,angry,50.00731348991394,MEDIUM,LOW,LOW,CENTER,-5.6135899771000375,10.117464014946846,-0.014880723585240516,2.49,LOW,0.41,Negative emotional state,Stable emotional condition
22:30:24,disgust,27.660966370962843,angry,52.32321619987488,MEDIUM,LOW,LOW,CENTER,-4.258693266409509,10.322977152147345,-0.006810609690159753,2.49,LOW,0.42,Negative emotional state,Stable emotional condition
22:30:24,disgust,27.660966370962843,angry,55.039721727371216,MEDIUM,LOW,LOW,CENTER,-1.2242843850628293,10.274706747616921,0.0560463844323738,2.49,LOW,0.44,Negative emotional state,Stable emotional condition
22:30:25,calm,31.277128632042007,angry,55.587613582611084,MEDIUM,LOW,LOW,CENTER,-1.2242734278910694,11.104794399720982,0.04539759105502033,2.49,LOW,0.46,Negative emotional state,Stable emotional condition
22:30:25,calm,31.28903339394677,angry,55.07025718688965,MEDIUM,LOW,LOW,CENTER,-0.5779525208613772,9.32054648157407,0.06263556260867907,2.49,LOW,0.46,Negative emotional state,Stable emotional condition
22:30:25,calm,31.03063362044045,angry,56.64909482002258,MEDIUM,LOW,LOW,CENTER,1.3070102277650273,4.854004618114464,0.001339744696080819,2.49,LOW,0.46,Negative emotional state,Stable emotional condition
22:30:29,calm,41.603316212664566,angry,53.39416265487671,MEDIUM,LOW,LOW,CENTER,-7.678588790971685,3.181913607717905,-0.06531711903131866,2.49,LOW,0.49,Negative emotional state,Stable emotional condition
22:30:29,disgust,27.047362862683872,angry,49.687203764915466,MEDIUM,LOW,LOW,CENTER,-7.121858888857191,5.69831084431279,-0.06146478657455847,2.49,LOW,0.41,Negative emotional state,Stable emotional condition
22:30:29,disgust,26.60435691030292,disgust,55.07546663284302,MEDIUM,LOW,LOW,CENTER,-5.717241253244942,11.414964671014932,-0.07197835021102222,2.49,LOW,0.44,Stable emotional condition,Negative emotional trajectory
22:30:30,disgust,26.60435691030292,disgust,51.1596143245697,MEDIUM,LOW,LOW,CENTER,-1.3304175741157058,1.4921813265588508,-0.05284242848434067,2.49,LOW,0.41,Stable emotional condition,Negative emotional trajectory
22:30:30,calm,28.151253801678006,angry,50.653547048568726,MEDIUM,LOW,LOW,CENTER,0.4081064849699279,0.7724198279213428,-0.007566265175835237,2.49,LOW,0.42,Negative emotional state,Stable emotional condition
22:30:30,calm,30.910167642780202,angry,59.195780754089355,MEDIUM,LOW,LOW,CENTER,-7.970197073514246,6.828463289994476,-0.0756214380996707,2.49,LOW,0.48,Negative emotional state,Stable emotional condition
22:30:30,disgust,26.60435691030292,angry,71.05992436408997,MEDIUM,LOW,LOW,CENTER,-9.389453987891974,8.922164710301008,-0.07077459518578508,2.49,LOW,0.53,Negative emotional state,Stable emotional condition
22:30:30,disgust,26.60435691030292,angry,77.88338661193848,MEDIUM,LOW,LOW,CENTER,-9.346380475956527,9.415044350610124,-0.07044748297753839,2.49,LOW,0.57,Negative emotional state,Stable emotional condition
22:30:30,disgust,26.60435691030292,angry,80.13355135917664,MEDIUM,LOW,LOW,CENTER,-7.911353277628084,9.07767315374411,-0.03958963771825176,2.49,LOW,0.59,Negative emotional state,Stable emotional condition
22:30:31,disgust,26.585718089832206,angry,79.27773594856262,MEDIUM,LOW,LOW,CENTER,-7.951683315436364,7.810675013671047,-0.0545637112075651,2.49,LOW,0.58,Negative emotional state,Stable emotional condition
22:30:31,disgust,26.87048991522903,angry,75.85731744766235,MEDIUM,LOW,LOW,CENTER,-8.022661850461377,10.058681588859551,-0.06614280923040633,2.49,LOW,0.56,Negative emotional state,Stable emotional condition
22:30:31,disgust,26.60435691030292,angry,70.39839029312134,MEDIUM,LOW,LOW,CENTER,-7.7914937476231785,11.479765060103745,-0.02779513572252314,2.49,LOW,0.53,Negative emotional state,Stable emotional condition
22:30:31,calm,27.321448830162797,angry,63.003528118133545,MEDIUM,LOW,LOW,CENTER,-6.970560017775069,11.67343181906998,-0.031616122316256816,2.49,LOW,0.49,Negative emotional state,Stable emotional condition
22:30:31,calm,27.321448830162797,angry,53.480249643325806,MEDIUM,LOW,LOW,CENTER,-8.755834537866965,11.30577317021417,-0.04644267473975304,2.49,LOW,0.43,Negative emotional state,Stable emotional condition
22:30:31,calm,26.384200437215878,disgust,53.46944332122803,MEDIUM,LOW,LOW,CENTER,-8.441202173222761,10.749023949627743,-0.055043782173321294,2.49,LOW,0.43,Stable emotional condition,Negative emotional trajectory
22:30:31,disgust,26.79682920094331,disgust,60.16107201576233,MEDIUM,LOW,LOW,CENTER,-7.357811697841502,8.193910856586053,-0.044036012575148636,2.49,LOW,0.47,Stable emotional condition,Negative emotional trajectory
22:30:31,disgust,26.87048991522903,disgust,65.31420350074768,MEDIUM,LOW,LOW,CENTER,-6.696351114035004,7.8709799735218775,-0.05019080754279933,2.49,LOW,0.5,Stable emotional condition,Negative emotional trajectory
22:30:32,disgust,26.896829200943316,disgust,69.32702660560608,MEDIUM,LOW,LOW,CENTER,-7.257215714550399,9.894075238963266,-0.057761325204577364,2.49,LOW,0.52,Stable emotional condition,Negative emotional trajectory
22:30:32,disgust,26.130696196017205,disgust,71.56650424003601,MEDIUM,LOW,LOW,CENTER,-5.61256033826399,9.280559361573573,-0.030678937245964835,1.76,LOW,0.53,Stable emotional condition,Negative emotional trajectory
22:30:32,calm,27.13120898422442,disgust,73.679119348526,MEDIUM,LOW,LOW,CENTER,-6.323054243909298,11.558354759870237,-0.06487958906779692,1.76,LOW,0.55,Stable emotional condition,Negative emotional trajectory
22:30:32,disgust,26.10435691030292,disgust,74.65962171554565,MEDIUM,LOW,LOW,CENTER,-5.185036339305768,10.775949472992597,-0.061541586867628915,1.76,LOW,0.55,Stable emotional condition,Negative emotional trajectory
22:30:32,disgust,26.10435691030292,disgust,75.37867426872253,MEDIUM,LOW,LOW,CENTER,-4.697652133465379,9.549419484583654,-0.04786017167990911,1.76,LOW,0.56,Stable emotional condition,Negative emotional trajectory
22:30:32,calm,26.38420043721587,disgust,75.89951753616333,MEDIUM,LOW,LOW,CENTER,-5.515124921859503,8.802078254955445,-0.06108629620712209,1.76,LOW,0.56,Stable emotional condition,Negative emotional trajectory
22:30:32,disgust,26.10435691030292,disgust,75.42262673377991,MEDIUM,LOW,LOW,CENTER,-5.622435914623694,10.9192534275034,-0.05893193728829175,1.76,LOW,0.56,Stable emotional condition,Negative emotional trajectory
22:30:33,disgust,26.10435691030292,disgust,69.21244859695435,MEDIUM,LOW,LOW,CENTER,-5.7752899527960215,10.43664112369391,-0.0926776385746793,1.76,LOW,0.52,Stable emotional condition,Negative emotional trajectory
22:30:33,disgust,25.383036563982575,disgust,68.80554556846619,MEDIUM,LOW,LOW,CENTER,-5.916329132590827,9.366560073301509,-0.07191860814051088,1.76,LOW,0.51,Stable emotional condition,Negative emotional trajectory
22:30:33,disgust,26.10435691030292,disgust,70.0229287147522,MEDIUM,LOW,LOW,CENTER,-5.3054466942439396,9.512304055047208,-0.0537526015492702,1.76,LOW,0.52,Stable emotional condition,Negative emotional trajectory
22:30:33,calm,26.38420043721587,disgust,71.3091254234314,MEDIUM,LOW,LOW,CENTER,-5.6395171296374285,9.909994173947473,-0.04001448997624991,1.76,LOW,0.53,Stable emotional condition,Negative emotional trajectory
22:30:33,calm,26.371448830162798,disgust,72.18555212020874,MEDIUM,LOW,LOW,CENTER,-5.815208157405128,7.726094814816446,-0.07287249308288722,1.76,LOW,0.54,Stable emotional condition,Negative emotional trajectory
22:30:33,disgust,26.10435691030292,disgust,73.22961091995239,MEDIUM,LOW,LOW,CENTER,-6.0657257589488305,9.543212220472368,-0.06894428946343188,1.76,LOW,0.54,Stable emotional condition,Negative emotional trajectory
22:30:33,disgust,26.030696196017207,disgust,73.39246273040771,MEDIUM,LOW,LOW,CENTER,-4.577783612449468,7.436603869368875,-0.049436971022057206,1.76,LOW,0.54,Stable emotional condition,Negative emotional trajectory
22:30:33,disgust,26.37048991522903,disgust,73.90244603157043,MEDIUM,LOW,LOW,CENTER,-4.502396781501205,7.947689859301635,-0.03673802186364864,1.76,LOW,0.55,Stable emotional condition,Negative emotional trajectory
22:30:34,calm,26.63120898422442,disgust,73.98175001144409,MEDIUM,LOW,LOW,CENTER,-4.877946346759125,4.857532471780754,-0.0234963471196288,1.76,LOW,0.55,Stable emotional condition,Negative emotional trajectory
22:30:34,calm,27.36006927834207,disgust,74.84599351882935,MEDIUM,LOW,LOW,CENTER,-4.6659753843109915,7.449585985688253,-0.02335520242034252,1.76,LOW,0.56,Stable emotional condition,Negative emotional trajectory
22:30:34,calm,29.59718412428044,disgust,76.35849714279175,MEDIUM,LOW,LOW,CENTER,-4.002950392929475,9.428513779914198,-0.03332679154296007,1.76,LOW,0.58,Stable emotional condition,Negative emotional trajectory
22:30:34,calm,29.34776461963648,disgust,77.04431414604187,MEDIUM,LOW,LOW,CENTER,-3.6656283189861645,9.71251307473381,-0.022255388235919736,1.76,LOW,0.58,Stable emotional condition,Negative emotional trajectory
22:30:34,calm,29.59718412428044,disgust,77.21073627471924,MEDIUM,LOW,LOW,CENTER,-4.110350926563252,8.067620900045915,-0.053450343485772746,1.76,LOW,0.58,Stable emotional condition,Negative emotional trajectory
22:30:34,calm,28.600756072627938,disgust,77.94111371040344,MEDIUM,LOW,LOW,CENTER,-4.587361056464137,9.016367771599782,-0.02402316966222961,1.76,LOW,0.58,Stable emotional condition,Negative emotional trajectory
22:30:34,calm,26.647184124280443,disgust,78.19632291793823,MEDIUM,LOW,LOW,CENTER,-3.0280762900252487,10.304111735656356,0.02560501184872931,1.76,LOW,0.58,Stable emotional condition,Negative emotional trajectory
22:30:34,calm,33.56830711893285,disgust,78.2085657119751,MEDIUM,LOW,LOW,CENTER,-2.7695128536041165,9.203495587781067,0.013069063225043606,1.76,LOW,0.6,Stable emotional condition,Negative emotional trajectory
22:30:35,calm,33.21536594246227,disgust,78.4955084323883,MEDIUM,LOW,LOW,CENTER,-2.594925099038552,9.090525065266856,-0.027040562790234365,1.76,LOW,0.6,Stable emotional condition,Negative emotional trajectory
22:30:35,calm,31.737764619636476,disgust,79.20935153961182,MEDIUM,LOW,LOW,CENTER,-3.1757281677518043,10.096024993957293,-0.047973534345404904,1.76,LOW,0.6,Stable emotional condition,Negative emotional trajectory
22:30:35,calm,26.724440283154248,disgust,79.62931394577026,MEDIUM,LOW,LOW,CENTER,-3.540191391043711,9.669182373621851,-0.04223020958426395,1.76,LOW,0.58,Stable emotional condition,Negative emotional trajectory
22:30:35,calm,29.60075607262793,disgust,80.37258982658386,MEDIUM,LOW,LOW,CENTER,-6.295237239152593,9.111670112377587,-0.1294344320650215,1.76,LOW,0.6,Stable emotional condition,Negative emotional trajectory
22:30:35,disgust,25.70453714001944,disgust,79.94574308395386,MEDIUM,LOW,LOW,CENTER,-4.970781905869853,7.113466275139548,-0.07960882150227666,1.76,LOW,0.58,Stable emotional condition,Negative emotional trajectory
22:30:35,disgust,26.551122261180115,disgust,80.17101883888245,MEDIUM,LOW,LOW,CENTER,-5.178315348276452,7.66210142656208,-0.08579487726621621,1.76,LOW,0.59,Stable emotional condition,Negative emotional trajectory
22:30:35,disgust,25.82980191485977,disgust,78.9823055267334,MEDIUM,LOW,LOW,CENTER,-7.184222290306996,5.490593806632012,-0.11129434342222413,1.76,LOW,0.58,Stable emotional condition,Negative emotional trajectory
22:30:36,disgust,25.72496320518235,disgust,78.80778312683105,MEDIUM,LOW,LOW,CENTER,-7.4455583046097535,7.407100444782304,-0.0997585546718342,1.76,LOW,0.58,Stable emotional condition,Negative emotional trajectory
22:30:36,disgust,26.909375849696858,disgust,78.28673124313354,LOW,LOW,LOW,CENTER,-4.8435003533510255,7.590689200375857,-0.02926369421798144,1.58,LOW,0.58,Stable emotional condition,Negative emotional trajectory
22:30:36,disgust,28.60238475649888,disgust,78.5607099533081,LOW,LOW,LOW,CENTER,-4.3946928809403865,8.696232714941978,-0.039619454136129814,1.58,LOW,0.59,Stable emotional condition,Negative emotional trajectory
22:30:36,disgust,28.106144154995118,disgust,79.59900498390198,LOW,LOW,LOW,CENTER,-4.086124483187189,10.769459577806236,-0.01978109338352022,1.58,LOW,0.59,Stable emotional condition,Negative emotional trajectory
22:30:36,disgust,28.677633037629512,disgust,81.0834288597107,LOW,LOW,LOW,CENTER,-4.3513403740222,11.951225371505993,-0.02001609631576865,1.58,LOW,0.6,Stable emotional condition,Negative emotional trajectory
22:30:36,disgust,28.677633037629512,disgust,82.87586569786072,LOW,LOW,LOW,CENTER,-3.808910967475322,12.098408731263637,-0.01610335697285336,1.58,LOW,0.61,Stable emotional condition,Negative emotional trajectory
22:30:36,disgust,28.677633037629512,disgust,84.6988320350647,LOW,LOW,LOW,CENTER,-4.015580772018488,11.24048565936694,-0.014175193332737932,1.58,LOW,0.62,Stable emotional condition,Negative emotional trajectory
22:30:36,calm,29.448699275795597,disgust,86.64091229438782,LOW,LOW,LOW,CENTER,-5.480772526520459,12.31736338702387,-0.04876453726204956,1.58,LOW,0.64,Stable emotional condition,Negative emotional trajectory
22:30:37,disgust,28.31725526610623,disgust,86.50161027908325,LOW,LOW,LOW,CENTER,-6.837896501362259,8.971599444805012,-0.0739655562601161,1.58,LOW,0.63,Stable emotional condition,Negative emotional trajectory
22:30:37,disgust,27.604356910302926,disgust,86.03913187980652,LOW,LOW,LOW,CENTER,-5.206254770805458,8.480958809854348,-0.03609990826646108,1.58,LOW,0.63,Stable emotional condition,Negative emotional trajectory
22:30:37,disgust,28.10238475649888,disgust,85.20358204841614,LOW,LOW,LOW,CENTER,-4.650105894465611,8.872059343567688,-0.022901818823378228,1.58,LOW,0.62,Stable emotional condition,Negative emotional trajectory
22:30:37,disgust,28.654905764902246,disgust,83.58520865440369,LOW,LOW,LOW,CENTER,-3.66934779241231,7.540321594710005,-0.0013745490554998244,1.58,LOW,0.62,Stable emotional condition,Negative emotional trajectory
22:30:37,calm,28.948699275795597,disgust,81.3742458820343,LOW,LOW,LOW,CENTER,-3.0102739358432107,5.704180701406458,-0.0036883021518068905,1.58,LOW,0.6,Stable emotional condition,Negative emotional trajectory
22:30:37,calm,29.5486992757956,disgust,79.34491038322449,LOW,LOW,LOW,CENTER,-3.1442339771004018,4.86804973342071,0.021854897730043045,1.58,LOW,0.59,Stable emotional condition,Negative emotional trajectory
22:30:37,calm,31.715365942462263,disgust,78.29535603523254,LOW,LOW,LOW,CENTER,-3.369330736475048,6.111432528527079,0.00991201420049052,1.58,LOW,0.6,Stable emotional condition,Negative emotional trajectory
22:30:37,calm,28.75703260912893,disgust,77.7540922164917,LOW,LOW,LOW,CENTER,-2.9530120748173276,6.0080439716086325,0.004269960921678704,1.58,LOW,0.58,Stable emotional condition,Negative emotional trajectory
22:30:38,calm,27.807032609128935,disgust,77.15409398078918,LOW,LOW,LOW,CENTER,-3.226225112830878,5.863815544785569,-0.0033103524909981544,1.58,LOW,0.57,Stable emotional condition,Negative emotional trajectory
22:30:38,calm,29.5486992757956,disgust,76.97998285293579,LOW,LOW,LOW,CENTER,-4.353839064181131,7.3403868029277435,-0.009954810335130185,1.58,LOW,0.58,Stable emotional condition,Negative emotional trajectory
22:30:38,calm,29.448699275795597,disgust,77.44288444519043,LOW,LOW,LOW,CENTER,-6.352806729583543,9.502810729374671,-0.035161330237852784,1.58,LOW,0.58,Stable emotional condition,Negative emotional trajectory
22:30:38,disgust,28.60614415499512,disgust,78.09797525405884,LOW,LOW,LOW,CENTER,-6.5765708079768705,11.113923790259552,-0.03250597822735064,1.58,LOW,0.58,Stable emotional condition,Negative emotional trajectory
22:30:38,disgust,28.159378804117924,disgust,77.93547511100769,LOW,LOW,LOW,CENTER,-6.623264951908827,10.297644944559593,-0.03962183848025595,1.58,LOW,0.58,Stable emotional condition,Negative emotional trajectory
22:30:38,disgust,27.585718089832206,disgust,77.22416520118713,LOW,LOW,LOW,CENTER,-5.403301938848174,9.16059720317704,-0.014953552330205866,1.58,LOW,0.57,Stable emotional condition,Negative emotional trajectory
22:30:38,calm,29.448699275795597,disgust,76.85942053794861,LOW,LOW,LOW,CENTER,-5.683067893275652,9.02478242466398,-0.02248763935175014,1.58,LOW,0.58,Stable emotional condition,Negative emotional trajectory
22:30:38,disgust,28.138239098235573,disgust,76.27096772193909,LOW,LOW,LOW,CENTER,-5.380000224887176,8.507998033150985,-0.01793773351200315,1.58,LOW,0.57,Stable emotional condition,Negative emotional trajectory
22:30:39,disgust,28.677633037629512,disgust,76.68025493621826,LOW,LOW,LOW,CENTER,-5.579317550852815,9.873040450824325,-0.03156977420575335,1.58,LOW,0.57,Stable emotional condition,Negative emotional trajectory
22:30:39,disgust,28.185718089832214,disgust,76.16899013519287,LOW,LOW,LOW,CENTER,-5.361880464968999,8.560458202727753,-0.045395510076308924,1.58,LOW,0.57,Stable emotional condition,Negative emotional trajectory
22:30:39,disgust,28.39682920094332,disgust,75.83743333816528,LOW,LOW,LOW,CENTER,-5.242883134485098,8.135546068468544,-0.04351701611691575,1.58,LOW,0.57,Stable emotional condition,Negative emotional trajectory
22:30:39,disgust,27.796829200943318,disgust,76.06295347213745,LOW,LOW,LOW,CENTER,-4.888762301429336,9.11427466975399,-0.035530165473268135,1.58,LOW,0.57,Stable emotional condition,Negative emotional trajectory
22:30:39,disgust,28.60238475649888,disgust,76.41317844390869,LOW,LOW,LOW,CENTER,-5.3056761385461835,9.363434052780358,-0.04503510233151649,1.58,LOW,0.57,Stable emotional condition,Negative emotional trajectory
22:30:39,disgust,27.870489915229037,disgust,76.57038569450378,LOW,LOW,LOW,CENTER,-5.564141384221037,8.44779453902673,-0.036227908632243594,1.58,LOW,0.57,Stable emotional condition,Negative emotional trajectory
22:30:39,disgust,27.659378804117924,disgust,78.20411920547485,LOW,LOW,LOW,CENTER,-6.001780765141269,10.282184628476875,-0.034641636076556695,1.58,LOW,0.58,Stable emotional condition,Negative emotional trajectory
22:30:40,disgust,26.65937880411792,disgust,80.25296926498413,LOW,LOW,LOW,CENTER,-7.558348886001344,10.885333563755957,-0.05556392473917826,1.44,LOW,0.59,Stable emotional condition,Negative emotional trajectory
22:30:40,disgust,26.87048991522903,disgust,81.10562562942505,LOW,LOW,LOW,CENTER,-6.9701404028947955,9.222464062809404,-0.05264181925936555,1.44,LOW,0.59,Stable emotional condition,Negative emotional trajectory
22:30:40,disgust,26.87048991522903,disgust,81.98079466819763,LOW,LOW,LOW,CENTER,-6.621396417067025,9.117103434500107,-0.05815495971710676,1.44,LOW,0.6,Stable emotional condition,Negative emotional trajectory
22:30:40,disgust,26.630696196017205,disgust,83.05717706680298,LOW,LOW,LOW,CENTER,-7.612831804339722,9.518356494830591,-0.06269812318957854,1.44,LOW,0.6,Stable emotional condition,Negative emotional trajectory
22:30:40,disgust,26.630696196017205,disgust,83.04541110992432,LOW,LOW,LOW,CENTER,-6.459582487927359,8.136813032793539,-0.04510217815526528,1.44,LOW,0.6,Stable emotional condition,Negative emotional trajectory
22:30:40,disgust,26.79682920094331,disgust,82.48023986816406,LOW,LOW,LOW,CENTER,-5.721035566429077,7.2745566595439115,-0.03726777416754236,1.44,LOW,0.6,Stable emotional condition,Negative emotional trajectory
22:30:41,calm,27.84776461963648,disgust,83.08736085891724,LOW,LOW,LOW,CENTER,-6.322658698143645,8.956889773895616,-0.042251455801919253,1.44,LOW,0.61,Stable emotional condition,Negative emotional trajectory
22:30:41,disgust,26.87048991522903,disgust,82.56390690803528,LOW,LOW,LOW,CENTER,-5.56315633064394,7.864323510436207,-0.04131428935294421,1.44,LOW,0.6,Stable emotional condition,Negative emotional trajectory
22:30:41,disgust,26.87048991522903,disgust,82.37712979316711,LOW,LOW,LOW,CENTER,-5.59373162060292,8.472449760456925,-0.03732476534275044,1.44,LOW,0.6,Stable emotional condition,Negative emotional trajectory
22:30:41,disgust,26.685718089832207,disgust,81.96292519569397,LOW,LOW,LOW,CENTER,-5.778191599020778,8.917337736708662,-0.037415770662554845,1.44,LOW,0.6,Stable emotional condition,Negative emotional trajectory
22:30:41,disgust,26.685718089832207,disgust,80.81479668617249,LOW,LOW,LOW,CENTER,-5.477749533642098,8.839513296136687,-0.02824689948035998,1.44,LOW,0.59,Stable emotional condition,Negative emotional trajectory
22:30:41,disgust,26.585718089832206,disgust,79.39037084579468,LOW,LOW,LOW,CENTER,-5.802413270948048,8.991913977760817,-0.030028470520939737,1.44,LOW,0.58,Stable emotional condition,Negative emotional trajectory
22:30:41,calm,27.321448830162794,disgust,77.91611552238464,LOW,LOW,LOW,CENTER,-5.846054813292455,9.611096236447946,-0.02935233565365718,1.44,LOW,0.58,Stable emotional condition,Negative emotional trajectory
22:30:41,disgust,26.685718089832207,disgust,75.11617541313171,LOW,LOW,LOW,CENTER,-6.800510456044189,8.567890853647091,-0.04697158138176524,1.44,LOW,0.56,Stable emotional condition,Negative emotional trajectory
22:30:42,disgust,26.87048991522903,disgust,72.0996081829071,LOW,LOW,LOW,CENTER,-6.690924433728169,8.230308769790868,-0.0626023726073749,1.44,LOW,0.54,Stable emotional condition,Negative emotional trajectory
22:30:42,disgust,26.60435691030292,disgust,70.30066847801208,LOW,LOW,LOW,CENTER,-7.5512333285622795,9.584346816519394,-0.09213939746899232,1.44,LOW,0.53,Stable emotional condition,Negative emotional trajectory
22:30:42,disgust,25.80937584969686,disgust,69.57482099533081,LOW,LOW,LOW,CENTER,-6.261409145533962,9.984419174780069,-0.0472363137946082,1.44,LOW,0.52,Stable emotional condition,Negative emotional trajectory
22:30:42,disgust,26.87048991522903,disgust,68.16514134407043,LOW,LOW,LOW,CENTER,-5.5866996443478305,8.898066227605572,-0.051896281170370366,1.44,LOW,0.52,Stable emotional condition,Negative emotional trajectory
22:30:42,disgust,26.79682920094331,disgust,66.88896417617798,LOW,LOW,LOW,CENTER,-5.5504322941358435,8.078748089864895,-0.039450994677545946,1.44,LOW,0.51,Stable emotional condition,Negative emotional trajectory
22:30:42,disgust,27.185718089832207,disgust,65.92649221420288,LOW,LOW,LOW,CENTER,-5.243682971849039,7.6392343978243495,-0.03602787209655144,1.44,LOW,0.5,Stable emotional condition,Negative emotional trajectory
22:30:42,disgust,27.185718089832207,disgust,64.43585157394409,LOW,LOW,LOW,CENTER,-5.178714038966427,6.766523940559606,-0.02106471201175974,1.44,LOW,0.5,Stable emotional condition,Negative emotional trajectory
22:30:42,calm,27.61536594246226,disgust,62.906306982040405,LOW,LOW,LOW,CENTER,-6.971039871949877,6.718433121056859,-0.04694643464759942,1.44,LOW,0.49,Stable emotional condition,Negative emotional trajectory
22:30:43,disgust,26.87048991522903,disgust,61.9065523147583,LOW,LOW,LOW,CENTER,-6.799151641785528,6.96262925746526,-0.06036993788446335,1.44,LOW,0.48,Stable emotional condition,Negative emotional trajectory
22:30:43,disgust,26.60435691030292,disgust,61.19769811630249,LOW,LOW,LOW,CENTER,-7.125351859024597,7.48329880194498,-0.07300136731541362,1.44,LOW,0.47,Stable emotional condition,Negative emotional trajectory
22:30:43,disgust,26.5306961960172,disgust,61.457353830337524,LOW,LOW,LOW,CENTER,-7.840703572023511,9.26819956717504,-0.09789453066717624,1.44,LOW,0.47,Stable emotional condition,Negative emotional trajectory
22:30:43,disgust,25.80937584969686,disgust,62.49458193778992,LOW,LOW,LOW,CENTER,-7.848298089052294,10.702707145868278,-0.11552019711743113,1.44,LOW,0.48,Stable emotional condition,Negative emotional trajectory
22:30:43,disgust,25.70453714001944,disgust,62.5499963760376,LOW,LOW,LOW,CENTER,-9.633731386482793,11.466263782867241,-0.11763160813070044,1.44,LOW,0.48,Stable emotional condition,Negative emotional trajectory
22:30:43,disgust,25.70453714001944,disgust,62.200385332107544,LOW,LOW,LOW,CENTER,-9.144127658367116,11.036876079450852,-0.11999545584489557,1.44,LOW,0.48,Stable emotional condition,Negative emotional trajectory
22:30:43,disgust,26.20453714001944,disgust,63.24009299278259,LOW,LOW,LOW,CENTER,-9.726518096808341,11.631801410175282,-0.13049386990656844,1.44,LOW,0.48,Stable emotional condition,Negative emotional trajectory
22:30:43,disgust,25.771928261828663,disgust,65.84128141403198,LOW,LOW,LOW,CENTER,-4.026499286474993,10.77612357777511,-0.006154849419344736,1.44,LOW,0.5,Stable emotional condition,Negative emotional trajectory
22:30:44,calm,28.448699275795597,disgust,66.24905467033386,LOW,LOW,LOW,CENTER,3.1103400114177258,6.2371735595408655,0.05480556515743864,1.31,LOW,0.51,Stable emotional condition,Negative emotional trajectory
22:30:44,calm,34.741906657412464,disgust,65.39269685745239,LOW,LOW,LOW,CENTER,3.341182713469029,4.789883680858624,0.04460618180368649,1.31,LOW,0.53,Stable emotional condition,Negative emotional trajectory
22:30:44,calm,34.741906657412464,disgust,63.11708688735962,LOW,LOW,LOW,CENTER,2.413534263161008,4.210915581580863,0.03825348042437985,1.31,LOW,0.52,Stable emotional condition,Negative emotional trajectory
22:30:44,calm,35.968055508561314,disgust,59.58806872367859,LOW,LOW,LOW,CENTER,2.5072982199044325,4.6627355119589415,0.03834720886819695,1.31,LOW,0.5,Stable emotional condition,Negative emotional trajectory
22:30:44,calm,35.468055508561314,disgust,55.418407917022705,LOW,LOW,LOW,CENTER,1.7326624854962962,4.871986875209863,0.02027634580145774,1.31,LOW,0.47,Stable emotional condition,Negative emotional trajectory
22:30:44,calm,36.581740735443134,disgust,53.22648882865906,LOW,LOW,LOW,CENTER,1.3551076759923355,5.821524047858452,0.03739430326845013,1.31,LOW,0.47,Stable emotional condition,Negative emotional trajectory
22:30:44,calm,38.48775925883109,disgust,53.672611713409424,LOW,LOW,LOW,CENTER,-0.09748693016158395,5.692713816295373,0.026025844087988612,1.31,LOW,0.48,Stable emotional condition,Negative emotional trajectory
22:30:44,calm,30.869321905242785,disgust,53.84795665740967,LOW,LOW,LOW,CENTER,-0.08380241308530705,5.980048205332374,0.031232827765274723,1.31,LOW,0.45,Stable emotional condition,Negative emotional trajectory
22:30:45,calm,30.869321905242785,disgust,55.659788846969604,LOW,LOW,LOW,CENTER,-0.36756415841763546,5.248236637386974,0.021720484823366987,1.31,LOW,0.46,Stable emotional condition,Negative emotional trajectory
22:30:45,calm,30.896096300822677,disgust,58.206212520599365,LOW,LOW,LOW,CENTER,-0.7688308252079814,5.600781696410606,0.011242769391469403,1.31,LOW,0.47,Stable emotional condition,Negative emotional trajectory
22:30:45,calm,30.26878839270776,disgust,61.07227802276611,LOW,LOW,LOW,CENTER,-1.5275307440784436,7.0926505251804794,0.010124185991928965,1.31,LOW,0.49,Stable emotional condition,Negative emotional trajectory
22:30:45,calm,31.86520369257469,disgust,64.19389843940735,LOW,LOW,LOW,CENTER,-2.1593149828993066,6.950235827279066,0.013607341415045103,1.31,LOW,0.51,Stable emotional condition,Negative emotional trajectory
22:30:45,calm,32.00536594246226,disgust,67.17790961265564,LOW,LOW,LOW,CENTER,-1.3927395742724673,5.682864316881167,0.01512628627038502,1.31,LOW,0.53,Stable emotional condition,Negative emotional trajectory
22:30:45,calm,31.917604822518197,disgust,70.01751661300659,LOW,LOW,LOW,CENTER,-2.2798873712638876,7.260079733516534,0.021113986259229885,1.31,LOW,0.55,Stable emotional condition,Negative emotional trajectory
22:30:45,calm,32.358307118932856,disgust,72.52986431121826,LOW,LOW,LOW,CENTER,-2.93568151081229,8.276962225164022,0.004411424553536793,1.31,LOW,0.56,Stable emotional condition,Negative emotional trajectory
22:30:45,calm,30.04869927579559,disgust,74.79678392410278,LOW,LOW,LOW,CENTER,-3.288617365885251,7.201251669709595,-0.007541252660524108,1.31,LOW,0.57,Stable emotional condition,Negative emotional trajectory
22:30:46,calm,28.5486992757956,disgust,76.21047496795654,LOW,LOW,LOW,CENTER,-3.8989218249427147,6.129704057231109,-0.001991910821936682,1.31,LOW,0.57,Stable emotional condition,Negative emotional trajectory
22:30:46,disgust,26.860966370962842,disgust,76.67821049690247,LOW,LOW,LOW,CENTER,-3.6339240845527714,6.052638699178994,0.003912035193911381,1.31,LOW,0.57,Stable emotional condition,Negative emotional trajectory
22:30:46,calm,29.448699275795597,disgust,76.57601237297058,LOW,LOW,LOW,CENTER,-3.0913297957738144,6.495739345918441,0.007115864026254492,1.31,LOW,0.58,Stable emotional condition,Negative emotional trajectory
22:30:46,calm,30.54869927579559,disgust,76.75042152404785,LOW,LOW,LOW,CENTER,-4.052060908502628,6.563563869040981,-0.0038999423204840464,1.31,LOW,0.58,Stable emotional condition,Negative emotional trajectory
22:30:46,disgust,26.76096637096284,disgust,76.77493095397949,LOW,LOW,LOW,CENTER,-4.003320752732432,7.024881253181412,-0.01564814077564588,1.31,LOW,0.57,Stable emotional condition,Negative emotional trajectory
22:30:46,calm,27.65703260912893,disgust,76.61083340644836,LOW,LOW,LOW,CENTER,-3.5258943525975184,7.243185333069568,-0.014125121846944052,1.31,LOW,0.57,Stable emotional condition,Negative emotional trajectory
22:30:46,calm,28.948699275795597,disgust,76.37045383453369,LOW,LOW,LOW,CENTER,-3.2031047098520897,7.5290112495448644,-0.0023205058827829037,1.31,LOW,0.57,Stable emotional condition,Negative emotional trajectory
22:30:46,calm,29.0486992757956,disgust,76.06512904167175,LOW,LOW,LOW,CENTER,-3.3782896362460915,7.389808403722741,0.00485976479108746,1.31,LOW,0.57,Stable emotional condition,Negative emotional trajectory
22:30:47,calm,29.5486992757956,disgust,75.98884701728821,LOW,LOW,LOW,CENTER,-3.642868139152551,8.750447178653202,0.0035044262281920713,1.31,LOW,0.57,Stable emotional condition,Negative emotional trajectory
22:30:47,calm,28.948699275795597,disgust,76.00269913673401,LOW,LOW,LOW,CENTER,-3.9563970763189675,9.493512573303235,-0.012650332741715785,1.31,LOW,0.57,Stable emotional condition,Negative emotional trajectory
22:30:47,calm,27.948699275795597,disgust,76.40305757522583,LOW,LOW,LOW,CENTER,-5.748067007638502,9.774026928837056,-0.045872678816274014,1.31,LOW,0.57,Stable emotional condition,Negative emotional trajectory
22:30:47,disgust,27.417255266106228,disgust,76.93814039230347,LOW,LOW,LOW,CENTER,-5.822182550218077,11.622183235502263,-0.03903211088583047,1.31,LOW,0.57,Stable emotional condition,Negative emotional trajectory
22:30:47,disgust,27.206144154995116,disgust,77.39560008049011,LOW,LOW,LOW,CENTER,-6.530229967194351,12.319983362326495,0.0045692127791370045,1.31,LOW,0.57,Stable emotional condition,Negative emotional trajectory
22:30:47,disgust,26.860966370962842,disgust,77.35336422920227,LOW,LOW,LOW,CENTER,-8.30942599151143,13.133056607384313,-0.05915673328785273,1.31,LOW,0.57,Stable emotional condition,Negative emotional trajectory
22:30:47,disgust,27.20435691030292,disgust,76.2441337108612,LOW,LOW,LOW,CENTER,-5.321426297263203,12.536305095200182,-0.056186951986883456,1.21,LOW,0.57,Stable emotional condition,Negative emotional trajectory
22:30:47,disgust,27.45263277237189,disgust,75.69491267204285,LOW,LOW,LOW,CENTER,-6.741293965657339,12.530201782999661,-0.03394050823298757,1.21,LOW,0.56,Stable emotional condition,Negative emotional trajectory
22:30:48,disgust,27.702384756498873,disgust,75.16066431999207,LOW,LOW,LOW,CENTER,-6.525077914162706,13.533482590217593,-0.07544884615287238,1.21,LOW,0.56,Stable emotional condition,Negative emotional trajectory
22:30:48,disgust,27.651122261180117,disgust,75.15105605125427,LOW,LOW,LOW,CENTER,-8.110258246219264,16.338057808425557,-0.0922659334316183,1.21,LOW,0.56,Stable emotional condition,Negative emotional trajectory
22:30:48,disgust,26.409375849696858,disgust,74.74207878112793,LOW,LOW,LOW,CENTER,-11.551990463740955,15.1062041485263,-0.1541904653476722,1.21,LOW,0.55,Stable emotional condition,Negative emotional trajectory
22:30:48,disgust,28.042068468340247,disgust,73.77921342849731,LOW,LOW,LOW,CENTER,-11.369444648210319,13.986816140465985,-0.12610129816229285,1.21,LOW,0.55,Stable emotional condition,Negative emotional trajectory
22:30:48,disgust,27.82496320518235,disgust,73.71827363967896,LOW,LOW,LOW,CENTER,-11.477514273111215,18.48893654489566,-0.15492576490817359,1.21,LOW,0.55,Stable emotional condition,Negative emotional trajectory
22:30:48,disgust,28.042068468340247,disgust,72.2614586353302,LOW,LOW,LOW,CENTER,-8.101466069216912,18.17481574107755,-0.09541736990420285,1.21,LOW,0.55,Stable emotional condition,Negative emotional trajectory
22:30:48,disgust,26.929801914859773,disgust,71.60568833351135,LOW,LOW,LOW,CENTER,-9.255938590256516,17.83771111933092,-0.12589173556871452,1.21,LOW,0.54,Stable emotional condition,Negative emotional trajectory
22:30:48,disgust,27.32496320518235,disgust,70.8001971244812,LOW,LOW,LOW,CENTER,-9.582190990540852,14.597865146381292,-0.16029534703037163,1.21,LOW,0.53,Stable emotional condition,Negative emotional trajectory
22:30:49,disgust,28.042068468340247,disgust,70.5071747303009,LOW,LOW,LOW,CENTER,-12.976160821379203,11.732225236828674,-0.24025941860345487,1.21,LOW,0.54,Stable emotional condition,Negative emotional trajectory
22:30:49,disgust,26.124747810700843,disgust,69.66843008995056,LOW,LOW,LOW,CENTER,-8.839695446148044,10.546280360215668,-0.13704088640146506,1.21,LOW,0.52,Stable emotional condition,Negative emotional trajectory
22:30:49,disgust,27.32496320518235,disgust,69.15870904922485,LOW,LOW,LOW,CENTER,-8.523654951048902,10.494783874382696,-0.11040632658385285,1.21,LOW,0.52,Stable emotional condition,Negative emotional trajectory
22:30:49,disgust,26.82496320518235,disgust,68.69553327560425,LOW,LOW,LOW,CENTER,-7.6612701752080286,12.180884896406543,-0.10846272121391755,1.21,LOW,0.52,Stable emotional condition,Negative emotional trajectory
22:30:49,disgust,26.929801914859773,disgust,67.55416989326477,LOW,LOW,LOW,CENTER,-3.3433608413411102,10.029179365865684,-0.004169213711837555,1.21,LOW,0.51,Stable emotional condition,Negative emotional trajectory
22:30:49,calm,29.901640452266182,disgust,67.25748181343079,LOW,LOW,LOW,CENTER,1.6108169079106975,6.885405053884944,0.07091793999828977,1.21,LOW,0.52,Stable emotional condition,Negative emotional trajectory
22:30:49,calm,36.84416183506982,disgust,69.22321915626526,LOW,LOW,LOW,CENTER,4.073655211968252,3.380241507304757,0.042056484243925316,1.21,LOW,0.56,Stable emotional condition,Negative emotional trajectory
22:30:49,calm,35.59484783388305,disgust,71.27294540405273,LOW,MEDIUM,LOW,CENTER,3.9219874600637508,5.35390924905482,0.04173177112744525,1.21,LOW,0.57,Stable emotional condition,Negative emotional trajectory
22:30:50,calm,35.241906657412464,disgust,73.09046983718872,LOW,MEDIUM,LOW,CENTER,3.91731869918362,4.300111095631457,0.03862702963197216,1.21,LOW,0.58,Stable emotional condition,Negative emotional trajectory
22:30:50,calm,35.241906657412464,disgust,74.45654273033142,LOW,MEDIUM,LOW,CENTER,3.5520518045293885,4.147678197044171,0.044326809505759984,1.21,LOW,0.59,Stable emotional condition,Negative emotional trajectory
22:30:50,calm,35.741906657412464,disgust,75.3291130065918,LOW,MEDIUM,LOW,CENTER,3.6895124128250916,5.5246398815313,0.03986073763580594,1.21,LOW,0.59,Stable emotional condition,Negative emotional trajectory
22:30:50,calm,35.741906657412464,disgust,75.86199045181274,LOW,MEDIUM,LOW,CENTER,2.939457265311211,6.186848383505922,0.0526489970367727,1.21,LOW,0.6,Stable emotional condition,Negative emotional trajectory
22:30:50,calm,35.59484783388305,disgust,76.01809501647949,LOW,MEDIUM,LOW,CENTER,2.6422738276438213,7.733643909881915,0.05140886972342263,1.21,LOW,0.6,Stable emotional condition,Negative emotional trajectory
22:30:50,calm,35.59484783388305,disgust,75.99307894706726,LOW,MEDIUM,LOW,CENTER,1.918043383671071,8.014434261855936,0.047662377009236576,1.21,LOW,0.6,Stable emotional condition,Negative emotional trajectory
22:30:50,calm,35.69232021444367,disgust,75.88973641395569,LOW,MEDIUM,LOW,CENTER,0.9039685574921472,6.645474086497174,0.03664404446587619,1.21,LOW,0.6,Stable emotional condition,Negative emotional trajectory
22:30:50,calm,41.40257574545285,disgust,75.56204199790955,LOW,MEDIUM,LOW,CENTER,0.8777862089803256,7.405906904463834,0.04513986450511395,1.21,LOW,0.62,Stable emotional condition,Negative emotional trajectory
22:30:51,calm,40.6980302909074,disgust,75.17575025558472,LOW,MEDIUM,LOW,CENTER,-0.6732588420611647,8.46187875850022,0.03598064305449129,1.21,LOW,0.61,Stable emotional condition,Negative emotional trajectory
22:30:51,calm,30.20894796717585,disgust,74.84265565872192,LOW,MEDIUM,LOW,CENTER,-2.2146368443441236,6.79557947276577,-0.01080136705671959,1.21,LOW,0.57,Stable emotional condition,Negative emotional trajectory
22:30:51,calm,29.838699275795594,disgust,74.54212307929993,LOW,MEDIUM,LOW,CENTER,-5.017874986517961,8.317400809453751,-0.04328520232528954,1.21,LOW,0.57,Stable emotional condition,Negative emotional trajectory
22:30:51,disgust,27.917255266106228,disgust,74.04955625534058,LOW,MEDIUM,LOW,CENTER,-5.15809603054149,8.591857120511543,-0.033964158703750885,1.21,LOW,0.56,Stable emotional condition,Negative emotional trajectory
22:30:51,calm,27.321448830162797,disgust,73.28649163246155,LOW,MEDIUM,LOW,CENTER,-4.21019652092777,10.6417290426882,-0.012286654140466542,2.25,LOW,0.55,Stable emotional condition,Negative emotional trajectory
22:30:51,calm,30.28203260912893,disgust,72.41583466529846,LOW,MEDIUM,LOW,CENTER,-3.0387477482387895,10.333291208094655,-0.03564033679340891,2.25,LOW,0.56,Stable emotional condition,Negative emotional trajectory
22:30:51,calm,30.94776461963648,disgust,71.80100679397583,LOW,MEDIUM,LOW,CENTER,-4.344859069145465,10.039412483741247,-0.036874055805072505,2.25,LOW,0.55,Stable emotional condition,Negative emotional trajectory
22:30:51,calm,29.34776461963648,disgust,71.02421522140503,LOW,MEDIUM,LOW,CENTER,-3.3131330217150663,10.125368282223512,-0.006754898245666455,2.25,LOW,0.54,Stable emotional condition,Negative emotional trajectory
22:30:52,calm,30.882032609128927,disgust,70.0482189655304,LOW,MEDIUM,LOW,CENTER,-0.8267415522990271,9.885746757968613,0.028189987150997454,2.25,LOW,0.54,Stable emotional condition,Negative emotional trajectory
22:30:52,calm,31.76677317164035,disgust,69.43902373313904,LOW,MEDIUM,LOW,CENTER,-2.083440986303862,8.721303185360764,0.009825862756793815,2.25,LOW,0.54,Stable emotional condition,Negative emotional trajectory
22:30:52,calm,34.024973785599514,disgust,68.92291307449341,LOW,MEDIUM,LOW,CENTER,-2.6751225339420763,8.942882337817734,0.014297953296418087,2.25,LOW,0.55,Stable emotional condition,Negative emotional trajectory
22:30:52,calm,33.2986992757956,disgust,68.83679628372192,LOW,LOW,LOW,CENTER,-4.327987463369849,11.11753021053151,-0.022491839900839132,2.25,LOW,0.55,Stable emotional condition,Negative emotional trajectory
22:30:52,calm,28.597184124280446,disgust,68.13786625862122,LOW,LOW,LOW,CENTER,-1.3218346902917388,7.69934614223662,0.00696829944990668,2.25,LOW,0.52,Stable emotional condition,Negative emotional trajectory
22:30:52,calm,31.789033393946763,disgust,67.94346570968628,LOW,LOW,LOW,CENTER,-1.4078833717367616,7.854450703174281,0.0011500302492468714,2.25,LOW,0.53,Stable emotional condition,Negative emotional trajectory
22:30:52,calm,29.792287025908028,disgust,68.00119280815125,LOW,LOW,LOW,CENTER,-1.3623606354765678,8.587637233815348,-0.0003073585126505738,2.25,LOW,0.53,Stable emotional condition,Negative emotional trajectory
22:30:52,calm,29.425938155851526,disgust,67.98266768455505,LOW,LOW,LOW,CENTER,0.11150084037851324,9.148705604028805,0.032967693007133723,2.25,LOW,0.53,Stable emotional condition,Negative emotional trajectory
22:30:53,calm,33.67006254302181,disgust,68.78781914710999,LOW,LOW,LOW,CENTER,-2.912188643508039,8.201151593665026,-0.02793244671547204,2.25,LOW,0.55,Stable emotional condition,Negative emotional trajectory
22:30:53,calm,28.23120898422442,disgust,69.81481909751892,LOW,LOW,LOW,CENTER,-3.687332927977273,8.204431728376356,-0.007453047840694374,2.25,LOW,0.53,Stable emotional condition,Negative emotional trajectory
22:30:53,calm,28.253251096523886,disgust,70.4091489315033,LOW,LOW,LOW,CENTER,-2.812122154027711,8.036167109723474,-0.027767932255547963,2.25,LOW,0.54,Stable emotional condition,Negative emotional trajectory
22:30:53,calm,30.94776461963648,disgust,70.9665298461914,LOW,LOW,LOW,CENTER,-2.05750951589403,8.549697573090931,-0.029907104660413696,2.25,LOW,0.55,Stable emotional condition,Negative emotional trajectory
22:30:53,calm,30.711448830162798,disgust,72.03114032745361,LOW,LOW,LOW,CENTER,-1.914221760257571,10.892654874538865,-0.011569915071354877,2.25,LOW,0.56,Stable emotional condition,Negative emotional trajectory
22:30:53,calm,29.880365942462262,disgust,73.25912714004517,LOW,LOW,LOW,CENTER,-4.291899339140156,9.839155461901475,-0.031102494662962613,2.25,LOW,0.56,Stable emotional condition,Negative emotional trajectory
22:30:53,calm,27.321448830162797,disgust,73.558109998703,LOW,LOW,LOW,CENTER,-1.4050385692919887,7.915536581190674,-0.00622353554440699,2.25,LOW,0.55,Stable emotional condition,Negative emotional trajectory
22:30:53,calm,32.584271489184864,disgust,74.85164403915405,LOW,LOW,LOW,CENTER,-0.8735630184873462,9.801068069164444,-0.0010647211200991906,2.25,LOW,0.58,Stable emotional condition,Negative emotional trajectory
22:30:54,calm,31.72510650497368,disgust,76.1457085609436,LOW,LOW,LOW,CENTER,-1.5624058099641454,9.152593631045779,-0.005815495971708769,2.25,LOW,0.58,Stable emotional condition,Negative emotional trajectory
22:30:54,calm,33.48429089642175,disgust,77.29230523109436,LOW,LOW,LOW,CENTER,0.11318808473788458,8.965092625343573,0.022246897053529047,2.25,LOW,0.6,Stable emotional condition,Negative emotional trajectory
22:30:54,calm,33.67006254302181,disgust,78.93241047859192,LOW,LOW,LOW,CENTER,-1.9762097381342896,8.930842094379031,-0.0009719529582174897,2.25,LOW,0.61,Stable emotional condition,Negative emotional trajectory
22:30:54,calm,32.672032609128934,disgust,79.85360026359558,LOW,LOW,LOW,CENTER,-2.273548391683353,7.070275341493093,-0.010651646615140254,2.25,LOW,0.61,Stable emotional condition,Negative emotional trajectory
22:30:54,calm,32.672032609128934,disgust,81.55260682106018,LOW,LOW,LOW,CENTER,-0.5628189259164399,9.978002840234904,-0.041650197299075986,2.25,LOW,0.62,Stable emotional condition,Negative emotional trajectory
22:30:54,calm,28.803379869289635,disgust,82.55640268325806,LOW,LOW,LOW,CENTER,-2.530116601887133,8.677678589325248,-0.041834643821427084,2.25,LOW,0.61,Stable emotional condition,Negative emotional trajectory
22:30:55,calm,29.964440283154246,disgust,83.40290188789368,LOW,LOW,LOW,CENTER,-1.2754676887839842,10.106962219912997,-0.051954499628552545,2.25,LOW,0.62,Stable emotional condition,Negative emotional trajectory
22:30:55,calm,27.119256194022505,disgust,82.62860774993896,LOW,LOW,LOW,CENTER,-1.0290981742391356,6.635409255833125,-0.035454307368862556,2.25,LOW,0.6,Stable emotional condition,Negative emotional trajectory
22:30:55,calm,30.248358355059544,disgust,82.66299962997437,LOW,LOW,LOW,CENTER,-1.9041943899740281,7.342299255966375,-0.05514923094972229,2.25,LOW,0.62,Stable emotional condition,Negative emotional trajectory
22:30:55,calm,29.964440283154246,disgust,82.29913115501404,LOW,LOW,LOW,CENTER,-1.4154703469624796,6.939200731101187,-0.03704148301512437,2.25,LOW,0.61,Stable emotional condition,Negative emotional trajectory
22:30:55,calm,31.075263434174676,disgust,82.56136775016785,LOW,LOW,LOW,CENTER,-1.9288087496062123,7.850618402116596,-0.040102925107862356,2.09,LOW,0.62,Stable emotional condition,Negative emotional trajectory
22:30:55,calm,30.711448830162798,disgust,81.86478018760681,LOW,LOW,LOW,CENTER,-2.460647391255068,6.399333453136052,-0.041166539456277476,2.09,LOW,0.61,Stable emotional condition,Negative emotional trajectory
22:30:55,calm,28.464440283154246,disgust,81.97346925735474,LOW,LOW,LOW,CENTER,-2.614912298552226,7.706481931419117,-0.048007982893735535,2.09,LOW,0.61,Stable emotional condition,Negative emotional trajectory
22:30:55,calm,28.061315283154247,disgust,81.90754055976868,LOW,LOW,LOW,CENTER,-1.4622135703067558,7.881609753960819,-0.07426000477253235,2.09,LOW,0.6,Stable emotional condition,Negative emotional trajectory
22:30:56,calm,28.26057156877949,disgust,82.41223692893982,LOW,LOW,LOW,CENTER,0.5728335683395229,8.815585680815033,-0.04670433710962611,2.09,LOW,0.61,Stable emotional condition,Negative emotional trajectory
22:30:56,calm,38.389415167088416,disgust,82.7525794506073,LOW,LOW,LOW,CENTER,0.603432593047304,8.742963658876663,-0.04759493957145319,2.09,LOW,0.65,Stable emotional condition,Negative emotional trajectory
22:30:56,calm,38.812227580462746,disgust,82.2492241859436,LOW,LOW,LOW,CENTER,-0.2900606298582615,7.9743651573770515,-0.052038074552588534,2.09,LOW,0.65,Stable emotional condition,Negative emotional trajectory
22:30:56,calm,30.886534686505613,disgust,81.14613890647888,LOW,LOW,LOW,CENTER,-0.6378875505331624,7.837224245655856,-0.0704736273993841,2.09,LOW,0.61,Stable emotional condition,Negative emotional trajectory
22:30:56,calm,27.6320427231304,disgust,78.62955331802368,LOW,LOW,LOW,CENTER,-0.07960288794025226,7.705476038263771,-0.04693134013952554,2.09,LOW,0.58,Stable emotional condition,Negative emotional trajectory
22:30:56,calm,29.2545049495783,disgust,75.42413473129272,LOW,LOW,LOW,CENTER,-0.2788155105114435,8.547093157983584,-0.07022856171560901,2.09,LOW,0.57,Stable emotional condition,Negative emotional trajectory
22:30:56,calm,29.110509912123995,disgust,71.29360437393188,LOW,LOW,LOW,CENTER,-3.2677450072548444,8.138554873026186,-0.0874487633786043,2.09,LOW,0.54,Stable emotional condition,Negative emotional trajectory
22:30:56,calm,25.574669392896755,disgust,67.60573387145996,LOW,LOW,LOW,CENTER,-2.175970200759495,10.385151416237777,-0.07125018485064097,2.09,LOW,0.51,Stable emotional condition,Negative emotional trajectory
22:30:57,calm,27.454585359283307,disgust,63.104236125946045,LOW,LOW,LOW,CENTER,-3.8407172860369077,10.913726531556588,-0.08983968925243466,2.09,LOW,0.49,Stable emotional condition,Negative emotional trajectory
22:30:57,disgust,25.909375849696858,disgust,56.45817518234253,LOW,LOW,LOW,CENTER,-14.574686029229328,11.330295022541394,-0.057251246989461546,2.09,LOW,0.44,Stable emotional condition,Negative emotional trajectory
22:30:57,calm,27.232898929770787,disgust,51.32906436920166,LOW,LOW,LOW,CENTER,-13.562195656371351,10.727231127706082,-0.05769095538672625,2.09,LOW,0.42,Stable emotional condition,Negative emotional trajectory
22:30:57,disgust,27.051122261180115,disgust,48.32407534122467,LOW,LOW,LOW,CENTER,-10.673711533345454,6.62246471407356,-0.050450819076761355,2.09,LOW,0.4,Stable emotional condition,Negative emotional trajectory
22:30:57,calm,28.60075607262793,disgust,47.946640849113464,LOW,LOW,LOW,CENTER,-10.54450939891901,1.8744028764440146,0.01061611141479961,2.09,LOW,0.4,Stable emotional condition,Negative emotional trajectory
22:30:57,calm,30.897600048225783,disgust,51.21399164199829,LOW,LOW,LOW,CENTER,-6.79769909066645,9.946266106771393,-0.0756732637623893,2.09,LOW,0.43,Stable emotional condition,Negative emotional trajectory
22:30:57,disgust,27.051122261180115,disgust,51.78201198577881,LOW,LOW,LOW,CENTER,-6.645528830463559,10.980189681306285,-0.026724288017809253,2.09,LOW,0.42,Stable emotional condition,Negative emotional trajectory
22:30:57,calm,27.321448830162797,disgust,47.823306918144226,LOW,LOW,LOW,CENTER,-6.918261617062725,10.314114467094527,-0.03206708349581157,2.09,LOW,0.4,Stable emotional condition,Negative emotional trajectory
22:30:58,calm,27.321448830162797,angry,43.65814924240112,LOW,LOW,LOW,CENTER,-4.176358647932507,9.844901003930142,-0.0017386823084050563,2.09,LOW,0.37,Negative emotional state,Stable emotional condition
22:30:58,calm,29.782032609128926,angry,53.59475612640381,LOW,LOW,LOW,CENTER,-2.2662271409933457,8.065082597422688,0.042612129213386654,2.09,LOW,0.44,Negative emotional state,Stable emotional condition
22:30:58,calm,32.8386992757956,angry,63.23181390762329,LOW,LOW,LOW,CENTER,-1.3054600464871677,8.816616413690006,0.05408199897661869,2.09,LOW,0.51,Negative emotional state,Stable emotional condition
22:30:58,calm,32.44379529870868,angry,69.44527626037598,LOW,LOW,LOW,CENTER,-1.688674717555614,7.825185943301715,0.053189898079327246,2.09,LOW,0.55,Negative emotional state,Stable emotional condition
22:30:58,calm,34.057802801183655,angry,72.55948185920715,LOW,LOW,LOW,CENTER,-2.4436789216689454,8.377888644403019,0.03592940820077696,2.09,LOW,0.57,Negative emotional state,Stable emotional condition
22:30:58,calm,32.8386992757956,angry,72.01787829399109,LOW,LOW,LOW,CENTER,-4.737637005773092,11.674138097833001,0.004054337235848363,2.09,LOW,0.56,Negative emotional state,Stable emotional condition
22:30:58,disgust,27.660966370962843,angry,68.92173886299133,LOW,LOW,LOW,CENTER,-3.8355376851584815,11.23637423084223,0.02588936782435759,2.09,LOW,0.52,Negative emotional state,Stable emotional condition
22:30:59,calm,29.15703260912893,angry,62.571173906326294,LOW,LOW,LOW,CENTER,-5.726430121682468,11.154793626477392,-0.010267798640089938,2.09,LOW,0.49,Negative emotional state,Stable emotional condition
22:30:59,calm,27.753251096523883,angry,55.51408529281616,LOW,LOW,LOW,CENTER,-3.872229144125013,10.944004552476143,0.053227182589460555,1.97,LOW,0.44,Negative emotional state,Stable emotional condition
22:30:59,calm,30.436794513890835,disgust,50.04469156265259,LOW,LOW,LOW,CENTER,-3.620550109928114,11.42226969622921,0.03747001564252075,1.97,LOW,0.42,Stable emotional condition,Negative emotional trajectory
22:30:59,calm,31.9486992757956,disgust,56.809741258621216,LOW,LOW,LOW,CENTER,-2.949820898526654,11.242943893055338,0.05875614406715857,1.97,LOW,0.47,Stable emotional condition,Negative emotional trajectory
22:30:59,calm,32.03679451389084,disgust,62.720268964767456,LOW,LOW,LOW,CENTER,-3.083712213989967,10.357544158738468,0.04921864599547192,1.97,LOW,0.5,Stable emotional condition,Negative emotional trajectory
22:30:59,calm,32.03679451389084,disgust,67.35756397247314,LOW,LOW,LOW,CENTER,-2.8406360931852612,10.61573892482882,0.043647073239287945,1.97,LOW,0.53,Stable emotional condition,Negative emotional trajectory
22:30:59,calm,32.5486992757956,disgust,71.06567621231079,LOW,LOW,LOW,CENTER,-3.2235439354118776,9.363670070755711,0.03139423100718169,1.97,LOW,0.56,Stable emotional condition,Negative emotional trajectory
22:31:00,calm,32.0486992757956,disgust,74.4047999382019,LOW,LOW,LOW,CENTER,-5.178408114327408,10.691513108673918,-0.0034909216452882093,1.97,LOW,0.57,Stable emotional condition,Negative emotional trajectory
22:31:00,calm,27.753251096523883,disgust,76.6761302947998,LOW,LOW,LOW,CENTER,-5.3572198049215425,11.739828389038996,-0.01646018906929368,1.97,LOW,0.57,Stable emotional condition,Negative emotional trajectory
22:31:00,disgust,27.76096637096284,disgust,78.28636765480042,LOW,LOW,LOW,CENTER,-6.677679563224666,11.514551926292025,-0.027328994353839807,1.97,LOW,0.58,Stable emotional condition,Negative emotional trajectory
22:31:00,disgust,27.085718089832206,disgust,78.12947630882263,LOW,LOW,LOW,CENTER,0.3023497109050484,8.917757144084224,0.06131320857174364,1.97,LOW,0.58,Stable emotional condition,Negative emotional trajectory
22:31:00,calm,34.21885649127309,disgust,78.43194007873535,LOW,LOW,LOW,CENTER,1.4103487223866784,6.4791446077039945,0.08582790408977167,1.97,LOW,0.61,Stable emotional condition,Negative emotional trajectory
22:31:00,calm,39.8705269813047,disgust,78.86008024215698,LOW,LOW,LOW,CENTER,0.4915434316930675,8.876361771137786,0.08158559467887036,1.97,LOW,0.63,Stable emotional condition,Negative emotional trajectory
22:31:00,calm,36.7354600159876,disgust,79.01151180267334,LOW,LOW,LOW,CENTER,-0.366138691519753,5.854282912625761,0.04399308619893238,1.97,LOW,0.62,Stable emotional condition,Negative emotional trajectory
22:31:01,calm,32.20321023951557,disgust,79.16728258132935,LOW,LOW,LOW,CENTER,-1.3279322011060133,5.1486394583794155,0.03690350639691944,1.97,LOW,0.6,Stable emotional condition,Negative emotional trajectory
22:31:01,calm,32.45570006061344,disgust,79.10060286521912,LOW,LOW,LOW,CENTER,-1.3191641530877587,4.524235359233524,0.03331403324802066,1.97,LOW,0.6,Stable emotional condition,Negative emotional trajectory
22:31:01,calm,32.45570006061344,disgust,79.08335328102112,LOW,LOW,LOW,CENTER,-2.789988623880212,3.4616405592778183,0.03409325031727493,1.97,LOW,0.6,Stable emotional condition,Negative emotional trajectory
22:31:01,calm,32.5486992757956,disgust,78.88894081115723,LOW,LOW,LOW,CENTER,-2.8015954036050115,4.743418727405596,0.03749017978531886,1.97,LOW,0.6,Stable emotional condition,Negative emotional trajectory
22:31:01,calm,32.5486992757956,disgust,78.47228646278381,LOW,LOW,LOW,CENTER,-1.9642678501119903,3.9547449508252184,0.031371654430437775,1.97,LOW,0.6,Stable emotional condition,Negative emotional trajectory
22:31:01,calm,33.3386992757956,disgust,78.14809679985046,LOW,LOW,LOW,CENTER,-2.017725205404562,3.496410002671214,0.0385915510155473,1.97,LOW,0.6,Stable emotional condition,Negative emotional trajectory
22:31:01,calm,33.3386992757956,disgust,77.77228355407715,LOW,LOW,LOW,CENTER,-2.6522052629526414,4.430166731178252,0.03549425289627529,1.97,LOW,0.6,Stable emotional condition,Negative emotional trajectory
22:31:01,calm,33.691640452266185,disgust,77.20529437065125,LOW,LOW,LOW,CENTER,-2.63773322619562,4.130849499981236,0.03351899242621344,1.97,LOW,0.6,Stable emotional condition,Negative emotional trajectory
22:31:02,calm,34.191640452266185,disgust,76.69188976287842,LOW,LOW,LOW,CENTER,-3.1706317615657453,3.7367763449191855,0.026007688631235645,1.97,LOW,0.6,Stable emotional condition,Negative emotional trajectory
22:31:02,calm,32.0486992757956,disgust,76.03237628936768,LOW,LOW,LOW,CENTER,-3.2029538052215614,3.542694099877926,0.021913174682909545,1.97,LOW,0.58,Stable emotional condition,Negative emotional trajectory
22:31:02,calm,32.0486992757956,disgust,75.41689872741699,LOW,LOW,LOW,CENTER,-2.8866291253740863,3.1874635295529776,0.03807029438806831,1.97,LOW,0.58,Stable emotional condition,Negative emotional trajectory
22:31:02,calm,32.5486992757956,disgust,74.86695647239685,LOW,LOW,LOW,CENTER,-2.847287412813369,3.7554718620879357,0.030179100224089393,1.97,LOW,0.58,Stable emotional condition,Negative emotional trajectory
22:31:02,calm,32.5486992757956,disgust,74.22689199447632,LOW,LOW,LOW,CENTER,-3.8975828983836527,1.6231388003822695,0.0006872745277499121,1.97,LOW,0.58,Stable emotional condition,Negative emotional trajectory
22:31:02,disgust,31.59429970429618,disgust,73.86340498924255,LOW,LOW,LOW,CENTER,-4.116746305924237,2.488260131033984,-0.013509796491333088,1.97,LOW,0.57,Stable emotional condition,Negative emotional trajectory
22:31:02,disgust,29.59429970429618,disgust,73.5632836818695,LOW,LOW,LOW,CENTER,-4.4424560291273805,4.831191950648178,-0.0011081968773119912,1.97,LOW,0.56,Stable emotional condition,Negative emotional trajectory
22:31:02,disgust,27.660966370962843,disgust,73.5178291797638,LOW,LOW,LOW,CENTER,-4.382002443487146,6.120621083137464,-0.00623869643299742,1.97,LOW,0.55,Stable emotional condition,Negative emotional trajectory
22:31:03,calm,29.782032609128926,disgust,73.31991195678711,LOW,LOW,LOW,CENTER,-4.314826682853635,5.357227643232319,-0.03570257220070651,1.97,LOW,0.56,Stable emotional condition,Negative emotional trajectory
22:31:03,calm,29.34776461963648,disgust,73.4350323677063,LOW,LOW,LOW,CENTER,-5.476158454123712,6.493441074427966,-0.03888419256018194,1.84,LOW,0.56,Stable emotional condition,Negative emotional trajectory
22:31:03,calm,26.371448830162798,disgust,73.25370907783508,LOW,LOW,LOW,CENTER,-4.992444391001979,5.3972579954650115,-0.03943183324375088,1.84,LOW,0.55,Stable emotional condition,Negative emotional trajectory
22:31:03,calm,28.321448830162794,disgust,73.2085108757019,LOW,LOW,LOW,CENTER,-5.1684120213726,5.43894471301112,-0.0295064172144576,1.84,LOW,0.55,Stable emotional condition,Negative emotional trajectory
22:31:03,calm,28.821448830162794,disgust,73.30762147903442,LOW,LOW,LOW,CENTER,-4.497990179606489,6.2991626744264835,-0.015241387692060496,1.84,LOW,0.56,Stable emotional condition,Negative emotional trajectory
22:31:03,calm,28.990365942462258,disgust,73.25974106788635,LOW,LOW,LOW,CENTER,-4.7965975889784005,5.258480475303125,-0.017895551834544256,1.84,LOW,0.56,Stable emotional condition,Negative emotional trajectory
22:31:03,disgust,27.160966370962843,disgust,73.43515753746033,LOW,LOW,LOW,CENTER,-4.8593807976985754,5.891397880983956,-0.01464717306457196,1.84,LOW,0.55,Stable emotional condition,Negative emotional trajectory
22:31:04,calm,27.540365942462262,disgust,73.54089021682739,LOW,LOW,LOW,CENTER,-4.799538823239614,5.6880374153257796,-0.0038756433778799797,1.84,LOW,0.55,Stable emotional condition,Negative emotional trajectory
22:31:04,calm,29.782032609128926,disgust,74.0995705127716,LOW,LOW,LOW,CENTER,-5.256366507383902,7.315142286338045,-0.02152168113159206,1.84,LOW,0.56,Stable emotional condition,Negative emotional trajectory
22:31:04,calm,29.61536594246226,disgust,74.89205598831177,LOW,LOW,LOW,CENTER,-5.510253354438362,8.466113983230235,-0.038050437667777284,1.84,LOW,0.57,Stable emotional condition,Negative emotional trajectory
22:31:04,calm,28.84776461963648,disgust,75.08451342582703,LOW,LOW,LOW,CENTER,-5.33059281403655,7.418541912544201,-0.03220084697891567,1.84,LOW,0.57,Stable emotional condition,Negative emotional trajectory
22:31:04,calm,26.87144883016279,disgust,75.52639842033386,LOW,LOW,LOW,CENTER,-4.946838022975173,7.7661035697197045,-0.010647211200992025,1.84,LOW,0.56,Stable emotional condition,Negative emotional trajectory
22:31:04,calm,27.540365942462262,disgust,75.78890919685364,LOW,LOW,LOW,CENTER,-6.713703868927404,8.45867218434985,-0.03939108424863191,1.84,LOW,0.56,Stable emotional condition,Negative emotional trajectory
22:31:04,calm,26.63120898422442,disgust,75.87855458259583,LOW,LOW,LOW,CENTER,-5.920136334949823,8.882763942396243,-0.031037122873774387,1.84,LOW,0.56,Stable emotional condition,Negative emotional trajectory
22:31:04,disgust,26.65937880411792,disgust,75.48234462738037,LOW,LOW,LOW,CENTER,-6.263208709673406,8.27063464023797,-0.024031033220431125,1.84,LOW,0.56,Stable emotional condition,Negative emotional trajectory
22:31:05,calm,26.86006927834207,disgust,74.7776210308075,LOW,LOW,LOW,CENTER,-5.22760095306286,6.756341131666259,-0.01455659780426582,1.84,LOW,0.56,Stable emotional condition,Negative emotional trajectory
22:31:05,calm,27.540365942462262,disgust,74.56133365631104,LOW,LOW,LOW,CENTER,-5.839815812143384,7.153652805486878,-0.038993366923544874,1.84,LOW,0.56,Stable emotional condition,Negative emotional trajectory
22:31:05,calm,26.371448830162798,disgust,74.57171082496643,LOW,LOW,LOW,CENTER,-5.535246581700342,7.936521664925437,-0.019854979283842375,1.84,LOW,0.55,Stable emotional condition,Negative emotional trajectory
22:31:05,calm,27.61536594246226,disgust,74.66704249382019,LOW,LOW,LOW,CENTER,-6.293485298226926,8.577160301663222,-0.03211859691616072,1.84,LOW,0.56,Stable emotional condition,Negative emotional trajectory
22:31:05,calm,27.13120898422442,disgust,74.18737411499023,LOW,LOW,LOW,CENTER,-5.769725078489763,7.3199573261109405,-0.04851496156620154,1.84,LOW,0.55,Stable emotional condition,Negative emotional trajectory
22:31:05,calm,26.38420043721587,disgust,74.33630228042603,LOW,LOW,LOW,CENTER,-5.870691207260577,8.094415628158371,-0.04433000618910211,1.84,LOW,0.55,Stable emotional condition,Negative emotional trajectory
22:31:05,disgust,26.37048991522903,disgust,73.85918498039246,LOW,LOW,LOW,CENTER,-7.501213517434076,7.649292771458224,-0.06139558417084343,1.84,LOW,0.55,Stable emotional condition,Negative emotional trajectory
22:31:05,disgust,26.10435691030292,disgust,73.61719608306885,LOW,LOW,LOW,CENTER,-8.134259761561996,8.618267975114085,-0.07799400161041767,1.84,LOW,0.55,Stable emotional condition,Negative emotional trajectory
22:31:06,disgust,25.60435691030292,disgust,73.44419956207275,LOW,LOW,LOW,CENTER,-6.701559861102412,8.93729195204646,-0.06480965999831736,1.84,LOW,0.54,Stable emotional condition,Negative emotional trajectory
22:31:06,disgust,26.10435691030292,disgust,72.97244071960449,LOW,LOW,LOW,CENTER,-6.59207463547575,8.135021860771992,-0.05648209230757617,1.84,LOW,0.54,Stable emotional condition,Negative emotional trajectory
22:31:06,disgust,26.27897205808617,disgust,73.18013310432434,LOW,LOW,LOW,CENTER,-7.231320372358869,9.145662132574428,-0.08118513086119032,1.84,LOW,0.54,Stable emotional condition,Negative emotional trajectory
22:31:06,disgust,25.60435691030292,disgust,74.18465614318848,LOW,LOW,LOW,CENTER,-7.106131340258773,11.158506189293256,-0.0498660178676372,1.84,LOW,0.55,Stable emotional condition,Negative emotional trajectory
22:31:06,calm,28.600756072627938,disgust,74.08745288848877,LOW,LOW,LOW,CENTER,-7.7603504165644255,9.91618480876969,-0.07507416493299351,1.84,LOW,0.56,Stable emotional condition,Negative emotional trajectory
22:31:06,disgust,26.10435691030292,disgust,73.96563291549683,LOW,LOW,LOW,CENTER,-8.042342728507329,9.618530050455732,-0.06646907650792838,1.84,LOW,0.55,Stable emotional condition,Negative emotional trajectory
22:31:06,disgust,26.030696196017207,disgust,71.98391556739807,LOW,LOW,LOW,CENTER,-10.717831087007644,7.509849158425341,-0.08760580328801938,1.84,LOW,0.54,Stable emotional condition,Negative emotional trajectory
22:31:06,disgust,24.908016971506086,disgust,70.72392702102661,LOW,LOW,LOW,CENTER,-10.559738117936798,7.767955601625981,-0.09775208797889418,1.84,LOW,0.52,Stable emotional condition,Negative emotional trajectory
22:31:07,disgust,25.383036563982575,disgust,71.42906785011292,LOW,LOW,LOW,CENTER,-7.816023979727821,10.616128274806448,-0.06479362395699843,1.74,LOW,0.53,Stable emotional condition,Negative emotional trajectory
22:31:07,disgust,26.130696196017205,disgust,70.92168927192688,LOW,LOW,LOW,CENTER,-8.02225852449039,9.389363994977193,-0.05072439883644434,1.74,LOW,0.53,Stable emotional condition,Negative emotional trajectory
22:31:07,calm,28.600756072627938,disgust,70.98100185394287,LOW,LOW,LOW,CENTER,-6.734673208072633,8.958638793056684,-0.013443202199868862,1.74,LOW,0.54,Stable emotional condition,Negative emotional trajectory
22:31:07,calm,30.948699275795594,disgust,72.21450805664062,LOW,LOW,LOW,CENTER,-6.467301682675282,10.252895016352301,-0.023630653145249876,1.74,LOW,0.56,Stable emotional condition,Negative emotional trajectory
22:31:07,calm,29.09718412428044,disgust,74.31440949440002,LOW,LOW,LOW,CENTER,-7.3000302988271315,11.061504758896033,-0.05734028218818434,1.74,LOW,0.56,Stable emotional condition,Negative emotional trajectory
22:31:07,disgust,26.030696196017207,disgust,76.1471688747406,LOW,LOW,LOW,CENTER,-8.449111676013148,10.772246375682068,-0.07241669213759262,1.74,LOW,0.56,Stable emotional condition,Negative emotional trajectory
22:31:07,disgust,26.030696196017207,disgust,76.0447084903717,LOW,LOW,LOW,CENTER,-9.15858570206367,8.381667278101814,-0.09869989668904448,1.74,LOW,0.56,Stable emotional condition,Negative emotional trajectory
22:31:08,disgust,25.383036563982575,disgust,76.75236463546753,LOW,LOW,LOW,CENTER,-8.2149199388428,9.056758791596348,-0.05094276113751502,1.74,LOW,0.56,Stable emotional condition,Negative emotional trajectory
22:31:08,calm,26.38420043721587,disgust,76.60782933235168,LOW,LOW,LOW,CENTER,-8.159262432579258,8.125877701841128,-0.07442583411994494,1.74,LOW,0.57,Stable emotional condition,Negative emotional trajectory
22:31:08,disgust,26.547362862683872,disgust,75.89455842971802,LOW,LOW,LOW,CENTER,-9.322380503783602,7.600471711425988,-0.055833600596827994,1.74,LOW,0.56,Stable emotional condition,Negative emotional trajectory
22:31:08,disgust,26.37048991522903,disgust,77.21892595291138,LOW,LOW,LOW,CENTER,-10.511036314923103,11.462940108711036,-0.11108193485051629,1.74,LOW,0.57,Stable emotional condition,Negative emotional trajectory
22:31:08,disgust,24.771928261828666,disgust,78.47988605499268,LOW,LOW,LOW,CENTER,-10.760831698144036,12.198855880419925,-0.10518623822231198,1.74,LOW,0.57,Stable emotional condition,Negative emotional trajectory
22:31:08,disgust,24.876766971506086,disgust,77.79752612113953,LOW,LOW,LOW,CENTER,-12.4691085079481,10.790141056409913,-0.07777688791542635,1.74,LOW,0.57,Stable emotional condition,Negative emotional trajectory
22:31:08,disgust,24.833882772371886,disgust,78.2092273235321,LOW,LOW,LOW,CENTER,-9.449722403580408,9.771775429011637,-0.05985604820908642,1.74,LOW,0.57,Stable emotional condition,Negative emotional trajectory
22:31:09,disgust,26.10435691030292,disgust,77.15761065483093,LOW,LOW,LOW,CENTER,-11.291283364456733,10.083756272186013,-0.11926936095631964,1.74,LOW,0.57,Stable emotional condition,Negative emotional trajectory
22:31:09,disgust,25.278197854305155,disgust,76.17374062538147,LOW,LOW,LOW,CENTER,-11.07340472059476,9.337257088594857,-0.09048198202941116,1.74,LOW,0.56,Stable emotional condition,Negative emotional trajectory
22:31:09,disgust,25.383036563982575,disgust,75.49670338630676,LOW,LOW,LOW,CENTER,-10.851982279674623,9.673768835225715,-0.0676942732883439,1.74,LOW,0.55,Stable emotional condition,Negative emotional trajectory
22:31:09,disgust,26.551122261180115,disgust,74.8440146446228,LOW,LOW,LOW,CENTER,-11.124004081259715,9.906344908370173,-0.1062616215237943,1.74,LOW,0.56,Stable emotional condition,Negative emotional trajectory
22:31:09,disgust,25.383036563982575,disgust,73.4197199344635,LOW,LOW,LOW,CENTER,-12.69302530044135,9.893781326106302,-0.07906525172851445,1.74,LOW,0.54,Stable emotional condition,Negative emotional trajectory
22:31:09,disgust,26.10435691030292,disgust,73.10600280761719,LOW,LOW,LOW,CENTER,-13.202268690233973,11.092802254483692,-0.12334462164558097,1.74,LOW,0.54,Stable emotional condition,Negative emotional trajectory
22:31:09,disgust,25.70453714001944,disgust,73.36502075195312,LOW,LOW,LOW,CENTER,-10.411923046312769,9.40091653298839,-0.08506171131948012,1.74,LOW,0.54,Stable emotional condition,Negative emotional trajectory
22:31:09,disgust,25.383036563982575,disgust,72.29823470115662,LOW,LOW,LOW,CENTER,-11.236231151938936,8.268409303660631,-0.08545229989640066,1.74,LOW,0.54,Stable emotional condition,Negative emotional trajectory
22:31:10,disgust,25.383036563982575,disgust,71.31213545799255,LOW,LOW,LOW,CENTER,-12.47566720661357,8.835296506521134,-0.11046663349055932,1.74,LOW,0.53,Stable emotional condition,Negative emotional trajectory
22:31:10,disgust,24.803178261828666,disgust,70.82852721214294,LOW,LOW,LOW,CENTER,-13.083972524236637,10.076148114962294,-0.12599674787861376,1.74,LOW,0.52,Stable emotional condition,Negative emotional trajectory
22:31:10,disgust,25.77819785430516,disgust,70.83691358566284,LOW,LOW,LOW,CENTER,-11.201691099584059,7.71031313752466,-0.11315511236997601,1.74,LOW,0.53,Stable emotional condition,Negative emotional trajectory
22:31:10,disgust,24.778197854305155,disgust,70.31365036964417,LOW,LOW,LOW,CENTER,-11.447512276020548,8.965267566461215,-0.10540828711602358,1.74,LOW,0.52,Stable emotional condition,Negative emotional trajectory
22:31:10,disgust,24.908016971506086,disgust,70.18225193023682,LOW,LOW,LOW,CENTER,-11.483995964498765,8.942931490231251,-0.10654750306449601,1.74,LOW,0.52,Stable emotional condition,Negative emotional trajectory
22:31:10,disgust,25.309375849696856,disgust,70.84835171699524,LOW,LOW,LOW,CENTER,-9.500556008482251,9.001175478754263,-0.07782909899108757,1.74,LOW,0.53,Stable emotional condition,Negative emotional trajectory
22:31:10,disgust,26.10435691030292,disgust,71.5627372264862,LOW,LOW,LOW,CENTER,-6.998641868309845,6.017302336325256,0.03384713664416056,1.74,LOW,0.53,Stable emotional condition,Negative emotional trajectory
22:31:10,calm,29.586584429857222,disgust,71.47114276885986,LOW,LOW,LOW,CENTER,-7.43973098795398,4.122353531237375,0.023339017246936145,1.74,LOW,0.55,Stable emotional condition,Negative emotional trajectory
22:31:11,calm,28.8236992757956,disgust,71.81470990180969,LOW,LOW,LOW,CENTER,-2.1007117471517756,3.2318068607047783,0.04173177112744525,1.65,LOW,0.55,Stable emotional condition,Negative emotional trajectory
22:31:11,calm,33.50536594246226,disgust,69.76582407951355,LOW,LOW,LOW,CENTER,-2.347841306569131,3.531486010017456,0.036186162378685965,1.65,LOW,0.55,Stable emotional condition,Negative emotional trajectory
22:31:11,calm,33.50536594246226,disgust,68.77312064170837,LOW,LOW,LOW,CENTER,-2.456036718711304,2.867721436555025,0.04150136699685697,1.65,LOW,0.55,Stable emotional condition,Negative emotional trajectory
22:31:11,calm,33.50536594246226,disgust,69.01686191558838,LOW,LOW,LOW,CENTER,-2.9209175539358814,2.8363063054425304,0.03339899649043598,1.65,LOW,0.55,Stable emotional condition,Negative emotional trajectory
