emotion,visual_emotion_confidence,temporal_emotion,final_emotion,stress_level,visual_stress,cognitive_load,deception_risk,visual_cognitive_state,cognitive_confidence,fusion_confidence,temporal_state,blink_count,movement_score,gaze_direction,gaze_stability,gaze_shift_frequency,head_pose,audio_emotion,audio_confidence,audio_stress,audio_stress_confidence,speech_intensity,emotion_agreement,fused_stress,fused_stress_score,fusion_score,risk_score,risk_level,risk_breakdown,cognitive_state,timestamp
neutral,0.89,neutral,neutral,LOW,LOW,LOW,LOW,FOCUSED,0.91,0.89,STABLE,0,0,CENTER,1.0,0,"{'yaw': -8.21, 'pitch': 17.56, 'roll': -0.2}",neutral,0.0,LOW,0.0,0.0,,LOW,0.0,3.0,0.0,LOW,"{'visual_stress': 0.0, 'audio_stress': 0.0, 'emotion_instability': 0.0, 'eye_avoidance': 0.0, 'head_movement': 0.0}",Stable emotional condition,2026-07-05 18:42:17
neutral,0.89,neutral,neutral,LOW,LOW,LOW,LOW,FOCUSED,0.93,0.89,STABLE,0,0,CENTER,1.0,0,"{'yaw': -8.53, 'pitch': 15.08, 'roll': -0.18}",neutral,0.0,LOW,0.0,0.0,,LOW,0.0,3.0,0.0,LOW,"{'visual_stress': 0.0, 'audio_stress': 0.0, 'emotion_instability': 0.0, 'eye_avoidance': 0.0, 'head_movement': 0.0}",Stable emotional condition,2026-07-05 18:42:17
neutral,0.98,neutral,neutral,LOW,LOW,LOW,LOW,FOCUSED,0.91,0.98,STABLE,0,0,CENTER,1.0,0,"{'yaw': -8.31, 'pitch': 15.64, 'roll': -0.22}",neutral,0.0,LOW,0.0,0.0,,LOW,0.0,3.0,0.0,LOW,"{'visual_stress': 0.0, 'audio_stress': 0.0, 'emotion_instability': 0.0, 'eye_avoidance': 0.0, 'head_movement': 0.0}",Stable emotional condition,2026-07-05 18:42:17
neutral,0.98,neutral,neutral,LOW,LOW,LOW,LOW,FOCUSED,0.89,0.98,STABLE,0,0,CENTER,1.0,0,"{'yaw': -8.66, 'pitch': 15.59, 'roll': -0.21}",neutral,0.0,LOW,0.0,0.0,,LOW,0.0,3.0,0.0,LOW,"{'visual_stress': 0.0, 'audio_stress': 0.0, 'emotion_instability': 0.0, 'eye_avoidance': 0.0, 'head_movement': 0.0}",Stable emotional condition,2026-07-05 18:42:18
neutral,0.97,neutral,neutral,LOW,LOW,LOW,LOW,FOCUSED,1.0,0.97,STABLE,1,1.61,CENTER,1.0,0,"{'yaw': -9.85, 'pitch': 14.61, 'roll': -0.2}",neutral,0.0,LOW,0.0,0.0,,LOW,0.0,4.1,0.3,LOW,"{'visual_stress': 0.0, 'audio_stress': 0.0, 'emotion_instability': 0.0, 'eye_avoidance': 0.0, 'head_movement': 0.8}",Stable emotional condition,2026-07-05 18:42:18
neutral,0.93,neutral,neutral,LOW,LOW,LOW,LOW,FOCUSED,1.0,0.93,STABLE,1,1.86,CENTER,1.0,0,"{'yaw': -8.7, 'pitch': 13.18, 'roll': -0.21}",neutral,0.0,LOW,0.0,0.0,,LOW,0.0,4.3,0.6,LOW,"{'visual_stress': 0.0, 'audio_stress': 0.0, 'emotion_instability': 0.0, 'eye_avoidance': 0.0, 'head_movement': 0.9}",Stable emotional condition,2026-07-05 18:42:18
neutral,0.95,neutral,neutral,LOW,LOW,LOW,LOW,FOCUSED,0.76,0.95,STABLE,1,3.2,CENTER,1.0,0,"{'yaw': -6.33, 'pitch': 10.0, 'roll': -0.16}",neutral,0.0,LOW,0.0,0.0,,LOW,0.0,4.9,1.0,LOW,"{'visual_stress': 0.0, 'audio_stress': 0.0, 'emotion_instability': 0.0, 'eye_avoidance': 0.0, 'head_movement': 1.6}",Stable emotional condition,2026-07-05 18:42:19
neutral,0.96,neutral,neutral,LOW,LOW,LOW,LOW,FOCUSED,0.77,0.96,STABLE,1,4.63,CENTER,1.0,0,"{'yaw': -3.17, 'pitch': 9.45, 'roll': -0.15}",neutral,0.0,LOW,0.0,0.0,,LOW,0.0,5.6,1.5,LOW,"{'visual_stress': 0.0, 'audio_stress': 0.0, 'emotion_instability': 0.0, 'eye_avoidance': 0.0, 'head_movement': 2.3}",Stable emotional condition,2026-07-05 18:42:19
neutral,0.84,neutral,neutral,LOW,LOW,LOW,LOW,FOCUSED,0.67,0.84,STABLE,1,5.25,CENTER,1.0,0,"{'yaw': -2.18, 'pitch': 10.78, 'roll': -0.15}",neutral,0.0,LOW,0.0,0.0,,LOW,0.0,6.0,1.9,LOW,"{'visual_stress': 0.0, 'audio_stress': 0.0, 'emotion_instability': 0.0, 'eye_avoidance': 0.0, 'head_movement': 2.6}",Stable emotional condition,2026-07-05 18:42:19
neutral,0.97,neutral,neutral,LOW,LOW,LOW,LOW,FOCUSED,0.74,0.97,STABLE,1,6.25,CENTER,1.0,0,"{'yaw': 0.79, 'pitch': 9.33, 'roll': -0.12}",neutral,0.0,LOW,0.0,0.0,,LOW,0.0,6.5,2.4,LOW,"{'visual_stress': 0.0, 'audio_stress': 0.0, 'emotion_instability': 0.0, 'eye_avoidance': 0.0, 'head_movement': 3.1}",Stable emotional condition,2026-07-05 18:42:20
neutral,0.87,neutral,neutral,LOW,LOW,LOW,LOW,FOCUSED,0.67,0.87,STABLE,1,7.72,CENTER,1.0,0,"{'yaw': 4.5, 'pitch': 7.28, 'roll': -0.04}",neutral,0.0,LOW,0.0,0.0,,LOW,0.0,7.2,3.0,LOW,"{'visual_stress': 0.0, 'audio_stress': 0.0, 'emotion_instability': 0.0, 'eye_avoidance': 0.0, 'head_movement': 3.9}",Stable emotional condition,2026-07-05 18:42:20
neutral,0.94,neutral,neutral,LOW,LOW,LOW,LOW,FOCUSED,0.67,0.94,STABLE,1,8.52,CENTER,1.0,0,"{'yaw': 4.26, 'pitch': 7.0, 'roll': -0.04}",neutral,0.0,LOW,0.0,0.0,,LOW,0.0,7.6,3.5,LOW,"{'visual_stress': 0.0, 'audio_stress': 0.0, 'emotion_instability': 0.0, 'eye_avoidance': 0.0, 'head_movement': 4.3}",Stable emotional condition,2026-07-05 18:42:20
neutral,0.99,neutral,neutral,LOW,LOW,LOW,LOW,FOCUSED,0.67,0.99,STABLE,1,9.02,CENTER,1.0,0,"{'yaw': 3.73, 'pitch': 6.36, 'roll': -0.02}",neutral,0.0,LOW,0.0,0.0,,LOW,0.0,7.8,3.9,LOW,"{'visual_stress': 0.0, 'audio_stress': 0.0, 'emotion_instability': 0.0, 'eye_avoidance': 0.0, 'head_movement': 4.5}",Stable emotional condition,2026-07-05 18:42:21
neutral,1.0,neutral,neutral,LOW,LOW,LOW,LOW,FOCUSED,0.74,1.0,STABLE,1,9.3,CENTER,1.0,0,"{'yaw': 3.69, 'pitch': 6.46, 'roll': -0.04}",neutral,0.0,LOW,0.0,0.0,,LOW,0.0,8.0,4.2,LOW,"{'visual_stress': 0.0, 'audio_stress': 0.0, 'emotion_instability': 0.0, 'eye_avoidance': 0.0, 'head_movement': 4.7}",Stable emotional condition,2026-07-05 18:42:21
neutral,0.97,neutral,neutral,LOW,LOW,LOW,LOW,FOCUSED,0.67,0.97,STABLE,1,9.33,CENTER,1.0,0,"{'yaw': 3.04, 'pitch': 7.75, 'roll': -0.05}",neutral,0.0,LOW,0.0,0.0,,LOW,0.0,8.0,4.4,LOW,"{'visual_stress': 0.0, 'audio_stress': 0.0, 'emotion_instability': 0.0, 'eye_avoidance': 0.0, 'head_movement': 4.7}",Stable emotional condition,2026-07-05 18:42:21
neutral,0.93,neutral,neutral,LOW,LOW,LOW,LOW,FOCUSED,0.73,0.93,STABLE,1,9.31,CENTER,1.0,0,"{'yaw': 2.82, 'pitch': 7.6, 'roll': -0.06}",neutral,0.0,LOW,0.0,0.0,,LOW,0.0,8.0,4.5,LOW,"{'visual_stress': 0.0, 'audio_stress': 0.0, 'emotion_instability': 0.0, 'eye_avoidance': 0.0, 'head_movement': 4.7}",Stable emotional condition,2026-07-05 18:42:22
neutral,0.91,neutral,neutral,LOW,LOW,LOW,LOW,FOCUSED,0.67,0.91,STABLE,1,9.23,CENTER,1.0,0,"{'yaw': 2.69, 'pitch': 8.25, 'roll': -0.03}",neutral,0.0,LOW,0.0,0.0,,LOW,0.0,7.9,4.6,LOW,"{'visual_stress': 0.0, 'audio_stress': 0.0, 'emotion_instability': 0.0, 'eye_avoidance': 0.0, 'head_movement': 4.6}",Stable emotional condition,2026-07-05 18:42:22
neutral,0.78,neutral,neutral,LOW,LOW,LOW,LOW,FOCUSED,0.67,0.78,STABLE,1,9.14,CENTER,1.0,0,"{'yaw': 2.26, 'pitch': 7.72, 'roll': -0.04}",neutral,0.0,LOW,0.0,0.0,,LOW,0.0,7.9,4.6,LOW,"{'visual_stress': 0.0, 'audio_stress': 0.0, 'emotion_instability': 0.0, 'eye_avoidance': 0.0, 'head_movement': 4.6}",Stable emotional condition,2026-07-05 18:42:22
neutral,0.91,neutral,neutral,LOW,LOW,LOW,LOW,FOCUSED,0.67,0.91,STABLE,1,8.95,CENTER,1.0,0,"{'yaw': 0.09, 'pitch': 8.48, 'roll': -0.1}",neutral,0.0,LOW,0.0,0.0,,LOW,0.0,7.8,4.5,LOW,"{'visual_stress': 0.0, 'audio_stress': 0.0, 'emotion_instability': 0.0, 'eye_avoidance': 0.0, 'head_movement': 4.5}",Stable emotional condition,2026-07-05 18:42:23
neutral,0.9,neutral,neutral,LOW,LOW,LOW,LOW,FOCUSED,0.67,0.63,STABLE,1,8.73,CENTER,1.0,0,"{'yaw': -2.06, 'pitch': 8.97, 'roll': -0.14}",fear,0.22666666666666666,medium,0.47,0.0082,False,LOW,0.0,7.7,4.5,LOW,"{'visual_stress': 0.0, 'audio_stress': 0.0, 'emotion_instability': 0.0, 'eye_avoidance': 0.0, 'head_movement': 4.4}",Stable emotional condition,2026-07-05 18:42:32
neutral,0.88,neutral,neutral,LOW,LOW,LOW,LOW,FOCUSED,0.73,0.616,STABLE,1,8.52,CENTER,1.0,0,"{'yaw': -1.96, 'pitch': 9.91, 'roll': -0.14}",fear,0.22666666666666666,medium,0.47,0.0082,False,LOW,0.0,7.6,4.4,LOW,"{'visual_stress': 0.0, 'audio_stress': 0.0, 'emotion_instability': 0.0, 'eye_avoidance': 0.0, 'head_movement': 4.3}",Stable emotional condition,2026-07-05 18:42:33
neutral,0.91,neutral,neutral,LOW,LOW,LOW,LOW,FOCUSED,0.73,0.637,STABLE,1,8.34,CENTER,1.0,0,"{'yaw': -1.32, 'pitch': 9.16, 'roll': -0.12}",fear,0.22666666666666666,medium,0.47,0.0082,False,LOW,0.0,7.5,4.3,LOW,"{'visual_stress': 0.0, 'audio_stress': 0.0, 'emotion_instability': 0.0, 'eye_avoidance': 0.0, 'head_movement': 4.2}",Stable emotional condition,2026-07-05 18:42:33
neutral,0.97,neutral,neutral,LOW,LOW,LOW,LOW,FOCUSED,0.73,0.679,STABLE,1,8.17,CENTER,1.0,0,"{'yaw': -1.32, 'pitch': 8.91, 'roll': -0.12}",fear,0.22666666666666666,medium,0.47,0.0082,False,LOW,0.0,7.4,4.2,LOW,"{'visual_stress': 0.0, 'audio_stress': 0.0, 'emotion_instability': 0.0, 'eye_avoidance': 0.0, 'head_movement': 4.1}",Stable emotional condition,2026-07-05 18:42:33
neutral,0.95,neutral,neutral,LOW,LOW,LOW,LOW,FOCUSED,0.76,0.665,STABLE,2,8.0,CENTER,1.0,0,"{'yaw': -2.92, 'pitch': 10.39, 'roll': -0.17}",fear,0.22666666666666666,medium,0.47,0.0082,False,LOW,0.0,7.7,4.1,LOW,"{'visual_stress': 0.0, 'audio_stress': 0.0, 'emotion_instability': 0.0, 'eye_avoidance': 0.0, 'head_movement': 4.0}",Stable emotional condition,2026-07-05 18:42:34
neutral,0.98,neutral,neutral,LOW,LOW,LOW,LOW,FOCUSED,0.67,0.686,STABLE,2,7.87,CENTER,1.0,0,"{'yaw': -1.66, 'pitch': 12.46, 'roll': -0.15}",fear,0.22666666666666666,medium,0.47,0.0082,False,LOW,0.0,7.6,4.0,LOW,"{'visual_stress': 0.0, 'audio_stress': 0.0, 'emotion_instability': 0.0, 'eye_avoidance': 0.0, 'head_movement': 3.9}",Stable emotional condition,2026-07-05 18:42:34
neutral,0.99,neutral,neutral,LOW,LOW,LOW,LOW,FOCUSED,0.77,0.693,STABLE,2,7.75,CENTER,1.0,0,"{'yaw': -3.11, 'pitch': 12.48, 'roll': -0.18}",fear,0.22666666666666666,medium,0.47,0.0082,False,LOW,0.0,7.5,4.0,LOW,"{'visual_stress': 0.0, 'audio_stress': 0.0, 'emotion_instability': 0.0, 'eye_avoidance': 0.0, 'head_movement': 3.9}",Stable emotional condition,2026-07-05 18:42:34
neutral,0.99,neutral,neutral,LOW,LOW,LOW,LOW,FOCUSED,0.76,0.693,STABLE,2,7.63,CENTER,1.0,0,"{'yaw': -3.9, 'pitch': 10.4, 'roll': -0.18}",fear,0.22666666666666666,medium,0.47,0.0082,False,LOW,0.0,7.5,3.9,LOW,"{'visual_stress': 0.0, 'audio_stress': 0.0, 'emotion_instability': 0.0, 'eye_avoidance': 0.0, 'head_movement': 3.8}",Stable emotional condition,2026-07-05 18:42:35
neutral,0.92,neutral,neutral,LOW,LOW,LOW,LOW,FOCUSED,0.76,0.644,STABLE,2,7.5,CENTER,1.0,0,"{'yaw': -3.06, 'pitch': 9.67, 'roll': -0.16}",fear,0.22666666666666666,medium,0.47,0.0082,False,LOW,0.0,7.4,3.9,LOW,"{'visual_stress': 0.0, 'audio_stress': 0.0, 'emotion_instability': 0.0, 'eye_avoidance': 0.0, 'head_movement': 3.8}",Stable emotional condition,2026-07-05 18:42:35
neutral,0.82,neutral,neutral,LOW,LOW,LOW,LOW,FOCUSED,0.73,0.574,STABLE,2,7.37,CENTER,1.0,0,"{'yaw': -1.52, 'pitch': 10.97, 'roll': -0.16}",fear,0.22666666666666666,medium,0.47,0.0082,False,LOW,0.0,7.4,3.8,LOW,"{'visual_stress': 0.0, 'audio_stress': 0.0, 'emotion_instability': 0.0, 'eye_avoidance': 0.0, 'head_movement': 3.7}",Stable emotional condition,2026-07-05 18:42:35
neutral,0.99,neutral,neutral,LOW,LOW,LOW,LOW,FOCUSED,0.73,0.693,STABLE,2,7.25,CENTER,1.0,0,"{'yaw': -0.96, 'pitch': 10.42, 'roll': -0.13}",fear,0.5733333333333334,medium,0.3567,0.0441,False,LOW,0.0,7.3,3.7,LOW,"{'visual_stress': 0.0, 'audio_stress': 0.0, 'emotion_instability': 0.0, 'eye_avoidance': 0.0, 'head_movement': 3.6}",Stable emotional condition,2026-07-05 18:42:36
neutral,0.99,neutral,neutral,LOW,LOW,LOW,LOW,FOCUSED,0.67,0.693,STABLE,2,6.77,CENTER,1.0,0,"{'yaw': -1.67, 'pitch': 10.48, 'roll': -0.12}",fear,0.5733333333333334,medium,0.3567,0.0441,False,LOW,0.0,7.1,3.6,LOW,"{'visual_stress': 0.0, 'audio_stress': 0.0, 'emotion_instability': 0.0, 'eye_avoidance': 0.0, 'head_movement': 3.4}",Stable emotional condition,2026-07-05 18:42:36
neutral,0.99,neutral,neutral,LOW,LOW,LOW,LOW,FOCUSED,0.74,0.693,STABLE,2,6.41,CENTER,1.0,0,"{'yaw': -1.17, 'pitch': 9.79, 'roll': -0.12}",fear,0.5733333333333334,medium,0.3567,0.0441,False,LOW,0.0,6.9,3.4,LOW,"{'visual_stress': 0.0, 'audio_stress': 0.0, 'emotion_instability': 0.0, 'eye_avoidance': 0.0, 'head_movement': 3.2}",Stable emotional condition,2026-07-05 18:42:37
neutral,0.99,neutral,neutral,LOW,LOW,LOW,LOW,FOCUSED,0.67,0.693,STABLE,2,5.96,CENTER,1.0,0,"{'yaw': -1.3, 'pitch': 10.08, 'roll': -0.12}",fear,0.5733333333333334,medium,0.3567,0.0441,False,LOW,0.0,6.6,3.3,LOW,"{'visual_stress': 0.0, 'audio_stress': 0.0, 'emotion_instability': 0.0, 'eye_avoidance': 0.0, 'head_movement': 3.0}",Stable emotional condition,2026-07-05 18:42:37
neutral,0.99,neutral,neutral,LOW,LOW,LOW,LOW,FOCUSED,0.72,0.693,STABLE,2,5.42,CENTER,1.0,0,"{'yaw': -1.76, 'pitch': 10.19, 'roll': -0.12}",fear,0.5733333333333334,medium,0.3567,0.0441,False,LOW,0.0,6.4,3.0,LOW,"{'visual_stress': 0.0, 'audio_stress': 0.0, 'emotion_instability': 0.0, 'eye_avoidance': 0.0, 'head_movement': 2.7}",Stable emotional condition,2026-07-05 18:42:37
neutral,0.93,neutral,neutral,LOW,LOW,LOW,LOW,FOCUSED,0.76,0.651,STABLE,3,4.77,CENTER,1.0,0,"{'yaw': -2.01, 'pitch': 9.29, 'roll': -0.13}",fear,0.5733333333333334,medium,0.3567,0.0441,False,LOW,0.0,6.4,2.8,LOW,"{'visual_stress': 0.0, 'audio_stress': 0.0, 'emotion_instability': 0.0, 'eye_avoidance': 0.0, 'head_movement': 2.4}",Stable emotional condition,2026-07-05 18:42:37
neutral,0.97,neutral,neutral,LOW,LOW,LOW,LOW,FOCUSED,0.74,0.679,STABLE,3,4.29,CENTER,1.0,0,"{'yaw': -2.92, 'pitch': 10.38, 'roll': -0.14}",fear,0.5733333333333334,medium,0.3567,0.0441,False,LOW,0.0,6.1,2.5,LOW,"{'visual_stress': 0.0, 'audio_stress': 0.0, 'emotion_instability': 0.0, 'eye_avoidance': 0.0, 'head_movement': 2.1}",Stable emotional condition,2026-07-05 18:42:38
neutral,0.98,neutral,neutral,LOW,LOW,LOW,LOW,FOCUSED,0.75,0.686,STABLE,3,4.13,CENTER,1.0,0,"{'yaw': -2.96, 'pitch': 10.59, 'roll': -0.13}",fear,0.5733333333333334,medium,0.3567,0.0441,False,LOW,0.0,6.1,2.3,LOW,"{'visual_stress': 0.0, 'audio_stress': 0.0, 'emotion_instability': 0.0, 'eye_avoidance': 0.0, 'head_movement': 2.1}",Stable emotional condition,2026-07-05 18:42:38
neutral,0.96,neutral,neutral,LOW,LOW,LOW,LOW,FOCUSED,0.67,0.672,STABLE,3,4.13,CENTER,1.0,0,"{'yaw': -2.92, 'pitch': 10.13, 'roll': -0.15}",fear,0.5733333333333334,medium,0.3567,0.0441,False,LOW,0.0,6.1,2.2,LOW,"{'visual_stress': 0.0, 'audio_stress': 0.0, 'emotion_instability': 0.0, 'eye_avoidance': 0.0, 'head_movement': 2.1}",Stable emotional condition,2026-07-05 18:42:38
neutral,0.94,neutral,neutral,LOW,LOW,LOW,LOW,FOCUSED,0.76,0.658,STABLE,3,4.16,CENTER,1.0,0,"{'yaw': -2.66, 'pitch': 11.37, 'roll': -0.15}",fear,0.5733333333333334,medium,0.3567,0.0441,False,LOW,0.0,6.1,2.2,LOW,"{'visual_stress': 0.0, 'audio_stress': 0.0, 'emotion_instability': 0.0, 'eye_avoidance': 0.0, 'head_movement': 2.1}",Stable emotional condition,2026-07-05 18:42:39
neutral,0.92,neutral,neutral,LOW,LOW,LOW,LOW,FOCUSED,0.75,0.644,STABLE,3,4.25,CENTER,1.0,0,"{'yaw': -2.16, 'pitch': 12.31, 'roll': -0.16}",fear,0.53,medium,0.3933,0.05,False,LOW,0.0,6.1,2.2,LOW,"{'visual_stress': 0.0, 'audio_stress': 0.0, 'emotion_instability': 0.0, 'eye_avoidance': 0.0, 'head_movement': 2.1}",Stable emotional condition,2026-07-05 18:42:39
neutral,0.86,neutral,neutral,LOW,LOW,LOW,LOW,FOCUSED,0.74,0.602,STABLE,3,4.1,CENTER,1.0,0,"{'yaw': -1.58, 'pitch': 12.5, 'roll': -0.16}",fear,0.53,medium,0.3933,0.05,False,LOW,0.0,6.0,2.1,LOW,"{'visual_stress': 0.0, 'audio_stress': 0.0, 'emotion_instability': 0.0, 'eye_avoidance': 0.0, 'head_movement': 2.1}",Stable emotional condition,2026-07-05 18:42:40
neutral,0.92,neutral,neutral,LOW,LOW,LOW,LOW,FOCUSED,0.75,0.644,STABLE,3,3.88,CENTER,1.0,0,"{'yaw': -2.36, 'pitch': 11.88, 'roll': -0.16}",fear,0.53,medium,0.3933,0.05,False,LOW,0.0,5.9,2.0,LOW,"{'visual_stress': 0.0, 'audio_stress': 0.0, 'emotion_instability': 0.0, 'eye_avoidance': 0.0, 'head_movement': 1.9}",Stable emotional condition,2026-07-05 18:42:40
neutral,0.73,neutral,neutral,LOW,LOW,LOW,LOW,FOCUSED,0.67,0.511,STABLE,3,3.59,CENTER,1.0,0,"{'yaw': -1.66, 'pitch': 11.66, 'roll': -0.17}",fear,0.53,medium,0.3933,0.05,False,LOW,0.0,5.8,1.9,LOW,"{'visual_stress': 0.0, 'audio_stress': 0.0, 'emotion_instability': 0.0, 'eye_avoidance': 0.0, 'head_movement': 1.8}",Stable emotional condition,2026-07-05 18:42:40
neutral,0.86,neutral,neutral,LOW,LOW,LOW,LOW,FOCUSED,0.76,0.602,STABLE,3,3.24,CENTER,1.0,0,"{'yaw': -2.1, 'pitch': 9.27, 'roll': -0.17}",fear,0.53,medium,0.3933,0.05,False,LOW,0.0,5.6,1.8,LOW,"{'visual_stress': 0.0, 'audio_stress': 0.0, 'emotion_instability': 0.0, 'eye_avoidance': 0.0, 'head_movement': 1.6}",Stable emotional condition,2026-07-05 18:42:40
neutral,0.78,neutral,neutral,LOW,LOW,LOW,LOW,FOCUSED,0.71,0.546,STABLE,3,3.0,CENTER,1.0,0,"{'yaw': -0.16, 'pitch': 9.17, 'roll': -0.14}",fear,0.53,medium,0.3933,0.05,False,LOW,0.0,5.5,1.7,LOW,"{'visual_stress': 0.0, 'audio_stress': 0.0, 'emotion_instability': 0.0, 'eye_avoidance': 0.0, 'head_movement': 1.5}",Stable emotional condition,2026-07-05 18:42:41
neutral,0.59,neutral,neutral,LOW,LOW,LOW,LOW,FOCUSED,0.81,0.413,STABLE,3,2.8,CENTER,1.0,0,"{'yaw': 1.17, 'pitch': 9.24, 'roll': -0.09}",fear,0.53,medium,0.3933,0.05,False,LOW,0.0,5.4,1.6,LOW,"{'visual_stress': 0.0, 'audio_stress': 0.0, 'emotion_instability': 0.0, 'eye_avoidance': 0.0, 'head_movement': 1.4}",Stable emotional condition,2026-07-05 18:42:41
neutral,0.73,neutral,neutral,LOW,LOW,LOW,LOW,FOCUSED,0.82,0.511,STABLE,3,2.64,CENTER,1.0,0,"{'yaw': 1.36, 'pitch': 9.18, 'roll': -0.12}",fear,0.53,medium,0.3933,0.05,False,LOW,0.0,5.3,1.5,LOW,"{'visual_stress': 0.0, 'audio_stress': 0.0, 'emotion_instability': 0.0, 'eye_avoidance': 0.0, 'head_movement': 1.3}",Stable emotional condition,2026-07-05 18:42:41
neutral,0.38,neutral,fear,LOW,LOW,LOW,LOW,FOCUSED,0.73,0.371,STABLE,3,2.95,CENTER,1.0,0,"{'yaw': 4.77, 'pitch': 7.29, 'roll': -0.08}",fear,0.53,medium,0.3933,0.05,False,LOW,0.0,17.5,1.7,LOW,"{'visual_stress': 0.0, 'audio_stress': 0.0, 'emotion_instability': 0.5, 'eye_avoidance': 0.0, 'head_movement': 1.5}",Negative emotional state,2026-07-05 18:42:42
sad,0.61,sad,sad,LOW,LOW,LOW,LOW,FOCUSED,0.73,0.427,FLUCTUATING,3,3.37,CENTER,1.0,0,"{'yaw': 5.36, 'pitch': 7.91, 'roll': -0.1}",fear,0.53,medium,0.3933,0.05,False,LOW,0.0,17.7,2.1,LOW,"{'visual_stress': 0.0, 'audio_stress': 0.0, 'emotion_instability': 1.0, 'eye_avoidance': 0.0, 'head_movement': 1.7}",Stable emotional condition,2026-07-05 18:42:42
angry,0.41,angry,angry,LOW,LOW,LOW,LOW,FOCUSED,0.76,0.657,FLUCTUATING,4,3.79,CENTER,1.0,0,"{'yaw': 5.03, 'pitch': 6.8, 'roll': -0.11}",angry,0.7033333333333334,medium,0.4233,0.0607,True,LOW,0.0,18.2,2.7,LOW,"{'visual_stress': 0.0, 'audio_stress': 0.0, 'emotion_instability': 1.6, 'eye_avoidance': 0.0, 'head_movement': 1.9}",Negative emotional state,2026-07-05 18:42:43
sad,0.95,sad,sad,LOW,LOW,LOW,LOW,FOCUSED,0.72,0.665,FLUCTUATING,4,4.09,CENTER,1.0,0,"{'yaw': 4.56, 'pitch': 7.11, 'roll': -0.11}",angry,0.7033333333333334,medium,0.4233,0.0607,False,LOW,0.0,18.4,3.2,LOW,"{'visual_stress': 0.0, 'audio_stress': 0.0, 'emotion_instability': 2.1, 'eye_avoidance': 0.0, 'head_movement': 2.0}",Stable emotional condition,2026-07-05 18:42:43
sad,0.72,sad,sad,LOW,LOW,LOW,LOW,FOCUSED,0.72,0.504,FLUCTUATING,4,4.35,CENTER,1.0,0,"{'yaw': 5.18, 'pitch': 8.09, 'roll': -0.08}",angry,0.7033333333333334,medium,0.4233,0.0607,False,LOW,0.0,18.5,3.7,LOW,"{'visual_stress': 0.0, 'audio_stress': 0.0, 'emotion_instability': 2.1, 'eye_avoidance': 0.0, 'head_movement': 2.2}",Stable emotional condition,2026-07-05 18:42:43
sad,0.87,sad,sad,LOW,LOW,LOW,LOW,FOCUSED,0.73,0.609,FLUCTUATING,4,4.55,CENTER,1.0,0,"{'yaw': 5.19, 'pitch': 8.71, 'roll': -0.1}",angry,0.7033333333333334,medium,0.4233,0.0607,False,LOW,0.0,18.6,4.0,LOW,"{'visual_stress': 0.0, 'audio_stress': 0.0, 'emotion_instability': 2.1, 'eye_avoidance': 0.0, 'head_movement': 2.3}",Stable emotional condition,2026-07-05 18:42:44
sad,0.65,sad,angry,LOW,LOW,LOW,LOW,FOCUSED,0.67,0.492,FLUCTUATING,4,4.69,CENTER,1.0,0,"{'yaw': 5.0, 'pitch': 8.58, 'roll': -0.11}",angry,0.7033333333333334,medium,0.4233,0.0607,False,LOW,0.0,18.7,4.3,LOW,"{'visual_stress': 0.0, 'audio_stress': 0.0, 'emotion_instability': 2.6, 'eye_avoidance': 0.0, 'head_movement': 2.3}",Negative emotional state,2026-07-05 18:42:44
sad,0.91,sad,sad,LOW,LOW,LOW,LOW,FOCUSED,0.73,0.637,FLUCTUATING,4,4.77,CENTER,1.0,0,"{'yaw': 5.4, 'pitch': 8.78, 'roll': -0.12}",angry,0.7033333333333334,medium,0.4233,0.0607,False,LOW,0.0,18.7,4.8,LOW,"{'visual_stress': 0.0, 'audio_stress': 0.0, 'emotion_instability': 3.1, 'eye_avoidance': 0.0, 'head_movement': 2.4}",Stable emotional condition,2026-07-05 18:42:44
sad,0.85,sad,sad,LOW,LOW,LOW,LOW,FOCUSED,0.75,0.595,FLUCTUATING,5,4.84,CENTER,1.0,0,"{'yaw': 5.83, 'pitch': 7.74, 'roll': -0.13}",angry,0.7033333333333334,medium,0.4233,0.0607,False,LOW,0.0,19.1,5.1,LOW,"{'visual_stress': 0.0, 'audio_stress': 0.0, 'emotion_instability': 3.1, 'eye_avoidance': 0.0, 'head_movement': 2.4}",Stable emotional condition,2026-07-05 18:42:44
angry,0.58,angry,angry,LOW,LOW,LOW,LOW,FOCUSED,0.67,0.742,FLUCTUATING,5,4.88,CENTER,1.0,0,"{'yaw': 5.47, 'pitch': 8.31, 'roll': -0.13}",angry,0.7033333333333334,medium,0.4233,0.0607,True,LOW,0.0,19.1,5.4,LOW,"{'visual_stress': 0.0, 'audio_stress': 0.0, 'emotion_instability': 3.6, 'eye_avoidance': 0.0, 'head_movement': 2.4}",Negative emotional state,2026-07-05 18:42:45
sad,0.54,sad,angry,LOW,LOW,LOW,LOW,FOCUSED,0.67,0.492,STABLE,5,4.89,CENTER,1.0,0,"{'yaw': 5.0, 'pitch': 9.21, 'roll': -0.11}",angry,0.7033333333333334,medium,0.4233,0.0607,False,LOW,0.0,19.1,5.7,LOW,"{'visual_stress': 0.0, 'audio_stress': 0.0, 'emotion_instability': 3.6, 'eye_avoidance': 0.0, 'head_movement': 2.4}",Negative emotional state,2026-07-05 18:42:45
neutral,0.72,neutral,neutral,LOW,LOW,LOW,LOW,FOCUSED,0.67,0.504,FLUCTUATING,5,4.96,CENTER,1.0,0,"{'yaw': 3.96, 'pitch': 12.21, 'roll': -0.11}",angry,0.7033333333333334,medium,0.4233,0.0607,False,LOW,0.0,7.1,6.0,LOW,"{'visual_stress': 0.0, 'audio_stress': 0.0, 'emotion_instability': 4.1, 'eye_avoidance': 0.0, 'head_movement': 2.5}",Stable emotional condition,2026-07-05 18:42:45
neutral,0.85,neutral,neutral,LOW,LOW,LOW,LOW,FOCUSED,0.67,0.595,FLUCTUATING,5,4.97,CENTER,1.0,0,"{'yaw': 2.74, 'pitch': 11.24, 'roll': -0.11}",fear,0.44,low,0.4667,0.0485,False,LOW,0.0,7.2,6.3,LOW,"{'visual_stress': 0.0, 'audio_stress': 0.0, 'emotion_instability': 4.1, 'eye_avoidance': 0.0, 'head_movement': 2.5}",Stable emotional condition,2026-07-05 18:42:46
neutral,0.7,neutral,neutral,LOW,LOW,LOW,LOW,FOCUSED,0.67,0.49,FLUCTUATING,5,5.04,CENTER,1.0,0,"{'yaw': 1.08, 'pitch': 13.06, 'roll': -0.09}",fear,0.44,low,0.4667,0.0485,False,LOW,0.0,7.2,6.4,LOW,"{'visual_stress': 0.0, 'audio_stress': 0.0, 'emotion_instability': 4.1, 'eye_avoidance': 0.0, 'head_movement': 2.5}",Stable emotional condition,2026-07-05 18:42:47
neutral,0.87,neutral,neutral,LOW,LOW,LOW,LOW,FOCUSED,0.75,0.609,FLUCTUATING,6,5.05,CENTER,1.0,0,"{'yaw': -1.15, 'pitch': 10.72, 'roll': -0.12}",fear,0.44,low,0.4667,0.0485,False,LOW,0.0,7.5,6.5,LOW,"{'visual_stress': 0.0, 'audio_stress': 0.0, 'emotion_instability': 4.1, 'eye_avoidance': 0.0, 'head_movement': 2.5}",Stable emotional condition,2026-07-05 18:42:47
fear,0.68,fear,fear,LOW,LOW,LOW,LOW,FOCUSED,0.67,0.66,FLUCTUATING,6,5.34,CENTER,1.0,0,"{'yaw': -4.05, 'pitch': 5.2, 'roll': -0.11}",fear,0.44,low,0.4667,0.0485,True,LOW,0.0,19.7,6.8,LOW,"{'visual_stress': 0.0, 'audio_stress': 0.0, 'emotion_instability': 4.7, 'eye_avoidance': 0.0, 'head_movement': 2.7}",Negative emotional state,2026-07-05 18:42:47
neutral,0.74,neutral,neutral,LOW,LOW,LOW,LOW,FOCUSED,0.67,0.518,FLUCTUATING,6,5.36,CENTER,1.0,0,"{'yaw': -1.56, 'pitch': 7.69, 'roll': -0.11}",fear,0.44,low,0.4667,0.0485,False,LOW,0.0,7.7,7.3,LOW,"{'visual_stress': 0.0, 'audio_stress': 0.0, 'emotion_instability': 5.2, 'eye_avoidance': 0.0, 'head_movement': 2.7}",Stable emotional condition,2026-07-05 18:42:48
neutral,0.96,neutral,neutral,LOW,LOW,LOW,LOW,FOCUSED,0.74,0.672,FLUCTUATING,6,5.55,CENTER,1.0,0,"{'yaw': -3.05, 'pitch': 5.23, 'roll': -0.06}",fear,0.44,low,0.4667,0.0485,False,LOW,0.0,7.8,7.6,LOW,"{'visual_stress': 0.0, 'audio_stress': 0.0, 'emotion_instability': 5.2, 'eye_avoidance': 0.0, 'head_movement': 2.8}",Stable emotional condition,2026-07-05 18:42:48
neutral,0.91,neutral,neutral,LOW,LOW,LOW,LOW,FOCUSED,0.73,0.637,FLUCTUATING,6,5.68,CENTER,1.0,0,"{'yaw': -5.57, 'pitch': 9.63, 'roll': -0.1}",fear,0.44,low,0.4667,0.0485,False,LOW,0.0,7.8,7.7,LOW,"{'visual_stress': 0.0, 'audio_stress': 0.0, 'emotion_instability': 5.2, 'eye_avoidance': 0.0, 'head_movement': 2.8}",Stable emotional condition,2026-07-05 18:42:48
neutral,1.0,neutral,neutral,LOW,LOW,LOW,LOW,FOCUSED,0.74,0.7,FLUCTUATING,6,5.74,CENTER,1.0,0,"{'yaw': -3.9, 'pitch': 7.43, 'roll': -0.07}",fear,0.44,low,0.4667,0.0485,False,LOW,0.0,7.9,7.9,LOW,"{'visual_stress': 0.0, 'audio_stress': 0.0, 'emotion_instability': 5.2, 'eye_avoidance': 0.0, 'head_movement': 2.9}",Stable emotional condition,2026-07-05 18:42:49
neutral,1.0,neutral,neutral,LOW,LOW,LOW,LOW,FOCUSED,0.67,0.7,STABLE,6,5.75,CENTER,1.0,0,"{'yaw': -1.75, 'pitch': 6.49, 'roll': -0.03}",fear,0.44,low,0.4667,0.0485,False,LOW,0.0,7.9,8.0,LOW,"{'visual_stress': 0.0, 'audio_stress': 0.0, 'emotion_instability': 5.2, 'eye_avoidance': 0.0, 'head_movement': 2.9}",Stable emotional condition,2026-07-05 18:42:49
neutral,0.99,neutral,neutral,LOW,LOW,LOW,LOW,FOCUSED,0.74,0.693,STABLE,6,5.98,CENTER,1.0,0,"{'yaw': -3.62, 'pitch': 3.5, 'roll': -0.09}",fear,0.44,low,0.4667,0.0485,False,LOW,0.0,8.0,8.1,LOW,"{'visual_stress': 0.0, 'audio_stress': 0.0, 'emotion_instability': 5.2, 'eye_avoidance': 0.0, 'head_movement': 3.0}",Stable emotional condition,2026-07-05 18:42:49
neutral,1.0,neutral,neutral,LOW,LOW,LOW,LOW,FOCUSED,0.74,0.7,STABLE,6,6.1,CENTER,1.0,0,"{'yaw': -3.73, 'pitch': 4.03, 'roll': -0.09}",angry,0.6666666666666666,low,0.3967,0.0631,False,LOW,0.0,8.1,8.1,LOW,"{'visual_stress': 0.0, 'audio_stress': 0.0, 'emotion_instability': 5.2, 'eye_avoidance': 0.0, 'head_movement': 3.0}",Stable emotional condition,2026-07-05 18:42:50
neutral,1.0,neutral,neutral,LOW,LOW,LOW,LOW,FOCUSED,0.76,0.7,STABLE,7,6.02,CENTER,1.0,0,"{'yaw': -2.53, 'pitch': 7.32, 'roll': -0.1}",angry,0.6666666666666666,low,0.3967,0.0631,False,LOW,0.0,8.3,8.2,LOW,"{'visual_stress': 0.0, 'audio_stress': 0.0, 'emotion_instability': 5.2, 'eye_avoidance': 0.0, 'head_movement': 3.0}",Stable emotional condition,2026-07-05 18:42:50
neutral,0.98,neutral,neutral,LOW,LOW,LOW,LOW,FOCUSED,0.77,0.686,STABLE,7,5.9,CENTER,1.0,0,"{'yaw': -1.29, 'pitch': 7.6, 'roll': -0.1}",angry,0.6666666666666666,low,0.3967,0.0631,False,LOW,0.0,8.3,8.2,LOW,"{'visual_stress': 0.0, 'audio_stress': 0.0, 'emotion_instability': 5.2, 'eye_avoidance': 0.0, 'head_movement': 3.0}",Stable emotional condition,2026-07-05 18:42:50
neutral,1.0,neutral,neutral,LOW,LOW,LOW,LOW,FOCUSED,0.76,0.7,STABLE,7,5.82,CENTER,1.0,0,"{'yaw': -2.22, 'pitch': 8.49, 'roll': -0.11}",angry,0.6666666666666666,low,0.3967,0.0631,False,LOW,0.0,8.2,8.1,LOW,"{'visual_stress': 0.0, 'audio_stress': 0.0, 'emotion_instability': 5.2, 'eye_avoidance': 0.0, 'head_movement': 2.9}",Stable emotional condition,2026-07-05 18:42:51
neutral,1.0,neutral,neutral,LOW,LOW,LOW,LOW,FOCUSED,0.74,0.7,STABLE,7,5.82,CENTER,1.0,0,"{'yaw': -2.32, 'pitch': 8.7, 'roll': -0.12}",angry,0.6666666666666666,low,0.3967,0.0631,False,LOW,0.0,8.2,8.1,LOW,"{'visual_stress': 0.0, 'audio_stress': 0.0, 'emotion_instability': 5.2, 'eye_avoidance': 0.0, 'head_movement': 2.9}",Stable emotional condition,2026-07-05 18:42:51
neutral,1.0,neutral,neutral,LOW,LOW,LOW,LOW,FOCUSED,0.67,0.7,STABLE,7,5.88,CENTER,1.0,0,"{'yaw': -3.17, 'pitch': 8.93, 'roll': -0.13}",angry,0.6666666666666666,low,0.3967,0.0631,False,LOW,0.0,8.3,8.1,LOW,"{'visual_stress': 0.0, 'audio_stress': 0.0, 'emotion_instability': 5.2, 'eye_avoidance': 0.0, 'head_movement': 2.9}",Stable emotional condition,2026-07-05 18:42:51
neutral,1.0,neutral,neutral,LOW,LOW,LOW,LOW,FOCUSED,0.74,0.7,STABLE,7,5.96,CENTER,1.0,0,"{'yaw': -3.03, 'pitch': 9.59, 'roll': -0.14}",angry,0.6666666666666666,low,0.3967,0.0631,False,LOW,0.0,8.3,8.1,LOW,"{'visual_stress': 0.0, 'audio_stress': 0.0, 'emotion_instability': 5.2, 'eye_avoidance': 0.0, 'head_movement': 3.0}",Stable emotional condition,2026-07-05 18:42:52
neutral,1.0,neutral,neutral,MEDIUM,MEDIUM,LOW,LOW,FOCUSED,0.63,0.7,STABLE,8,6.0,CENTER,1.0,0,"{'yaw': -2.55, 'pitch': 8.74, 'roll': -0.14}",angry,0.6666666666666666,low,0.3967,0.0631,False,MEDIUM,0.358,23.7,15.0,LOW,"{'visual_stress': 17.5, 'audio_stress': 0.0, 'emotion_instability': 4.7, 'eye_avoidance': 0.0, 'head_movement': 3.0}",Stable emotional condition,2026-07-05 18:42:52
neutral,1.0,neutral,neutral,MEDIUM,MEDIUM,LOW,LOW,FOCUSED,0.63,0.7,STABLE,8,5.94,CENTER,1.0,0,"{'yaw': -1.89, 'pitch': 8.26, 'roll': -0.15}",angry,0.6666666666666666,low,0.3967,0.0631,False,MEDIUM,0.358,23.6,18.8,LOW,"{'visual_stress': 17.5, 'audio_stress': 0.0, 'emotion_instability': 4.1, 'eye_avoidance': 0.0, 'head_movement': 3.0}",Stable emotional condition,2026-07-05 18:42:52
neutral,1.0,neutral,neutral,MEDIUM,MEDIUM,LOW,LOW,FOCUSED,0.56,0.7,STABLE,8,5.85,CENTER,1.0,0,"{'yaw': -1.55, 'pitch': 9.32, 'roll': -0.14}",angry,0.6666666666666666,low,0.3967,0.0631,False,MEDIUM,0.358,23.6,20.9,LOW,"{'visual_stress': 17.5, 'audio_stress': 0.0, 'emotion_instability': 3.6, 'eye_avoidance': 0.0, 'head_movement': 2.9}",Stable emotional condition,2026-07-05 18:42:52
neutral,1.0,neutral,neutral,MEDIUM,MEDIUM,LOW,LOW,FOCUSED,0.61,0.7,STABLE,8,5.76,CENTER,1.0,0,"{'yaw': -1.88, 'pitch': 9.87, 'roll': -0.16}",angry,0.7533333333333333,low,0.46,0.0693,False,MEDIUM,0.342,23.5,21.9,LOW,"{'visual_stress': 17.5, 'audio_stress': 0.0, 'emotion_instability': 3.1, 'eye_avoidance': 0.0, 'head_movement': 2.9}",Stable emotional condition,2026-07-05 18:42:53
neutral,0.99,neutral,neutral,MEDIUM,MEDIUM,LOW,LOW,FOCUSED,0.65,0.693,STABLE,9,5.66,CENTER,1.0,0,"{'yaw': -1.89, 'pitch': 8.83, 'roll': -0.15}",angry,0.7533333333333333,low,0.46,0.0693,False,MEDIUM,0.342,23.8,22.5,LOW,"{'visual_stress': 17.5, 'audio_stress': 0.0, 'emotion_instability': 3.1, 'eye_avoidance': 0.0, 'head_movement': 2.8}",Stable emotional condition,2026-07-05 18:42:53
neutral,1.0,neutral,neutral,MEDIUM,MEDIUM,LOW,LOW,FOCUSED,0.66,0.7,STABLE,9,5.59,CENTER,1.0,0,"{'yaw': -1.44, 'pitch': 11.26, 'roll': -0.18}",angry,0.7533333333333333,low,0.46,0.0693,False,MEDIUM,0.342,23.8,22.9,LOW,"{'visual_stress': 17.5, 'audio_stress': 0.0, 'emotion_instability': 3.1, 'eye_avoidance': 0.0, 'head_movement': 2.8}",Stable emotional condition,2026-07-05 18:42:54
neutral,1.0,neutral,neutral,MEDIUM,MEDIUM,LOW,LOW,FOCUSED,0.66,0.7,STABLE,9,5.48,CENTER,1.0,0,"{'yaw': -1.94, 'pitch': 11.1, 'roll': -0.18}",angry,0.7533333333333333,low,0.46,0.0693,False,MEDIUM,0.342,23.7,22.8,LOW,"{'visual_stress': 17.5, 'audio_stress': 0.0, 'emotion_instability': 2.6, 'eye_avoidance': 0.0, 'head_movement': 2.7}",Stable emotional condition,2026-07-05 18:42:54
neutral,1.0,neutral,neutral,MEDIUM,MEDIUM,LOW,LOW,FOCUSED,0.65,0.7,STABLE,9,5.37,CENTER,1.0,0,"{'yaw': -2.49, 'pitch': 11.11, 'roll': -0.19}",angry,0.7533333333333333,low,0.46,0.0693,False,MEDIUM,0.342,23.7,22.6,LOW,"{'visual_stress': 17.5, 'audio_stress': 0.0, 'emotion_instability': 2.1, 'eye_avoidance': 0.0, 'head_movement': 2.7}",Stable emotional condition,2026-07-05 18:42:54
neutral,1.0,neutral,neutral,MEDIUM,MEDIUM,LOW,LOW,FOCUSED,0.66,0.7,STABLE,9,5.15,CENTER,1.0,0,"{'yaw': -2.6, 'pitch': 9.42, 'roll': -0.15}",angry,0.7533333333333333,low,0.46,0.0693,False,MEDIUM,0.342,23.6,22.5,LOW,"{'visual_stress': 17.5, 'audio_stress': 0.0, 'emotion_instability': 2.1, 'eye_avoidance': 0.0, 'head_movement': 2.6}",Stable emotional condition,2026-07-05 18:42:55
neutral,1.0,neutral,neutral,MEDIUM,MEDIUM,LOW,LOW,FOCUSED,0.65,0.7,STABLE,9,4.84,CENTER,1.0,0,"{'yaw': -2.44, 'pitch': 9.28, 'roll': -0.15}",angry,0.7533333333333333,low,0.46,0.0693,False,MEDIUM,0.342,23.4,22.1,LOW,"{'visual_stress': 17.5, 'audio_stress': 0.0, 'emotion_instability': 1.6, 'eye_avoidance': 0.0, 'head_movement': 2.4}",Stable emotional condition,2026-07-05 18:42:55
neutral,1.0,neutral,neutral,MEDIUM,MEDIUM,LOW,LOW,FOCUSED,0.61,0.7,STABLE,9,4.49,CENTER,1.0,0,"{'yaw': -2.42, 'pitch': 8.65, 'roll': -0.15}",angry,0.7533333333333333,low,0.46,0.0693,False,MEDIUM,0.342,23.2,21.8,LOW,"{'visual_stress': 17.5, 'audio_stress': 0.0, 'emotion_instability': 1.6, 'eye_avoidance': 0.0, 'head_movement': 2.2}",Stable emotional condition,2026-07-05 18:42:55
neutral,1.0,neutral,neutral,MEDIUM,MEDIUM,LOW,LOW,FOCUSED,0.63,0.7,STABLE,9,4.1,CENTER,1.0,0,"{'yaw': -1.86, 'pitch': 8.54, 'roll': -0.13}",angry,0.7533333333333333,low,0.46,0.0693,False,MEDIUM,0.342,23.0,21.3,LOW,"{'visual_stress': 17.5, 'audio_stress': 0.0, 'emotion_instability': 1.0, 'eye_avoidance': 0.0, 'head_movement': 2.1}",Stable emotional condition,2026-07-05 18:42:55
neutral,1.0,neutral,neutral,MEDIUM,MEDIUM,LOW,LOW,FOCUSED,0.61,0.7,STABLE,9,3.63,CENTER,1.0,0,"{'yaw': -1.72, 'pitch': 8.36, 'roll': -0.13}",angry,0.7533333333333333,low,0.46,0.0693,False,MEDIUM,0.342,22.8,20.9,LOW,"{'visual_stress': 17.5, 'audio_stress': 0.0, 'emotion_instability': 1.0, 'eye_avoidance': 0.0, 'head_movement': 1.8}",Stable emotional condition,2026-07-05 18:42:56
neutral,1.0,neutral,neutral,MEDIUM,MEDIUM,LOW,LOW,FOCUSED,0.62,0.7,STABLE,9,3.28,CENTER,1.0,0,"{'yaw': -1.18, 'pitch': 7.48, 'roll': -0.13}",angry,0.6133333333333333,low,0.44,0.0757,False,MEDIUM,0.347,22.6,20.6,LOW,"{'visual_stress': 17.5, 'audio_stress': 0.0, 'emotion_instability': 1.0, 'eye_avoidance': 0.0, 'head_movement': 1.6}",Stable emotional condition,2026-07-05 18:42:57
neutral,0.99,neutral,neutral,MEDIUM,MEDIUM,LOW,LOW,FOCUSED,0.68,0.693,STABLE,10,3.0,CENTER,1.0,0,"{'yaw': -0.04, 'pitch': 8.2, 'roll': -0.11}",angry,0.6133333333333333,low,0.44,0.0757,False,MEDIUM,0.347,22.8,20.3,LOW,"{'visual_stress': 17.5, 'audio_stress': 0.0, 'emotion_instability': 1.0, 'eye_avoidance': 0.0, 'head_movement': 1.5}",Stable emotional condition,2026-07-05 18:42:57
neutral,0.97,neutral,neutral,MEDIUM,MEDIUM,LOW,LOW,FOCUSED,0.66,0.679,STABLE,10,3.03,CENTER,1.0,0,"{'yaw': 0.37, 'pitch': 7.76, 'roll': -0.1}",angry,0.6133333333333333,low,0.44,0.0757,False,MEDIUM,0.347,22.8,20.0,LOW,"{'visual_stress': 17.5, 'audio_stress': 0.0, 'emotion_instability': 0.5, 'eye_avoidance': 0.0, 'head_movement': 1.5}",Stable emotional condition,2026-07-05 18:42:57
neutral,0.98,neutral,neutral,MEDIUM,MEDIUM,LOW,LOW,FOCUSED,0.6,0.686,STABLE,10,2.98,CENTER,1.0,0,"{'yaw': 0.03, 'pitch': 8.6, 'roll': -0.09}",angry,0.6133333333333333,low,0.44,0.0757,False,MEDIUM,0.347,22.8,19.6,LOW,"{'visual_stress': 17.5, 'audio_stress': 0.0, 'emotion_instability': 0.0, 'eye_avoidance': 0.0, 'head_movement': 1.5}",Stable emotional condition,2026-07-05 18:42:58
neutral,0.99,neutral,neutral,MEDIUM,MEDIUM,LOW,LOW,FOCUSED,0.59,0.693,STABLE,10,3.07,CENTER,1.0,0,"{'yaw': 0.49, 'pitch': 9.16, 'roll': -0.1}",angry,0.6133333333333333,low,0.44,0.0757,False,MEDIUM,0.347,22.9,19.4,LOW,"{'visual_stress': 17.5, 'audio_stress': 0.0, 'emotion_instability': 0.0, 'eye_avoidance': 0.0, 'head_movement': 1.5}",Stable emotional condition,2026-07-05 18:42:58
neutral,0.94,neutral,neutral,MEDIUM,MEDIUM,LOW,LOW,FOCUSED,0.66,0.658,STABLE,10,3.03,CENTER,1.0,0,"{'yaw': 0.33, 'pitch': 9.04, 'roll': -0.11}",angry,0.6133333333333333,low,0.44,0.0757,False,MEDIUM,0.347,22.8,19.2,LOW,"{'visual_stress': 17.5, 'audio_stress': 0.0, 'emotion_instability': 0.0, 'eye_avoidance': 0.0, 'head_movement': 1.5}",Stable emotional condition,2026-07-05 18:42:58
neutral,0.98,neutral,neutral,MEDIUM,MEDIUM,LOW,LOW,FOCUSED,0.63,0.686,STABLE,10,2.94,CENTER,1.0,0,"{'yaw': 0.69, 'pitch': 7.38, 'roll': -0.08}",angry,0.6133333333333333,low,0.44,0.0757,False,MEDIUM,0.347,22.8,19.1,LOW,"{'visual_stress': 17.5, 'audio_stress': 0.0, 'emotion_instability': 0.0, 'eye_avoidance': 0.0, 'head_movement': 1.5}",Stable emotional condition,2026-07-05 18:42:59
neutral,0.97,neutral,neutral,MEDIUM,MEDIUM,LOW,LOW,FOCUSED,0.6,0.679,STABLE,10,2.97,CENTER,1.0,0,"{'yaw': 0.98, 'pitch': 7.57, 'roll': -0.09}",angry,0.6133333333333333,low,0.44,0.0757,False,MEDIUM,0.347,22.8,19.1,LOW,"{'visual_stress': 17.5, 'audio_stress': 0.0, 'emotion_instability': 0.0, 'eye_avoidance': 0.0, 'head_movement': 1.5}",Stable emotional condition,2026-07-05 18:42:59
neutral,0.97,neutral,neutral,MEDIUM,MEDIUM,LOW,LOW,FOCUSED,0.62,0.679,STABLE,10,3.34,CENTER,1.0,0,"{'yaw': 4.52, 'pitch': 7.7, 'roll': -0.07}",angry,0.6133333333333333,low,0.44,0.0757,False,MEDIUM,0.347,23.0,19.1,LOW,"{'visual_stress': 17.5, 'audio_stress': 0.0, 'emotion_instability': 0.0, 'eye_avoidance': 0.0, 'head_movement': 1.7}",Stable emotional condition,2026-07-05 18:42:59
sad,0.83,sad,sad,MEDIUM,MEDIUM,MEDIUM,LOW,FOCUSED,0.61,0.581,STABLE,10,3.52,CENTER,1.0,0,"{'yaw': 6.32, 'pitch': 7.66, 'roll': -0.07}",angry,0.6133333333333333,low,0.44,0.0757,False,MEDIUM,0.347,35.1,19.4,LOW,"{'visual_stress': 17.5, 'audio_stress': 0.0, 'emotion_instability': 0.5, 'eye_avoidance': 0.0, 'head_movement': 1.8}",Stable emotional condition,2026-07-05 18:43:00
sad,0.97,sad,sad,MEDIUM,MEDIUM,MEDIUM,LOW,FOCUSED,0.56,0.679,STABLE,10,3.56,CENTER,1.0,0,"{'yaw': 6.19, 'pitch': 7.32, 'roll': -0.05}",angry,0.6666666666666666,low,0.4133,0.0638,False,MEDIUM,0.354,35.1,19.6,LOW,"{'visual_stress': 17.5, 'audio_stress': 0.0, 'emotion_instability': 0.5, 'eye_avoidance': 0.0, 'head_movement': 1.8}",Stable emotional condition,2026-07-05 18:43:01
sad,0.99,sad,sad,MEDIUM,MEDIUM,MEDIUM,LOW,FOCUSED,0.63,0.693,STABLE,10,3.67,CENTER,1.0,0,"{'yaw': 4.2, 'pitch': 8.27, 'roll': -0.12}",angry,0.6666666666666666,low,0.4133,0.0638,False,MEDIUM,0.354,35.2,19.7,LOW,"{'visual_stress': 17.5, 'audio_stress': 0.0, 'emotion_instability': 0.5, 'eye_avoidance': 0.0, 'head_movement': 1.8}",Stable emotional condition,2026-07-05 18:43:01
sad,1.0,sad,sad,MEDIUM,MEDIUM,MEDIUM,LOW,FOCUSED,0.61,0.7,STABLE,10,3.75,CENTER,1.0,0,"{'yaw': 3.03, 'pitch': 7.22, 'roll': -0.12}",angry,0.6666666666666666,low,0.4133,0.0638,False,MEDIUM,0.354,35.2,19.8,LOW,"{'visual_stress': 17.5, 'audio_stress': 0.0, 'emotion_instability': 0.5, 'eye_avoidance': 0.0, 'head_movement': 1.9}",Stable emotional condition,2026-07-05 18:43:01
sad,0.94,sad,sad,MEDIUM,MEDIUM,MEDIUM,LOW,FOCUSED,0.61,0.658,STABLE,10,3.87,CENTER,1.0,0,"{'yaw': 3.26, 'pitch': 6.79, 'roll': -0.05}",angry,0.6666666666666666,low,0.4133,0.0638,False,MEDIUM,0.354,35.3,19.8,LOW,"{'visual_stress': 17.5, 'audio_stress': 0.0, 'emotion_instability': 0.5, 'eye_avoidance': 0.0, 'head_movement': 1.9}",Stable emotional condition,2026-07-05 18:43:02
neutral,0.56,neutral,angry,MEDIUM,MEDIUM,MEDIUM,LOW,FOCUSED,0.56,0.467,FLUCTUATING,10,3.85,CENTER,1.0,0,"{'yaw': 1.43, 'pitch': 8.26, 'roll': -0.12}",angry,0.6666666666666666,low,0.4133,0.0638,False,MEDIUM,0.354,35.3,20.0,LOW,"{'visual_stress': 17.5, 'audio_stress': 0.0, 'emotion_instability': 1.0, 'eye_avoidance': 0.0, 'head_movement': 1.9}",Negative emotional state,2026-07-05 18:43:02
neutral,0.89,neutral,neutral,MEDIUM,MEDIUM,LOW,LOW,FOCUSED,0.65,0.623,FLUCTUATING,11,3.81,CENTER,1.0,0,"{'yaw': 1.79, 'pitch': 8.3, 'roll': -0.11}",angry,0.6666666666666666,low,0.4133,0.0638,False,MEDIUM,0.354,23.6,20.4,LOW,"{'visual_stress': 17.5, 'audio_stress': 0.0, 'emotion_instability': 1.6, 'eye_avoidance': 0.0, 'head_movement': 1.9}",Stable emotional condition,2026-07-05 18:43:02
neutral,0.92,neutral,neutral,MEDIUM,MEDIUM,LOW,LOW,FOCUSED,0.65,0.644,FLUCTUATING,11,3.76,CENTER,1.0,0,"{'yaw': 0.31, 'pitch': 7.19, 'roll': -0.16}",angry,0.6666666666666666,low,0.4133,0.0638,False,MEDIUM,0.354,23.5,20.7,LOW,"{'visual_stress': 17.5, 'audio_stress': 0.0, 'emotion_instability': 1.6, 'eye_avoidance': 0.0, 'head_movement': 1.9}",Stable emotional condition,2026-07-05 18:43:02
neutral,0.93,neutral,neutral,MEDIUM,MEDIUM,LOW,LOW,FOCUSED,0.65,0.651,FLUCTUATING,11,3.77,CENTER,1.0,0,"{'yaw': -0.5, 'pitch': 6.5, 'roll': -0.1}",angry,0.6666666666666666,low,0.4133,0.0638,False,MEDIUM,0.354,23.6,20.8,LOW,"{'visual_stress': 17.5, 'audio_stress': 0.0, 'emotion_instability': 1.6, 'eye_avoidance': 0.0, 'head_movement': 1.9}",Stable emotional condition,2026-07-05 18:43:03
neutral,0.76,neutral,neutral,MEDIUM,MEDIUM,LOW,LOW,FOCUSED,0.65,0.532,FLUCTUATING,11,3.75,CENTER,1.0,0,"{'yaw': 0.04, 'pitch': 7.57, 'roll': -0.11}",angry,0.6666666666666666,low,0.4133,0.0638,False,MEDIUM,0.354,23.5,20.9,LOW,"{'visual_stress': 17.5, 'audio_stress': 0.0, 'emotion_instability': 1.6, 'eye_avoidance': 0.0, 'head_movement': 1.9}",Stable emotional condition,2026-07-05 18:43:03
neutral,0.95,neutral,neutral,MEDIUM,MEDIUM,LOW,LOW,FOCUSED,0.57,0.665,FLUCTUATING,11,3.72,CENTER,1.0,0,"{'yaw': -0.24, 'pitch': 8.15, 'roll': -0.11}",angry,0.6666666666666666,low,0.4133,0.0638,False,MEDIUM,0.354,23.5,20.9,LOW,"{'visual_stress': 17.5, 'audio_stress': 0.0, 'emotion_instability': 1.6, 'eye_avoidance': 0.0, 'head_movement': 1.9}",Stable emotional condition,2026-07-05 18:43:03
neutral,0.99,neutral,neutral,MEDIUM,MEDIUM,LOW,LOW,FOCUSED,0.72,0.693,FLUCTUATING,11,3.69,CENTER,1.0,0,"{'yaw': -1.36, 'pitch': 7.36, 'roll': -0.12}",angry,0.7133333333333334,low,0.4333,0.058,False,MEDIUM,0.349,23.5,20.9,LOW,"{'visual_stress': 17.5, 'audio_stress': 0.0, 'emotion_instability': 1.6, 'eye_avoidance': 0.0, 'head_movement': 1.8}",Stable emotional condition,2026-07-05 18:43:05
neutral,0.99,neutral,neutral,MEDIUM,MEDIUM,LOW,LOW,FOCUSED,0.63,0.693,FLUCTUATING,11,3.68,CENTER,1.0,0,"{'yaw': -1.31, 'pitch': 7.56, 'roll': -0.11}",angry,0.7133333333333334,low,0.4333,0.058,False,MEDIUM,0.349,23.5,20.9,LOW,"{'visual_stress': 17.5, 'audio_stress': 0.0, 'emotion_instability': 1.6, 'eye_avoidance': 0.0, 'head_movement': 1.8}",Stable emotional condition,2026-07-05 18:43:05
neutral,1.0,neutral,neutral,MEDIUM,MEDIUM,LOW,LOW,FOCUSED,0.56,0.7,FLUCTUATING,11,3.54,CENTER,1.0,0,"{'yaw': -1.11, 'pitch': 8.75, 'roll': -0.13}",angry,0.7133333333333334,low,0.4333,0.058,False,MEDIUM,0.349,23.4,20.9,LOW,"{'visual_stress': 17.5, 'audio_stress': 0.0, 'emotion_instability': 1.6, 'eye_avoidance': 0.0, 'head_movement': 1.8}",Stable emotional condition,2026-07-05 18:43:05
neutral,1.0,neutral,neutral,MEDIUM,MEDIUM,LOW,LOW,FOCUSED,0.63,0.7,STABLE,11,3.45,CENTER,1.0,0,"{'yaw': -1.9, 'pitch': 9.95, 'roll': -0.18}",angry,0.7133333333333334,low,0.4333,0.058,False,MEDIUM,0.349,23.4,20.9,LOW,"{'visual_stress': 17.5, 'audio_stress': 0.0, 'emotion_instability': 1.6, 'eye_avoidance': 0.0, 'head_movement': 1.7}",Stable emotional condition,2026-07-05 18:43:05
neutral,1.0,neutral,neutral,MEDIUM,MEDIUM,LOW,LOW,FOCUSED,0.64,0.7,STABLE,12,3.29,CENTER,1.0,0,"{'yaw': -0.01, 'pitch': 9.97, 'roll': -0.18}",angry,0.7133333333333334,low,0.4333,0.058,False,MEDIUM,0.349,23.6,20.8,LOW,"{'visual_stress': 17.5, 'audio_stress': 0.0, 'emotion_instability': 1.6, 'eye_avoidance': 0.0, 'head_movement': 1.6}",Stable emotional condition,2026-07-05 18:43:06
neutral,1.0,neutral,neutral,MEDIUM,MEDIUM,LOW,LOW,FOCUSED,0.63,0.7,STABLE,12,3.34,CENTER,1.0,0,"{'yaw': 2.96, 'pitch': 10.72, 'roll': -0.08}",angry,0.7133333333333334,low,0.4333,0.058,False,MEDIUM,0.349,23.7,20.8,LOW,"{'visual_stress': 17.5, 'audio_stress': 0.0, 'emotion_instability': 1.6, 'eye_avoidance': 0.0, 'head_movement': 1.7}",Stable emotional condition,2026-07-05 18:43:06
neutral,1.0,neutral,neutral,MEDIUM,MEDIUM,LOW,LOW,FOCUSED,0.57,0.7,STABLE,12,3.35,CENTER,1.0,0,"{'yaw': 1.69, 'pitch': 10.56, 'roll': -0.13}",angry,0.7133333333333334,low,0.4333,0.058,False,MEDIUM,0.349,23.7,20.8,LOW,"{'visual_stress': 17.5, 'audio_stress': 0.0, 'emotion_instability': 1.6, 'eye_avoidance': 0.0, 'head_movement': 1.7}",Stable emotional condition,2026-07-05 18:43:06
neutral,0.99,neutral,neutral,MEDIUM,MEDIUM,LOW,LOW,FOCUSED,0.62,0.693,STABLE,12,3.39,CENTER,1.0,0,"{'yaw': 0.4, 'pitch': 11.08, 'roll': -0.11}",angry,0.7133333333333334,low,0.4333,0.058,False,MEDIUM,0.349,23.7,20.8,LOW,"{'visual_stress': 17.5, 'audio_stress': 0.0, 'emotion_instability': 1.6, 'eye_avoidance': 0.0, 'head_movement': 1.7}",Stable emotional condition,2026-07-05 18:43:07
neutral,1.0,neutral,neutral,MEDIUM,MEDIUM,LOW,LOW,FOCUSED,0.62,0.7,STABLE,12,3.59,CENTER,1.0,0,"{'yaw': -0.26, 'pitch': 12.77, 'roll': -0.11}",angry,0.7133333333333334,low,0.4333,0.058,False,MEDIUM,0.349,23.8,20.8,LOW,"{'visual_stress': 17.5, 'audio_stress': 0.0, 'emotion_instability': 1.6, 'eye_avoidance': 0.0, 'head_movement': 1.8}",Stable emotional condition,2026-07-05 18:43:07
neutral,0.88,neutral,neutral,MEDIUM,MEDIUM,LOW,LOW,FOCUSED,0.64,0.616,STABLE,13,3.75,CENTER,1.0,0,"{'yaw': -4.34, 'pitch': 9.23, 'roll': -0.13}",angry,0.7133333333333334,low,0.4333,0.058,False,MEDIUM,0.349,24.2,20.9,LOW,"{'visual_stress': 17.5, 'audio_stress': 0.0, 'emotion_instability': 1.6, 'eye_avoidance': 0.0, 'head_movement': 1.9}",Stable emotional condition,2026-07-05 18:43:08
neutral,0.87,neutral,neutral,MEDIUM,MEDIUM,LOW,LOW,FOCUSED,0.56,0.609,STABLE,13,4.17,CENTER,1.0,0,"{'yaw': -6.35, 'pitch': 11.59, 'roll': -0.17}",angry,0.6833333333333333,low,0.4633,0.0725,False,MEDIUM,0.342,24.4,21.0,LOW,"{'visual_stress': 17.5, 'audio_stress': 0.0, 'emotion_instability': 1.6, 'eye_avoidance': 0.0, 'head_movement': 2.1}",Stable emotional condition,2026-07-05 18:43:09
neutral,0.99,neutral,neutral,MEDIUM,MEDIUM,LOW,LOW,FOCUSED,0.63,0.693,STABLE,13,4.65,CENTER,1.0,0,"{'yaw': -8.38, 'pitch': 9.72, 'roll': -0.16}",angry,0.6833333333333333,low,0.4633,0.0725,False,MEDIUM,0.342,24.7,21.2,LOW,"{'visual_stress': 17.5, 'audio_stress': 0.0, 'emotion_instability': 1.6, 'eye_avoidance': 0.0, 'head_movement': 2.3}",Stable emotional condition,2026-07-05 18:43:09
neutral,1.0,neutral,neutral,MEDIUM,MEDIUM,LOW,LOW,FOCUSED,0.61,0.7,STABLE,13,5.02,CENTER,1.0,0,"{'yaw': -8.16, 'pitch': 10.19, 'roll': -0.16}",angry,0.6833333333333333,low,0.4633,0.0725,False,MEDIUM,0.342,24.8,21.3,LOW,"{'visual_stress': 17.5, 'audio_stress': 0.0, 'emotion_instability': 1.6, 'eye_avoidance': 0.0, 'head_movement': 2.5}",Stable emotional condition,2026-07-05 18:43:09
neutral,0.5,neutral,angry,MEDIUM,MEDIUM,MEDIUM,LOW,FOCUSED,0.64,0.478,STABLE,13,5.48,CENTER,1.0,0,"{'yaw': -8.38, 'pitch': 12.29, 'roll': -0.17}",angry,0.6833333333333333,low,0.4633,0.0725,False,MEDIUM,0.342,37.1,21.7,LOW,"{'visual_stress': 17.5, 'audio_stress': 0.0, 'emotion_instability': 2.1, 'eye_avoidance': 0.0, 'head_movement': 2.7}",Negative emotional state,2026-07-05 18:43:09
angry,0.95,angry,angry,MEDIUM,MEDIUM,MEDIUM,LOW,FOCUSED,0.63,0.917,STABLE,13,5.89,CENTER,1.0,0,"{'yaw': -8.38, 'pitch': 12.67, 'roll': -0.17}",angry,0.6833333333333333,low,0.4633,0.0725,True,MEDIUM,0.342,37.3,22.0,LOW,"{'visual_stress': 17.5, 'audio_stress': 0.0, 'emotion_instability': 2.1, 'eye_avoidance': 0.0, 'head_movement': 2.9}",Negative emotional state,2026-07-05 18:43:10
neutral,0.94,neutral,neutral,MEDIUM,MEDIUM,LOW,LOW,FOCUSED,0.56,0.658,STABLE,13,6.1,CENTER,1.0,0,"{'yaw': -4.83, 'pitch': 13.0, 'roll': -0.13}",angry,0.6833333333333333,low,0.4633,0.0725,False,MEDIUM,0.342,25.4,22.5,LOW,"{'visual_stress': 17.5, 'audio_stress': 0.0, 'emotion_instability': 2.6, 'eye_avoidance': 0.0, 'head_movement': 3.0}",Stable emotional condition,2026-07-05 18:43:10
neutral,0.99,neutral,neutral,MEDIUM,MEDIUM,LOW,LOW,FOCUSED,0.56,0.693,STABLE,13,6.28,CENTER,1.0,0,"{'yaw': -4.9, 'pitch': 13.31, 'roll': -0.15}",angry,0.6833333333333333,low,0.4633,0.0725,False,MEDIUM,0.342,25.5,22.8,LOW,"{'visual_stress': 17.5, 'audio_stress': 0.0, 'emotion_instability': 2.6, 'eye_avoidance': 0.0, 'head_movement': 3.1}",Stable emotional condition,2026-07-05 18:43:10
neutral,0.89,neutral,neutral,MEDIUM,MEDIUM,LOW,LOW,FOCUSED,0.61,0.623,STABLE,13,6.31,CENTER,1.0,0,"{'yaw': -2.85, 'pitch': 11.98, 'roll': -0.07}",angry,0.6833333333333333,low,0.4633,0.0725,False,MEDIUM,0.342,25.5,23.0,LOW,"{'visual_stress': 17.5, 'audio_stress': 0.0, 'emotion_instability': 2.6, 'eye_avoidance': 0.0, 'head_movement': 3.2}",Stable emotional condition,2026-07-05 18:43:11
neutral,0.79,neutral,neutral,MEDIUM,MEDIUM,LOW,LOW,FOCUSED,0.56,0.553,STABLE,13,6.19,CENTER,1.0,0,"{'yaw': -0.53, 'pitch': 11.37, 'roll': -0.09}",angry,0.6833333333333333,low,0.4633,0.0725,False,MEDIUM,0.342,25.4,22.9,LOW,"{'visual_stress': 17.5, 'audio_stress': 0.0, 'emotion_instability': 2.1, 'eye_avoidance': 0.0, 'head_movement': 3.1}",Stable emotional condition,2026-07-05 18:43:11
neutral,1.0,neutral,neutral,MEDIUM,MEDIUM,LOW,LOW,FOCUSED,0.56,0.7,STABLE,13,5.94,CENTER,1.0,0,"{'yaw': -2.12, 'pitch': 11.1, 'roll': -0.12}",angry,0.6833333333333333,low,0.4633,0.0725,False,MEDIUM,0.342,25.3,22.8,LOW,"{'visual_stress': 17.5, 'audio_stress': 0.0, 'emotion_instability': 2.1, 'eye_avoidance': 0.0, 'head_movement': 3.0}",Stable emotional condition,2026-07-05 18:43:11
neutral,1.0,neutral,neutral,MEDIUM,MEDIUM,LOW,LOW,FOCUSED,0.61,0.7,STABLE,14,5.65,CENTER,1.0,0,"{'yaw': -2.09, 'pitch': 11.58, 'roll': -0.16}",angry,0.69,medium,0.38,0.0751,False,MEDIUM,0.362,25.5,22.6,LOW,"{'visual_stress': 17.5, 'audio_stress': 0.0, 'emotion_instability': 2.1, 'eye_avoidance': 0.0, 'head_movement': 2.8}",Stable emotional condition,2026-07-05 18:43:12
neutral,0.98,neutral,neutral,MEDIUM,MEDIUM,LOW,LOW,FOCUSED,0.61,0.686,STABLE,14,5.47,CENTER,1.0,0,"{'yaw': -0.87, 'pitch': 10.23, 'roll': -0.14}",angry,0.69,medium,0.38,0.0751,False,MEDIUM,0.362,25.4,22.5,LOW,"{'visual_stress': 17.5, 'audio_stress': 0.0, 'emotion_instability': 2.1, 'eye_avoidance': 0.0, 'head_movement': 2.7}",Stable emotional condition,2026-07-05 18:43:12
neutral,1.0,neutral,neutral,MEDIUM,MEDIUM,LOW,LOW,FOCUSED,0.54,0.7,STABLE,14,5.31,CENTER,1.0,0,"{'yaw': -0.62, 'pitch': 8.82, 'roll': -0.13}",angry,0.69,medium,0.38,0.0751,False,MEDIUM,0.362,25.3,22.4,LOW,"{'visual_stress': 17.5, 'audio_stress': 0.0, 'emotion_instability': 2.1, 'eye_avoidance': 0.0, 'head_movement': 2.7}",Stable emotional condition,2026-07-05 18:43:13
neutral,0.99,neutral,neutral,MEDIUM,MEDIUM,LOW,LOW,FOCUSED,0.54,0.693,STABLE,15,5.07,CENTER,1.0,0,"{'yaw': -1.94, 'pitch': 10.41, 'roll': -0.15}",angry,0.69,medium,0.38,0.0751,False,MEDIUM,0.362,25.5,22.1,LOW,"{'visual_stress': 17.5, 'audio_stress': 0.0, 'emotion_instability': 1.6, 'eye_avoidance': 0.0, 'head_movement': 2.5}",Stable emotional condition,2026-07-05 18:43:13
neutral,0.99,neutral,neutral,MEDIUM,MEDIUM,LOW,LOW,FOCUSED,0.54,0.693,STABLE,15,4.99,CENTER,1.0,0,"{'yaw': -2.77, 'pitch': 11.44, 'roll': -0.14}",angry,0.69,medium,0.38,0.0751,False,MEDIUM,0.362,25.5,21.7,LOW,"{'visual_stress': 17.5, 'audio_stress': 0.0, 'emotion_instability': 1.0, 'eye_avoidance': 0.0, 'head_movement': 2.5}",Stable emotional condition,2026-07-05 18:43:13
neutral,1.0,neutral,neutral,MEDIUM,MEDIUM,LOW,LOW,FOCUSED,0.52,0.7,STABLE,15,4.87,CENTER,1.0,0,"{'yaw': -3.51, 'pitch': 10.54, 'roll': -0.16}",angry,0.69,medium,0.38,0.0751,False,MEDIUM,0.362,25.4,21.4,LOW,"{'visual_stress': 17.5, 'audio_stress': 0.0, 'emotion_instability': 1.0, 'eye_avoidance': 0.0, 'head_movement': 2.4}",Stable emotional condition,2026-07-05 18:43:13
neutral,1.0,neutral,neutral,MEDIUM,MEDIUM,LOW,LOW,FOCUSED,0.51,0.7,STABLE,15,4.76,CENTER,1.0,0,"{'yaw': -2.85, 'pitch': 8.82, 'roll': -0.13}",angry,0.69,medium,0.38,0.0751,False,MEDIUM,0.362,25.4,21.2,LOW,"{'visual_stress': 17.5, 'audio_stress': 0.0, 'emotion_instability': 1.0, 'eye_avoidance': 0.0, 'head_movement': 2.4}",Stable emotional condition,2026-07-05 18:43:14
neutral,0.99,neutral,neutral,MEDIUM,MEDIUM,LOW,LOW,FOCUSED,0.47,0.693,STABLE,15,4.63,CENTER,1.0,0,"{'yaw': -2.06, 'pitch': 8.41, 'roll': -0.11}",angry,0.69,medium,0.38,0.0751,False,MEDIUM,0.362,25.3,21.0,LOW,"{'visual_stress': 17.5, 'audio_stress': 0.0, 'emotion_instability': 1.0, 'eye_avoidance': 0.0, 'head_movement': 2.3}",Stable emotional condition,2026-07-05 18:43:14
neutral,1.0,neutral,neutral,MEDIUM,MEDIUM,LOW,LOW,FOCUSED,0.5,0.7,STABLE,15,4.54,CENTER,1.0,0,"{'yaw': -3.15, 'pitch': 8.92, 'roll': -0.11}",angry,0.69,medium,0.38,0.0751,False,MEDIUM,0.362,25.3,20.9,LOW,"{'visual_stress': 17.5, 'audio_stress': 0.0, 'emotion_instability': 1.0, 'eye_avoidance': 0.0, 'head_movement': 2.3}",Stable emotional condition,2026-07-05 18:43:14
neutral,1.0,neutral,neutral,MEDIUM,MEDIUM,LOW,LOW,FOCUSED,0.47,0.7,STABLE,15,4.5,CENTER,1.0,0,"{'yaw': -3.53, 'pitch': 8.32, 'roll': -0.1}",angry,0.69,medium,0.38,0.0751,False,MEDIUM,0.362,25.2,20.9,LOW,"{'visual_stress': 17.5, 'audio_stress': 0.0, 'emotion_instability': 1.0, 'eye_avoidance': 0.0, 'head_movement': 2.3}",Stable emotional condition,2026-07-05 18:43:15
neutral,0.99,neutral,neutral,MEDIUM,MEDIUM,LOW,LOW,FOCUSED,0.5,0.693,STABLE,15,4.42,CENTER,1.0,0,"{'yaw': -2.85, 'pitch': 8.54, 'roll': -0.11}",angry,0.7066666666666667,medium,0.3833,0.0799,False,MEDIUM,0.361,25.2,20.8,LOW,"{'visual_stress': 17.5, 'audio_stress': 0.0, 'emotion_instability': 1.0, 'eye_avoidance': 0.0, 'head_movement': 2.2}",Stable emotional condition,2026-07-05 18:43:15
neutral,0.99,neutral,neutral,HIGH,HIGH,MEDIUM,LOW,FOCUSED,0.46,0.693,STABLE,16,4.32,CENTER,1.0,0,"{'yaw': -1.2, 'pitch': 10.73, 'roll': -0.12}",angry,0.7066666666666667,medium,0.3833,0.0799,False,HIGH,0.723,40.5,27.8,LOW,"{'visual_stress': 35.0, 'audio_stress': 0.0, 'emotion_instability': 1.0, 'eye_avoidance': 0.0, 'head_movement': 2.2}",Stable emotional condition,2026-07-05 18:43:16
neutral,1.0,neutral,neutral,HIGH,HIGH,MEDIUM,LOW,FOCUSED,0.45,0.7,STABLE,16,4.31,CENTER,1.0,0,"{'yaw': -0.2, 'pitch': 10.61, 'roll': -0.14}",angry,0.7066666666666667,medium,0.3833,0.0799,False,HIGH,0.723,40.5,31.9,LOW,"{'visual_stress': 35.0, 'audio_stress': 0.0, 'emotion_instability': 1.0, 'eye_avoidance': 0.0, 'head_movement': 2.2}",Stable emotional condition,2026-07-05 18:43:16
neutral,0.99,neutral,neutral,HIGH,HIGH,MEDIUM,LOW,OVERLOADED,0.43,0.693,STABLE,16,4.46,CENTER,1.0,0,"{'yaw': 2.41, 'pitch': 11.59, 'roll': -0.09}",angry,0.7066666666666667,medium,0.3833,0.0799,False,HIGH,0.723,40.6,34.4,LOW,"{'visual_stress': 35.0, 'audio_stress': 0.0, 'emotion_instability': 1.0, 'eye_avoidance': 0.0, 'head_movement': 2.2}",Stable emotional condition,2026-07-05 18:43:16
neutral,0.99,neutral,neutral,HIGH,HIGH,MEDIUM,LOW,FOCUSED,0.45,0.693,STABLE,16,4.73,CENTER,1.0,0,"{'yaw': 4.31, 'pitch': 12.99, 'roll': -0.05}",angry,0.7066666666666667,medium,0.3833,0.0799,False,HIGH,0.723,40.7,36.0,LOW,"{'visual_stress': 35.0, 'audio_stress': 0.0, 'emotion_instability': 1.0, 'eye_avoidance': 0.0, 'head_movement': 2.4}",Stable emotional condition,2026-07-05 18:43:16
neutral,0.82,neutral,neutral,HIGH,HIGH,MEDIUM,LOW,OVERLOADED,0.43,0.574,STABLE,16,5.01,CENTER,1.0,0,"{'yaw': 6.31, 'pitch': 12.64, 'roll': -0.01}",angry,0.7066666666666667,medium,0.3833,0.0799,False,HIGH,0.723,40.8,37.0,LOW,"{'visual_stress': 35.0, 'audio_stress': 0.0, 'emotion_instability': 1.0, 'eye_avoidance': 0.0, 'head_movement': 2.5}",Stable emotional condition,2026-07-05 18:43:17
neutral,0.51,neutral,angry,HIGH,HIGH,MEDIUM,MEDIUM,OVERLOADED,0.43,0.495,STABLE,16,5.1,CENTER,1.0,0,"{'yaw': 3.64, 'pitch': 11.3, 'roll': -0.12}",angry,0.7066666666666667,medium,0.3833,0.0799,False,HIGH,0.723,52.9,37.9,LOW,"{'visual_stress': 35.0, 'audio_stress': 0.0, 'emotion_instability': 1.6, 'eye_avoidance': 0.0, 'head_movement': 2.6}",Negative emotional state,2026-07-05 18:43:17
neutral,0.93,neutral,neutral,HIGH,HIGH,MEDIUM,LOW,FOCUSED,0.55,0.651,STABLE,17,5.1,CENTER,1.0,0,"{'yaw': -1.53, 'pitch': 12.54, 'roll': -0.2}",angry,0.7066666666666667,medium,0.3833,0.0799,False,HIGH,0.723,41.2,38.6,LOW,"{'visual_stress': 35.0, 'audio_stress': 0.0, 'emotion_instability': 2.1, 'eye_avoidance': 0.0, 'head_movement': 2.6}",Stable emotional condition,2026-07-05 18:43:17
neutral,0.93,neutral,neutral,HIGH,HIGH,MEDIUM,LOW,FOCUSED,0.48,0.651,STABLE,17,5.05,CENTER,1.0,0,"{'yaw': -2.17, 'pitch': 11.77, 'roll': -0.2}",angry,0.7066666666666667,medium,0.3833,0.0799,False,HIGH,0.723,41.2,39.0,LOW,"{'visual_stress': 35.0, 'audio_stress': 0.0, 'emotion_instability': 2.1, 'eye_avoidance': 0.0, 'head_movement': 2.5}",Stable emotional condition,2026-07-05 18:43:18
neutral,0.69,neutral,angry,HIGH,HIGH,MEDIUM,MEDIUM,FOCUSED,0.48,0.495,STABLE,17,5.01,CENTER,1.0,0,"{'yaw': -1.25, 'pitch': 10.52, 'roll': -0.1}",angry,0.7066666666666667,medium,0.3833,0.0799,False,HIGH,0.723,53.2,39.4,LOW,"{'visual_stress': 35.0, 'audio_stress': 0.0, 'emotion_instability': 2.6, 'eye_avoidance': 0.0, 'head_movement': 2.5}",Negative emotional state,2026-07-05 18:43:18
neutral,1.0,neutral,neutral,HIGH,HIGH,MEDIUM,LOW,OVERLOADED,0.43,0.7,STABLE,17,5.02,CENTER,1.0,0,"{'yaw': 0.9, 'pitch': 8.86, 'roll': -0.09}",angry,0.7066666666666667,medium,0.4267,0.061,False,HIGH,0.701,41.2,39.9,LOW,"{'visual_stress': 35.0, 'audio_stress': 0.0, 'emotion_instability': 3.1, 'eye_avoidance': 0.0, 'head_movement': 2.5}",Stable emotional condition,2026-07-05 18:43:19
neutral,1.0,neutral,neutral,HIGH,HIGH,MEDIUM,LOW,FOCUSED,0.46,0.7,STABLE,17,4.9,CENTER,1.0,0,"{'yaw': 2.48, 'pitch': 10.51, 'roll': -0.05}",angry,0.7066666666666667,medium,0.4267,0.061,False,HIGH,0.701,41.1,40.2,MEDIUM,"{'visual_stress': 35.0, 'audio_stress': 0.0, 'emotion_instability': 3.1, 'eye_avoidance': 0.0, 'head_movement': 2.5}",Stable emotional condition,2026-07-05 18:43:19
neutral,1.0,neutral,neutral,HIGH,HIGH,MEDIUM,LOW,OVERLOADED,0.43,0.7,STABLE,17,4.97,CENTER,1.0,0,"{'yaw': 6.09, 'pitch': 11.47, 'roll': -0.01}",angry,0.7066666666666667,medium,0.4267,0.061,False,HIGH,0.701,41.2,40.2,MEDIUM,"{'visual_stress': 35.0, 'audio_stress': 0.0, 'emotion_instability': 2.6, 'eye_avoidance': 0.0, 'head_movement': 2.5}",Stable emotional condition,2026-07-05 18:43:19
neutral,1.0,neutral,neutral,HIGH,HIGH,MEDIUM,LOW,FOCUSED,0.47,0.7,STABLE,18,4.83,CENTER,1.0,0,"{'yaw': 2.22, 'pitch': 7.83, 'roll': -0.11}",angry,0.7066666666666667,medium,0.4267,0.061,False,HIGH,0.701,41.4,40.1,MEDIUM,"{'visual_stress': 35.0, 'audio_stress': 0.0, 'emotion_instability': 2.6, 'eye_avoidance': 0.0, 'head_movement': 2.4}",Stable emotional condition,2026-07-05 18:43:20
neutral,1.0,neutral,neutral,HIGH,HIGH,MEDIUM,LOW,FOCUSED,0.47,0.7,STABLE,18,4.59,CENTER,1.0,0,"{'yaw': 1.41, 'pitch': 7.77, 'roll': -0.11}",angry,0.7066666666666667,medium,0.4267,0.061,False,HIGH,0.701,41.3,39.8,LOW,"{'visual_stress': 35.0, 'audio_stress': 0.0, 'emotion_instability': 2.1, 'eye_avoidance': 0.0, 'head_movement': 2.3}",Stable emotional condition,2026-07-05 18:43:20
neutral,0.77,neutral,neutral,HIGH,HIGH,MEDIUM,LOW,FOCUSED,0.47,0.539,STABLE,18,4.44,CENTER,1.0,0,"{'yaw': 0.15, 'pitch': 9.36, 'roll': -0.15}",angry,0.7066666666666667,medium,0.4267,0.061,False,HIGH,0.701,41.2,39.6,LOW,"{'visual_stress': 35.0, 'audio_stress': 0.0, 'emotion_instability': 2.1, 'eye_avoidance': 0.0, 'head_movement': 2.2}",Stable emotional condition,2026-07-05 18:43:21
neutral,0.93,neutral,neutral,HIGH,HIGH,MEDIUM,LOW,FOCUSED,0.47,0.651,STABLE,18,4.32,CENTER,1.0,0,"{'yaw': -0.72, 'pitch': 7.4, 'roll': -0.14}",angry,0.7066666666666667,medium,0.4267,0.061,False,HIGH,0.701,41.2,39.5,LOW,"{'visual_stress': 35.0, 'audio_stress': 0.0, 'emotion_instability': 2.1, 'eye_avoidance': 0.0, 'head_movement': 2.2}",Stable emotional condition,2026-07-05 18:43:21
neutral,0.97,neutral,neutral,HIGH,HIGH,MEDIUM,LOW,FOCUSED,0.47,0.679,STABLE,18,4.3,CENTER,1.0,0,"{'yaw': -0.78, 'pitch': 7.9, 'roll': -0.14}",angry,0.7066666666666667,medium,0.4267,0.061,False,HIGH,0.701,41.1,39.4,LOW,"{'visual_stress': 35.0, 'audio_stress': 0.0, 'emotion_instability': 2.1, 'eye_avoidance': 0.0, 'head_movement': 2.2}",Stable emotional condition,2026-07-05 18:43:21
neutral,0.97,neutral,neutral,HIGH,HIGH,MEDIUM,LOW,FOCUSED,0.47,0.679,STABLE,18,4.38,CENTER,1.0,0,"{'yaw': -1.93, 'pitch': 7.26, 'roll': -0.11}",angry,0.7066666666666667,medium,0.4267,0.061,False,HIGH,0.701,41.2,39.4,LOW,"{'visual_stress': 35.0, 'audio_stress': 0.0, 'emotion_instability': 2.1, 'eye_avoidance': 0.0, 'head_movement': 2.2}",Stable emotional condition,2026-07-05 18:43:21
neutral,0.97,neutral,neutral,HIGH,HIGH,MEDIUM,LOW,FOCUSED,0.44,0.679,STABLE,18,4.36,CENTER,1.0,0,"{'yaw': -1.81, 'pitch': 10.06, 'roll': -0.13}",angry,0.7066666666666667,medium,0.4267,0.061,False,HIGH,0.701,41.2,39.3,LOW,"{'visual_stress': 35.0, 'audio_stress': 0.0, 'emotion_instability': 2.1, 'eye_avoidance': 0.0, 'head_movement': 2.2}",Stable emotional condition,2026-07-05 18:43:22
neutral,0.92,neutral,neutral,HIGH,HIGH,MEDIUM,LOW,FOCUSED,0.45,0.644,STABLE,18,4.37,CENTER,1.0,0,"{'yaw': -2.9, 'pitch': 10.87, 'roll': -0.16}",angry,0.7433333333333333,medium,0.43,0.0698,False,HIGH,0.699,41.2,39.3,LOW,"{'visual_stress': 35.0, 'audio_stress': 0.0, 'emotion_instability': 2.1, 'eye_avoidance': 0.0, 'head_movement': 2.2}",Stable emotional condition,2026-07-05 18:43:23
neutral,0.99,neutral,neutral,HIGH,HIGH,MEDIUM,LOW,OVERLOADED,0.44,0.693,STABLE,18,4.39,CENTER,1.0,0,"{'yaw': -2.15, 'pitch': 9.0, 'roll': -0.13}",angry,0.7433333333333333,medium,0.43,0.0698,False,HIGH,0.699,41.2,39.3,LOW,"{'visual_stress': 35.0, 'audio_stress': 0.0, 'emotion_instability': 2.1, 'eye_avoidance': 0.0, 'head_movement': 2.2}",Stable emotional condition,2026-07-05 18:43:23
neutral,0.99,neutral,neutral,HIGH,HIGH,MEDIUM,LOW,FOCUSED,0.45,0.693,STABLE,18,4.41,CENTER,1.0,0,"{'yaw': -2.37, 'pitch': 10.18, 'roll': -0.15}",angry,0.7433333333333333,medium,0.43,0.0698,False,HIGH,0.699,41.2,39.3,LOW,"{'visual_stress': 35.0, 'audio_stress': 0.0, 'emotion_instability': 2.1, 'eye_avoidance': 0.0, 'head_movement': 2.2}",Stable emotional condition,2026-07-05 18:43:23
neutral,0.89,neutral,neutral,HIGH,HIGH,MEDIUM,LOW,FOCUSED,0.45,0.623,STABLE,19,4.42,CENTER,1.0,0,"{'yaw': -1.02, 'pitch': 11.54, 'roll': -0.16}",angry,0.7433333333333333,medium,0.43,0.0698,False,HIGH,0.699,41.5,39.3,LOW,"{'visual_stress': 35.0, 'audio_stress': 0.0, 'emotion_instability': 2.1, 'eye_avoidance': 0.0, 'head_movement': 2.2}",Stable emotional condition,2026-07-05 18:43:24
neutral,0.75,neutral,neutral,HIGH,HIGH,MEDIUM,LOW,FOCUSED,0.46,0.525,STABLE,19,4.43,CENTER,1.0,0,"{'yaw': 0.43, 'pitch': 7.36, 'roll': -0.14}",angry,0.7433333333333333,medium,0.43,0.0698,False,HIGH,0.699,41.5,39.3,LOW,"{'visual_stress': 35.0, 'audio_stress': 0.0, 'emotion_instability': 2.1, 'eye_avoidance': 0.0, 'head_movement': 2.2}",Stable emotional condition,2026-07-05 18:43:24
neutral,0.67,neutral,angry,HIGH,HIGH,MEDIUM,MEDIUM,FOCUSED,0.42,0.52,STABLE,19,4.42,CENTER,1.0,0,"{'yaw': 0.93, 'pitch': 7.34, 'roll': -0.12}",angry,0.7433333333333333,medium,0.43,0.0698,False,HIGH,0.699,53.5,39.5,LOW,"{'visual_stress': 35.0, 'audio_stress': 0.0, 'emotion_instability': 2.6, 'eye_avoidance': 0.0, 'head_movement': 2.2}",Negative emotional state,2026-07-05 18:43:24
neutral,0.94,neutral,neutral,HIGH,HIGH,MEDIUM,LOW,FOCUSED,0.46,0.658,STABLE,19,4.4,CENTER,1.0,0,"{'yaw': -0.85, 'pitch': 7.78, 'roll': -0.15}",angry,0.7433333333333333,medium,0.43,0.0698,False,HIGH,0.699,41.5,39.8,LOW,"{'visual_stress': 35.0, 'audio_stress': 0.0, 'emotion_instability': 3.1, 'eye_avoidance': 0.0, 'head_movement': 2.2}",Stable emotional condition,2026-07-05 18:43:24
neutral,0.96,neutral,neutral,HIGH,HIGH,MEDIUM,LOW,FOCUSED,0.45,0.672,STABLE,19,4.42,CENTER,1.0,0,"{'yaw': -2.92, 'pitch': 9.91, 'roll': -0.21}",angry,0.7433333333333333,medium,0.43,0.0698,False,HIGH,0.699,41.5,40.0,MEDIUM,"{'visual_stress': 35.0, 'audio_stress': 0.0, 'emotion_instability': 3.1, 'eye_avoidance': 0.0, 'head_movement': 2.2}",Stable emotional condition,2026-07-05 18:43:25
neutral,0.98,neutral,neutral,HIGH,HIGH,MEDIUM,LOW,FOCUSED,0.46,0.686,STABLE,19,4.44,CENTER,1.0,0,"{'yaw': -3.66, 'pitch': 10.74, 'roll': -0.22}",angry,0.7433333333333333,medium,0.43,0.0698,False,HIGH,0.699,41.6,40.1,MEDIUM,"{'visual_stress': 35.0, 'audio_stress': 0.0, 'emotion_instability': 3.1, 'eye_avoidance': 0.0, 'head_movement': 2.2}",Stable emotional condition,2026-07-05 18:43:25
neutral,0.97,neutral,neutral,HIGH,HIGH,MEDIUM,LOW,FOCUSED,0.45,0.679,STABLE,19,4.56,CENTER,1.0,0,"{'yaw': -4.33, 'pitch': 13.16, 'roll': -0.22}",angry,0.7433333333333333,medium,0.43,0.0698,False,HIGH,0.699,41.6,40.2,MEDIUM,"{'visual_stress': 35.0, 'audio_stress': 0.0, 'emotion_instability': 3.1, 'eye_avoidance': 0.0, 'head_movement': 2.3}",Stable emotional condition,2026-07-05 18:43:25
neutral,0.99,neutral,neutral,HIGH,HIGH,MEDIUM,LOW,FOCUSED,0.46,0.693,STABLE,19,4.76,CENTER,1.0,0,"{'yaw': -5.19, 'pitch': 13.6, 'roll': -0.2}",angry,0.7366666666666667,low,0.4367,0.0677,False,HIGH,0.696,41.7,40.3,MEDIUM,"{'visual_stress': 35.0, 'audio_stress': 0.0, 'emotion_instability': 3.1, 'eye_avoidance': 0.0, 'head_movement': 2.4}",Stable emotional condition,2026-07-05 18:43:26
neutral,0.99,neutral,neutral,HIGH,HIGH,MEDIUM,LOW,FOCUSED,0.46,0.693,STABLE,19,5.02,CENTER,1.0,0,"{'yaw': -6.12, 'pitch': 13.06, 'roll': -0.23}",angry,0.7366666666666667,low,0.4367,0.0677,False,HIGH,0.696,41.8,40.4,MEDIUM,"{'visual_stress': 35.0, 'audio_stress': 0.0, 'emotion_instability': 3.1, 'eye_avoidance': 0.0, 'head_movement': 2.5}",Stable emotional condition,2026-07-05 18:43:26
neutral,0.99,neutral,neutral,HIGH,HIGH,MEDIUM,LOW,FOCUSED,0.52,0.693,STABLE,19,5.2,CENTER,1.0,0,"{'yaw': -4.9, 'pitch': 13.07, 'roll': -0.23}",angry,0.7366666666666667,low,0.4367,0.0677,False,HIGH,0.696,41.9,40.5,MEDIUM,"{'visual_stress': 35.0, 'audio_stress': 0.0, 'emotion_instability': 3.1, 'eye_avoidance': 0.0, 'head_movement': 2.6}",Stable emotional condition,2026-07-05 18:43:27
neutral,0.98,neutral,neutral,HIGH,HIGH,MEDIUM,LOW,FOCUSED,0.43,0.686,STABLE,19,5.16,CENTER,1.0,0,"{'yaw': -2.46, 'pitch': 9.85, 'roll': -0.15}",angry,0.7366666666666667,low,0.4367,0.0677,False,HIGH,0.696,41.9,40.6,MEDIUM,"{'visual_stress': 35.0, 'audio_stress': 0.0, 'emotion_instability': 3.1, 'eye_avoidance': 0.0, 'head_movement': 2.6}",Stable emotional condition,2026-07-05 18:43:27
neutral,1.0,neutral,neutral,HIGH,HIGH,MEDIUM,LOW,FOCUSED,0.43,0.7,STABLE,19,4.95,CENTER,1.0,0,"{'yaw': -0.67, 'pitch': 10.49, 'roll': -0.15}",angry,0.7366666666666667,low,0.4367,0.0677,False,HIGH,0.696,41.8,40.6,MEDIUM,"{'visual_stress': 35.0, 'audio_stress': 0.0, 'emotion_instability': 3.1, 'eye_avoidance': 0.0, 'head_movement': 2.5}",Stable emotional condition,2026-07-05 18:43:27
neutral,0.97,neutral,neutral,HIGH,HIGH,MEDIUM,LOW,FOCUSED,0.42,0.679,STABLE,19,4.58,CENTER,1.0,0,"{'yaw': 0.16, 'pitch': 10.06, 'roll': -0.13}",angry,0.7366666666666667,low,0.4367,0.0677,False,HIGH,0.696,41.6,40.3,MEDIUM,"{'visual_stress': 35.0, 'audio_stress': 0.0, 'emotion_instability': 2.6, 'eye_avoidance': 0.0, 'head_movement': 2.3}",Stable emotional condition,2026-07-05 18:43:28
neutral,0.99,neutral,neutral,HIGH,HIGH,MEDIUM,LOW,OVERLOADED,0.45,0.693,STABLE,19,4.42,CENTER,1.0,0,"{'yaw': -0.82, 'pitch': 10.04, 'roll': -0.17}",angry,0.7366666666666667,low,0.4367,0.0677,False,HIGH,0.696,41.5,39.9,LOW,"{'visual_stress': 35.0, 'audio_stress': 0.0, 'emotion_instability': 2.1, 'eye_avoidance': 0.0, 'head_movement': 2.2}",Stable emotional condition,2026-07-05 18:43:28
neutral,1.0,neutral,neutral,HIGH,HIGH,MEDIUM,LOW,OVERLOADED,0.45,0.7,STABLE,19,4.4,CENTER,1.0,0,"{'yaw': -2.28, 'pitch': 11.92, 'roll': -0.17}",angry,0.7366666666666667,low,0.4367,0.0677,False,HIGH,0.696,41.5,39.7,LOW,"{'visual_stress': 35.0, 'audio_stress': 0.0, 'emotion_instability': 2.1, 'eye_avoidance': 0.0, 'head_movement': 2.2}",Stable emotional condition,2026-07-05 18:43:28
neutral,0.99,neutral,neutral,HIGH,HIGH,MEDIUM,LOW,FOCUSED,0.42,0.693,STABLE,19,4.48,CENTER,1.0,0,"{'yaw': -2.73, 'pitch': 13.37, 'roll': -0.2}",angry,0.7366666666666667,low,0.4367,0.0677,False,HIGH,0.696,41.6,39.3,LOW,"{'visual_stress': 35.0, 'audio_stress': 0.0, 'emotion_instability': 1.6, 'eye_avoidance': 0.0, 'head_movement': 2.2}",Stable emotional condition,2026-07-05 18:43:28
neutral,1.0,neutral,neutral,HIGH,HIGH,MEDIUM,LOW,FOCUSED,0.42,0.7,STABLE,19,4.65,CENTER,1.0,0,"{'yaw': -3.69, 'pitch': 14.17, 'roll': -0.21}",angry,0.7366666666666667,low,0.4367,0.0677,False,HIGH,0.696,41.7,38.9,LOW,"{'visual_stress': 35.0, 'audio_stress': 0.0, 'emotion_instability': 1.0, 'eye_avoidance': 0.0, 'head_movement': 2.3}",Stable emotional condition,2026-07-05 18:43:29
neutral,1.0,neutral,neutral,HIGH,HIGH,MEDIUM,LOW,OVERLOADED,0.45,0.7,STABLE,19,4.76,CENTER,1.0,0,"{'yaw': -3.91, 'pitch': 14.1, 'roll': -0.18}",angry,0.57,medium,0.3967,0.0691,False,HIGH,0.716,41.7,38.7,LOW,"{'visual_stress': 35.0, 'audio_stress': 0.0, 'emotion_instability': 1.0, 'eye_avoidance': 0.0, 'head_movement': 2.4}",Stable emotional condition,2026-07-05 18:46:29
neutral,1.0,neutral,neutral,HIGH,HIGH,MEDIUM,LOW,FOCUSED,0.42,0.7,STABLE,19,4.8,CENTER,1.0,0,"{'yaw': -3.46, 'pitch': 14.7, 'roll': -0.18}",angry,0.57,medium,0.3967,0.0691,False,HIGH,0.716,41.7,38.6,LOW,"{'visual_stress': 35.0, 'audio_stress': 0.0, 'emotion_instability': 1.0, 'eye_avoidance': 0.0, 'head_movement': 2.4}",Stable emotional condition,2026-07-05 18:46:29
neutral,0.99,neutral,neutral,HIGH,HIGH,MEDIUM,LOW,FOCUSED,0.44,0.693,STABLE,20,4.43,CENTER,1.0,0,"{'yaw': -3.63, 'pitch': 14.21, 'roll': -0.19}",angry,0.57,medium,0.3967,0.0691,False,HIGH,0.716,41.9,38.4,LOW,"{'visual_stress': 35.0, 'audio_stress': 0.0, 'emotion_instability': 1.0, 'eye_avoidance': 0.0, 'head_movement': 2.2}",Stable emotional condition,2026-07-05 18:46:29
neutral,1.0,neutral,neutral,HIGH,HIGH,MEDIUM,LOW,FOCUSED,0.44,0.7,STABLE,20,4.25,CENTER,1.0,0,"{'yaw': -2.71, 'pitch': 12.97, 'roll': -0.17}",angry,0.57,medium,0.3967,0.0691,False,HIGH,0.716,41.8,38.3,LOW,"{'visual_stress': 35.0, 'audio_stress': 0.0, 'emotion_instability': 1.0, 'eye_avoidance': 0.0, 'head_movement': 2.1}",Stable emotional condition,2026-07-05 18:46:30
neutral,0.99,neutral,neutral,HIGH,HIGH,MEDIUM,LOW,FOCUSED,0.43,0.693,STABLE,20,4.09,CENTER,1.0,0,"{'yaw': -2.23, 'pitch': 12.81, 'roll': -0.17}",angry,0.57,medium,0.3967,0.0691,False,HIGH,0.716,41.7,38.2,LOW,"{'visual_stress': 35.0, 'audio_stress': 0.0, 'emotion_instability': 1.0, 'eye_avoidance': 0.0, 'head_movement': 2.0}",Stable emotional condition,2026-07-05 18:46:30
neutral,0.99,neutral,neutral,HIGH,HIGH,MEDIUM,LOW,FOCUSED,0.45,0.693,STABLE,20,4.02,CENTER,1.0,0,"{'yaw': -2.92, 'pitch': 12.07, 'roll': -0.18}",angry,0.57,medium,0.3967,0.0691,False,HIGH,0.716,41.7,38.1,LOW,"{'visual_stress': 35.0, 'audio_stress': 0.0, 'emotion_instability': 1.0, 'eye_avoidance': 0.0, 'head_movement': 2.0}",Stable emotional condition,2026-07-05 18:46:30
neutral,1.0,neutral,neutral,HIGH,HIGH,MEDIUM,LOW,FOCUSED,0.42,0.7,STABLE,20,3.97,CENTER,1.0,0,"{'yaw': -3.56, 'pitch': 14.17, 'roll': -0.17}",angry,0.57,medium,0.3967,0.0691,False,HIGH,0.716,41.7,38.1,LOW,"{'visual_stress': 35.0, 'audio_stress': 0.0, 'emotion_instability': 1.0, 'eye_avoidance': 0.0, 'head_movement': 2.0}",Stable emotional condition,2026-07-05 18:46:30
neutral,1.0,neutral,neutral,HIGH,HIGH,MEDIUM,LOW,FOCUSED,0.44,0.7,STABLE,20,3.89,CENTER,1.0,0,"{'yaw': -2.72, 'pitch': 13.69, 'roll': -0.16}",angry,0.57,medium,0.3967,0.0691,False,HIGH,0.716,41.6,38.0,LOW,"{'visual_stress': 35.0, 'audio_stress': 0.0, 'emotion_instability': 1.0, 'eye_avoidance': 0.0, 'head_movement': 1.9}",Stable emotional condition,2026-07-05 18:46:30
neutral,0.99,neutral,neutral,HIGH,HIGH,MEDIUM,LOW,FOCUSED,0.43,0.693,STABLE,20,3.77,CENTER,1.0,0,"{'yaw': -3.3, 'pitch': 13.22, 'roll': -0.16}",angry,0.57,medium,0.3967,0.0691,False,HIGH,0.716,41.6,38.0,LOW,"{'visual_stress': 35.0, 'audio_stress': 0.0, 'emotion_instability': 1.0, 'eye_avoidance': 0.0, 'head_movement': 1.9}",Stable emotional condition,2026-07-05 18:46:31
neutral,0.99,neutral,neutral,HIGH,HIGH,MEDIUM,LOW,FOCUSED,0.41,0.693,STABLE,20,3.78,CENTER,1.0,0,"{'yaw': -1.94, 'pitch': 13.91, 'roll': -0.17}",angry,0.57,medium,0.3967,0.0691,False,HIGH,0.716,41.6,37.9,LOW,"{'visual_stress': 35.0, 'audio_stress': 0.0, 'emotion_instability': 1.0, 'eye_avoidance': 0.0, 'head_movement': 1.9}",Stable emotional condition,2026-07-05 18:46:31
neutral,0.99,neutral,neutral,HIGH,HIGH,MEDIUM,LOW,OVERLOADED,0.47,0.693,STABLE,20,3.8,CENTER,1.0,0,"{'yaw': -1.09, 'pitch': 11.1, 'roll': -0.15}",angry,0.6133333333333333,medium,0.4567,0.0567,False,HIGH,0.686,41.6,37.9,LOW,"{'visual_stress': 35.0, 'audio_stress': 0.0, 'emotion_instability': 1.0, 'eye_avoidance': 0.0, 'head_movement': 1.9}",Stable emotional condition,2026-07-05 18:46:32
neutral,0.97,neutral,neutral,HIGH,HIGH,MEDIUM,LOW,FOCUSED,0.42,0.679,STABLE,20,3.75,CENTER,1.0,0,"{'yaw': -1.36, 'pitch': 11.51, 'roll': -0.17}",angry,0.6133333333333333,medium,0.4567,0.0567,False,HIGH,0.686,41.5,37.9,LOW,"{'visual_stress': 35.0, 'audio_stress': 0.0, 'emotion_instability': 1.0, 'eye_avoidance': 0.0, 'head_movement': 1.9}",Stable emotional condition,2026-07-05 18:46:32
neutral,0.99,neutral,neutral,HIGH,HIGH,MEDIUM,LOW,FOCUSED,0.43,0.693,STABLE,21,3.74,CENTER,1.0,0,"{'yaw': -1.27, 'pitch': 11.47, 'roll': -0.16}",angry,0.6133333333333333,medium,0.4567,0.0567,False,HIGH,0.686,41.9,37.9,LOW,"{'visual_stress': 35.0, 'audio_stress': 0.0, 'emotion_instability': 1.0, 'eye_avoidance': 0.0, 'head_movement': 1.9}",Stable emotional condition,2026-07-05 18:46:32
neutral,0.98,neutral,neutral,HIGH,HIGH,MEDIUM,LOW,FOCUSED,0.4,0.686,STABLE,21,3.73,CENTER,1.0,0,"{'yaw': -1.48, 'pitch': 12.74, 'roll': -0.16}",angry,0.6133333333333333,medium,0.4567,0.0567,False,HIGH,0.686,41.9,37.9,LOW,"{'visual_stress': 35.0, 'audio_stress': 0.0, 'emotion_instability': 1.0, 'eye_avoidance': 0.0, 'head_movement': 1.9}",Stable emotional condition,2026-07-05 18:46:32
neutral,0.98,neutral,neutral,HIGH,HIGH,MEDIUM,LOW,FOCUSED,0.42,0.686,STABLE,21,3.46,CENTER,1.0,0,"{'yaw': -2.23, 'pitch': 12.18, 'roll': -0.18}",angry,0.6133333333333333,medium,0.4567,0.0567,False,HIGH,0.686,41.7,37.6,LOW,"{'visual_stress': 35.0, 'audio_stress': 0.0, 'emotion_instability': 0.5, 'eye_avoidance': 0.0, 'head_movement': 1.7}",Stable emotional condition,2026-07-05 18:46:32
neutral,0.98,neutral,neutral,HIGH,HIGH,MEDIUM,LOW,FOCUSED,0.46,0.686,STABLE,21,3.11,CENTER,1.0,0,"{'yaw': -2.91, 'pitch': 10.6, 'roll': -0.18}",angry,0.6133333333333333,medium,0.4567,0.0567,False,HIGH,0.686,41.6,37.2,LOW,"{'visual_stress': 35.0, 'audio_stress': 0.0, 'emotion_instability': 0.0, 'eye_avoidance': 0.0, 'head_movement': 1.6}",Stable emotional condition,2026-07-05 18:46:32
neutral,0.96,neutral,neutral,HIGH,HIGH,MEDIUM,LOW,FOCUSED,0.52,0.672,STABLE,21,2.89,CENTER,1.0,0,"{'yaw': -1.95, 'pitch': 10.88, 'roll': -0.17}",angry,0.6133333333333333,medium,0.4567,0.0567,False,HIGH,0.686,41.4,36.9,LOW,"{'visual_stress': 35.0, 'audio_stress': 0.0, 'emotion_instability': 0.0, 'eye_avoidance': 0.0, 'head_movement': 1.4}",Stable emotional condition,2026-07-05 18:46:33
neutral,0.98,neutral,neutral,HIGH,HIGH,MEDIUM,LOW,OVERLOADED,0.43,0.686,STABLE,21,2.91,CENTER,1.0,0,"{'yaw': -0.64, 'pitch': 10.55, 'roll': -0.14}",angry,0.6133333333333333,medium,0.4567,0.0567,False,HIGH,0.686,41.5,36.7,LOW,"{'visual_stress': 35.0, 'audio_stress': 0.0, 'emotion_instability': 0.0, 'eye_avoidance': 0.0, 'head_movement': 1.5}",Stable emotional condition,2026-07-05 18:46:33
neutral,0.97,neutral,neutral,HIGH,HIGH,MEDIUM,LOW,FOCUSED,0.57,0.679,STABLE,22,2.9,CENTER,1.0,0,"{'yaw': -1.47, 'pitch': 10.97, 'roll': -0.16}",angry,0.6133333333333333,medium,0.4567,0.0567,False,HIGH,0.686,41.8,36.6,LOW,"{'visual_stress': 35.0, 'audio_stress': 0.0, 'emotion_instability': 0.0, 'eye_avoidance': 0.0, 'head_movement': 1.4}",Stable emotional condition,2026-07-05 18:46:33
neutral,0.94,neutral,neutral,HIGH,HIGH,MEDIUM,LOW,FOCUSED,0.43,0.658,STABLE,22,2.93,CENTER,1.0,0,"{'yaw': -1.0, 'pitch': 10.36, 'roll': -0.14}",angry,0.6133333333333333,medium,0.4567,0.0567,False,HIGH,0.686,41.8,36.6,LOW,"{'visual_stress': 35.0, 'audio_stress': 0.0, 'emotion_instability': 0.0, 'eye_avoidance': 0.0, 'head_movement': 1.5}",Stable emotional condition,2026-07-05 18:46:33
neutral,0.94,neutral,neutral,HIGH,HIGH,MEDIUM,LOW,FOCUSED,0.51,0.658,STABLE,22,2.86,CENTER,1.0,0,"{'yaw': -1.45, 'pitch': 10.43, 'roll': -0.17}",fear,0.58,medium,0.4367,0.047,False,HIGH,0.696,41.8,36.5,LOW,"{'visual_stress': 35.0, 'audio_stress': 0.0, 'emotion_instability': 0.0, 'eye_avoidance': 0.0, 'head_movement': 1.4}",Stable emotional condition,2026-07-05 18:46:34
neutral,0.91,neutral,neutral,HIGH,HIGH,MEDIUM,LOW,FOCUSED,0.55,0.637,STABLE,22,2.71,CENTER,1.0,0,"{'yaw': -0.93, 'pitch': 10.32, 'roll': -0.15}",fear,0.58,medium,0.4367,0.047,False,HIGH,0.696,41.7,36.5,LOW,"{'visual_stress': 35.0, 'audio_stress': 0.0, 'emotion_instability': 0.0, 'eye_avoidance': 0.0, 'head_movement': 1.4}",Stable emotional condition,2026-07-05 18:46:34
neutral,0.94,neutral,neutral,HIGH,HIGH,MEDIUM,LOW,FOCUSED,0.52,0.658,STABLE,22,2.67,CENTER,1.0,0,"{'yaw': 0.35, 'pitch': 11.4, 'roll': -0.16}",fear,0.58,medium,0.4367,0.047,False,HIGH,0.696,41.7,36.4,LOW,"{'visual_stress': 35.0, 'audio_stress': 0.0, 'emotion_instability': 0.0, 'eye_avoidance': 0.0, 'head_movement': 1.3}",Stable emotional condition,2026-07-05 18:46:34
neutral,0.99,neutral,neutral,HIGH,HIGH,MEDIUM,LOW,FOCUSED,0.54,0.693,STABLE,22,2.72,CENTER,1.0,0,"{'yaw': 0.19, 'pitch': 10.08, 'roll': -0.16}",fear,0.58,medium,0.4367,0.047,False,HIGH,0.696,41.7,36.4,LOW,"{'visual_stress': 35.0, 'audio_stress': 0.0, 'emotion_instability': 0.0, 'eye_avoidance': 0.0, 'head_movement': 1.4}",Stable emotional condition,2026-07-05 18:46:35
neutral,0.99,neutral,neutral,HIGH,HIGH,MEDIUM,LOW,FOCUSED,0.5,0.693,STABLE,22,2.84,CENTER,1.0,0,"{'yaw': 1.51, 'pitch': 10.74, 'roll': -0.17}",fear,0.58,medium,0.4367,0.047,False,HIGH,0.696,41.8,36.4,LOW,"{'visual_stress': 35.0, 'audio_stress': 0.0, 'emotion_instability': 0.0, 'eye_avoidance': 0.0, 'head_movement': 1.4}",Stable emotional condition,2026-07-05 18:46:35
neutral,0.92,neutral,neutral,HIGH,HIGH,MEDIUM,LOW,FOCUSED,0.51,0.644,STABLE,22,2.85,CENTER,1.0,0,"{'yaw': 0.42, 'pitch': 10.12, 'roll': -0.17}",fear,0.58,medium,0.4367,0.047,False,HIGH,0.696,41.8,36.4,LOW,"{'visual_stress': 35.0, 'audio_stress': 0.0, 'emotion_instability': 0.0, 'eye_avoidance': 0.0, 'head_movement': 1.4}",Stable emotional condition,2026-07-05 18:46:35
neutral,0.99,neutral,neutral,HIGH,HIGH,MEDIUM,LOW,OVERLOADED,0.48,0.693,STABLE,22,2.83,CENTER,1.0,0,"{'yaw': -0.11, 'pitch': 11.67, 'roll': -0.19}",fear,0.58,medium,0.4367,0.047,False,HIGH,0.696,41.7,36.4,LOW,"{'visual_stress': 35.0, 'audio_stress': 0.0, 'emotion_instability': 0.0, 'eye_avoidance': 0.0, 'head_movement': 1.4}",Stable emotional condition,2026-07-05 18:46:35
neutral,0.98,neutral,neutral,HIGH,HIGH,MEDIUM,LOW,FOCUSED,0.51,0.686,STABLE,23,2.87,CENTER,1.0,0,"{'yaw': -2.18, 'pitch': 10.33, 'roll': -0.17}",fear,0.58,medium,0.4367,0.047,False,HIGH,0.696,42.1,36.4,LOW,"{'visual_stress': 35.0, 'audio_stress': 0.0, 'emotion_instability': 0.0, 'eye_avoidance': 0.0, 'head_movement': 1.4}",Stable emotional condition,2026-07-05 18:46:35
neutral,0.94,neutral,neutral,HIGH,HIGH,MEDIUM,LOW,FOCUSED,0.49,0.658,STABLE,23,2.86,CENTER,1.0,0,"{'yaw': -2.76, 'pitch': 10.69, 'roll': -0.19}",fear,0.58,medium,0.4367,0.047,False,HIGH,0.696,42.1,36.4,LOW,"{'visual_stress': 35.0, 'audio_stress': 0.0, 'emotion_instability': 0.0, 'eye_avoidance': 0.0, 'head_movement': 1.4}",Stable emotional condition,2026-07-05 18:46:36
neutral,0.94,neutral,neutral,HIGH,HIGH,MEDIUM,LOW,FOCUSED,0.52,0.658,STABLE,23,2.78,CENTER,1.0,0,"{'yaw': -0.79, 'pitch': 10.74, 'roll': -0.16}",fear,0.58,medium,0.4367,0.047,False,HIGH,0.696,42.1,36.4,LOW,"{'visual_stress': 35.0, 'audio_stress': 0.0, 'emotion_instability': 0.0, 'eye_avoidance': 0.0, 'head_movement': 1.4}",Stable emotional condition,2026-07-05 18:46:36
neutral,0.98,neutral,neutral,HIGH,HIGH,MEDIUM,LOW,FOCUSED,0.54,0.686,STABLE,23,2.75,CENTER,1.0,0,"{'yaw': 0.5, 'pitch': 10.02, 'roll': -0.18}",angry,0.61,low,0.39,0.0532,False,HIGH,0.719,42.0,36.4,LOW,"{'visual_stress': 35.0, 'audio_stress': 0.0, 'emotion_instability': 0.0, 'eye_avoidance': 0.0, 'head_movement': 1.4}",Stable emotional condition,2026-07-05 18:46:36
neutral,0.99,neutral,neutral,HIGH,HIGH,MEDIUM,LOW,OVERLOADED,0.49,0.693,STABLE,23,2.74,CENTER,1.0,0,"{'yaw': 0.41, 'pitch': 8.6, 'roll': -0.12}",angry,0.61,low,0.39,0.0532,False,HIGH,0.719,42.0,36.4,LOW,"{'visual_stress': 35.0, 'audio_stress': 0.0, 'emotion_instability': 0.0, 'eye_avoidance': 0.0, 'head_movement': 1.4}",Stable emotional condition,2026-07-05 18:46:37
neutral,0.98,neutral,neutral,HIGH,HIGH,MEDIUM,LOW,OVERLOADED,0.51,0.686,STABLE,23,2.87,CENTER,1.0,0,"{'yaw': 2.18, 'pitch': 8.03, 'roll': -0.08}",angry,0.61,low,0.39,0.0532,False,HIGH,0.719,42.1,36.4,LOW,"{'visual_stress': 35.0, 'audio_stress': 0.0, 'emotion_instability': 0.0, 'eye_avoidance': 0.0, 'head_movement': 1.4}",Stable emotional condition,2026-07-05 18:46:37
neutral,0.97,neutral,neutral,HIGH,HIGH,MEDIUM,LOW,OVERLOADED,0.54,0.679,STABLE,23,2.93,CENTER,1.0,0,"{'yaw': 1.12, 'pitch': 8.99, 'roll': -0.09}",angry,0.61,low,0.39,0.0532,False,HIGH,0.719,42.1,36.4,LOW,"{'visual_stress': 35.0, 'audio_stress': 0.0, 'emotion_instability': 0.0, 'eye_avoidance': 0.0, 'head_movement': 1.5}",Stable emotional condition,2026-07-05 18:46:37
neutral,0.94,neutral,neutral,HIGH,HIGH,MEDIUM,LOW,OVERLOADED,0.54,0.658,STABLE,23,2.91,CENTER,1.0,0,"{'yaw': -0.36, 'pitch': 9.87, 'roll': -0.1}",angry,0.61,low,0.39,0.0532,False,HIGH,0.719,42.1,36.5,LOW,"{'visual_stress': 35.0, 'audio_stress': 0.0, 'emotion_instability': 0.0, 'eye_avoidance': 0.0, 'head_movement': 1.5}",Stable emotional condition,2026-07-05 18:46:37
neutral,0.83,neutral,neutral,HIGH,HIGH,MEDIUM,LOW,OVERLOADED,0.54,0.581,STABLE,23,2.92,CENTER,1.0,0,"{'yaw': -3.4, 'pitch': 11.55, 'roll': -0.14}",angry,0.61,low,0.39,0.0532,False,HIGH,0.719,42.1,36.5,LOW,"{'visual_stress': 35.0, 'audio_stress': 0.0, 'emotion_instability': 0.0, 'eye_avoidance': 0.0, 'head_movement': 1.5}",Stable emotional condition,2026-07-05 18:46:37
neutral,0.92,neutral,neutral,HIGH,HIGH,MEDIUM,LOW,FOCUSED,0.49,0.644,STABLE,24,2.9,CENTER,1.0,0,"{'yaw': -4.88, 'pitch': 12.03, 'roll': -0.17}",angry,0.61,low,0.39,0.0532,False,HIGH,0.719,42.4,36.4,LOW,"{'visual_stress': 35.0, 'audio_stress': 0.0, 'emotion_instability': 0.0, 'eye_avoidance': 0.0, 'head_movement': 1.4}",Stable emotional condition,2026-07-05 18:46:38
neutral,0.9,neutral,neutral,HIGH,HIGH,MEDIUM,LOW,OVERLOADED,0.48,0.63,STABLE,24,3.11,CENTER,1.0,0,"{'yaw': -7.01, 'pitch': 10.64, 'roll': -0.18}",angry,0.61,low,0.39,0.0532,False,HIGH,0.719,42.6,36.5,LOW,"{'visual_stress': 35.0, 'audio_stress': 0.0, 'emotion_instability': 0.0, 'eye_avoidance': 0.0, 'head_movement': 1.6}",Stable emotional condition,2026-07-05 18:46:38
angry,0.5,angry,angry,HIGH,HIGH,MEDIUM,MEDIUM,OVERLOADED,0.66,0.655,STABLE,24,3.24,CENTER,1.0,0,"{'yaw': -6.64, 'pitch': 10.61, 'roll': -0.15}",angry,0.61,low,0.39,0.0532,True,HIGH,0.719,54.6,36.7,LOW,"{'visual_stress': 35.0, 'audio_stress': 0.0, 'emotion_instability': 0.5, 'eye_avoidance': 0.0, 'head_movement': 1.6}",Negative emotional state,2026-07-05 18:46:38
neutral,0.94,neutral,neutral,HIGH,HIGH,MEDIUM,LOW,OVERLOADED,0.59,0.658,STABLE,24,3.44,CENTER,1.0,0,"{'yaw': -8.12, 'pitch': 9.16, 'roll': -0.17}",angry,0.61,low,0.39,0.0532,False,HIGH,0.719,42.7,37.1,LOW,"{'visual_stress': 35.0, 'audio_stress': 0.0, 'emotion_instability': 1.0, 'eye_avoidance': 0.0, 'head_movement': 1.7}",Stable emotional condition,2026-07-05 18:46:38
neutral,0.45,neutral,fear,HIGH,HIGH,MEDIUM,MEDIUM,OVERLOADED,0.45,0.317,FLUCTUATING,25,3.79,CENTER,1.0,0,"{'yaw': -7.51, 'pitch': 7.64, 'roll': -0.15}",fear,0.4533333333333333,low,0.42,0.0488,False,HIGH,0.704,55.2,37.7,LOW,"{'visual_stress': 35.0, 'audio_stress': 0.0, 'emotion_instability': 1.6, 'eye_avoidance': 0.0, 'head_movement': 1.9}",Negative emotional state,2026-07-05 18:46:39
neutral,0.69,neutral,neutral,HIGH,HIGH,MEDIUM,LOW,FOCUSED,0.47,0.483,FLUCTUATING,25,4.08,CENTER,1.0,0,"{'yaw': -7.65, 'pitch': 7.69, 'roll': -0.14}",fear,0.4533333333333333,low,0.42,0.0488,False,HIGH,0.704,43.4,38.2,LOW,"{'visual_stress': 35.0, 'audio_stress': 0.0, 'emotion_instability': 2.1, 'eye_avoidance': 0.0, 'head_movement': 2.0}",Stable emotional condition,2026-07-05 18:46:39
neutral,1.0,neutral,neutral,HIGH,HIGH,MEDIUM,LOW,OVERLOADED,0.49,0.7,FLUCTUATING,25,4.26,CENTER,1.0,0,"{'yaw': -6.88, 'pitch': 7.94, 'roll': -0.16}",fear,0.4533333333333333,low,0.42,0.0488,False,HIGH,0.704,43.5,38.6,LOW,"{'visual_stress': 35.0, 'audio_stress': 0.0, 'emotion_instability': 2.1, 'eye_avoidance': 0.0, 'head_movement': 2.1}",Stable emotional condition,2026-07-05 18:46:39
neutral,0.99,neutral,neutral,HIGH,HIGH,MEDIUM,LOW,FOCUSED,0.47,0.693,FLUCTUATING,25,4.48,CENTER,1.0,0,"{'yaw': -8.46, 'pitch': 7.4, 'roll': -0.16}",fear,0.4533333333333333,low,0.42,0.0488,False,HIGH,0.704,43.6,38.9,LOW,"{'visual_stress': 35.0, 'audio_stress': 0.0, 'emotion_instability': 2.1, 'eye_avoidance': 0.0, 'head_movement': 2.2}",Stable emotional condition,2026-07-05 18:46:40
neutral,1.0,neutral,neutral,HIGH,HIGH,MEDIUM,LOW,FOCUSED,0.47,0.7,FLUCTUATING,25,4.67,CENTER,1.0,0,"{'yaw': -8.08, 'pitch': 7.3, 'roll': -0.16}",fear,0.4533333333333333,low,0.42,0.0488,False,HIGH,0.704,43.7,39.1,LOW,"{'visual_stress': 35.0, 'audio_stress': 0.0, 'emotion_instability': 2.1, 'eye_avoidance': 0.0, 'head_movement': 2.3}",Stable emotional condition,2026-07-05 18:46:40
neutral,1.0,neutral,neutral,HIGH,HIGH,MEDIUM,LOW,OVERLOADED,0.46,0.7,FLUCTUATING,25,4.95,CENTER,1.0,0,"{'yaw': -8.09, 'pitch': 6.41, 'roll': -0.13}",fear,0.4533333333333333,low,0.42,0.0488,False,HIGH,0.704,43.8,39.3,LOW,"{'visual_stress': 35.0, 'audio_stress': 0.0, 'emotion_instability': 2.1, 'eye_avoidance': 0.0, 'head_movement': 2.5}",Stable emotional condition,2026-07-05 18:46:40
neutral,1.0,neutral,neutral,HIGH,HIGH,MEDIUM,LOW,OVERLOADED,0.47,0.7,FLUCTUATING,25,5.26,CENTER,1.0,0,"{'yaw': -6.81, 'pitch': 4.75, 'roll': -0.09}",fear,0.4533333333333333,low,0.42,0.0488,False,HIGH,0.704,44.0,39.5,LOW,"{'visual_stress': 35.0, 'audio_stress': 0.0, 'emotion_instability': 2.1, 'eye_avoidance': 0.0, 'head_movement': 2.6}",Stable emotional condition,2026-07-05 18:46:40
neutral,1.0,neutral,neutral,HIGH,HIGH,MEDIUM,LOW,OVERLOADED,0.45,0.7,FLUCTUATING,26,5.43,CENTER,1.0,0,"{'yaw': -4.96, 'pitch': 4.96, 'roll': -0.1}",fear,0.4533333333333333,low,0.42,0.0488,False,HIGH,0.704,44.4,39.6,LOW,"{'visual_stress': 35.0, 'audio_stress': 0.0, 'emotion_instability': 2.1, 'eye_avoidance': 0.0, 'head_movement': 2.7}",Stable emotional condition,2026-07-05 18:46:40
neutral,1.0,neutral,neutral,HIGH,HIGH,MEDIUM,LOW,OVERLOADED,0.44,0.7,STABLE,26,5.5,CENTER,1.0,0,"{'yaw': -3.76, 'pitch': 5.81, 'roll': -0.1}",fear,0.4533333333333333,low,0.42,0.0488,False,HIGH,0.704,44.4,39.7,LOW,"{'visual_stress': 35.0, 'audio_stress': 0.0, 'emotion_instability': 2.1, 'eye_avoidance': 0.0, 'head_movement': 2.8}",Stable emotional condition,2026-07-05 18:46:41
neutral,0.99,neutral,neutral,HIGH,HIGH,MEDIUM,LOW,OVERLOADED,0.44,0.693,STABLE,26,5.52,CENTER,1.0,0,"{'yaw': -3.49, 'pitch': 6.53, 'roll': -0.11}",fear,0.4533333333333333,low,0.42,0.0488,False,HIGH,0.704,44.4,39.8,LOW,"{'visual_stress': 35.0, 'audio_stress': 0.0, 'emotion_instability': 2.1, 'eye_avoidance': 0.0, 'head_movement': 2.8}",Stable emotional condition,2026-07-05 18:46:41
neutral,0.99,neutral,neutral,HIGH,HIGH,MEDIUM,LOW,OVERLOADED,0.45,0.693,STABLE,26,5.58,CENTER,1.0,0,"{'yaw': -2.17, 'pitch': 5.83, 'roll': -0.08}",angry,0.7766666666666666,medium,0.3933,0.0732,False,HIGH,0.718,44.5,39.8,LOW,"{'visual_stress': 35.0, 'audio_stress': 0.0, 'emotion_instability': 2.1, 'eye_avoidance': 0.0, 'head_movement': 2.8}",Stable emotional condition,2026-07-05 18:46:42
neutral,0.96,neutral,neutral,HIGH,HIGH,MEDIUM,LOW,OVERLOADED,0.47,0.672,STABLE,26,5.54,CENTER,1.0,0,"{'yaw': -2.97, 'pitch': 8.29, 'roll': -0.12}",angry,0.7766666666666666,medium,0.3933,0.0732,False,HIGH,0.718,44.4,39.9,LOW,"{'visual_stress': 35.0, 'audio_stress': 0.0, 'emotion_instability': 2.1, 'eye_avoidance': 0.0, 'head_movement': 2.8}",Stable emotional condition,2026-07-05 18:46:42
neutral,0.98,neutral,neutral,HIGH,HIGH,MEDIUM,LOW,OVERLOADED,0.59,0.686,STABLE,26,5.45,CENTER,1.0,0,"{'yaw': -1.4, 'pitch': 7.46, 'roll': -0.1}",angry,0.7766666666666666,medium,0.3933,0.0732,False,HIGH,0.718,44.4,39.8,LOW,"{'visual_stress': 35.0, 'audio_stress': 0.0, 'emotion_instability': 2.1, 'eye_avoidance': 0.0, 'head_movement': 2.7}",Stable emotional condition,2026-07-05 18:46:42
neutral,0.95,neutral,neutral,HIGH,HIGH,MEDIUM,LOW,OVERLOADED,0.59,0.665,STABLE,26,5.55,CENTER,1.0,0,"{'yaw': -0.32, 'pitch': 4.57, 'roll': -0.06}",angry,0.7766666666666666,medium,0.3933,0.0732,False,HIGH,0.718,44.4,39.9,LOW,"{'visual_stress': 35.0, 'audio_stress': 0.0, 'emotion_instability': 2.1, 'eye_avoidance': 0.0, 'head_movement': 2.8}",Stable emotional condition,2026-07-05 18:46:42
neutral,0.78,neutral,neutral,HIGH,HIGH,MEDIUM,LOW,OVERLOADED,0.59,0.546,STABLE,26,5.51,CENTER,1.0,0,"{'yaw': 0.01, 'pitch': 5.68, 'roll': -0.08}",angry,0.7766666666666666,medium,0.3933,0.0732,False,HIGH,0.718,44.4,39.9,LOW,"{'visual_stress': 35.0, 'audio_stress': 0.0, 'emotion_instability': 2.1, 'eye_avoidance': 0.0, 'head_movement': 2.8}",Stable emotional condition,2026-07-05 18:46:42
neutral,0.82,neutral,neutral,HIGH,HIGH,MEDIUM,LOW,OVERLOADED,0.47,0.574,STABLE,26,5.55,CENTER,1.0,0,"{'yaw': 1.35, 'pitch': 6.63, 'roll': -0.11}",angry,0.7766666666666666,medium,0.3933,0.0732,False,HIGH,0.718,44.4,39.9,LOW,"{'visual_stress': 35.0, 'audio_stress': 0.0, 'emotion_instability': 2.1, 'eye_avoidance': 0.0, 'head_movement': 2.8}",Stable emotional condition,2026-07-05 18:46:43
neutral,0.94,neutral,neutral,HIGH,HIGH,MEDIUM,LOW,OVERLOADED,0.59,0.658,STABLE,26,5.58,CENTER,1.0,0,"{'yaw': 2.56, 'pitch': 6.96, 'roll': -0.08}",angry,0.7766666666666666,medium,0.3933,0.0732,False,HIGH,0.718,44.5,39.9,LOW,"{'visual_stress': 35.0, 'audio_stress': 0.0, 'emotion_instability': 2.1, 'eye_avoidance': 0.0, 'head_movement': 2.8}",Stable emotional condition,2026-07-05 18:46:43
angry,0.85,angry,angry,HIGH,HIGH,MEDIUM,MEDIUM,OVERLOADED,0.53,0.913,STABLE,26,5.78,CENTER,1.0,0,"{'yaw': 3.52, 'pitch': 5.97, 'roll': -0.07}",angry,0.7766666666666666,medium,0.3933,0.0732,True,HIGH,0.718,56.6,40.1,MEDIUM,"{'visual_stress': 35.0, 'audio_stress': 0.0, 'emotion_instability': 2.6, 'eye_avoidance': 0.0, 'head_movement': 2.9}",Negative emotional state,2026-07-05 18:46:43
neutral,0.4,neutral,angry,HIGH,HIGH,MEDIUM,MEDIUM,OVERLOADED,0.49,0.544,STABLE,26,5.93,CENTER,1.0,0,"{'yaw': 3.77, 'pitch': 6.97, 'roll': -0.11}",angry,0.7766666666666666,medium,0.3933,0.0732,False,HIGH,0.718,56.6,40.3,MEDIUM,"{'visual_stress': 35.0, 'audio_stress': 0.0, 'emotion_instability': 2.6, 'eye_avoidance': 0.0, 'head_movement': 3.0}",Negative emotional state,2026-07-05 18:46:43
angry,0.38,angry,angry,HIGH,HIGH,MEDIUM,MEDIUM,OVERLOADED,0.68,0.678,STABLE,26,6.14,CENTER,1.0,0,"{'yaw': 4.71, 'pitch': 4.98, 'roll': -0.08}",angry,0.7766666666666666,medium,0.3933,0.0732,True,HIGH,0.718,56.7,40.5,MEDIUM,"{'visual_stress': 35.0, 'audio_stress': 0.0, 'emotion_instability': 2.6, 'eye_avoidance': 0.0, 'head_movement': 3.1}",Negative emotional state,2026-07-05 18:46:43
angry,0.8,angry,angry,HIGH,HIGH,MEDIUM,MEDIUM,OVERLOADED,0.53,0.817,STABLE,26,6.3,CENTER,1.0,0,"{'yaw': 4.79, 'pitch': 5.67, 'roll': -0.1}",angry,0.6333333333333333,medium,0.4033,0.1169,True,HIGH,0.713,56.8,40.6,MEDIUM,"{'visual_stress': 35.0, 'audio_stress': 0.0, 'emotion_instability': 2.6, 'eye_avoidance': 0.0, 'head_movement': 3.1}",Negative emotional state,2026-07-05 18:46:44
angry,0.4,angry,angry,HIGH,HIGH,MEDIUM,MEDIUM,OVERLOADED,0.53,0.617,STABLE,27,6.48,CENTER,1.0,0,"{'yaw': 5.0, 'pitch': 6.13, 'roll': -0.14}",angry,0.6333333333333333,medium,0.4033,0.1169,True,HIGH,0.713,57.2,40.7,MEDIUM,"{'visual_stress': 35.0, 'audio_stress': 0.0, 'emotion_instability': 2.6, 'eye_avoidance': 0.0, 'head_movement': 3.2}",Negative emotional state,2026-07-05 18:46:44
angry,0.64,angry,angry,HIGH,HIGH,MEDIUM,MEDIUM,OVERLOADED,0.53,0.737,STABLE,27,6.5,CENTER,1.0,0,"{'yaw': 2.81, 'pitch': 7.24, 'roll': -0.15}",angry,0.6333333333333333,medium,0.4033,0.1169,True,HIGH,0.713,57.2,40.7,MEDIUM,"{'visual_stress': 35.0, 'audio_stress': 0.0, 'emotion_instability': 2.6, 'eye_avoidance': 0.0, 'head_movement': 3.2}",Negative emotional state,2026-07-05 18:46:44
sad,0.65,sad,sad,HIGH,HIGH,MEDIUM,LOW,OVERLOADED,0.67,0.455,FLUCTUATING,27,6.6,CENTER,1.0,0,"{'yaw': 4.39, 'pitch': 7.56, 'roll': -0.11}",angry,0.6333333333333333,medium,0.4033,0.1169,False,HIGH,0.713,57.3,41.0,MEDIUM,"{'visual_stress': 35.0, 'audio_stress': 0.0, 'emotion_instability': 3.1, 'eye_avoidance': 0.0, 'head_movement': 3.3}",Stable emotional condition,2026-07-05 18:46:45
angry,0.88,angry,angry,HIGH,HIGH,MEDIUM,MEDIUM,OVERLOADED,0.57,0.857,FLUCTUATING,27,6.68,CENTER,1.0,0,"{'yaw': 3.91, 'pitch': 8.26, 'roll': -0.14}",angry,0.6333333333333333,medium,0.4033,0.1169,True,HIGH,0.713,57.3,41.4,MEDIUM,"{'visual_stress': 35.0, 'audio_stress': 0.0, 'emotion_instability': 3.6, 'eye_avoidance': 0.0, 'head_movement': 3.3}",Negative emotional state,2026-07-05 18:46:45
angry,0.98,angry,angry,HIGH,HIGH,MEDIUM,MEDIUM,OVERLOADED,0.68,0.907,FLUCTUATING,27,6.59,CENTER,1.0,0,"{'yaw': 3.1, 'pitch': 6.69, 'roll': -0.14}",angry,0.6333333333333333,medium,0.4033,0.1169,True,HIGH,0.713,57.3,41.6,MEDIUM,"{'visual_stress': 35.0, 'audio_stress': 0.0, 'emotion_instability': 3.6, 'eye_avoidance': 0.0, 'head_movement': 3.3}",Negative emotional state,2026-07-05 18:46:45
angry,0.98,angry,angry,HIGH,HIGH,MEDIUM,MEDIUM,OVERLOADED,0.68,0.907,STABLE,27,6.39,CENTER,1.0,0,"{'yaw': 2.7, 'pitch': 5.54, 'roll': -0.12}",angry,0.6333333333333333,medium,0.4033,0.1169,True,HIGH,0.713,57.2,41.7,MEDIUM,"{'visual_stress': 35.0, 'audio_stress': 0.0, 'emotion_instability': 3.6, 'eye_avoidance': 0.0, 'head_movement': 3.2}",Negative emotional state,2026-07-05 18:46:45
angry,0.82,angry,angry,HIGH,HIGH,MEDIUM,MEDIUM,OVERLOADED,0.68,0.827,STABLE,27,6.17,CENTER,1.0,0,"{'yaw': 2.31, 'pitch': 6.46, 'roll': -0.13}",angry,0.6333333333333333,medium,0.4033,0.1169,True,HIGH,0.713,57.1,41.5,MEDIUM,"{'visual_stress': 35.0, 'audio_stress': 0.0, 'emotion_instability': 3.1, 'eye_avoidance': 0.0, 'head_movement': 3.1}",Negative emotional state,2026-07-05 18:46:46
angry,0.51,angry,angry,HIGH,HIGH,MEDIUM,MEDIUM,OVERLOADED,0.51,0.672,STABLE,28,5.91,CENTER,1.0,0,"{'yaw': 2.35, 'pitch': 6.04, 'roll': -0.11}",angry,0.6333333333333333,medium,0.4033,0.1169,True,HIGH,0.713,57.3,41.1,MEDIUM,"{'visual_stress': 35.0, 'audio_stress': 0.0, 'emotion_instability': 2.6, 'eye_avoidance': 0.0, 'head_movement': 3.0}",Negative emotional state,2026-07-05 18:46:46
angry,0.81,angry,angry,HIGH,HIGH,MEDIUM,MEDIUM,OVERLOADED,0.53,0.822,STABLE,28,5.65,CENTER,1.0,0,"{'yaw': 0.3, 'pitch': 7.64, 'roll': -0.12}",angry,0.6333333333333333,medium,0.4033,0.1169,True,HIGH,0.713,57.2,40.6,MEDIUM,"{'visual_stress': 35.0, 'audio_stress': 0.0, 'emotion_instability': 2.1, 'eye_avoidance': 0.0, 'head_movement': 2.8}",Negative emotional state,2026-07-05 18:46:46
angry,0.47,angry,angry,HIGH,HIGH,MEDIUM,MEDIUM,OVERLOADED,0.57,0.648,STABLE,28,5.51,CENTER,1.0,0,"{'yaw': 1.29, 'pitch': 7.96, 'roll': -0.11}",angry,0.6266666666666667,medium,0.3933,0.1274,True,HIGH,0.718,57.1,40.1,MEDIUM,"{'visual_stress': 35.0, 'audio_stress': 0.0, 'emotion_instability': 1.6, 'eye_avoidance': 0.0, 'head_movement': 2.8}",Negative emotional state,2026-07-05 18:46:47
neutral,0.75,neutral,neutral,HIGH,HIGH,MEDIUM,LOW,OVERLOADED,0.59,0.525,FLUCTUATING,28,5.31,CENTER,1.0,0,"{'yaw': 0.81, 'pitch': 7.64, 'roll': -0.15}",angry,0.6266666666666667,medium,0.3933,0.1274,False,HIGH,0.718,45.0,40.0,MEDIUM,"{'visual_stress': 35.0, 'audio_stress': 0.0, 'emotion_instability': 2.1, 'eye_avoidance': 0.0, 'head_movement': 2.7}",Stable emotional condition,2026-07-05 18:46:47
neutral,0.49,neutral,angry,HIGH,HIGH,MEDIUM,MEDIUM,OVERLOADED,0.46,0.439,FLUCTUATING,28,5.16,CENTER,1.0,0,"{'yaw': -0.38, 'pitch': 8.65, 'roll': -0.16}",angry,0.6266666666666667,medium,0.3933,0.1274,False,HIGH,0.718,56.9,40.1,MEDIUM,"{'visual_stress': 35.0, 'audio_stress': 0.0, 'emotion_instability': 2.6, 'eye_avoidance': 0.0, 'head_movement': 2.6}",Negative emotional state,2026-07-05 18:46:47
neutral,0.86,neutral,neutral,HIGH,HIGH,MEDIUM,LOW,OVERLOADED,0.44,0.602,STABLE,29,4.87,CENTER,1.0,0,"{'yaw': -1.9, 'pitch': 7.42, 'roll': -0.18}",angry,0.6266666666666667,medium,0.3933,0.1274,False,HIGH,0.718,45.1,40.2,MEDIUM,"{'visual_stress': 35.0, 'audio_stress': 0.0, 'emotion_instability': 3.1, 'eye_avoidance': 0.0, 'head_movement': 2.4}",Stable emotional condition,2026-07-05 18:46:47
neutral,0.5,neutral,angry,HIGH,HIGH,MEDIUM,MEDIUM,FOCUSED,0.47,0.439,STABLE,29,4.58,CENTER,1.0,0,"{'yaw': -2.6, 'pitch': 6.74, 'roll': -0.15}",angry,0.6266666666666667,medium,0.3933,0.1274,False,HIGH,0.718,57.0,40.5,MEDIUM,"{'visual_stress': 35.0, 'audio_stress': 0.0, 'emotion_instability': 3.6, 'eye_avoidance': 0.0, 'head_movement': 2.3}",Negative emotional state,2026-07-05 18:46:47
fear,0.42,fear,angry,HIGH,HIGH,MEDIUM,MEDIUM,OVERLOADED,0.51,0.439,STABLE,29,4.28,CENTER,1.0,0,"{'yaw': -3.02, 'pitch': 6.39, 'roll': -0.14}",angry,0.6266666666666667,medium,0.3933,0.1274,False,HIGH,0.718,56.8,40.6,MEDIUM,"{'visual_stress': 35.0, 'audio_stress': 0.0, 'emotion_instability': 3.6, 'eye_avoidance': 0.0, 'head_movement': 2.1}",Negative emotional state,2026-07-05 18:46:48
sad,0.62,sad,angry,HIGH,HIGH,MEDIUM,MEDIUM,OVERLOADED,0.55,0.439,STABLE,29,3.98,CENTER,1.0,0,"{'yaw': -2.5, 'pitch': 7.21, 'roll': -0.13}",angry,0.6266666666666667,medium,0.3933,0.1274,False,HIGH,0.718,56.7,40.6,MEDIUM,"{'visual_stress': 35.0, 'audio_stress': 0.0, 'emotion_instability': 3.6, 'eye_avoidance': 0.0, 'head_movement': 2.0}",Negative emotional state,2026-07-05 18:46:48
neutral,0.93,neutral,neutral,HIGH,HIGH,MEDIUM,LOW,OVERLOADED,0.44,0.651,STABLE,29,3.94,CENTER,1.0,0,"{'yaw': -4.8, 'pitch': 7.91, 'roll': -0.17}",angry,0.6266666666666667,medium,0.3933,0.1274,False,HIGH,0.718,44.6,40.8,MEDIUM,"{'visual_stress': 35.0, 'audio_stress': 0.0, 'emotion_instability': 4.1, 'eye_avoidance': 0.0, 'head_movement': 2.0}",Stable emotional condition,2026-07-05 18:46:48
neutral,0.99,neutral,neutral,HIGH,HIGH,MEDIUM,LOW,OVERLOADED,0.44,0.693,STABLE,29,4.07,CENTER,1.0,0,"{'yaw': -5.59, 'pitch': 8.18, 'roll': -0.16}",angry,0.6266666666666667,medium,0.3933,0.1274,False,HIGH,0.718,44.7,40.9,MEDIUM,"{'visual_stress': 35.0, 'audio_stress': 0.0, 'emotion_instability': 4.1, 'eye_avoidance': 0.0, 'head_movement': 2.0}",Stable emotional condition,2026-07-05 18:46:48
neutral,0.97,neutral,neutral,HIGH,HIGH,MEDIUM,LOW,OVERLOADED,0.44,0.679,STABLE,29,4.17,CENTER,1.0,0,"{'yaw': -5.34, 'pitch': 6.81, 'roll': -0.12}",angry,0.6266666666666667,medium,0.3933,0.1274,False,HIGH,0.718,44.8,41.0,MEDIUM,"{'visual_stress': 35.0, 'audio_stress': 0.0, 'emotion_instability': 4.1, 'eye_avoidance': 0.0, 'head_movement': 2.1}",Stable emotional condition,2026-07-05 18:46:48
neutral,1.0,neutral,neutral,HIGH,HIGH,MEDIUM,LOW,OVERLOADED,0.45,0.7,STABLE,29,4.38,CENTER,1.0,0,"{'yaw': -6.55, 'pitch': 7.66, 'roll': -0.12}",angry,0.6866666666666666,low,0.41,0.1266,False,HIGH,0.709,44.9,41.1,MEDIUM,"{'visual_stress': 35.0, 'audio_stress': 0.0, 'emotion_instability': 4.1, 'eye_avoidance': 0.0, 'head_movement': 2.2}",Stable emotional condition,2026-07-05 18:46:49
neutral,1.0,neutral,neutral,HIGH,HIGH,MEDIUM,LOW,FOCUSED,0.47,0.7,STABLE,29,4.76,CENTER,1.0,0,"{'yaw': -9.67, 'pitch': 7.31, 'roll': -0.14}",angry,0.6866666666666666,low,0.41,0.1266,False,HIGH,0.709,45.0,41.3,MEDIUM,"{'visual_stress': 35.0, 'audio_stress': 0.0, 'emotion_instability': 4.1, 'eye_avoidance': 0.0, 'head_movement': 2.4}",Stable emotional condition,2026-07-05 18:46:49
neutral,1.0,neutral,neutral,HIGH,HIGH,MEDIUM,LOW,OVERLOADED,0.44,0.7,STABLE,29,5.14,CENTER,1.0,0,"{'yaw': -9.63, 'pitch': 7.2, 'roll': -0.15}",angry,0.6866666666666666,low,0.41,0.1266,False,HIGH,0.709,45.2,41.4,MEDIUM,"{'visual_stress': 35.0, 'audio_stress': 0.0, 'emotion_instability': 4.1, 'eye_avoidance': 0.0, 'head_movement': 2.6}",Stable emotional condition,2026-07-05 18:46:50
neutral,0.98,neutral,neutral,HIGH,HIGH,MEDIUM,LOW,OVERLOADED,0.44,0.686,STABLE,29,5.29,CENTER,1.0,0,"{'yaw': -8.17, 'pitch': 6.63, 'roll': -0.13}",angry,0.6866666666666666,low,0.41,0.1266,False,HIGH,0.709,45.3,41.5,MEDIUM,"{'visual_stress': 35.0, 'audio_stress': 0.0, 'emotion_instability': 4.1, 'eye_avoidance': 0.0, 'head_movement': 2.6}",Stable emotional condition,2026-07-05 18:46:50
neutral,1.0,neutral,neutral,HIGH,HIGH,MEDIUM,LOW,OVERLOADED,0.45,0.7,STABLE,29,5.49,CENTER,1.0,0,"{'yaw': -8.44, 'pitch': 7.09, 'roll': -0.15}",angry,0.6866666666666666,low,0.41,0.1266,False,HIGH,0.709,45.4,41.6,MEDIUM,"{'visual_stress': 35.0, 'audio_stress': 0.0, 'emotion_instability': 4.1, 'eye_avoidance': 0.0, 'head_movement': 2.7}",Stable emotional condition,2026-07-05 18:46:50
neutral,1.0,neutral,neutral,HIGH,HIGH,MEDIUM,LOW,OVERLOADED,0.59,0.7,STABLE,29,5.63,CENTER,1.0,0,"{'yaw': -7.28, 'pitch': 7.47, 'roll': -0.14}",angry,0.6866666666666666,low,0.41,0.1266,False,HIGH,0.709,45.5,41.7,MEDIUM,"{'visual_stress': 35.0, 'audio_stress': 0.0, 'emotion_instability': 4.1, 'eye_avoidance': 0.0, 'head_movement': 2.8}",Stable emotional condition,2026-07-05 18:46:50
neutral,0.95,neutral,neutral,HIGH,HIGH,MEDIUM,LOW,OVERLOADED,0.44,0.665,STABLE,29,5.76,CENTER,1.0,0,"{'yaw': -5.6, 'pitch': 9.51, 'roll': -0.14}",angry,0.6866666666666666,low,0.41,0.1266,False,HIGH,0.709,45.5,41.6,MEDIUM,"{'visual_stress': 35.0, 'audio_stress': 0.0, 'emotion_instability': 3.6, 'eye_avoidance': 0.0, 'head_movement': 2.9}",Stable emotional condition,2026-07-05 18:46:50
neutral,0.99,neutral,neutral,HIGH,HIGH,MEDIUM,LOW,OVERLOADED,0.44,0.693,STABLE,29,5.93,CENTER,1.0,0,"{'yaw': -6.51, 'pitch': 10.49, 'roll': -0.18}",angry,0.6866666666666666,low,0.41,0.1266,False,HIGH,0.709,45.6,41.6,MEDIUM,"{'visual_stress': 35.0, 'audio_stress': 0.0, 'emotion_instability': 3.6, 'eye_avoidance': 0.0, 'head_movement': 3.0}",Stable emotional condition,2026-07-05 18:46:51
neutral,0.99,neutral,neutral,HIGH,HIGH,MEDIUM,LOW,OVERLOADED,0.45,0.693,STABLE,29,5.95,CENTER,1.0,0,"{'yaw': -6.2, 'pitch': 9.28, 'roll': -0.16}",angry,0.6866666666666666,low,0.41,0.1266,False,HIGH,0.709,45.6,41.6,MEDIUM,"{'visual_stress': 35.0, 'audio_stress': 0.0, 'emotion_instability': 3.6, 'eye_avoidance': 0.0, 'head_movement': 3.0}",Stable emotional condition,2026-07-05 18:46:51
neutral,1.0,neutral,neutral,HIGH,HIGH,MEDIUM,LOW,OVERLOADED,0.44,0.7,STABLE,29,5.87,CENTER,1.0,0,"{'yaw': -6.33, 'pitch': 10.07, 'roll': -0.17}",angry,0.6866666666666666,low,0.41,0.1266,False,HIGH,0.709,45.6,41.6,MEDIUM,"{'visual_stress': 35.0, 'audio_stress': 0.0, 'emotion_instability': 3.6, 'eye_avoidance': 0.0, 'head_movement': 2.9}",Stable emotional condition,2026-07-05 18:46:51
neutral,1.0,neutral,neutral,HIGH,HIGH,MEDIUM,LOW,OVERLOADED,0.44,0.7,STABLE,29,5.82,CENTER,1.0,0,"{'yaw': -7.4, 'pitch': 10.2, 'roll': -0.17}",angry,0.66,low,0.4033,0.0866,False,HIGH,0.713,45.6,41.5,MEDIUM,"{'visual_stress': 35.0, 'audio_stress': 0.0, 'emotion_instability': 3.6, 'eye_avoidance': 0.0, 'head_movement': 2.9}",Stable emotional condition,2026-07-05 18:46:52
neutral,0.99,neutral,neutral,HIGH,HIGH,MEDIUM,LOW,OVERLOADED,0.45,0.693,STABLE,29,5.65,CENTER,1.0,0,"{'yaw': -7.92, 'pitch': 7.64, 'roll': -0.15}",angry,0.66,low,0.4033,0.0866,False,HIGH,0.713,45.5,41.5,MEDIUM,"{'visual_stress': 35.0, 'audio_stress': 0.0, 'emotion_instability': 3.6, 'eye_avoidance': 0.0, 'head_movement': 2.8}",Stable emotional condition,2026-07-05 18:46:52
neutral,1.0,neutral,neutral,HIGH,HIGH,MEDIUM,LOW,OVERLOADED,0.44,0.7,STABLE,29,5.66,CENTER,1.0,0,"{'yaw': -9.55, 'pitch': 7.46, 'roll': -0.14}",angry,0.66,low,0.4033,0.0866,False,HIGH,0.713,45.5,41.3,MEDIUM,"{'visual_stress': 35.0, 'audio_stress': 0.0, 'emotion_instability': 3.1, 'eye_avoidance': 0.0, 'head_movement': 2.8}",Stable emotional condition,2026-07-05 18:46:52
fear,0.67,fear,fear,HIGH,HIGH,MEDIUM,MEDIUM,OVERLOADED,0.51,0.469,STABLE,29,5.66,CENTER,1.0,0,"{'yaw': -11.7, 'pitch': 8.72, 'roll': -0.16}",angry,0.66,low,0.4033,0.0866,False,HIGH,0.713,57.5,41.1,MEDIUM,"{'visual_stress': 35.0, 'audio_stress': 0.0, 'emotion_instability': 3.1, 'eye_avoidance': 0.0, 'head_movement': 2.8}",Negative emotional state,2026-07-05 18:46:52
surprise,0.5,surprise,angry,HIGH,HIGH,MEDIUM,MEDIUM,OVERLOADED,0.43,0.462,FLUCTUATING,29,5.92,CENTER,1.0,0,"{'yaw': -15.81, 'pitch': 6.08, 'roll': -0.14}",angry,0.66,low,0.4033,0.0866,False,HIGH,0.713,57.6,41.3,MEDIUM,"{'visual_stress': 35.0, 'audio_stress': 0.0, 'emotion_instability': 3.6, 'eye_avoidance': 0.0, 'head_movement': 3.0}",Negative emotional state,2026-07-05 18:46:52
neutral,1.0,neutral,neutral,HIGH,HIGH,MEDIUM,LOW,OVERLOADED,0.59,0.7,FLUCTUATING,29,6.26,CENTER,1.0,0,"{'yaw': -17.46, 'pitch': 5.86, 'roll': -0.14}",angry,0.66,low,0.4033,0.0866,False,HIGH,0.713,45.8,41.7,MEDIUM,"{'visual_stress': 35.0, 'audio_stress': 0.0, 'emotion_instability': 4.1, 'eye_avoidance': 0.0, 'head_movement': 3.1}",Stable emotional condition,2026-07-05 18:46:53
surprise,0.57,surprise,angry,HIGH,HIGH,MEDIUM,MEDIUM,OVERLOADED,0.43,0.462,FLUCTUATING,29,6.39,CENTER,1.0,0,"{'yaw': -16.02, 'pitch': 5.51, 'roll': -0.12}",angry,0.66,low,0.4033,0.0866,False,HIGH,0.713,57.9,42.2,MEDIUM,"{'visual_stress': 35.0, 'audio_stress': 0.0, 'emotion_instability': 4.7, 'eye_avoidance': 0.0, 'head_movement': 3.2}",Negative emotional state,2026-07-05 18:46:53
neutral,1.0,neutral,neutral,HIGH,HIGH,MEDIUM,LOW,OVERLOADED,0.47,0.7,FLUCTUATING,29,6.49,CENTER,1.0,0,"{'yaw': -16.8, 'pitch': 7.38, 'roll': -0.15}",angry,0.66,low,0.4033,0.0866,False,HIGH,0.713,45.9,42.7,MEDIUM,"{'visual_stress': 35.0, 'audio_stress': 0.0, 'emotion_instability': 5.2, 'eye_avoidance': 0.0, 'head_movement': 3.2}",Stable emotional condition,2026-07-05 18:46:53
neutral,0.95,neutral,neutral,HIGH,HIGH,MEDIUM,LOW,OVERLOADED,0.44,0.665,FLUCTUATING,29,6.32,CENTER,1.0,0,"{'yaw': -13.53, 'pitch': 7.09, 'roll': -0.14}",angry,0.66,low,0.4033,0.0866,False,HIGH,0.713,45.8,43.0,MEDIUM,"{'visual_stress': 35.0, 'audio_stress': 0.0, 'emotion_instability': 5.2, 'eye_avoidance': 0.0, 'head_movement': 3.2}",Stable emotional condition,2026-07-05 18:46:53
neutral,0.87,neutral,neutral,HIGH,HIGH,MEDIUM,LOW,OVERLOADED,0.59,0.609,FLUCTUATING,29,6.28,CENTER,1.0,0,"{'yaw': -13.86, 'pitch': 8.85, 'roll': -0.16}",angry,0.66,low,0.4033,0.0866,False,HIGH,0.713,45.8,43.1,MEDIUM,"{'visual_stress': 35.0, 'audio_stress': 0.0, 'emotion_instability': 5.2, 'eye_avoidance': 0.0, 'head_movement': 3.1}",Stable emotional condition,2026-07-05 18:46:53
neutral,0.97,neutral,neutral,HIGH,HIGH,MEDIUM,LOW,OVERLOADED,0.46,0.679,FLUCTUATING,29,6.07,CENTER,1.0,0,"{'yaw': -11.57, 'pitch': 6.28, 'roll': -0.15}",angry,0.65,low,0.39,0.0864,False,HIGH,0.719,45.7,42.9,MEDIUM,"{'visual_stress': 35.0, 'audio_stress': 0.0, 'emotion_instability': 4.7, 'eye_avoidance': 0.0, 'head_movement': 3.0}",Stable emotional condition,2026-07-05 18:46:54
neutral,1.0,neutral,neutral,HIGH,HIGH,MEDIUM,LOW,OVERLOADED,0.44,0.7,FLUCTUATING,30,5.8,CENTER,1.0,0,"{'yaw': -8.31, 'pitch': 6.69, 'roll': -0.12}",angry,0.65,low,0.39,0.0864,False,HIGH,0.719,45.9,42.6,MEDIUM,"{'visual_stress': 35.0, 'audio_stress': 0.0, 'emotion_instability': 4.1, 'eye_avoidance': 0.0, 'head_movement': 2.9}",Stable emotional condition,2026-07-05 18:46:54
neutral,0.98,neutral,neutral,HIGH,HIGH,MEDIUM,LOW,OVERLOADED,0.59,0.686,FLUCTUATING,30,5.56,CENTER,1.0,0,"{'yaw': -7.6, 'pitch': 6.28, 'roll': -0.11}",angry,0.65,low,0.39,0.0864,False,HIGH,0.719,45.8,42.1,MEDIUM,"{'visual_stress': 35.0, 'audio_stress': 0.0, 'emotion_instability': 3.6, 'eye_avoidance': 0.0, 'head_movement': 2.8}",Stable emotional condition,2026-07-05 18:46:55
neutral,1.0,neutral,neutral,HIGH,HIGH,MEDIUM,LOW,OVERLOADED,0.59,0.7,STABLE,30,5.46,CENTER,1.0,0,"{'yaw': -4.74, 'pitch': 6.38, 'roll': -0.1}",angry,0.65,low,0.39,0.0864,False,HIGH,0.719,45.7,41.6,MEDIUM,"{'visual_stress': 35.0, 'audio_stress': 0.0, 'emotion_instability': 3.1, 'eye_avoidance': 0.0, 'head_movement': 2.7}",Stable emotional condition,2026-07-05 18:46:55
neutral,0.98,neutral,neutral,HIGH,HIGH,MEDIUM,LOW,OVERLOADED,0.44,0.686,STABLE,31,5.45,CENTER,1.0,0,"{'yaw': -3.36, 'pitch': 6.03, 'roll': -0.09}",angry,0.65,low,0.39,0.0864,False,HIGH,0.719,45.7,41.3,MEDIUM,"{'visual_stress': 35.0, 'audio_stress': 0.0, 'emotion_instability': 3.1, 'eye_avoidance': 0.0, 'head_movement': 2.7}",Stable emotional condition,2026-07-05 18:46:55
neutral,1.0,neutral,neutral,HIGH,HIGH,MEDIUM,LOW,OVERLOADED,0.49,0.7,STABLE,31,5.38,CENTER,1.0,0,"{'yaw': -4.51, 'pitch': 6.5, 'roll': -0.1}",angry,0.65,low,0.39,0.0864,False,HIGH,0.719,45.7,41.1,MEDIUM,"{'visual_stress': 35.0, 'audio_stress': 0.0, 'emotion_instability': 3.1, 'eye_avoidance': 0.0, 'head_movement': 2.7}",Stable emotional condition,2026-07-05 18:46:55
neutral,1.0,neutral,neutral,HIGH,HIGH,MEDIUM,LOW,OVERLOADED,0.44,0.7,STABLE,31,5.37,CENTER,1.0,0,"{'yaw': -3.73, 'pitch': 5.62, 'roll': -0.1}",angry,0.65,low,0.39,0.0864,False,HIGH,0.719,45.7,40.8,MEDIUM,"{'visual_stress': 35.0, 'audio_stress': 0.0, 'emotion_instability': 2.6, 'eye_avoidance': 0.0, 'head_movement': 2.7}",Stable emotional condition,2026-07-05 18:46:55
neutral,0.96,neutral,neutral,HIGH,HIGH,MEDIUM,LOW,OVERLOADED,0.59,0.672,STABLE,31,5.42,CENTER,1.0,0,"{'yaw': -3.52, 'pitch': 8.16, 'roll': -0.12}",angry,0.65,low,0.39,0.0864,False,HIGH,0.719,45.7,40.6,MEDIUM,"{'visual_stress': 35.0, 'audio_stress': 0.0, 'emotion_instability': 2.6, 'eye_avoidance': 0.0, 'head_movement': 2.7}",Stable emotional condition,2026-07-05 18:46:56
neutral,0.91,neutral,neutral,HIGH,HIGH,MEDIUM,LOW,OVERLOADED,0.59,0.637,STABLE,31,5.54,CENTER,1.0,0,"{'yaw': -2.38, 'pitch': 7.73, 'roll': -0.1}",angry,0.65,low,0.39,0.0864,False,HIGH,0.719,45.8,40.5,MEDIUM,"{'visual_stress': 35.0, 'audio_stress': 0.0, 'emotion_instability': 2.6, 'eye_avoidance': 0.0, 'head_movement': 2.8}",Stable emotional condition,2026-07-05 18:46:56
neutral,0.88,neutral,neutral,HIGH,HIGH,MEDIUM,LOW,OVERLOADED,0.59,0.616,STABLE,31,5.67,CENTER,1.0,0,"{'yaw': -2.53, 'pitch': 9.02, 'roll': -0.11}",angry,0.65,low,0.39,0.0864,False,HIGH,0.719,45.8,40.5,MEDIUM,"{'visual_stress': 35.0, 'audio_stress': 0.0, 'emotion_instability': 2.6, 'eye_avoidance': 0.0, 'head_movement': 2.8}",Stable emotional condition,2026-07-05 18:46:56
neutral,0.78,neutral,neutral,HIGH,HIGH,MEDIUM,LOW,OVERLOADED,0.59,0.546,STABLE,31,5.82,CENTER,1.0,0,"{'yaw': -2.06, 'pitch': 8.41, 'roll': -0.13}",angry,0.7533333333333333,medium,0.38,0.0705,False,HIGH,0.725,45.9,40.5,MEDIUM,"{'visual_stress': 35.0, 'audio_stress': 0.0, 'emotion_instability': 2.6, 'eye_avoidance': 0.0, 'head_movement': 2.9}",Stable emotional condition,2026-07-05 18:46:57
neutral,0.63,neutral,angry,HIGH,HIGH,MEDIUM,MEDIUM,OVERLOADED,0.59,0.527,STABLE,31,5.99,CENTER,1.0,0,"{'yaw': -1.96, 'pitch': 9.32, 'roll': -0.14}",angry,0.7533333333333333,medium,0.38,0.0705,False,HIGH,0.725,58.0,40.7,MEDIUM,"{'visual_stress': 35.0, 'audio_stress': 0.0, 'emotion_instability': 3.1, 'eye_avoidance': 0.0, 'head_movement': 3.0}",Negative emotional state,2026-07-05 18:46:57
neutral,0.97,neutral,neutral,HIGH,HIGH,MEDIUM,LOW,OVERLOADED,0.59,0.679,STABLE,31,6.13,CENTER,1.0,0,"{'yaw': -2.08, 'pitch': 9.02, 'roll': -0.14}",angry,0.7533333333333333,medium,0.38,0.0705,False,HIGH,0.725,46.1,41.1,MEDIUM,"{'visual_stress': 35.0, 'audio_stress': 0.0, 'emotion_instability': 3.6, 'eye_avoidance': 0.0, 'head_movement': 3.1}",Stable emotional condition,2026-07-05 18:46:57
neutral,0.99,neutral,neutral,HIGH,HIGH,MEDIUM,LOW,OVERLOADED,0.44,0.693,STABLE,32,6.23,CENTER,1.0,0,"{'yaw': -2.97, 'pitch': 9.4, 'roll': -0.13}",angry,0.7533333333333333,medium,0.38,0.0705,False,HIGH,0.725,46.1,41.3,MEDIUM,"{'visual_stress': 35.0, 'audio_stress': 0.0, 'emotion_instability': 3.6, 'eye_avoidance': 0.0, 'head_movement': 3.1}",Stable emotional condition,2026-07-05 18:46:57
neutral,0.98,neutral,neutral,HIGH,HIGH,MEDIUM,LOW,OVERLOADED,0.44,0.686,STABLE,32,6.4,CENTER,1.0,0,"{'yaw': -4.25, 'pitch': 11.39, 'roll': -0.17}",angry,0.7533333333333333,medium,0.38,0.0705,False,HIGH,0.725,46.2,41.5,MEDIUM,"{'visual_stress': 35.0, 'audio_stress': 0.0, 'emotion_instability': 3.6, 'eye_avoidance': 0.0, 'head_movement': 3.2}",Stable emotional condition,2026-07-05 18:46:58
neutral,0.92,neutral,neutral,HIGH,HIGH,MEDIUM,LOW,OVERLOADED,0.47,0.644,STABLE,32,6.44,CENTER,1.0,0,"{'yaw': -4.75, 'pitch': 9.04, 'roll': -0.15}",angry,0.7533333333333333,medium,0.38,0.0705,False,HIGH,0.725,46.2,41.6,MEDIUM,"{'visual_stress': 35.0, 'audio_stress': 0.0, 'emotion_instability': 3.6, 'eye_avoidance': 0.0, 'head_movement': 3.2}",Stable emotional condition,2026-07-05 18:46:58
neutral,0.94,neutral,neutral,HIGH,HIGH,MEDIUM,LOW,OVERLOADED,0.45,0.658,STABLE,32,6.44,CENTER,1.0,0,"{'yaw': -4.34, 'pitch': 8.84, 'roll': -0.14}",angry,0.7533333333333333,medium,0.38,0.0705,False,HIGH,0.725,46.2,41.7,MEDIUM,"{'visual_stress': 35.0, 'audio_stress': 0.0, 'emotion_instability': 3.6, 'eye_avoidance': 0.0, 'head_movement': 3.2}",Stable emotional condition,2026-07-05 18:46:58
neutral,0.87,neutral,neutral,HIGH,HIGH,MEDIUM,LOW,OVERLOADED,0.45,0.609,STABLE,32,6.43,CENTER,1.0,0,"{'yaw': -4.15, 'pitch': 9.42, 'roll': -0.16}",angry,0.7533333333333333,medium,0.38,0.0705,False,HIGH,0.725,46.2,41.7,MEDIUM,"{'visual_stress': 35.0, 'audio_stress': 0.0, 'emotion_instability': 3.6, 'eye_avoidance': 0.0, 'head_movement': 3.2}",Stable emotional condition,2026-07-05 18:46:58
neutral,0.83,neutral,neutral,HIGH,HIGH,MEDIUM,LOW,OVERLOADED,0.44,0.581,STABLE,32,6.43,CENTER,1.0,0,"{'yaw': -5.06, 'pitch': 8.7, 'roll': -0.15}",angry,0.7533333333333333,medium,0.38,0.0705,False,HIGH,0.725,46.2,41.8,MEDIUM,"{'visual_stress': 35.0, 'audio_stress': 0.0, 'emotion_instability': 3.6, 'eye_avoidance': 0.0, 'head_movement': 3.2}",Stable emotional condition,2026-07-05 18:46:58
neutral,0.93,neutral,neutral,HIGH,HIGH,MEDIUM,LOW,OVERLOADED,0.44,0.651,STABLE,32,6.43,CENTER,1.0,0,"{'yaw': -3.36, 'pitch': 8.44, 'roll': -0.14}",angry,0.7533333333333333,medium,0.38,0.0705,False,HIGH,0.725,46.2,41.8,MEDIUM,"{'visual_stress': 35.0, 'audio_stress': 0.0, 'emotion_instability': 3.6, 'eye_avoidance': 0.0, 'head_movement': 3.2}",Stable emotional condition,2026-07-05 18:46:59
neutral,0.99,neutral,neutral,HIGH,HIGH,MEDIUM,LOW,OVERLOADED,0.49,0.693,STABLE,32,6.48,CENTER,1.0,0,"{'yaw': -3.07, 'pitch': 10.1, 'roll': -0.14}",angry,0.6966666666666667,low,0.4,0.0695,False,HIGH,0.714,46.2,41.8,MEDIUM,"{'visual_stress': 35.0, 'audio_stress': 0.0, 'emotion_instability': 3.6, 'eye_avoidance': 0.0, 'head_movement': 3.2}",Stable emotional condition,2026-07-05 18:46:59
neutral,1.0,neutral,neutral,HIGH,HIGH,MEDIUM,LOW,OVERLOADED,0.59,0.7,STABLE,32,6.55,CENTER,1.0,0,"{'yaw': -3.11, 'pitch': 9.22, 'roll': -0.15}",angry,0.6966666666666667,low,0.4,0.0695,False,HIGH,0.714,46.3,41.8,MEDIUM,"{'visual_stress': 35.0, 'audio_stress': 0.0, 'emotion_instability': 3.6, 'eye_avoidance': 0.0, 'head_movement': 3.3}",Stable emotional condition,2026-07-05 18:47:00
neutral,0.96,neutral,neutral,HIGH,HIGH,MEDIUM,LOW,OVERLOADED,0.44,0.672,STABLE,33,6.82,CENTER,1.0,0,"{'yaw': -1.31, 'pitch': 12.41, 'roll': -0.13}",angry,0.6966666666666667,low,0.4,0.0695,False,HIGH,0.714,46.4,41.7,MEDIUM,"{'visual_stress': 35.0, 'audio_stress': 0.0, 'emotion_instability': 3.1, 'eye_avoidance': 0.0, 'head_movement': 3.4}",Stable emotional condition,2026-07-05 18:47:00
neutral,0.76,neutral,neutral,HIGH,HIGH,MEDIUM,LOW,OVERLOADED,0.49,0.532,STABLE,33,6.84,CENTER,1.0,0,"{'yaw': -2.98, 'pitch': 10.79, 'roll': -0.14}",angry,0.6966666666666667,low,0.4,0.0695,False,HIGH,0.714,46.4,41.4,MEDIUM,"{'visual_stress': 35.0, 'audio_stress': 0.0, 'emotion_instability': 2.6, 'eye_avoidance': 0.0, 'head_movement': 3.4}",Stable emotional condition,2026-07-05 18:47:06
neutral,0.93,neutral,neutral,HIGH,HIGH,MEDIUM,LOW,OVERLOADED,0.44,0.651,STABLE,33,6.5,CENTER,1.0,0,"{'yaw': -4.27, 'pitch': 8.43, 'roll': -0.13}",angry,0.6966666666666667,low,0.4,0.0695,False,HIGH,0.714,46.2,41.0,MEDIUM,"{'visual_stress': 35.0, 'audio_stress': 0.0, 'emotion_instability': 2.1, 'eye_avoidance': 0.0, 'head_movement': 3.2}",Stable emotional condition,2026-07-05 18:47:06
neutral,0.98,neutral,neutral,HIGH,HIGH,MEDIUM,LOW,OVERLOADED,0.43,0.686,STABLE,33,5.95,CENTER,1.0,0,"{'yaw': -4.01, 'pitch': 9.09, 'roll': -0.12}",angry,0.6966666666666667,low,0.4,0.0695,False,HIGH,0.714,46.0,40.4,MEDIUM,"{'visual_stress': 35.0, 'audio_stress': 0.0, 'emotion_instability': 1.6, 'eye_avoidance': 0.0, 'head_movement': 3.0}",Stable emotional condition,2026-07-05 18:47:07
neutral,0.98,neutral,neutral,HIGH,HIGH,MEDIUM,LOW,OVERLOADED,0.46,0.686,STABLE,33,5.48,CENTER,1.0,0,"{'yaw': -5.49, 'pitch': 11.13, 'roll': -0.17}",angry,0.6966666666666667,low,0.4,0.0695,False,HIGH,0.714,45.7,39.7,LOW,"{'visual_stress': 35.0, 'audio_stress': 0.0, 'emotion_instability': 1.0, 'eye_avoidance': 0.0, 'head_movement': 2.7}",Stable emotional condition,2026-07-05 18:47:07
neutral,0.98,neutral,neutral,HIGH,HIGH,MEDIUM,LOW,OVERLOADED,0.59,0.686,STABLE,33,4.92,CENTER,1.0,0,"{'yaw': -6.63, 'pitch': 11.91, 'roll': -0.18}",angry,0.6966666666666667,low,0.4,0.0695,False,HIGH,0.714,45.5,39.2,LOW,"{'visual_stress': 35.0, 'audio_stress': 0.0, 'emotion_instability': 1.0, 'eye_avoidance': 0.0, 'head_movement': 2.5}",Stable emotional condition,2026-07-05 18:47:07
neutral,0.82,neutral,neutral,HIGH,HIGH,MEDIUM,LOW,OVERLOADED,0.47,0.574,STABLE,33,4.6,CENTER,1.0,0,"{'yaw': -8.09, 'pitch': 11.65, 'roll': -0.18}",angry,0.6966666666666667,low,0.4,0.0695,False,HIGH,0.714,45.3,38.9,LOW,"{'visual_stress': 35.0, 'audio_stress': 0.0, 'emotion_instability': 1.0, 'eye_avoidance': 0.0, 'head_movement': 2.3}",Stable emotional condition,2026-07-05 18:47:07
neutral,0.97,neutral,neutral,HIGH,HIGH,MEDIUM,LOW,OVERLOADED,0.47,0.679,STABLE,33,4.16,CENTER,1.0,0,"{'yaw': -8.69, 'pitch': 10.12, 'roll': -0.17}",angry,0.6966666666666667,low,0.4,0.0695,False,HIGH,0.714,45.1,38.6,LOW,"{'visual_stress': 35.0, 'audio_stress': 0.0, 'emotion_instability': 1.0, 'eye_avoidance': 0.0, 'head_movement': 2.1}",Stable emotional condition,2026-07-05 18:47:08
neutral,0.99,neutral,neutral,HIGH,HIGH,MEDIUM,LOW,OVERLOADED,0.44,0.693,STABLE,34,3.83,CENTER,1.0,0,"{'yaw': -8.29, 'pitch': 9.72, 'roll': -0.16}",angry,0.7033333333333334,low,0.4167,0.0658,False,HIGH,0.706,44.9,38.3,LOW,"{'visual_stress': 35.0, 'audio_stress': 0.0, 'emotion_instability': 1.0, 'eye_avoidance': 0.0, 'head_movement': 1.9}",Stable emotional condition,2026-07-05 18:47:08
neutral,0.99,neutral,neutral,HIGH,HIGH,MEDIUM,LOW,OVERLOADED,0.59,0.693,STABLE,34,3.76,CENTER,1.0,0,"{'yaw': -7.85, 'pitch': 9.9, 'roll': -0.17}",angry,0.7033333333333334,low,0.4167,0.0658,False,HIGH,0.706,44.9,38.1,LOW,"{'visual_stress': 35.0, 'audio_stress': 0.0, 'emotion_instability': 1.0, 'eye_avoidance': 0.0, 'head_movement': 1.9}",Stable emotional condition,2026-07-05 18:47:09
neutral,0.92,neutral,neutral,HIGH,HIGH,MEDIUM,LOW,OVERLOADED,0.59,0.644,STABLE,34,3.71,CENTER,1.0,0,"{'yaw': -8.21, 'pitch': 9.67, 'roll': -0.15}",angry,0.7033333333333334,low,0.4167,0.0658,False,HIGH,0.706,44.9,38.0,LOW,"{'visual_stress': 35.0, 'audio_stress': 0.0, 'emotion_instability': 1.0, 'eye_avoidance': 0.0, 'head_movement': 1.9}",Stable emotional condition,2026-07-05 18:47:09
neutral,0.88,neutral,neutral,HIGH,HIGH,MEDIUM,LOW,OVERLOADED,0.47,0.616,STABLE,34,3.79,CENTER,1.0,0,"{'yaw': -8.84, 'pitch': 10.44, 'roll': -0.17}",angry,0.7033333333333334,low,0.4167,0.0658,False,HIGH,0.706,44.9,38.0,LOW,"{'visual_stress': 35.0, 'audio_stress': 0.0, 'emotion_instability': 1.0, 'eye_avoidance': 0.0, 'head_movement': 1.9}",Stable emotional condition,2026-07-05 18:47:09
neutral,0.92,neutral,neutral,HIGH,HIGH,MEDIUM,LOW,OVERLOADED,0.47,0.644,STABLE,34,3.93,CENTER,1.0,0,"{'yaw': -9.51, 'pitch': 12.46, 'roll': -0.2}",angry,0.7033333333333334,low,0.4167,0.0658,False,HIGH,0.706,45.0,38.0,LOW,"{'visual_stress': 35.0, 'audio_stress': 0.0, 'emotion_instability': 1.0, 'eye_avoidance': 0.0, 'head_movement': 2.0}",Stable emotional condition,2026-07-05 18:47:09
neutral,0.74,neutral,neutral,HIGH,HIGH,MEDIUM,LOW,FOCUSED,0.47,0.518,STABLE,35,4.22,CENTER,1.0,0,"{'yaw': -10.98, 'pitch': 13.32, 'roll': -0.21}",angry,0.7033333333333334,low,0.4167,0.0658,False,HIGH,0.706,45.1,38.0,LOW,"{'visual_stress': 35.0, 'audio_stress': 0.0, 'emotion_instability': 1.0, 'eye_avoidance': 0.0, 'head_movement': 2.1}",Stable emotional condition,2026-07-05 18:47:09
neutral,0.73,neutral,neutral,HIGH,HIGH,MEDIUM,LOW,FOCUSED,0.47,0.511,STABLE,35,4.51,CENTER,1.0,0,"{'yaw': -11.16, 'pitch': 14.97, 'roll': -0.2}",angry,0.7033333333333334,low,0.4167,0.0658,False,HIGH,0.706,45.3,38.1,LOW,"{'visual_stress': 35.0, 'audio_stress': 0.0, 'emotion_instability': 1.0, 'eye_avoidance': 0.0, 'head_movement': 2.3}",Stable emotional condition,2026-07-05 18:47:10
neutral,0.85,neutral,neutral,HIGH,HIGH,MEDIUM,LOW,FOCUSED,0.47,0.595,STABLE,35,4.99,CENTER,1.0,0,"{'yaw': -12.05, 'pitch': 15.63, 'roll': -0.23}",angry,0.7033333333333334,low,0.4167,0.0658,False,HIGH,0.706,45.5,38.3,LOW,"{'visual_stress': 35.0, 'audio_stress': 0.0, 'emotion_instability': 1.0, 'eye_avoidance': 0.0, 'head_movement': 2.5}",Stable emotional condition,2026-07-05 18:47:10
neutral,1.0,neutral,neutral,HIGH,HIGH,MEDIUM,LOW,OVERLOADED,0.44,0.7,STABLE,35,5.8,CENTER,1.0,0,"{'yaw': -13.51, 'pitch': 19.41, 'roll': -0.23}",angry,0.7033333333333334,low,0.4167,0.0658,False,HIGH,0.706,45.9,38.5,LOW,"{'visual_stress': 35.0, 'audio_stress': 0.0, 'emotion_instability': 1.0, 'eye_avoidance': 0.0, 'head_movement': 2.9}",Stable emotional condition,2026-07-05 18:47:10
neutral,0.92,neutral,neutral,HIGH,HIGH,MEDIUM,LOW,OVERLOADED,0.44,0.644,STABLE,35,6.15,CENTER,1.0,0,"{'yaw': -10.85, 'pitch': 17.89, 'roll': -0.22}",angry,0.7033333333333334,low,0.4167,0.0658,False,HIGH,0.706,46.1,38.8,LOW,"{'visual_stress': 35.0, 'audio_stress': 0.0, 'emotion_instability': 1.0, 'eye_avoidance': 0.0, 'head_movement': 3.1}",Stable emotional condition,2026-07-05 18:47:10
